fecha,medidas,tipo,dormitorios,disponible,piso,dormitorios_cont,area,modelo,divisa,precio,proyecto_link
Entrega inmediata,81.90 m2 total,Departamentos,2 dormitorios,1 unidad disponible,Piso 15,2 dorms.,81.90 m²,Modelo TIPO 7,Soles,"470,000",https://nexoinmobiliario.pe/proyecto/venta-de-departamento-1866-los-pinos-iii-santa-beatriz-cercado-de-lima-lima-lima-grupo-mg
Entrega inmediata,66.90 a 103.80 m2 total,Departamentos,1 a 3 dormitorios,2 unidades disponibles,Pisos 8 y 10,2 dorms.,67.40 m²,Modelo TIPO 9,Soles,"430,880",https://nexoinmobiliario.pe/proyecto/venta-de-departamento-1867-vista-verde-santa-beatriz-cercado-de-lima-lima-lima-grupo-mg
Entrega inmediata,66.90 a 103.80 m2 total,Departamentos,1 a 3 dormitorios,1 unidad disponible,Piso 18,3 dorms.,89.50 m²,Modelo TIPO 8-II,Soles,"558,950",https://nexoinmobiliario.pe/proyecto/venta-de-departamento-1867-vista-verde-santa-beatriz-cercado-de-lima-lima-lima-grupo-mg
Entrega inmediata,66.90 a 103.80 m2 total,Departamentos,1 a 3 dormitorios,1 unidad disponible,Piso 19,3 dorms.,73.10 m²,Modelo TIPO 7,Soles,"458,910",https://nexoinmobiliario.pe/proyecto/venta-de-departamento-1867-vista-verde-santa-beatriz-cercado-de-lima-lima-lima-grupo-mg
Entrega inmediata,66.90 a 103.80 m2 total,Departamentos,1 a 3 dormitorios,1 unidad disponible,Piso 18,3 dorms.,73.10 m²,Modelo TIPO 6-II,Soles,"458,910",https://nexoinmobiliario.pe/proyecto/venta-de-departamento-1867-vista-verde-santa-beatriz-cercado-de-lima-lima-lima-grupo-mg
Entrega inmediata,66.90 a 103.80 m2 total,Departamentos,1 a 3 dormitorios,1 unidad disponible,Piso 17,2 dorms.,71.40 m²,Modelo TIPO 6-I,Soles,"448,540",https://nexoinmobiliario.pe/proyecto/venta-de-departamento-1867-vista-verde-santa-beatriz-cercado-de-lima-lima-lima-grupo-mg
Entrega inmediata,69.41 a 109.15 m2 total,Departamentos,1 a 3 dormitorios,1 unidad disponible,Piso 19,3 dorms.,69.41 m²,Modelo X08,Soles,"443,000",https://nexoinmobiliario.pe/proyecto/venta-de-departamento-1993-s14-apartments-cercado-de-lima-lima-lima-urbana-perú
Entrega inmediata,74.70 a 83.80 m2 total,Departamentos,2 a 3 dormitorios,1 unidad disponible,Piso 9,2 dorms.,74.70 m²,Modelo TIPO 2,Soles,"465,600",https://nexoinmobiliario.pe/proyecto/venta-de-departamento-2308-smart-a-santa-beatriz-cercado-de-lima-lima-lima-grupo-mg
Entrega inmediata,37.56 a 45.18 m2 total,Departamentos,1 dormitorios,1 unidad disponible,Piso 2,1 dorms.,45.18 m²,Modelo TIPO 4A,Soles,"350,000",https://nexoinmobiliario.pe/proyecto/venta-de-departamento-2324-park-living-cercado-de-lima-lima-lima-eureka
Entrega inmediata,37.56 a 45.18 m2 total,Departamentos,1 dormitorios,1 unidad disponible,Piso 15,1 dorms.,37.56 m²,Modelo TIPO 5A,Soles,"350,000",https://nexoinmobiliario.pe/proyecto/venta-de-departamento-2324-park-living-cercado-de-lima-lima-lima-eureka
Entrega inmediata,64.21 a 78.04 m2 total,Departamentos,3 dormitorios,7 unidades disponibles,"Pisos 1, 2, 3",3 dorms.,64.21 m²,Modelo 3 Dormitorios + Cocina,Soles,"375,534",https://nexoinmobiliario.pe/proyecto/venta-de-departamento-2660-alto-alborada-cercado-de-lima-lima-lima-imagina
Entrega inmediata,64.21 a 78.04 m2 total,Departamentos,3 dormitorios,16 unidades disponibles,"Pisos 2, 3, 4, 5, 6",3 dorms.,72.48 m²,Modelo 3 Dormitorios + Cocina + Sala,Soles,"413,385",https://nexoinmobiliario.pe/proyecto/venta-de-departamento-2660-alto-alborada-cercado-de-lima-lima-lima-imagina
Entrega inmediata,54.45 a 67.52 m2 total,Departamentos,2 a 3 dormitorios,1 unidad disponible,Piso 21,2 dorms.,58.94 m²,Modelo TIPO 1,Soles,"491,167",https://nexoinmobiliario.pe/proyecto/venta-de-departamento-2715-central-park-cercado-de-lima-lima-lima-tribeca-inmobiliaria
Entrega inmediata,54.45 a 67.52 m2 total,Departamentos,2 a 3 dormitorios,1 unidad disponible,Piso 20,3 dorms.,54.45 m²,Modelo TIPO 4,Soles,"453,750",https://nexoinmobiliario.pe/proyecto/venta-de-departamento-2715-central-park-cercado-de-lima-lima-lima-tribeca-inmobiliaria
Entrega inmediata,54.45 a 67.52 m2 total,Departamentos,2 a 3 dormitorios,3 unidades disponibles,"Pisos 13, 14, 19",3 dorms.,67.52 m²,Modelo TIPO 7,Soles,"562,667",https://nexoinmobiliario.pe/proyecto/venta-de-departamento-2715-central-park-cercado-de-lima-lima-lima-tribeca-inmobiliaria
Entrega inmediata,54.45 a 67.52 m2 total,Departamentos,2 a 3 dormitorios,1 unidad disponible,Piso 21,3 dorms.,66.15 m²,Modelo TIPO 8,Soles,"551,250",https://nexoinmobiliario.pe/proyecto/venta-de-departamento-2715-central-park-cercado-de-lima-lima-lima-tribeca-inmobiliaria
Entrega inmediata,54.45 a 67.52 m2 total,Departamentos,2 a 3 dormitorios,1 unidad disponible,Piso 22,3 dorms.,66.15 m²,Modelo TIPO 9,Soles,"551,250",https://nexoinmobiliario.pe/proyecto/venta-de-departamento-2715-central-park-cercado-de-lima-lima-lima-tribeca-inmobiliaria
Entrega inmediata,54.45 a 67.52 m2 total,Departamentos,2 a 3 dormitorios,2 unidades disponibles,Pisos 19 y 21,3 dorms.,65.43 m²,Modelo TIPO 10,Soles,"545,250",https://nexoinmobiliario.pe/proyecto/venta-de-departamento-2715-central-park-cercado-de-lima-lima-lima-tribeca-inmobiliaria
Entrega inmediata,70.05 m2 total,Departamentos,3 dormitorios,1 unidad disponible,Piso 12,3 dorms.,70.05 m²,Modelo Tipo 7,Soles,"531,000",https://nexoinmobiliario.pe/proyecto/venta-de-departamento-2767-ciudaris-i-iconik-park-cercado-de-lima-lima-lima-ciudaris
Entrega inmediata,51.17 a 70.31 m2 total,Departamentos,2 a 3 dormitorios,8 unidades disponibles,Pisos 2 al 23,3 dorms.,62.33 m²,Modelo 3D,Soles,"354,607",https://nexoinmobiliario.pe/proyecto/venta-de-departamento-2825-gran-central-colonial-2-cercado-de-lima-lima-lima-los-portales-departamentos
Entrega inmediata,51.17 a 70.31 m2 total,Departamentos,2 a 3 dormitorios,1 unidad disponible,Piso 22,3 dorms.,70.31 m²,Modelo 3D+S,Soles,"481,245",https://nexoinmobiliario.pe/proyecto/venta-de-departamento-2825-gran-central-colonial-2-cercado-de-lima-lima-lima-los-portales-departamentos
Entrega inmediata,51.17 a 70.31 m2 total,Departamentos,2 a 3 dormitorios,7 unidades disponibles,Pisos 2 al 18,2 dorms.,51.17 m²,Modelo 2D,Soles,"312,180",https://nexoinmobiliario.pe/proyecto/venta-de-departamento-2825-gran-central-colonial-2-cercado-de-lima-lima-lima-los-portales-departamentos
Entrega inmediata,47.80 a 70.50 m2 total,Departamentos,2 a 3 dormitorios,4 unidades disponibles,"Pisos 2, 7, 8, 11",2 dorms.,57.55 m²,Modelo TIPO 4,Soles,"365,000",https://nexoinmobiliario.pe/proyecto/venta-de-departamento-2888-duetto-846-fase-ii-cercado-de-lima-lima-lima-cantabria
Entrega inmediata,47.80 a 70.50 m2 total,Departamentos,2 a 3 dormitorios,3 unidades disponibles,"Pisos 2, 3, 11",2 dorms.,47.80 m²,Modelo TIPO 5,Soles,"345,000",https://nexoinmobiliario.pe/proyecto/venta-de-departamento-2888-duetto-846-fase-ii-cercado-de-lima-lima-lima-cantabria
Entrega inmediata,47.80 a 70.50 m2 total,Departamentos,2 a 3 dormitorios,1 unidad disponible,Piso 11,3 dorms.,70.50 m²,Modelo TIPO 1,Soles,"485,000",https://nexoinmobiliario.pe/proyecto/venta-de-departamento-2888-duetto-846-fase-ii-cercado-de-lima-lima-lima-cantabria
Entrega inmediata,64.05 a 75.16 m2 total,Departamentos,3 dormitorios,9 unidades disponibles,Pisos 4 al 16,3 dorms.,72.17 m²,Modelo 3 Dormitorios + Cocina + Sala,Soles,"394,506",https://nexoinmobiliario.pe/proyecto/venta-de-departamento-2907-alto-lima-park-cercado-de-lima-lima-lima-imagina
Entrega inmediata,64.05 a 75.16 m2 total,Departamentos,3 dormitorios,28 unidades disponibles,Pisos 1 al 21,3 dorms.,64.05 m²,Modelo 3 Dormitorios + Cocina,Soles,"336,009",https://nexoinmobiliario.pe/proyecto/venta-de-departamento-2907-alto-lima-park-cercado-de-lima-lima-lima-imagina
30/06/2027,53.83 a 74.32 m2 total,Departamentos,2 a 3 dormitorios,7 unidades disponibles,Pisos 5 al 22,2 dorms.,58.75 m²,Modelo 7,Soles,"353,644",https://nexoinmobiliario.pe/proyecto/venta-de-departamento-2912-nueva-metropolis-cercado-de-lima-lima-lima-invent-inmobiliaria
30/06/2027,53.83 a 74.32 m2 total,Departamentos,2 a 3 dormitorios,4 unidades disponibles,"Pisos 11, 16, 22, 23",2 dorms.,57.67 m²,Modelo 4,Soles,"362,021",https://nexoinmobiliario.pe/proyecto/venta-de-departamento-2912-nueva-metropolis-cercado-de-lima-lima-lima-invent-inmobiliaria
30/06/2027,53.83 a 74.32 m2 total,Departamentos,2 a 3 dormitorios,1 unidad disponible,Piso 23,3 dorms.,73.21 m²,Modelo 3-II,Soles,"453,429",https://nexoinmobiliario.pe/proyecto/venta-de-departamento-2912-nueva-metropolis-cercado-de-lima-lima-lima-invent-inmobiliaria
30/06/2027,53.83 a 74.32 m2 total,Departamentos,2 a 3 dormitorios,4 unidades disponibles,"Pisos 9, 14, 15, 22",2 dorms.,53.83 m²,Modelo 5,Soles,"357,830",https://nexoinmobiliario.pe/proyecto/venta-de-departamento-2912-nueva-metropolis-cercado-de-lima-lima-lima-invent-inmobiliaria
30/06/2027,53.83 a 74.32 m2 total,Departamentos,2 a 3 dormitorios,10 unidades disponibles,Pisos 8 al 22,3 dorms.,73.58 m²,Modelo 3,Soles,"458,455",https://nexoinmobiliario.pe/proyecto/venta-de-departamento-2912-nueva-metropolis-cercado-de-lima-lima-lima-invent-inmobiliaria
30/06/2027,53.83 a 74.32 m2 total,Departamentos,2 a 3 dormitorios,4 unidades disponibles,"Pisos 12, 18, 19, 22",2 dorms.,71.05 m²,Modelo 2,Soles,"464,842",https://nexoinmobiliario.pe/proyecto/venta-de-departamento-2912-nueva-metropolis-cercado-de-lima-lima-lima-invent-inmobiliaria
30/12/2026,41.41 a 109.58 m2 total,Departamentos,1 a 3 dormitorios,1 unidad disponible,Piso 1,2 dorms.,109.58 m²,Modelo S02,Soles,"682,881",https://nexoinmobiliario.pe/proyecto/venta-de-departamento-2965-santorini-cercado-de-lima-lima-lima-brazil-grupo-inmobiliario
30/12/2026,41.41 a 109.58 m2 total,Departamentos,1 a 3 dormitorios,1 unidad disponible,Piso 1,1 dorms.,60.44 m²,Modelo S03,Soles,"380,455",https://nexoinmobiliario.pe/proyecto/venta-de-departamento-2965-santorini-cercado-de-lima-lima-lima-brazil-grupo-inmobiliario
30/12/2026,41.41 a 109.58 m2 total,Departamentos,1 a 3 dormitorios,1 unidad disponible,Piso 1,1 dorms.,58.60 m²,Modelo S04,Soles,"368,872",https://nexoinmobiliario.pe/proyecto/venta-de-departamento-2965-santorini-cercado-de-lima-lima-lima-brazil-grupo-inmobiliario
30/12/2026,41.41 a 109.58 m2 total,Departamentos,1 a 3 dormitorios,1 unidad disponible,Piso 1,1 dorms.,90.01 m²,Modelo S05,Soles,"560,925",https://nexoinmobiliario.pe/proyecto/venta-de-departamento-2965-santorini-cercado-de-lima-lima-lima-brazil-grupo-inmobiliario
30/12/2026,41.41 a 109.58 m2 total,Departamentos,1 a 3 dormitorios,1 unidad disponible,Piso 2,2 dorms.,71.38 m²,Modelo S07,Soles,"448,907",https://nexoinmobiliario.pe/proyecto/venta-de-departamento-2965-santorini-cercado-de-lima-lima-lima-brazil-grupo-inmobiliario
30/12/2026,41.41 a 109.58 m2 total,Departamentos,1 a 3 dormitorios,1 unidad disponible,Piso 2,1 dorms.,42.98 m²,Modelo S09,Soles,"273,030",https://nexoinmobiliario.pe/proyecto/venta-de-departamento-2965-santorini-cercado-de-lima-lima-lima-brazil-grupo-inmobiliario
Entrega inmediata,33.90 m2 total,Departamentos,1 dormitorios,1 unidad disponible,Piso 4,1 dorms.,33.90 m²,Modelo TIPO 5,Soles,"280,900",https://nexoinmobiliario.pe/proyecto/venta-de-departamento-2996-albamar-arenales-cercado-de-lima-lima-lima-albamar-grupo-inmobiliario
Entrega inmediata,50.80 a 73.60 m2 total,Departamentos,2 a 3 dormitorios,1 unidad disponible,Piso 21,2 dorms.,62.00 m²,Modelo A,Soles,"416,932",https://nexoinmobiliario.pe/proyecto/venta-de-departamento-3001-quatro-urban-tower-3-cercado-de-lima-lima-lima-quatro-inmobiliaria
Entrega inmediata,50.80 a 73.60 m2 total,Departamentos,2 a 3 dormitorios,2 unidades disponibles,Pisos 21 y 22,3 dorms.,73.60 m²,Modelo B,Soles,"490,044",https://nexoinmobiliario.pe/proyecto/venta-de-departamento-3001-quatro-urban-tower-3-cercado-de-lima-lima-lima-quatro-inmobiliaria
Entrega inmediata,50.80 a 73.60 m2 total,Departamentos,2 a 3 dormitorios,2 unidades disponibles,Pisos 18 y 19,3 dorms.,67.30 m²,Modelo C,Soles,"458,213",https://nexoinmobiliario.pe/proyecto/venta-de-departamento-3001-quatro-urban-tower-3-cercado-de-lima-lima-lima-quatro-inmobiliaria
Entrega inmediata,50.80 a 73.60 m2 total,Departamentos,2 a 3 dormitorios,9 unidades disponibles,Pisos 2 al 15,2 dorms.,58.30 m²,Modelo D,Soles,"383,114",https://nexoinmobiliario.pe/proyecto/venta-de-departamento-3001-quatro-urban-tower-3-cercado-de-lima-lima-lima-quatro-inmobiliaria
Entrega inmediata,50.80 a 73.60 m2 total,Departamentos,2 a 3 dormitorios,1 unidad disponible,Piso 22,2 dorms.,52.50 m²,Modelo G,Soles,"365,193",https://nexoinmobiliario.pe/proyecto/venta-de-departamento-3001-quatro-urban-tower-3-cercado-de-lima-lima-lima-quatro-inmobiliaria
Entrega inmediata,50.80 a 73.60 m2 total,Departamentos,2 a 3 dormitorios,2 unidades disponibles,Pisos 12 y 13,2 dorms.,53.40 m²,Modelo J,Soles,"373,007",https://nexoinmobiliario.pe/proyecto/venta-de-departamento-3001-quatro-urban-tower-3-cercado-de-lima-lima-lima-quatro-inmobiliaria
30/11/2026,28.58 a 86.61 m2 total,Departamentos,1 a 3 dormitorios,1 unidad disponible,Piso 1,3 dorms.,86.61 m²,Modelo Tipo 105,Soles,"564,698",https://nexoinmobiliario.pe/proyecto/venta-de-departamento-3008-amatista-cercado-de-lima-lima-lima-marte
30/11/2026,28.58 a 86.61 m2 total,Departamentos,1 a 3 dormitorios,6 unidades disponibles,Pisos 9 al 27,3 dorms.,61.67 m²,Modelo Tipo 1,Soles,"417,833",https://nexoinmobiliario.pe/proyecto/venta-de-departamento-3008-amatista-cercado-de-lima-lima-lima-marte
30/11/2026,28.58 a 86.61 m2 total,Departamentos,1 a 3 dormitorios,6 unidades disponibles,Pisos 21 al 27,3 dorms.,62.73 m²,Modelo Tipo 2,Soles,"447,886",https://nexoinmobiliario.pe/proyecto/venta-de-departamento-3008-amatista-cercado-de-lima-lima-lima-marte
30/11/2026,28.58 a 86.61 m2 total,Departamentos,1 a 3 dormitorios,8 unidades disponibles,Pisos 10 al 27,3 dorms.,60.34 m²,Modelo Tipo 3,Soles,"437,494",https://nexoinmobiliario.pe/proyecto/venta-de-departamento-3008-amatista-cercado-de-lima-lima-lima-marte
30/11/2026,28.58 a 86.61 m2 total,Departamentos,1 a 3 dormitorios,6 unidades disponibles,Pisos 5 al 27,3 dorms.,69.54 m²,Modelo Tipo 4,Soles,"510,386",https://nexoinmobiliario.pe/proyecto/venta-de-departamento-3008-amatista-cercado-de-lima-lima-lima-marte
30/11/2026,28.58 a 86.61 m2 total,Departamentos,1 a 3 dormitorios,4 unidades disponibles,"Pisos 5, 25, 26, 27",3 dorms.,60.06 m²,Modelo Tipo 5,Soles,"428,907",https://nexoinmobiliario.pe/proyecto/venta-de-departamento-3008-amatista-cercado-de-lima-lima-lima-marte
31/03/2027,23.97 a 75.74 m2 total,Departamentos,1 a 2 dormitorios,23 unidades disponibles,Pisos 2 al 30,1 dorms.,29.31 m²,Modelo TIPO13,Soles,"233,657",https://nexoinmobiliario.pe/proyecto/venta-de-departamento-3053-minimal-cercado-de-lima-lima-lima-grupo-tyc
31/03/2027,23.97 a 75.74 m2 total,Departamentos,1 a 2 dormitorios,1 unidad disponible,Piso 22,1 dorms.,52.79 m²,Modelo TIPO1,Soles,"374,810",https://nexoinmobiliario.pe/proyecto/venta-de-departamento-3053-minimal-cercado-de-lima-lima-lima-grupo-tyc
31/03/2027,23.97 a 75.74 m2 total,Departamentos,1 a 2 dormitorios,7 unidades disponibles,Pisos 22 al 30,1 dorms.,58.76 m²,Modelo TIPO4,Soles,"414,652",https://nexoinmobiliario.pe/proyecto/venta-de-departamento-3053-minimal-cercado-de-lima-lima-lima-grupo-tyc
31/03/2027,23.97 a 75.74 m2 total,Departamentos,1 a 2 dormitorios,14 unidades disponibles,Pisos 2 al 30,2 dorms.,75.40 m²,Modelo TIPO5,Soles,"482,790",https://nexoinmobiliario.pe/proyecto/venta-de-departamento-3053-minimal-cercado-de-lima-lima-lima-grupo-tyc
31/03/2027,23.97 a 75.74 m2 total,Departamentos,1 a 2 dormitorios,17 unidades disponibles,Pisos 12 al 28,1 dorms.,26.57 m²,Modelo TIPO6,Soles,"203,106",https://nexoinmobiliario.pe/proyecto/venta-de-departamento-3053-minimal-cercado-de-lima-lima-lima-grupo-tyc
31/03/2027,23.97 a 75.74 m2 total,Departamentos,1 a 2 dormitorios,15 unidades disponibles,Pisos 3 al 24,1 dorms.,26.47 m²,Modelo TIPO7,Soles,"200,571",https://nexoinmobiliario.pe/proyecto/venta-de-departamento-3053-minimal-cercado-de-lima-lima-lima-grupo-tyc
Entrega inmediata,35.01 a 50.74 m2 total,Departamentos,1 a 2 dormitorios,4 unidades disponibles,"Pisos 5, 7, 8, 28",1 dorms.,37.68 m²,Modelo X01,Soles,"278,476",https://nexoinmobiliario.pe/proyecto/venta-de-departamento-3186-helio-santa-beatriz-cercado-de-lima-lima-lima-padova
Entrega inmediata,35.01 a 50.74 m2 total,Departamentos,1 a 2 dormitorios,7 unidades disponibles,Pisos 3 al 12,2 dorms.,42.09 m²,Modelo X02,Soles,"311,839",https://nexoinmobiliario.pe/proyecto/venta-de-departamento-3186-helio-santa-beatriz-cercado-de-lima-lima-lima-padova
Entrega inmediata,35.01 a 50.74 m2 total,Departamentos,1 a 2 dormitorios,20 unidades disponibles,Pisos 4 al 29,2 dorms.,50.74 m²,Modelo X03,Soles,"340,064",https://nexoinmobiliario.pe/proyecto/venta-de-departamento-3186-helio-santa-beatriz-cercado-de-lima-lima-lima-padova
Entrega inmediata,35.01 a 50.74 m2 total,Departamentos,1 a 2 dormitorios,4 unidades disponibles,"Pisos 2, 3, 7, 8",2 dorms.,43.83 m²,Modelo X04,Soles,"327,572",https://nexoinmobiliario.pe/proyecto/venta-de-departamento-3186-helio-santa-beatriz-cercado-de-lima-lima-lima-padova
Entrega inmediata,35.01 a 50.74 m2 total,Departamentos,1 a 2 dormitorios,10 unidades disponibles,Pisos 2 al 29,2 dorms.,43.86 m²,Modelo X05,Soles,"312,188",https://nexoinmobiliario.pe/proyecto/venta-de-departamento-3186-helio-santa-beatriz-cercado-de-lima-lima-lima-padova
Entrega inmediata,35.01 a 50.74 m2 total,Departamentos,1 a 2 dormitorios,11 unidades disponibles,Pisos 2 al 30,2 dorms.,42.03 m²,Modelo X06,Soles,"309,804",https://nexoinmobiliario.pe/proyecto/venta-de-departamento-3186-helio-santa-beatriz-cercado-de-lima-lima-lima-padova
31/12/2026,54.61 a 71.30 m2 total,Departamentos,2 a 3 dormitorios,10 unidades disponibles,Pisos 4 al 30,2 dorms.,70.96 m²,Modelo TLP X06,Soles,"456,300",https://nexoinmobiliario.pe/proyecto/venta-de-departamento-3209-tulipan-cercado-de-lima-lima-lima-abril-grupo-inmobiliario
31/12/2026,54.61 a 71.30 m2 total,Departamentos,2 a 3 dormitorios,1 unidad disponible,Piso 30,2 dorms.,57.17 m²,Modelo TLP X15,Soles,"368,100",https://nexoinmobiliario.pe/proyecto/venta-de-departamento-3209-tulipan-cercado-de-lima-lima-lima-abril-grupo-inmobiliario
31/12/2026,54.61 a 71.30 m2 total,Departamentos,2 a 3 dormitorios,4 unidades disponibles,"Pisos 13, 17, 21, 23",3 dorms.,70.97 m²,Modelo TLP X01A,Soles,"479,700",https://nexoinmobiliario.pe/proyecto/venta-de-departamento-3209-tulipan-cercado-de-lima-lima-lima-abril-grupo-inmobiliario
31/12/2026,54.61 a 71.30 m2 total,Departamentos,2 a 3 dormitorios,10 unidades disponibles,Pisos 6 al 30,2 dorms.,69.82 m²,Modelo TLP X12,Soles,"437,400",https://nexoinmobiliario.pe/proyecto/venta-de-departamento-3209-tulipan-cercado-de-lima-lima-lima-abril-grupo-inmobiliario
31/12/2026,54.61 a 71.30 m2 total,Departamentos,2 a 3 dormitorios,5 unidades disponibles,"Pisos 20, 21, 22, 23, 24",2 dorms.,54.61 m²,Modelo TLP X02,Soles,"376,200",https://nexoinmobiliario.pe/proyecto/venta-de-departamento-3209-tulipan-cercado-de-lima-lima-lima-abril-grupo-inmobiliario
30/07/2027,31.83 a 93.59 m2 total,Departamentos,1 a 3 dormitorios,13 unidades disponibles,Pisos 3 al 22,2 dorms.,59.89 m²,Modelo 5,Soles,"394,761",https://nexoinmobiliario.pe/proyecto/venta-de-departamento-3298-cool-living-cercado-de-lima-lima-lima-promsal
30/07/2027,31.83 a 93.59 m2 total,Departamentos,1 a 3 dormitorios,9 unidades disponibles,Pisos 3 al 23,3 dorms.,72.18 m²,Modelo 1,Soles,"450,414",https://nexoinmobiliario.pe/proyecto/venta-de-departamento-3298-cool-living-cercado-de-lima-lima-lima-promsal
30/07/2027,31.83 a 93.59 m2 total,Departamentos,1 a 3 dormitorios,13 unidades disponibles,Pisos 3 al 23,3 dorms.,67.11 m²,Modelo 2,Soles,"418,776",https://nexoinmobiliario.pe/proyecto/venta-de-departamento-3298-cool-living-cercado-de-lima-lima-lima-promsal
30/07/2027,31.83 a 93.59 m2 total,Departamentos,1 a 3 dormitorios,16 unidades disponibles,Pisos 3 al 20,1 dorms.,31.83 m²,Modelo 10,Soles,"228,114",https://nexoinmobiliario.pe/proyecto/venta-de-departamento-3298-cool-living-cercado-de-lima-lima-lima-promsal
30/07/2027,31.83 a 93.59 m2 total,Departamentos,1 a 3 dormitorios,3 unidades disponibles,"Pisos 21, 22, 23",2 dorms.,59.86 m²,Modelo 9,Soles,"386,030",https://nexoinmobiliario.pe/proyecto/venta-de-departamento-3298-cool-living-cercado-de-lima-lima-lima-promsal
30/07/2027,31.83 a 93.59 m2 total,Departamentos,1 a 3 dormitorios,3 unidades disponibles,"Pisos 21, 22, 23",3 dorms.,75.18 m²,Modelo 3,Soles,"450,737",https://nexoinmobiliario.pe/proyecto/venta-de-departamento-3298-cool-living-cercado-de-lima-lima-lima-promsal
31/03/2027,33 a 62 m2 total,Departamentos,1 a 2 dormitorios,2 unidades disponibles,Pisos 3 y 9,1 dorms.,37.00 m²,Modelo Tipo 1 A,Soles,"294,000",https://nexoinmobiliario.pe/proyecto/venta-de-departamento-3381-novo-3-santa-beatriz-cercado-de-lima-lima-lima-my-home
31/03/2027,33 a 62 m2 total,Departamentos,1 a 2 dormitorios,2 unidades disponibles,Pisos 16 y 22,2 dorms.,51.00 m²,Modelo Tipo 2 B,Soles,"385,000",https://nexoinmobiliario.pe/proyecto/venta-de-departamento-3381-novo-3-santa-beatriz-cercado-de-lima-lima-lima-my-home
31/03/2027,33 a 62 m2 total,Departamentos,1 a 2 dormitorios,1 unidad disponible,Piso 23,2 dorms.,53.00 m²,Modelo Tipo 2 C,Soles,"380,000",https://nexoinmobiliario.pe/proyecto/venta-de-departamento-3381-novo-3-santa-beatriz-cercado-de-lima-lima-lima-my-home
31/03/2027,33 a 62 m2 total,Departamentos,1 a 2 dormitorios,3 unidades disponibles,"Pisos 16, 18, 23",2 dorms.,62.00 m²,Modelo Tipo 3C2,Soles,"390,000",https://nexoinmobiliario.pe/proyecto/venta-de-departamento-3381-novo-3-santa-beatriz-cercado-de-lima-lima-lima-my-home
31/03/2027,33 a 62 m2 total,Departamentos,1 a 2 dormitorios,3 unidades disponibles,"Pisos 15, 17, 21",2 dorms.,62.00 m²,Modelo Tipo 3C1,Soles,"395,000",https://nexoinmobiliario.pe/proyecto/venta-de-departamento-3381-novo-3-santa-beatriz-cercado-de-lima-lima-lima-my-home
31/03/2027,33 a 62 m2 total,Departamentos,1 a 2 dormitorios,8 unidades disponibles,Pisos 6 al 22,2 dorms.,51.00 m²,Modelo Tipo 4,Soles,"355,000",https://nexoinmobiliario.pe/proyecto/venta-de-departamento-3381-novo-3-santa-beatriz-cercado-de-lima-lima-lima-my-home
30/04/2027,31.39 a 69.16 m2 total,Departamentos,1 a 3 dormitorios,10 unidades disponibles,Pisos 1 al 23,2 dorms.,64.48 m²,Modelo MODELO 1,Soles,"314,000",https://nexoinmobiliario.pe/proyecto/venta-de-departamento-3385-albamar-re-cercado-de-lima-lima-lima-albamar-grupo-inmobiliario
30/04/2027,31.39 a 69.16 m2 total,Departamentos,1 a 3 dormitorios,7 unidades disponibles,Pisos 6 al 17,3 dorms.,64.13 m²,Modelo MODELO 2,Soles,"329,900",https://nexoinmobiliario.pe/proyecto/venta-de-departamento-3385-albamar-re-cercado-de-lima-lima-lima-albamar-grupo-inmobiliario
30/04/2027,31.39 a 69.16 m2 total,Departamentos,1 a 3 dormitorios,8 unidades disponibles,Pisos 4 al 21,2 dorms.,58.86 m²,Modelo MODELO 3,Soles,"292,900",https://nexoinmobiliario.pe/proyecto/venta-de-departamento-3385-albamar-re-cercado-de-lima-lima-lima-albamar-grupo-inmobiliario
30/04/2027,31.39 a 69.16 m2 total,Departamentos,1 a 3 dormitorios,10 unidades disponibles,Pisos 9 al 22,3 dorms.,62.89 m²,Modelo MODELO 4,Soles,"308,700",https://nexoinmobiliario.pe/proyecto/venta-de-departamento-3385-albamar-re-cercado-de-lima-lima-lima-albamar-grupo-inmobiliario
30/04/2027,31.39 a 69.16 m2 total,Departamentos,1 a 3 dormitorios,5 unidades disponibles,"Pisos 2, 3, 14, 15, 23",2 dorms.,44.94 m²,Modelo MODELO 5,Soles,"246,500",https://nexoinmobiliario.pe/proyecto/venta-de-departamento-3385-albamar-re-cercado-de-lima-lima-lima-albamar-grupo-inmobiliario
30/04/2027,31.39 a 69.16 m2 total,Departamentos,1 a 3 dormitorios,8 unidades disponibles,Pisos 7 al 16,1 dorms.,31.39 m²,Modelo MODELO 6,Soles,"187,500",https://nexoinmobiliario.pe/proyecto/venta-de-departamento-3385-albamar-re-cercado-de-lima-lima-lima-albamar-grupo-inmobiliario
30/06/2026,40.89 a 102.86 m2 total,Departamentos,1 a 2 dormitorios,2 unidades disponibles,Piso 1,2 dorms.,100.96 m²,Modelo 2-M,Soles,"745,412",https://nexoinmobiliario.pe/proyecto/venta-de-departamento-3452-qantua-fase-2-cercado-de-lima-lima-lima-grupo-lar
30/06/2026,40.89 a 102.86 m2 total,Departamentos,1 a 2 dormitorios,5 unidades disponibles,Piso 1,2 dorms.,82.86 m²,Modelo 2-E,Soles,"616,752",https://nexoinmobiliario.pe/proyecto/venta-de-departamento-3452-qantua-fase-2-cercado-de-lima-lima-lima-grupo-lar
30/06/2026,40.89 a 102.86 m2 total,Departamentos,1 a 2 dormitorios,2 unidades disponibles,Piso 2,2 dorms.,60.40 m²,Modelo 2-C,Soles,"515,093",https://nexoinmobiliario.pe/proyecto/venta-de-departamento-3452-qantua-fase-2-cercado-de-lima-lima-lima-grupo-lar
30/06/2026,40.89 a 102.86 m2 total,Departamentos,1 a 2 dormitorios,3 unidades disponibles,Pisos 1 y 5,1 dorms.,41.39 m²,Modelo 1 - I,Soles,"380,145",https://nexoinmobiliario.pe/proyecto/venta-de-departamento-3452-qantua-fase-2-cercado-de-lima-lima-lima-grupo-lar
30/06/2026,40.89 a 102.86 m2 total,Departamentos,1 a 2 dormitorios,9 unidades disponibles,"Pisos 3, 4, 5",1 dorms.,40.89 m²,Modelo 1 - K,Soles,"356,658",https://nexoinmobiliario.pe/proyecto/venta-de-departamento-3452-qantua-fase-2-cercado-de-lima-lima-lima-grupo-lar
30/10/2027,38.81 a 65.61 m2 total,Departamentos,1 a 3 dormitorios,10 unidades disponibles,Pisos 6 al 20,2 dorms.,54.24 m²,Modelo CED-A-202 AL 2002,Soles,"256,796",https://nexoinmobiliario.pe/proyecto/venta-de-departamento-3453-cedro-33-cercado-de-lima-lima-lima-abril-grupo-inmobiliario
30/10/2027,38.81 a 65.61 m2 total,Departamentos,1 a 3 dormitorios,2 unidades disponibles,Pisos 7 y 18,2 dorms.,49.86 m²,Modelo CED-A-204 AL 2004,Soles,"240,200",https://nexoinmobiliario.pe/proyecto/venta-de-departamento-3453-cedro-33-cercado-de-lima-lima-lima-abril-grupo-inmobiliario
30/10/2027,38.81 a 65.61 m2 total,Departamentos,1 a 3 dormitorios,16 unidades disponibles,Pisos 4 al 20,2 dorms.,57.77 m²,Modelo CED-A-205 AL 2005,Soles,"273,508",https://nexoinmobiliario.pe/proyecto/venta-de-departamento-3453-cedro-33-cercado-de-lima-lima-lima-abril-grupo-inmobiliario
30/10/2027,38.81 a 65.61 m2 total,Departamentos,1 a 3 dormitorios,18 unidades disponibles,Pisos 2 al 20,2 dorms.,57.65 m²,Modelo CED-A-206 AL 2006,Soles,"272,940",https://nexoinmobiliario.pe/proyecto/venta-de-departamento-3453-cedro-33-cercado-de-lima-lima-lima-abril-grupo-inmobiliario
30/10/2027,38.81 a 65.61 m2 total,Departamentos,1 a 3 dormitorios,2 unidades disponibles,Pisos 19 y 20,3 dorms.,64.58 m²,Modelo CED-A-207 AL 2007,Soles,"300,386",https://nexoinmobiliario.pe/proyecto/venta-de-departamento-3453-cedro-33-cercado-de-lima-lima-lima-abril-grupo-inmobiliario
30/10/2027,38.81 a 65.61 m2 total,Departamentos,1 a 3 dormitorios,1 unidad disponible,Piso 2,2 dorms.,65.50 m²,Modelo CED-A-209,Soles,"334,587",https://nexoinmobiliario.pe/proyecto/venta-de-departamento-3453-cedro-33-cercado-de-lima-lima-lima-abril-grupo-inmobiliario
30/12/2026,32.57 a 73.32 m2 total,Departamentos,1 a 3 dormitorios,1 unidad disponible,Piso 19,3 dorms.,73.32 m²,Modelo 2,Soles,"478,000",https://nexoinmobiliario.pe/proyecto/venta-de-departamento-3466-evolution-cercado-de-lima-lima-lima-pisonay-inmobiliaria
30/12/2026,32.57 a 73.32 m2 total,Departamentos,1 a 3 dormitorios,1 unidad disponible,Piso 20,2 dorms.,56.44 m²,Modelo 4,Soles,"345,614",https://nexoinmobiliario.pe/proyecto/venta-de-departamento-3466-evolution-cercado-de-lima-lima-lima-pisonay-inmobiliaria
30/12/2026,32.57 a 73.32 m2 total,Departamentos,1 a 3 dormitorios,1 unidad disponible,Piso 22,3 dorms.,70.38 m²,Modelo 1A,Soles,"430,000",https://nexoinmobiliario.pe/proyecto/venta-de-departamento-3466-evolution-cercado-de-lima-lima-lima-pisonay-inmobiliaria
30/12/2026,32.57 a 73.32 m2 total,Departamentos,1 a 3 dormitorios,1 unidad disponible,Piso 20,2 dorms.,56.70 m²,Modelo 5A,Soles,"343,000",https://nexoinmobiliario.pe/proyecto/venta-de-departamento-3466-evolution-cercado-de-lima-lima-lima-pisonay-inmobiliaria
30/12/2026,32.57 a 73.32 m2 total,Departamentos,1 a 3 dormitorios,1 unidad disponible,Piso 17,1 dorms.,32.57 m²,Modelo 6A,Soles,"250,000",https://nexoinmobiliario.pe/proyecto/venta-de-departamento-3466-evolution-cercado-de-lima-lima-lima-pisonay-inmobiliaria
01/03/2027,42.20 a 86.25 m2 total,Departamentos,1 a 3 dormitorios,1 unidad disponible,Piso 24,1 dorms.,42.20 m²,Modelo 1b,Soles,"270,420",https://nexoinmobiliario.pe/proyecto/venta-de-departamento-3491-centrium-santa-beatriz-cercado-de-lima-lima-lima-grupo-mg
01/03/2027,42.20 a 86.25 m2 total,Departamentos,1 a 3 dormitorios,2 unidades disponibles,Pisos 25 y 26,1 dorms.,42.20 m²,Modelo 1c,Soles,"270,420",https://nexoinmobiliario.pe/proyecto/venta-de-departamento-3491-centrium-santa-beatriz-cercado-de-lima-lima-lima-grupo-mg
01/03/2027,42.20 a 86.25 m2 total,Departamentos,1 a 3 dormitorios,4 unidades disponibles,"Pisos 14, 18, 19, 22",1 dorms.,42.20 m²,Modelo 1,Soles,"270,420",https://nexoinmobiliario.pe/proyecto/venta-de-departamento-3491-centrium-santa-beatriz-cercado-de-lima-lima-lima-grupo-mg
01/03/2027,42.20 a 86.25 m2 total,Departamentos,1 a 3 dormitorios,1 unidad disponible,Piso 27,1 dorms.,42.20 m²,Modelo 1d,Soles,"270,420",https://nexoinmobiliario.pe/proyecto/venta-de-departamento-3491-centrium-santa-beatriz-cercado-de-lima-lima-lima-grupo-mg
01/03/2027,42.20 a 86.25 m2 total,Departamentos,1 a 3 dormitorios,1 unidad disponible,Piso 28,1 dorms.,42.20 m²,Modelo 1e,Soles,"266,200",https://nexoinmobiliario.pe/proyecto/venta-de-departamento-3491-centrium-santa-beatriz-cercado-de-lima-lima-lima-grupo-mg
01/03/2027,42.20 a 86.25 m2 total,Departamentos,1 a 3 dormitorios,3 unidades disponibles,"Pisos 9, 10, 12",3 dorms.,69.78 m²,Modelo 2,Soles,"422,873",https://nexoinmobiliario.pe/proyecto/venta-de-departamento-3491-centrium-santa-beatriz-cercado-de-lima-lima-lima-grupo-mg
30/05/2027,37.05 a 68.20 m2 total,Departamentos,1 a 3 dormitorios,4 unidades disponibles,"Pisos 2, 3, 4, 5",1 dorms.,39.93 m²,Modelo TIPO 1,Soles,"325,100",https://nexoinmobiliario.pe/proyecto/venta-de-departamento-3684-albamar-bea-cercado-de-lima-lima-lima-albamar-grupo-inmobiliario
30/05/2027,37.05 a 68.20 m2 total,Departamentos,1 a 3 dormitorios,1 unidad disponible,Piso 1,1 dorms.,49.43 m²,Modelo TIPO 2B,Soles,"349,500",https://nexoinmobiliario.pe/proyecto/venta-de-departamento-3684-albamar-bea-cercado-de-lima-lima-lima-albamar-grupo-inmobiliario
30/05/2027,37.05 a 68.20 m2 total,Departamentos,1 a 3 dormitorios,3 unidades disponibles,"Pisos 8, 13, 14",2 dorms.,54.15 m²,Modelo TIPO 2,Soles,"417,700",https://nexoinmobiliario.pe/proyecto/venta-de-departamento-3684-albamar-bea-cercado-de-lima-lima-lima-albamar-grupo-inmobiliario
30/05/2027,37.05 a 68.20 m2 total,Departamentos,1 a 3 dormitorios,2 unidades disponibles,Pisos 3 y 4,2 dorms.,52.57 m²,Modelo TIPO 3,Soles,"390,400",https://nexoinmobiliario.pe/proyecto/venta-de-departamento-3684-albamar-bea-cercado-de-lima-lima-lima-albamar-grupo-inmobiliario
30/05/2027,37.05 a 68.20 m2 total,Departamentos,1 a 3 dormitorios,5 unidades disponibles,"Pisos 2, 3, 4, 5, 6",2 dorms.,60.02 m²,Modelo TIPO 4,Soles,"436,300",https://nexoinmobiliario.pe/proyecto/venta-de-departamento-3684-albamar-bea-cercado-de-lima-lima-lima-albamar-grupo-inmobiliario
30/05/2027,37.05 a 68.20 m2 total,Departamentos,1 a 3 dormitorios,4 unidades disponibles,"Pisos 3, 7, 10, 15",3 dorms.,66.43 m²,Modelo TIPO 5,Soles,"479,100",https://nexoinmobiliario.pe/proyecto/venta-de-departamento-3684-albamar-bea-cercado-de-lima-lima-lima-albamar-grupo-inmobiliario
29/02/2028,40.08 a 69.77 m2 total,Departamentos,1 a 3 dormitorios,7 unidades disponibles,Pisos 4 al 19,3 dorms.,68.46 m²,Modelo ROB-1-X07,Soles,"346,390",https://nexoinmobiliario.pe/proyecto/venta-de-departamento-3693-roble-cercado-de-lima-lima-lima-abril-grupo-inmobiliario
29/02/2028,40.08 a 69.77 m2 total,Departamentos,1 a 3 dormitorios,14 unidades disponibles,Pisos 4 al 20,2 dorms.,57.12 m²,Modelo ROB-1-X03,Soles,"291,192",https://nexoinmobiliario.pe/proyecto/venta-de-departamento-3693-roble-cercado-de-lima-lima-lima-abril-grupo-inmobiliario
29/02/2028,40.08 a 69.77 m2 total,Departamentos,1 a 3 dormitorios,17 unidades disponibles,Pisos 3 al 20,2 dorms.,54.94 m²,Modelo ROB-1-X05,Soles,"284,088",https://nexoinmobiliario.pe/proyecto/venta-de-departamento-3693-roble-cercado-de-lima-lima-lima-abril-grupo-inmobiliario
29/02/2028,40.08 a 69.77 m2 total,Departamentos,1 a 3 dormitorios,19 unidades disponibles,Pisos 2 al 22,3 dorms.,68.01 m²,Modelo ROB-2-X01,Soles,"300,000",https://nexoinmobiliario.pe/proyecto/venta-de-departamento-3693-roble-cercado-de-lima-lima-lima-abril-grupo-inmobiliario
29/02/2028,40.08 a 69.77 m2 total,Departamentos,1 a 3 dormitorios,17 unidades disponibles,Pisos 2 al 22,3 dorms.,69.77 m²,Modelo ROB-2-X03,Soles,"310,610",https://nexoinmobiliario.pe/proyecto/venta-de-departamento-3693-roble-cercado-de-lima-lima-lima-abril-grupo-inmobiliario
29/02/2028,40.08 a 69.77 m2 total,Departamentos,1 a 3 dormitorios,21 unidades disponibles,Pisos 2 al 22,3 dorms.,66.77 m²,Modelo ROB-2-X06,Soles,"307,050",https://nexoinmobiliario.pe/proyecto/venta-de-departamento-3693-roble-cercado-de-lima-lima-lima-abril-grupo-inmobiliario
31/12/2027,52.99 a 83.89 m2 total,Departamentos,2 a 3 dormitorios,1 unidad disponible,Piso 1,2 dorms.,83.89 m²,Modelo P01,Soles,"445,410",https://nexoinmobiliario.pe/proyecto/venta-de-departamento-3737-nova-colonial-cercado-de-lima-cercado-de-lima-lima-lima-tempus-inmobiliaria
31/12/2027,52.99 a 83.89 m2 total,Departamentos,2 a 3 dormitorios,1 unidad disponible,Piso 1,2 dorms.,63.29 m²,Modelo P02,Soles,"345,600",https://nexoinmobiliario.pe/proyecto/venta-de-departamento-3737-nova-colonial-cercado-de-lima-cercado-de-lima-lima-lima-tempus-inmobiliaria
31/12/2027,52.99 a 83.89 m2 total,Departamentos,2 a 3 dormitorios,1 unidad disponible,Piso 1,3 dorms.,68.19 m²,Modelo P03,Soles,"350,190",https://nexoinmobiliario.pe/proyecto/venta-de-departamento-3737-nova-colonial-cercado-de-lima-cercado-de-lima-lima-lima-tempus-inmobiliaria
31/12/2027,52.99 a 83.89 m2 total,Departamentos,2 a 3 dormitorios,22 unidades disponibles,Pisos 2 al 23,2 dorms.,58.18 m²,Modelo X03,Soles,"268,560",https://nexoinmobiliario.pe/proyecto/venta-de-departamento-3737-nova-colonial-cercado-de-lima-cercado-de-lima-lima-lima-tempus-inmobiliaria
31/12/2027,52.99 a 83.89 m2 total,Departamentos,2 a 3 dormitorios,19 unidades disponibles,Pisos 2 al 21,2 dorms.,57.04 m²,Modelo X02,Soles,"271,350",https://nexoinmobiliario.pe/proyecto/venta-de-departamento-3737-nova-colonial-cercado-de-lima-cercado-de-lima-lima-lima-tempus-inmobiliaria
31/12/2027,52.99 a 83.89 m2 total,Departamentos,2 a 3 dormitorios,17 unidades disponibles,Pisos 2 al 19,3 dorms.,66.71 m²,Modelo X01,Soles,"292,500",https://nexoinmobiliario.pe/proyecto/venta-de-departamento-3737-nova-colonial-cercado-de-lima-cercado-de-lima-lima-lima-tempus-inmobiliaria
31/03/2027,60.63 a 90.31 m2 total,Departamentos,2 a 3 dormitorios,5 unidades disponibles,"Pisos 4, 6, 7, 8, 9",2 dorms.,60.63 m²,Modelo TIPO 1,Soles,"383,000",https://nexoinmobiliario.pe/proyecto/venta-de-departamento-3739-bran-cercado-de-lima-lima-lima-reyna-inmobiliaria
30/11/2026,65 a 71 m2 total,Departamentos,3 dormitorios,1 unidad disponible,Piso 1,3 dorms.,71.00 m²,Modelo TORRE 7-1er Piso-TIPO 4,Soles,"325,847",https://nexoinmobiliario.pe/proyecto/venta-de-departamento-3827-alameda-central-condominio-torre-7-cercado-de-lima-lima-lima-besco
30/11/2026,65 a 71 m2 total,Departamentos,3 dormitorios,1 unidad disponible,Piso 1,3 dorms.,71.00 m²,Modelo TORRE 7-1er Piso-TIPO 5,Soles,"325,847",https://nexoinmobiliario.pe/proyecto/venta-de-departamento-3827-alameda-central-condominio-torre-7-cercado-de-lima-lima-lima-besco
30/11/2026,65 a 71 m2 total,Departamentos,3 dormitorios,1 unidad disponible,Piso 1,3 dorms.,71.00 m²,Modelo TORRE 7-1er Piso-TIPO 8,Soles,"332,212",https://nexoinmobiliario.pe/proyecto/venta-de-departamento-3827-alameda-central-condominio-torre-7-cercado-de-lima-lima-lima-besco
30/11/2026,65 a 71 m2 total,Departamentos,3 dormitorios,10 unidades disponibles,Pisos 2 al 13,3 dorms.,71.00 m²,Modelo TORRE 7-FLAT-TIPO 1,Soles,"291,340",https://nexoinmobiliario.pe/proyecto/venta-de-departamento-3827-alameda-central-condominio-torre-7-cercado-de-lima-lima-lima-besco
30/11/2026,65 a 71 m2 total,Departamentos,3 dormitorios,4 unidades disponibles,"Pisos 6, 8, 9, 21",3 dorms.,71.00 m²,Modelo TORRE 7-FLAT-TIPO 4,Soles,"272,000",https://nexoinmobiliario.pe/proyecto/venta-de-departamento-3827-alameda-central-condominio-torre-7-cercado-de-lima-lima-lima-besco
30/11/2026,65 a 71 m2 total,Departamentos,3 dormitorios,9 unidades disponibles,Pisos 4 al 13,3 dorms.,71.00 m²,Modelo TORRE 7-FLAT-TIPO 5,Soles,"290,130",https://nexoinmobiliario.pe/proyecto/venta-de-departamento-3827-alameda-central-condominio-torre-7-cercado-de-lima-lima-lima-besco
31/03/2027,40.03 a 105.49 m2 total,Departamentos,1 a 3 dormitorios,8 unidades disponibles,"Pisos 3, 4, 5",2 dorms.,52.65 m²,Modelo 2-P,Soles,"458,660",https://nexoinmobiliario.pe/proyecto/venta-de-departamento-3841-qantua-fase-3-cercado-de-lima-lima-lima-grupo-lar
31/03/2027,40.03 a 105.49 m2 total,Departamentos,1 a 3 dormitorios,1 unidad disponible,Piso 5,3 dorms.,61.01 m²,Modelo 3-Q,Soles,"541,106",https://nexoinmobiliario.pe/proyecto/venta-de-departamento-3841-qantua-fase-3-cercado-de-lima-lima-lima-grupo-lar
31/03/2027,40.03 a 105.49 m2 total,Departamentos,1 a 3 dormitorios,1 unidad disponible,Piso 6,1 dorms.,40.32 m²,Modelo 1-M,Soles,"349,746",https://nexoinmobiliario.pe/proyecto/venta-de-departamento-3841-qantua-fase-3-cercado-de-lima-lima-lima-grupo-lar
31/03/2027,40.03 a 105.49 m2 total,Departamentos,1 a 3 dormitorios,3 unidades disponibles,"Pisos 3, 4, 5",1 dorms.,40.29 m²,Modelo 1-O,Soles,"376,057",https://nexoinmobiliario.pe/proyecto/venta-de-departamento-3841-qantua-fase-3-cercado-de-lima-lima-lima-grupo-lar
31/03/2027,40.03 a 105.49 m2 total,Departamentos,1 a 3 dormitorios,4 unidades disponibles,"Pisos 3, 4, 5, 6",2 dorms.,53.35 m²,Modelo 2-R,Soles,"491,761",https://nexoinmobiliario.pe/proyecto/venta-de-departamento-3841-qantua-fase-3-cercado-de-lima-lima-lima-grupo-lar
31/03/2027,40.03 a 105.49 m2 total,Departamentos,1 a 3 dormitorios,3 unidades disponibles,"Pisos 3, 4, 6",1 dorms.,40.03 m²,Modelo 1-N,Soles,"373,783",https://nexoinmobiliario.pe/proyecto/venta-de-departamento-3841-qantua-fase-3-cercado-de-lima-lima-lima-grupo-lar
31/12/2027,40.03 a 94.06 m2 total,Departamentos,1 a 2 dormitorios,11 unidades disponibles,Pisos 3 al 13,2 dorms.,46.80 m²,Modelo TIPO 1,Soles,"364,900",https://nexoinmobiliario.pe/proyecto/venta-de-departamento-3849-los-cerezos-cercado-de-lima-lima-lima-checor-inmobiliaria
31/12/2027,40.03 a 94.06 m2 total,Departamentos,1 a 2 dormitorios,12 unidades disponibles,Pisos 3 al 14,2 dorms.,46.83 m²,Modelo TIPO 2,Soles,"361,900",https://nexoinmobiliario.pe/proyecto/venta-de-departamento-3849-los-cerezos-cercado-de-lima-lima-lima-checor-inmobiliaria
31/12/2027,40.03 a 94.06 m2 total,Departamentos,1 a 2 dormitorios,12 unidades disponibles,Pisos 2 al 14,2 dorms.,50.60 m²,Modelo TIPO 3,Soles,"351,900",https://nexoinmobiliario.pe/proyecto/venta-de-departamento-3849-los-cerezos-cercado-de-lima-lima-lima-checor-inmobiliaria
31/12/2027,40.03 a 94.06 m2 total,Departamentos,1 a 2 dormitorios,9 unidades disponibles,Pisos 2 al 10,1 dorms.,40.03 m²,Modelo TIPO 4,Soles,"279,900",https://nexoinmobiliario.pe/proyecto/venta-de-departamento-3849-los-cerezos-cercado-de-lima-lima-lima-checor-inmobiliaria
31/12/2027,40.03 a 94.06 m2 total,Departamentos,1 a 2 dormitorios,10 unidades disponibles,Pisos 2 al 13,1 dorms.,40.03 m²,Modelo TIPO 5,Soles,"279,900",https://nexoinmobiliario.pe/proyecto/venta-de-departamento-3849-los-cerezos-cercado-de-lima-lima-lima-checor-inmobiliaria
31/12/2027,40.03 a 94.06 m2 total,Departamentos,1 a 2 dormitorios,6 unidades disponibles,Pisos 2 al 7,1 dorms.,40.07 m²,Modelo TIPO 6,Soles,"325,900",https://nexoinmobiliario.pe/proyecto/venta-de-departamento-3849-los-cerezos-cercado-de-lima-lima-lima-checor-inmobiliaria
30/09/2026,65 a 141 m2 total,Departamentos,2 dormitorios,1 unidad disponible,Piso 1,2 dorms.,65.00 m²,Modelo TORRE 6-1er Piso-TIPO 3,Soles,"331,880",https://nexoinmobiliario.pe/proyecto/venta-de-departamento-3856-centriqo-club-condomino-ecoamigable-torre-6-cercado-de-lima-lima-lima-besco
30/09/2026,65 a 141 m2 total,Departamentos,2 dormitorios,1 unidad disponible,Piso 1,2 dorms.,65.00 m²,Modelo TORRE 6-1er Piso-TIPO 6,Soles,"342,480",https://nexoinmobiliario.pe/proyecto/venta-de-departamento-3856-centriqo-club-condomino-ecoamigable-torre-6-cercado-de-lima-lima-lima-besco
30/09/2026,65 a 141 m2 total,Departamentos,2 dormitorios,2 unidades disponibles,Pisos 4 y 7,2 dorms.,71.00 m²,Modelo TORRE 6-FLAT-TIPO 1,Soles,"346,480",https://nexoinmobiliario.pe/proyecto/venta-de-departamento-3856-centriqo-club-condomino-ecoamigable-torre-6-cercado-de-lima-lima-lima-besco
30/09/2026,65 a 141 m2 total,Departamentos,2 dormitorios,2 unidades disponibles,Pisos 3 y 5,2 dorms.,65.00 m²,Modelo TORRE 6-FLAT-TIPO 3,Soles,"321,680",https://nexoinmobiliario.pe/proyecto/venta-de-departamento-3856-centriqo-club-condomino-ecoamigable-torre-6-cercado-de-lima-lima-lima-besco
30/09/2026,65 a 141 m2 total,Departamentos,2 dormitorios,1 unidad disponible,Piso 5,2 dorms.,72.00 m²,Modelo TORRE 6-FLAT-TIPO 4,Soles,"346,880",https://nexoinmobiliario.pe/proyecto/venta-de-departamento-3856-centriqo-club-condomino-ecoamigable-torre-6-cercado-de-lima-lima-lima-besco
30/09/2026,65 a 141 m2 total,Departamentos,2 dormitorios,2 unidades disponibles,Pisos 4 y 5,2 dorms.,72.00 m²,Modelo TORRE 6-FLAT-TIPO 5,Soles,"346,380",https://nexoinmobiliario.pe/proyecto/venta-de-departamento-3856-centriqo-club-condomino-ecoamigable-torre-6-cercado-de-lima-lima-lima-besco
01/09/2027,44 a 131 m2 total,Departamentos,2 a 3 dormitorios,1 unidad disponible,Piso 1,2 dorms.,54.00 m²,Modelo TIPO I,Soles,"312,625",https://nexoinmobiliario.pe/proyecto/venta-de-departamento-3924-residencial-santa-susana-cercado-de-lima-lima-lima-yoplac-asociados
01/09/2027,44 a 131 m2 total,Departamentos,2 a 3 dormitorios,6 unidades disponibles,Pisos 3 al 9,3 dorms.,70.00 m²,Modelo TIPO A,Soles,"421,275",https://nexoinmobiliario.pe/proyecto/venta-de-departamento-3924-residencial-santa-susana-cercado-de-lima-lima-lima-yoplac-asociados
01/09/2027,44 a 131 m2 total,Departamentos,2 a 3 dormitorios,7 unidades disponibles,Pisos 3 al 9,3 dorms.,70.00 m²,Modelo TIPO B,Soles,"421,275",https://nexoinmobiliario.pe/proyecto/venta-de-departamento-3924-residencial-santa-susana-cercado-de-lima-lima-lima-yoplac-asociados
01/09/2027,44 a 131 m2 total,Departamentos,2 a 3 dormitorios,2 unidades disponibles,Pisos 2 y 9,2 dorms.,44.00 m²,Modelo TIPO C,Soles,"297,250",https://nexoinmobiliario.pe/proyecto/venta-de-departamento-3924-residencial-santa-susana-cercado-de-lima-lima-lima-yoplac-asociados
01/09/2027,44 a 131 m2 total,Departamentos,2 a 3 dormitorios,3 unidades disponibles,"Pisos 2, 3, 9",3 dorms.,56.00 m²,Modelo TIPO D,Soles,"391,550",https://nexoinmobiliario.pe/proyecto/venta-de-departamento-3924-residencial-santa-susana-cercado-de-lima-lima-lima-yoplac-asociados
01/09/2027,44 a 131 m2 total,Departamentos,2 a 3 dormitorios,1 unidad disponible,Piso 10,3 dorms.,102.00 m²,Modelo TIPO G,Soles,"675,475",https://nexoinmobiliario.pe/proyecto/venta-de-departamento-3924-residencial-santa-susana-cercado-de-lima-lima-lima-yoplac-asociados
30/04/2028,40 a 69.97 m2 total,Departamentos,1 a 2 dormitorios,1 unidad disponible,Piso 1,2 dorms.,69.97 m²,Modelo TIPO 101,Soles,"453,216",https://nexoinmobiliario.pe/proyecto/venta-de-departamento-3931-ezena-4-cercado-de-lima-lima-lima-proyec-inmobiliaria
30/04/2028,40 a 69.97 m2 total,Departamentos,1 a 2 dormitorios,1 unidad disponible,Piso 1,2 dorms.,54.85 m²,Modelo TIPO 102,Soles,"350,592",https://nexoinmobiliario.pe/proyecto/venta-de-departamento-3931-ezena-4-cercado-de-lima-lima-lima-proyec-inmobiliaria
30/04/2028,40 a 69.97 m2 total,Departamentos,1 a 2 dormitorios,1 unidad disponible,Piso 1,2 dorms.,46.59 m²,Modelo TIPO 104,Soles,"318,336",https://nexoinmobiliario.pe/proyecto/venta-de-departamento-3931-ezena-4-cercado-de-lima-lima-lima-proyec-inmobiliaria
30/04/2028,40 a 69.97 m2 total,Departamentos,1 a 2 dormitorios,1 unidad disponible,Piso 2,2 dorms.,55.57 m²,Modelo TIPO 201,Soles,"406,176",https://nexoinmobiliario.pe/proyecto/venta-de-departamento-3931-ezena-4-cercado-de-lima-lima-lima-proyec-inmobiliaria
30/04/2028,40 a 69.97 m2 total,Departamentos,1 a 2 dormitorios,1 unidad disponible,Piso 2,2 dorms.,49.78 m²,Modelo TIPO 203,Soles,"358,656",https://nexoinmobiliario.pe/proyecto/venta-de-departamento-3931-ezena-4-cercado-de-lima-lima-lima-proyec-inmobiliaria
30/04/2028,40 a 69.97 m2 total,Departamentos,1 a 2 dormitorios,1 unidad disponible,Piso 2,1 dorms.,40.10 m²,Modelo TIPO 204,Soles,"293,376",https://nexoinmobiliario.pe/proyecto/venta-de-departamento-3931-ezena-4-cercado-de-lima-lima-lima-proyec-inmobiliaria
31/12/2028,40.11 a 68.20 m2 total,Departamentos,1 a 3 dormitorios,18 unidades disponibles,Pisos 4 al 28,2 dorms.,55.09 m²,Modelo Modelo 1,Soles,"246,000",https://nexoinmobiliario.pe/proyecto/venta-de-departamento-3953-albamar-flex-cercado-de-lima-lima-lima-albamar-grupo-inmobiliario
31/12/2028,40.11 a 68.20 m2 total,Departamentos,1 a 3 dormitorios,26 unidades disponibles,Pisos 2 al 28,3 dorms.,65.61 m²,Modelo Modelo 2,Soles,"298,900",https://nexoinmobiliario.pe/proyecto/venta-de-departamento-3953-albamar-flex-cercado-de-lima-lima-lima-albamar-grupo-inmobiliario
31/12/2028,40.11 a 68.20 m2 total,Departamentos,1 a 3 dormitorios,26 unidades disponibles,Pisos 2 al 28,3 dorms.,60.11 m²,Modelo Modelo 3,Soles,"279,800",https://nexoinmobiliario.pe/proyecto/venta-de-departamento-3953-albamar-flex-cercado-de-lima-lima-lima-albamar-grupo-inmobiliario
31/12/2028,40.11 a 68.20 m2 total,Departamentos,1 a 3 dormitorios,22 unidades disponibles,Pisos 2 al 28,3 dorms.,59.55 m²,Modelo Modelo 4,Soles,"296,900",https://nexoinmobiliario.pe/proyecto/venta-de-departamento-3953-albamar-flex-cercado-de-lima-lima-lima-albamar-grupo-inmobiliario
31/12/2028,40.11 a 68.20 m2 total,Departamentos,1 a 3 dormitorios,27 unidades disponibles,Pisos 2 al 28,3 dorms.,60.21 m²,Modelo Modelo 5,Soles,"283,100",https://nexoinmobiliario.pe/proyecto/venta-de-departamento-3953-albamar-flex-cercado-de-lima-lima-lima-albamar-grupo-inmobiliario
31/12/2028,40.11 a 68.20 m2 total,Departamentos,1 a 3 dormitorios,19 unidades disponibles,Pisos 6 al 28,3 dorms.,66.82 m²,Modelo Modelo 6,Soles,"233,700",https://nexoinmobiliario.pe/proyecto/venta-de-departamento-3953-albamar-flex-cercado-de-lima-lima-lima-albamar-grupo-inmobiliario
31/12/2027,40.08 a 60.08 m2 total,Departamentos,1 a 3 dormitorios,12 unidades disponibles,Pisos 2 al 21,1 dorms.,40.71 m²,Modelo 1,Soles,"259,000",https://nexoinmobiliario.pe/proyecto/venta-de-departamento-3960-jardines-de-santa-beatriz-tercera-etapa-cercado-de-lima-lima-lima-tm-gestion-inmobiliaria
31/12/2027,40.08 a 60.08 m2 total,Departamentos,1 a 3 dormitorios,15 unidades disponibles,Pisos 2 al 22,2 dorms.,45.38 m²,Modelo 2,Soles,"292,000",https://nexoinmobiliario.pe/proyecto/venta-de-departamento-3960-jardines-de-santa-beatriz-tercera-etapa-cercado-de-lima-lima-lima-tm-gestion-inmobiliaria
31/12/2027,40.08 a 60.08 m2 total,Departamentos,1 a 3 dormitorios,14 unidades disponibles,Pisos 2 al 22,1 dorms.,44.39 m²,Modelo 3,Soles,"311,800",https://nexoinmobiliario.pe/proyecto/venta-de-departamento-3960-jardines-de-santa-beatriz-tercera-etapa-cercado-de-lima-lima-lima-tm-gestion-inmobiliaria
31/12/2027,40.08 a 60.08 m2 total,Departamentos,1 a 3 dormitorios,19 unidades disponibles,Pisos 2 al 22,1 dorms.,44.39 m²,Modelo 4,Soles,"288,000",https://nexoinmobiliario.pe/proyecto/venta-de-departamento-3960-jardines-de-santa-beatriz-tercera-etapa-cercado-de-lima-lima-lima-tm-gestion-inmobiliaria
31/12/2027,40.08 a 60.08 m2 total,Departamentos,1 a 3 dormitorios,16 unidades disponibles,Pisos 2 al 22,2 dorms.,44.70 m²,Modelo 5,Soles,"316,900",https://nexoinmobiliario.pe/proyecto/venta-de-departamento-3960-jardines-de-santa-beatriz-tercera-etapa-cercado-de-lima-lima-lima-tm-gestion-inmobiliaria
31/12/2027,40.08 a 60.08 m2 total,Departamentos,1 a 3 dormitorios,20 unidades disponibles,Pisos 2 al 22,2 dorms.,44.80 m²,Modelo 6,Soles,"284,000",https://nexoinmobiliario.pe/proyecto/venta-de-departamento-3960-jardines-de-santa-beatriz-tercera-etapa-cercado-de-lima-lima-lima-tm-gestion-inmobiliaria
31/01/2028,64.11 a 77.12 m2 total,Departamentos,3 dormitorios,169 unidades disponibles,Pisos 1 al 23,3 dorms.,64.11 m²,Modelo 3 Dormitorios + Cocina,Soles,"332,900",https://nexoinmobiliario.pe/proyecto/venta-de-departamento-4073-alto-alborada-etapa-2-cercado-de-lima-lima-lima-imagina
31/01/2028,64.11 a 77.12 m2 total,Departamentos,3 dormitorios,37 unidades disponibles,Pisos 1 al 23,3 dorms.,73.18 m²,Modelo 3 Dormitorios + Cocina + Sala,Soles,"389,300",https://nexoinmobiliario.pe/proyecto/venta-de-departamento-4073-alto-alborada-etapa-2-cercado-de-lima-lima-lima-imagina
31/12/2027,58 a 115 m2 total,Departamentos,2 a 3 dormitorios,18 unidades disponibles,Pisos 4 al 21,2 dorms.,65.00 m²,Modelo X04,Soles,"347,300",https://nexoinmobiliario.pe/proyecto/venta-de-departamento-4078-living-residencia-club-cercado-de-lima-lima-lima-lider
31/12/2027,58 a 115 m2 total,Departamentos,2 a 3 dormitorios,13 unidades disponibles,Pisos 7 al 22,3 dorms.,77.00 m²,Modelo X05,Soles,"432,000",https://nexoinmobiliario.pe/proyecto/venta-de-departamento-4078-living-residencia-club-cercado-de-lima-lima-lima-lider
31/12/2027,58 a 115 m2 total,Departamentos,2 a 3 dormitorios,16 unidades disponibles,Pisos 5 al 22,2 dorms.,67.00 m²,Modelo X06,Soles,"377,300",https://nexoinmobiliario.pe/proyecto/venta-de-departamento-4078-living-residencia-club-cercado-de-lima-lima-lima-lider
31/12/2027,58 a 115 m2 total,Departamentos,2 a 3 dormitorios,15 unidades disponibles,Pisos 4 al 22,2 dorms.,67.00 m²,Modelo X07,Soles,"377,300",https://nexoinmobiliario.pe/proyecto/venta-de-departamento-4078-living-residencia-club-cercado-de-lima-lima-lima-lider
31/12/2027,58 a 115 m2 total,Departamentos,2 a 3 dormitorios,11 unidades disponibles,Pisos 5 al 22,3 dorms.,77.00 m²,Modelo X08,Soles,"427,000",https://nexoinmobiliario.pe/proyecto/venta-de-departamento-4078-living-residencia-club-cercado-de-lima-lima-lima-lider
31/12/2027,58 a 115 m2 total,Departamentos,2 a 3 dormitorios,16 unidades disponibles,Pisos 5 al 21,2 dorms.,65.00 m²,Modelo X09,Soles,"340,800",https://nexoinmobiliario.pe/proyecto/venta-de-departamento-4078-living-residencia-club-cercado-de-lima-lima-lima-lider
31/12/2027,40.18 a 100.74 m2 total,Departamentos,1 a 3 dormitorios,1 unidad disponible,Piso 2,3 dorms.,70.99 m²,Modelo 3-V,Soles,"640,487",https://nexoinmobiliario.pe/proyecto/venta-de-departamento-4087-qantua-fase-4-cercado-de-lima-lima-lima-grupo-lar
31/12/2027,40.18 a 100.74 m2 total,Departamentos,1 a 3 dormitorios,1 unidad disponible,Piso 1,3 dorms.,62.09 m²,Modelo 3-W,Soles,"547,910",https://nexoinmobiliario.pe/proyecto/venta-de-departamento-4087-qantua-fase-4-cercado-de-lima-lima-lima-grupo-lar
31/12/2027,40.18 a 100.74 m2 total,Departamentos,1 a 3 dormitorios,1 unidad disponible,Piso 6,3 dorms.,62.66 m²,Modelo 3-X,Soles,"556,113",https://nexoinmobiliario.pe/proyecto/venta-de-departamento-4087-qantua-fase-4-cercado-de-lima-lima-lima-grupo-lar
31/12/2027,40.18 a 100.74 m2 total,Departamentos,1 a 3 dormitorios,1 unidad disponible,Piso 6,3 dorms.,70.65 m²,Modelo 3-V.3,Soles,"642,545",https://nexoinmobiliario.pe/proyecto/venta-de-departamento-4087-qantua-fase-4-cercado-de-lima-lima-lima-grupo-lar
31/12/2027,40.18 a 100.74 m2 total,Departamentos,1 a 3 dormitorios,2 unidades disponibles,Piso 1,1 dorms.,47.44 m²,Modelo 1-R.2,Soles,"413,716",https://nexoinmobiliario.pe/proyecto/venta-de-departamento-4087-qantua-fase-4-cercado-de-lima-lima-lima-grupo-lar
31/12/2027,40.18 a 100.74 m2 total,Departamentos,1 a 3 dormitorios,2 unidades disponibles,Piso 1,1 dorms.,49.74 m²,Modelo 1-S.2,Soles,"421,567",https://nexoinmobiliario.pe/proyecto/venta-de-departamento-4087-qantua-fase-4-cercado-de-lima-lima-lima-grupo-lar
31/01/2028,39.69 a 108.09 m2 total,Departamentos,1 a 3 dormitorios,4 unidades disponibles,"Pisos 2, 5, 6, 7",1 dorms.,40.00 m²,Modelo X01,Soles,"262,500",https://nexoinmobiliario.pe/proyecto/venta-de-departamento-4101-plaza-bertello-cercado-de-lima-lima-lima-dkasa
31/01/2028,39.69 a 108.09 m2 total,Departamentos,1 a 3 dormitorios,7 unidades disponibles,Pisos 4 al 11,2 dorms.,57.08 m²,Modelo X02,Soles,"386,500",https://nexoinmobiliario.pe/proyecto/venta-de-departamento-4101-plaza-bertello-cercado-de-lima-lima-lima-dkasa
31/01/2028,39.69 a 108.09 m2 total,Departamentos,1 a 3 dormitorios,8 unidades disponibles,Pisos 2 al 11,3 dorms.,75.14 m²,Modelo X03,Soles,"503,500",https://nexoinmobiliario.pe/proyecto/venta-de-departamento-4101-plaza-bertello-cercado-de-lima-lima-lima-dkasa
31/01/2028,39.69 a 108.09 m2 total,Departamentos,1 a 3 dormitorios,6 unidades disponibles,Pisos 5 al 10,3 dorms.,69.58 m²,Modelo X04,Soles,"454,500",https://nexoinmobiliario.pe/proyecto/venta-de-departamento-4101-plaza-bertello-cercado-de-lima-lima-lima-dkasa
31/01/2028,39.69 a 108.09 m2 total,Departamentos,1 a 3 dormitorios,6 unidades disponibles,Pisos 2 al 7,2 dorms.,55.82 m²,Modelo X05,Soles,"366,500",https://nexoinmobiliario.pe/proyecto/venta-de-departamento-4101-plaza-bertello-cercado-de-lima-lima-lima-dkasa
31/01/2028,39.69 a 108.09 m2 total,Departamentos,1 a 3 dormitorios,4 unidades disponibles,"Pisos 8, 9, 10, 11",1 dorms.,39.69 m²,Modelo X01A,Soles,"268,500",https://nexoinmobiliario.pe/proyecto/venta-de-departamento-4101-plaza-bertello-cercado-de-lima-lima-lima-dkasa
31/12/2028,40 a 69.40 m2 total,Departamentos,1 a 3 dormitorios,1 unidad disponible,Piso 2,2 dorms.,58.50 m²,Modelo Tipo 201,Soles,"426,000",https://nexoinmobiliario.pe/proyecto/venta-de-departamento-4145-montero-rosas-1080-cercado-de-lima-lima-lima-v-v-grupo-inmobiliario
31/12/2028,40 a 69.40 m2 total,Departamentos,1 a 3 dormitorios,1 unidad disponible,Piso 2,2 dorms.,55.50 m²,Modelo Tipo 202,Soles,"431,000",https://nexoinmobiliario.pe/proyecto/venta-de-departamento-4145-montero-rosas-1080-cercado-de-lima-lima-lima-v-v-grupo-inmobiliario
31/12/2028,40 a 69.40 m2 total,Departamentos,1 a 3 dormitorios,1 unidad disponible,Piso 2,3 dorms.,64.40 m²,Modelo Tipo 204,Soles,"481,000",https://nexoinmobiliario.pe/proyecto/venta-de-departamento-4145-montero-rosas-1080-cercado-de-lima-lima-lima-v-v-grupo-inmobiliario
31/12/2028,40 a 69.40 m2 total,Departamentos,1 a 3 dormitorios,1 unidad disponible,Piso 2,3 dorms.,63.30 m²,Modelo Tipo 205,Soles,"461,000",https://nexoinmobiliario.pe/proyecto/venta-de-departamento-4145-montero-rosas-1080-cercado-de-lima-lima-lima-v-v-grupo-inmobiliario
31/12/2028,40 a 69.40 m2 total,Departamentos,1 a 3 dormitorios,1 unidad disponible,Piso 2,3 dorms.,69.40 m²,Modelo Tipo 206,Soles,"516,000",https://nexoinmobiliario.pe/proyecto/venta-de-departamento-4145-montero-rosas-1080-cercado-de-lima-lima-lima-v-v-grupo-inmobiliario
31/12/2028,40 a 69.40 m2 total,Departamentos,1 a 3 dormitorios,1 unidad disponible,Piso 2,2 dorms.,53.60 m²,Modelo Tipo 207,Soles,"414,000",https://nexoinmobiliario.pe/proyecto/venta-de-departamento-4145-montero-rosas-1080-cercado-de-lima-lima-lima-v-v-grupo-inmobiliario
30/06/2028,49.03 a 65.74 m2 total,Departamentos,1 a 3 dormitorios,2 unidades disponibles,Piso 1,1 dorms.,49.03 m²,Modelo 1D,Soles,"297,500",https://nexoinmobiliario.pe/proyecto/venta-de-departamento-4208-gran-central-colonial-2-etapa-2-cercado-de-lima-lima-lima-los-portales-departamentos
30/06/2028,49.03 a 65.74 m2 total,Departamentos,1 a 3 dormitorios,39 unidades disponibles,Pisos 2 al 23,2 dorms.,49.58 m²,Modelo 2D,Soles,"316,500",https://nexoinmobiliario.pe/proyecto/venta-de-departamento-4208-gran-central-colonial-2-etapa-2-cercado-de-lima-lima-lima-los-portales-departamentos
30/06/2028,49.03 a 65.74 m2 total,Departamentos,1 a 3 dormitorios,157 unidades disponibles,Pisos 2 al 23,3 dorms.,56.53 m²,Modelo 3D,Soles,"366,600",https://nexoinmobiliario.pe/proyecto/venta-de-departamento-4208-gran-central-colonial-2-etapa-2-cercado-de-lima-lima-lima-los-portales-departamentos
30/10/2027,35.08 a 65.50 m2 total,Departamentos,1 a 3 dormitorios,1 unidad disponible,Piso 2,3 dorms.,61.52 m²,Modelo CED-B-212,Soles,"363,368",https://nexoinmobiliario.pe/proyecto/venta-de-departamento-4225-cedro-33-bloque-b-cercado-de-lima-lima-lima-abril-grupo-inmobiliario
30/10/2027,35.08 a 65.50 m2 total,Departamentos,1 a 3 dormitorios,2 unidades disponibles,Pisos 2 y 3,2 dorms.,56.24 m²,Modelo CED-B-213-314,Soles,"321,801",https://nexoinmobiliario.pe/proyecto/venta-de-departamento-4225-cedro-33-bloque-b-cercado-de-lima-lima-lima-abril-grupo-inmobiliario
30/10/2027,35.08 a 65.50 m2 total,Departamentos,1 a 3 dormitorios,2 unidades disponibles,Pisos 2 y 3,1 dorms.,36.73 m²,Modelo CED-B-214-315,Soles,"211,861",https://nexoinmobiliario.pe/proyecto/venta-de-departamento-4225-cedro-33-bloque-b-cercado-de-lima-lima-lima-abril-grupo-inmobiliario
30/10/2027,35.08 a 65.50 m2 total,Departamentos,1 a 3 dormitorios,19 unidades disponibles,Pisos 2 al 20,1 dorms.,35.08 m²,Modelo CED-B-216-317AL2017,Soles,"191,013",https://nexoinmobiliario.pe/proyecto/venta-de-departamento-4225-cedro-33-bloque-b-cercado-de-lima-lima-lima-abril-grupo-inmobiliario
30/10/2027,35.08 a 65.50 m2 total,Departamentos,1 a 3 dormitorios,19 unidades disponibles,Pisos 2 al 20,2 dorms.,57.65 m²,Modelo CED-B-218-319AL2019,Soles,"303,267",https://nexoinmobiliario.pe/proyecto/venta-de-departamento-4225-cedro-33-bloque-b-cercado-de-lima-lima-lima-abril-grupo-inmobiliario
30/10/2027,35.08 a 65.50 m2 total,Departamentos,1 a 3 dormitorios,19 unidades disponibles,Pisos 2 al 20,2 dorms.,57.77 m²,Modelo CED-B-219-320AL2020,Soles,"303,898",https://nexoinmobiliario.pe/proyecto/venta-de-departamento-4225-cedro-33-bloque-b-cercado-de-lima-lima-lima-abril-grupo-inmobiliario
31/07/2029,41.68 a 122.85 m2 total,Departamentos,1 a 3 dormitorios,16 unidades disponibles,Pisos 2 al 17,2 dorms.,57.18 m²,Modelo X17,Soles,"392,000",https://nexoinmobiliario.pe/proyecto/venta-de-departamento-4299-lima-41-cercado-de-lima-lima-lima-tale-inmobiliaria
31/07/2029,41.68 a 122.85 m2 total,Departamentos,1 a 3 dormitorios,15 unidades disponibles,Pisos 2 al 16,2 dorms.,61.60 m²,Modelo X18,Soles,"417,000",https://nexoinmobiliario.pe/proyecto/venta-de-departamento-4299-lima-41-cercado-de-lima-lima-lima-tale-inmobiliaria
31/07/2029,41.68 a 122.85 m2 total,Departamentos,1 a 3 dormitorios,15 unidades disponibles,Pisos 2 al 16,2 dorms.,56.96 m²,Modelo X19,Soles,"396,000",https://nexoinmobiliario.pe/proyecto/venta-de-departamento-4299-lima-41-cercado-de-lima-lima-lima-tale-inmobiliaria
31/07/2029,41.68 a 122.85 m2 total,Departamentos,1 a 3 dormitorios,15 unidades disponibles,Pisos 2 al 16,1 dorms.,41.68 m²,Modelo X20,Soles,"294,000",https://nexoinmobiliario.pe/proyecto/venta-de-departamento-4299-lima-41-cercado-de-lima-lima-lima-tale-inmobiliaria
31/07/2029,41.68 a 122.85 m2 total,Departamentos,1 a 3 dormitorios,1 unidad disponible,Piso 1,3 dorms.,88.17 m²,Modelo SS01,Soles,"599,000",https://nexoinmobiliario.pe/proyecto/venta-de-departamento-4299-lima-41-cercado-de-lima-lima-lima-tale-inmobiliaria
31/07/2029,41.68 a 122.85 m2 total,Departamentos,1 a 3 dormitorios,1 unidad disponible,Piso 1,2 dorms.,73.10 m²,Modelo SS02,Soles,"515,000",https://nexoinmobiliario.pe/proyecto/venta-de-departamento-4299-lima-41-cercado-de-lima-lima-lima-tale-inmobiliaria
31/05/2028,40 a 74.30 m2 total,Departamentos,1 a 2 dormitorios,1 unidad disponible,Piso 1,2 dorms.,55.10 m²,Modelo A1a,Soles,"354,620",https://nexoinmobiliario.pe/proyecto/venta-de-departamento-4302-visora-cercado-de-lima-lima-lima-grupo-mg
31/05/2028,40 a 74.30 m2 total,Departamentos,1 a 2 dormitorios,1 unidad disponible,Piso 2,1 dorms.,56.41 m²,Modelo A1b,Soles,"362,742",https://nexoinmobiliario.pe/proyecto/venta-de-departamento-4302-visora-cercado-de-lima-lima-lima-grupo-mg
31/05/2028,40 a 74.30 m2 total,Departamentos,1 a 2 dormitorios,13 unidades disponibles,Pisos 3 al 15,1 dorms.,48.80 m²,Modelo A1,Soles,"300,920",https://nexoinmobiliario.pe/proyecto/venta-de-departamento-4302-visora-cercado-de-lima-lima-lima-grupo-mg
31/05/2028,40 a 74.30 m2 total,Departamentos,1 a 2 dormitorios,7 unidades disponibles,Pisos 16 al 22,1 dorms.,48.26 m²,Modelo A1c,Soles,"292,908",https://nexoinmobiliario.pe/proyecto/venta-de-departamento-4302-visora-cercado-de-lima-lima-lima-grupo-mg
31/05/2028,40 a 74.30 m2 total,Departamentos,1 a 2 dormitorios,1 unidad disponible,Piso 1,2 dorms.,71.45 m²,Modelo A2b,Soles,"401,265",https://nexoinmobiliario.pe/proyecto/venta-de-departamento-4302-visora-cercado-de-lima-lima-lima-grupo-mg
31/05/2028,40 a 74.30 m2 total,Departamentos,1 a 2 dormitorios,1 unidad disponible,Piso 2,1 dorms.,49.72 m²,Modelo A2a,Soles,"321,264",https://nexoinmobiliario.pe/proyecto/venta-de-departamento-4302-visora-cercado-de-lima-lima-lima-grupo-mg
31/07/2026,130.61 a 134.46 m2 total,Departamentos,3 a 4 dormitorios,1 unidad disponible,Piso 4,4 dorms.,134.46 m²,Modelo 1001,Soles,"755,000",https://nexoinmobiliario.pe/proyecto/venta-de-departamento-3577-residencial-salamanca-de-monterrico-19-ate-lima-lima-eficaxx-grupo-inmobiliario
31/07/2026,130.61 a 134.46 m2 total,Departamentos,3 a 4 dormitorios,1 unidad disponible,Piso 3,3 dorms.,130.61 m²,Modelo 1002,Soles,"745,500",https://nexoinmobiliario.pe/proyecto/venta-de-departamento-3577-residencial-salamanca-de-monterrico-19-ate-lima-lima-eficaxx-grupo-inmobiliario
30/11/2026,68.74 a 118 m2 total,Departamentos,1 a 2 dormitorios,1 unidad disponible,Piso 1,1 dorms.,68.74 m²,Modelo TIPO A,Soles,"460,000",https://nexoinmobiliario.pe/proyecto/venta-de-departamento-3751-los-algarrobos-de-salamanca-ate-lima-lima-in-urban
28/02/2027,98.75 a 106.79 m2 total,Departamentos,3 dormitorios,1 unidad disponible,Piso 8,3 dorms.,106.79 m²,Modelo E,Soles,"647,500",https://nexoinmobiliario.pe/proyecto/venta-de-departamento-3858-residencial-los-saucos-recaudadores-32-ate-lima-lima-in-urban
28/02/2027,98.75 a 106.79 m2 total,Departamentos,3 dormitorios,1 unidad disponible,Piso 8,3 dorms.,98.75 m²,Modelo G,Soles,"626,500",https://nexoinmobiliario.pe/proyecto/venta-de-departamento-3858-residencial-los-saucos-recaudadores-32-ate-lima-lima-in-urban
30/09/2027,50.48 a 65.46 m2 total,Departamentos,2 a 3 dormitorios,5 unidades disponibles,"Pisos 2, 4, 10, 11, 12",3 dorms.,64.27 m²,Modelo X01,Soles,"256,139",https://nexoinmobiliario.pe/proyecto/venta-de-departamento-4097-condominio-villa-nova-santa-clara-ate-ate-lima-lima-grupo-caral
30/09/2027,50.48 a 65.46 m2 total,Departamentos,2 a 3 dormitorios,4 unidades disponibles,"Pisos 8, 9, 10, 11",3 dorms.,65.36 m²,Modelo X02,Soles,"261,003",https://nexoinmobiliario.pe/proyecto/venta-de-departamento-4097-condominio-villa-nova-santa-clara-ate-ate-lima-lima-grupo-caral
30/09/2027,50.48 a 65.46 m2 total,Departamentos,2 a 3 dormitorios,10 unidades disponibles,Pisos 3 al 14,3 dorms.,65.15 m²,Modelo X03,Soles,"256,565",https://nexoinmobiliario.pe/proyecto/venta-de-departamento-4097-condominio-villa-nova-santa-clara-ate-ate-lima-lima-grupo-caral
30/09/2027,50.48 a 65.46 m2 total,Departamentos,2 a 3 dormitorios,12 unidades disponibles,Pisos 2 al 13,3 dorms.,65.15 m²,Modelo X04,Soles,"257,593",https://nexoinmobiliario.pe/proyecto/venta-de-departamento-4097-condominio-villa-nova-santa-clara-ate-ate-lima-lima-grupo-caral
30/09/2027,50.48 a 65.46 m2 total,Departamentos,2 a 3 dormitorios,9 unidades disponibles,Pisos 2 al 12,3 dorms.,65.36 m²,Modelo X05,Soles,"258,255",https://nexoinmobiliario.pe/proyecto/venta-de-departamento-4097-condominio-villa-nova-santa-clara-ate-ate-lima-lima-grupo-caral
30/09/2027,50.48 a 65.46 m2 total,Departamentos,2 a 3 dormitorios,11 unidades disponibles,Pisos 3 al 14,3 dorms.,65.26 m²,Modelo X06,Soles,"256,490",https://nexoinmobiliario.pe/proyecto/venta-de-departamento-4097-condominio-villa-nova-santa-clara-ate-ate-lima-lima-grupo-caral
31/12/2027,47.85 a 127.45 m2 total,Departamentos,1 a 3 dormitorios,1 unidad disponible,Piso 1,1 dorms.,59.99 m²,Modelo A,Soles,"370,700",https://nexoinmobiliario.pe/proyecto/venta-de-departamento-4203-residencial-los-algarrobos-ii-ate-lima-lima-in-urban
31/12/2027,47.85 a 127.45 m2 total,Departamentos,1 a 3 dormitorios,1 unidad disponible,Piso 1,1 dorms.,73.60 m²,Modelo B,Soles,"430,500",https://nexoinmobiliario.pe/proyecto/venta-de-departamento-4203-residencial-los-algarrobos-ii-ate-lima-lima-in-urban
31/12/2027,47.85 a 127.45 m2 total,Departamentos,1 a 3 dormitorios,1 unidad disponible,Piso 1,2 dorms.,76.96 m²,Modelo C,Soles,"456,500",https://nexoinmobiliario.pe/proyecto/venta-de-departamento-4203-residencial-los-algarrobos-ii-ate-lima-lima-in-urban
31/12/2027,47.85 a 127.45 m2 total,Departamentos,1 a 3 dormitorios,5 unidades disponibles,"Pisos 3, 4, 6, 7, 8",3 dorms.,67.49 m²,Modelo D,Soles,"451,600",https://nexoinmobiliario.pe/proyecto/venta-de-departamento-4203-residencial-los-algarrobos-ii-ate-lima-lima-in-urban
31/12/2027,47.85 a 127.45 m2 total,Departamentos,1 a 3 dormitorios,3 unidades disponibles,"Pisos 4, 5, 7",3 dorms.,69.98 m²,Modelo E,Soles,"468,300",https://nexoinmobiliario.pe/proyecto/venta-de-departamento-4203-residencial-los-algarrobos-ii-ate-lima-lima-in-urban
31/12/2027,47.85 a 127.45 m2 total,Departamentos,1 a 3 dormitorios,1 unidad disponible,Piso 7,2 dorms.,47.85 m²,Modelo F,Soles,"320,200",https://nexoinmobiliario.pe/proyecto/venta-de-departamento-4203-residencial-los-algarrobos-ii-ate-lima-lima-in-urban
28/02/2027,41.75 a 82.96 m2 total,Departamentos,1 a 3 dormitorios,9 unidades disponibles,Pisos 4 al 22,3 dorms.,82.96 m²,Modelo TIPO 3,Soles,"664,806",https://nexoinmobiliario.pe/proyecto/venta-de-departamento-1631-aspiria-barranco-lima-lima-grupo-t-c
28/02/2027,41.75 a 82.96 m2 total,Departamentos,1 a 3 dormitorios,2 unidades disponibles,Pisos 2 y 3,1 dorms.,41.77 m²,Modelo TIPO 6,Soles,"364,088",https://nexoinmobiliario.pe/proyecto/venta-de-departamento-1631-aspiria-barranco-lima-lima-grupo-t-c
28/02/2027,41.75 a 82.96 m2 total,Departamentos,1 a 3 dormitorios,1 unidad disponible,Piso 3,1 dorms.,41.75 m²,Modelo TIPO 7,Soles,"363,906",https://nexoinmobiliario.pe/proyecto/venta-de-departamento-1631-aspiria-barranco-lima-lima-grupo-t-c
28/02/2027,41.75 a 82.96 m2 total,Departamentos,1 a 3 dormitorios,3 unidades disponibles,"Pisos 2, 3, 4",1 dorms.,42.12 m²,Modelo TIPO 10,Soles,"366,500",https://nexoinmobiliario.pe/proyecto/venta-de-departamento-1631-aspiria-barranco-lima-lima-grupo-t-c
28/02/2027,41.75 a 82.96 m2 total,Departamentos,1 a 3 dormitorios,1 unidad disponible,Piso 14,2 dorms.,58.79 m²,Modelo TIPO 1,Soles,"520,518",https://nexoinmobiliario.pe/proyecto/venta-de-departamento-1631-aspiria-barranco-lima-lima-grupo-t-c
Entrega inmediata,72.83 a 95.37 m2 total,Departamentos,2 dormitorios,2 unidades disponibles,Pisos 2 y 3,2 dorms.,74.30 m²,Modelo 3,Soles,"614,610",https://nexoinmobiliario.pe/proyecto/venta-de-departamento-2430-patria-barranco-lima-lima-invent-inmobiliaria
Entrega inmediata,72.83 a 95.37 m2 total,Departamentos,2 dormitorios,1 unidad disponible,Piso 3,2 dorms.,72.83 m²,Modelo 2,Soles,"602,550",https://nexoinmobiliario.pe/proyecto/venta-de-departamento-2430-patria-barranco-lima-lima-invent-inmobiliaria
Entrega inmediata,72.83 a 95.37 m2 total,Departamentos,2 dormitorios,1 unidad disponible,Piso 1,2 dorms.,95.37 m²,Modelo 6-I,Soles,"728,735",https://nexoinmobiliario.pe/proyecto/venta-de-departamento-2430-patria-barranco-lima-lima-invent-inmobiliaria
31/10/2026,46.55 a 136.72 m2 total,Departamentos,1 a 3 dormitorios,1 unidad disponible,Piso,2 dorms.,89.03 m²,Modelo SX01,Soles,"665,767",https://nexoinmobiliario.pe/proyecto/venta-de-departamento-3360-horne-barranco-lima-lima-calicanto
31/10/2026,46.55 a 136.72 m2 total,Departamentos,1 a 3 dormitorios,1 unidad disponible,Piso,1 dorms.,46.55 m²,Modelo SX02,Soles,"390,592",https://nexoinmobiliario.pe/proyecto/venta-de-departamento-3360-horne-barranco-lima-lima-calicanto
31/10/2026,46.55 a 136.72 m2 total,Departamentos,1 a 3 dormitorios,1 unidad disponible,Piso,2 dorms.,85.07 m²,Modelo SX03,Soles,"610,311",https://nexoinmobiliario.pe/proyecto/venta-de-departamento-3360-horne-barranco-lima-lima-calicanto
31/10/2026,46.55 a 136.72 m2 total,Departamentos,1 a 3 dormitorios,1 unidad disponible,Piso,2 dorms.,85.63 m²,Modelo SX05,Soles,"610,311",https://nexoinmobiliario.pe/proyecto/venta-de-departamento-3360-horne-barranco-lima-lima-calicanto
31/10/2026,46.55 a 136.72 m2 total,Departamentos,1 a 3 dormitorios,1 unidad disponible,Piso,1 dorms.,48.75 m²,Modelo SX06,Soles,"398,196",https://nexoinmobiliario.pe/proyecto/venta-de-departamento-3360-horne-barranco-lima-lima-calicanto
31/10/2026,46.55 a 136.72 m2 total,Departamentos,1 a 3 dormitorios,2 unidades disponibles,Pisos 1 y 3,2 dorms.,62.05 m²,Modelo X06,Soles,"518,171",https://nexoinmobiliario.pe/proyecto/venta-de-departamento-3360-horne-barranco-lima-lima-calicanto
30/09/2027,40 a 60.05 m2 total,Departamentos,1 a 2 dormitorios,5 unidades disponibles,"Pisos 7, 8, 9, 10, 11",2 dorms.,56.14 m²,Modelo 2,Soles,"598,240",https://nexoinmobiliario.pe/proyecto/venta-de-departamento-3530-preston-barranco-lima-lima-franca-inmobiliaria
30/09/2027,40 a 60.05 m2 total,Departamentos,1 a 2 dormitorios,3 unidades disponibles,"Pisos 17, 18, 19",2 dorms.,60.05 m²,Modelo 3,Soles,"693,100",https://nexoinmobiliario.pe/proyecto/venta-de-departamento-3530-preston-barranco-lima-lima-franca-inmobiliaria
30/09/2027,40 a 60.05 m2 total,Departamentos,1 a 2 dormitorios,2 unidades disponibles,Pisos 10 y 16,1 dorms.,40.20 m²,Modelo 4,Soles,"443,200",https://nexoinmobiliario.pe/proyecto/venta-de-departamento-3530-preston-barranco-lima-lima-franca-inmobiliaria
30/09/2027,40 a 60.05 m2 total,Departamentos,1 a 2 dormitorios,2 unidades disponibles,Pisos 10 y 11,1 dorms.,40.00 m²,Modelo 5,Soles,"443,200",https://nexoinmobiliario.pe/proyecto/venta-de-departamento-3530-preston-barranco-lima-lima-franca-inmobiliaria
30/06/2027,40 a 121 m2 total,Departamentos,1 a 3 dormitorios,9 unidades disponibles,Pisos 10 al 18,2 dorms.,61.00 m²,Modelo 1,Soles,"432,700",https://nexoinmobiliario.pe/proyecto/venta-de-departamento-3623-vibrant-barranco-lima-lima-vibrant
30/06/2027,40 a 121 m2 total,Departamentos,1 a 3 dormitorios,2 unidades disponibles,Pisos 4 y 6,1 dorms.,43.00 m²,Modelo 2,Soles,"360,600",https://nexoinmobiliario.pe/proyecto/venta-de-departamento-3623-vibrant-barranco-lima-lima-vibrant
30/06/2027,40 a 121 m2 total,Departamentos,1 a 3 dormitorios,8 unidades disponibles,Pisos 8 al 18,2 dorms.,60.00 m²,Modelo 3,Soles,"424,200",https://nexoinmobiliario.pe/proyecto/venta-de-departamento-3623-vibrant-barranco-lima-lima-vibrant
30/06/2027,40 a 121 m2 total,Departamentos,1 a 3 dormitorios,3 unidades disponibles,"Pisos 3, 15, 16",2 dorms.,62.00 m²,Modelo 4,Soles,"485,300",https://nexoinmobiliario.pe/proyecto/venta-de-departamento-3623-vibrant-barranco-lima-lima-vibrant
30/06/2027,40 a 121 m2 total,Departamentos,1 a 3 dormitorios,4 unidades disponibles,"Pisos 13, 15, 18, 19",3 dorms.,68.00 m²,Modelo 5,Soles,"532,800",https://nexoinmobiliario.pe/proyecto/venta-de-departamento-3623-vibrant-barranco-lima-lima-vibrant
30/06/2027,40 a 121 m2 total,Departamentos,1 a 3 dormitorios,3 unidades disponibles,"Pisos 3, 9, 10",1 dorms.,40.00 m²,Modelo 6,Soles,"330,500",https://nexoinmobiliario.pe/proyecto/venta-de-departamento-3623-vibrant-barranco-lima-lima-vibrant
30/09/2027,40 a 106.73 m2 total,Departamentos,1 a 3 dormitorios,11 unidades disponibles,Pisos 12 al 22,1 dorms.,40.07 m²,Modelo Tipo 11,Soles,"401,059",https://nexoinmobiliario.pe/proyecto/venta-de-departamento-3809-grau-10-barranco-lima-lima-edifica
30/09/2027,40 a 106.73 m2 total,Departamentos,1 a 3 dormitorios,12 unidades disponibles,Pisos 10 al 21,1 dorms.,40.00 m²,Modelo Tipo 13,Soles,"402,695",https://nexoinmobiliario.pe/proyecto/venta-de-departamento-3809-grau-10-barranco-lima-lima-edifica
30/09/2027,40 a 106.73 m2 total,Departamentos,1 a 3 dormitorios,11 unidades disponibles,Pisos 10 al 21,1 dorms.,40.47 m²,Modelo Tipo 12,Soles,"406,465",https://nexoinmobiliario.pe/proyecto/venta-de-departamento-3809-grau-10-barranco-lima-lima-edifica
30/09/2027,40 a 106.73 m2 total,Departamentos,1 a 3 dormitorios,9 unidades disponibles,Pisos 6 al 21,1 dorms.,40.29 m²,Modelo Tipo 15,Soles,"410,072",https://nexoinmobiliario.pe/proyecto/venta-de-departamento-3809-grau-10-barranco-lima-lima-edifica
30/09/2027,40 a 106.73 m2 total,Departamentos,1 a 3 dormitorios,15 unidades disponibles,Pisos 7 al 22,1 dorms.,40.59 m²,Modelo Tipo 10,Soles,"411,224",https://nexoinmobiliario.pe/proyecto/venta-de-departamento-3809-grau-10-barranco-lima-lima-edifica
30/09/2027,40 a 106.73 m2 total,Departamentos,1 a 3 dormitorios,11 unidades disponibles,Pisos 4 al 22,1 dorms.,40.69 m²,Modelo Tipo 9,Soles,"411,389",https://nexoinmobiliario.pe/proyecto/venta-de-departamento-3809-grau-10-barranco-lima-lima-edifica
01/11/2027,40.50 a 132 m2 total,Departamentos,1 a 2 dormitorios,1 unidad disponible,Piso 1,1 dorms.,59.00 m²,Modelo TIPOLOGIA 1,Soles,"552,000",https://nexoinmobiliario.pe/proyecto/venta-de-departamento-3908-roots-barranco-lima-lima-verdant-inmobiliaria
01/11/2027,40.50 a 132 m2 total,Departamentos,1 a 2 dormitorios,1 unidad disponible,Piso 1,1 dorms.,43.00 m²,Modelo TIPOLOGIA 6-A,Soles,"415,000",https://nexoinmobiliario.pe/proyecto/venta-de-departamento-3908-roots-barranco-lima-lima-verdant-inmobiliaria
01/11/2027,40.50 a 132 m2 total,Departamentos,1 a 2 dormitorios,1 unidad disponible,Piso 1,1 dorms.,44.00 m²,Modelo TIPOLOGIA 7-A,Soles,"386,000",https://nexoinmobiliario.pe/proyecto/venta-de-departamento-3908-roots-barranco-lima-lima-verdant-inmobiliaria
01/11/2027,40.50 a 132 m2 total,Departamentos,1 a 2 dormitorios,6 unidades disponibles,Pisos 3 al 8,1 dorms.,44.10 m²,Modelo TIPOLOGIA 8,Soles,"399,000",https://nexoinmobiliario.pe/proyecto/venta-de-departamento-3908-roots-barranco-lima-lima-verdant-inmobiliaria
01/11/2027,40.50 a 132 m2 total,Departamentos,1 a 2 dormitorios,7 unidades disponibles,Pisos 3 al 10,1 dorms.,42.80 m²,Modelo TIPOLOGIA 6,Soles,"419,000",https://nexoinmobiliario.pe/proyecto/venta-de-departamento-3908-roots-barranco-lima-lima-verdant-inmobiliaria
01/11/2027,40.50 a 132 m2 total,Departamentos,1 a 2 dormitorios,2 unidades disponibles,Pisos 7 y 9,1 dorms.,40.50 m²,Modelo TIPOLOGIA 7,Soles,"394,000",https://nexoinmobiliario.pe/proyecto/venta-de-departamento-3908-roots-barranco-lima-lima-verdant-inmobiliaria
31/07/2027,38.43 a 98.83 m2 total,Departamentos,1 a 2 dormitorios,11 unidades disponibles,Pisos 1 al 13,1 dorms.,57.19 m²,Modelo AX01,Soles,"516,200",https://nexoinmobiliario.pe/proyecto/venta-de-departamento-3934-atreo-apartments-barranco-lima-lima-lider
31/07/2027,38.43 a 98.83 m2 total,Departamentos,1 a 2 dormitorios,9 unidades disponibles,Pisos 1 al 13,1 dorms.,55.03 m²,Modelo AX03,Soles,"522,700",https://nexoinmobiliario.pe/proyecto/venta-de-departamento-3934-atreo-apartments-barranco-lima-lima-lider
31/07/2027,38.43 a 98.83 m2 total,Departamentos,1 a 2 dormitorios,8 unidades disponibles,Pisos 2 al 12,1 dorms.,56.08 m²,Modelo BX08,Soles,"511,000",https://nexoinmobiliario.pe/proyecto/venta-de-departamento-3934-atreo-apartments-barranco-lima-lima-lider
31/07/2027,38.43 a 98.83 m2 total,Departamentos,1 a 2 dormitorios,4 unidades disponibles,"Pisos 8, 9, 10, 11",1 dorms.,49.81 m²,Modelo BX04,Soles,"482,300",https://nexoinmobiliario.pe/proyecto/venta-de-departamento-3934-atreo-apartments-barranco-lima-lima-lider
31/07/2027,38.43 a 98.83 m2 total,Departamentos,1 a 2 dormitorios,3 unidades disponibles,"Pisos 9, 11, 12",1 dorms.,53.70 m²,Modelo BX09,Soles,"563,300",https://nexoinmobiliario.pe/proyecto/venta-de-departamento-3934-atreo-apartments-barranco-lima-lima-lider
31/07/2027,38.43 a 98.83 m2 total,Departamentos,1 a 2 dormitorios,8 unidades disponibles,Pisos 1 al 13,1 dorms.,39.90 m²,Modelo BX02,Soles,"428,700",https://nexoinmobiliario.pe/proyecto/venta-de-departamento-3934-atreo-apartments-barranco-lima-lima-lider
31/12/2027,40 a 119.34 m2 total,Departamentos,1 a 3 dormitorios,6 unidades disponibles,Pisos 3 al 13,1 dorms.,40.53 m²,Modelo Tipo A1,Soles,"499,431",https://nexoinmobiliario.pe/proyecto/venta-de-departamento-3946-the-muse-barranco-lima-lima-edifica
31/12/2027,40 a 119.34 m2 total,Departamentos,1 a 3 dormitorios,11 unidades disponibles,Pisos 3 al 17,1 dorms.,40.19 m²,Modelo Tipo A2,Soles,"473,205",https://nexoinmobiliario.pe/proyecto/venta-de-departamento-3946-the-muse-barranco-lima-lima-edifica
31/12/2027,40 a 119.34 m2 total,Departamentos,1 a 3 dormitorios,8 unidades disponibles,Pisos 15 al 22,1 dorms.,42.93 m²,Modelo Tipo B1,Soles,"434,043",https://nexoinmobiliario.pe/proyecto/venta-de-departamento-3946-the-muse-barranco-lima-lima-edifica
31/12/2027,40 a 119.34 m2 total,Departamentos,1 a 3 dormitorios,14 unidades disponibles,Pisos 7 al 22,1 dorms.,40.79 m²,Modelo Tipo B2,Soles,"432,703",https://nexoinmobiliario.pe/proyecto/venta-de-departamento-3946-the-muse-barranco-lima-lima-edifica
31/12/2027,40 a 119.34 m2 total,Departamentos,1 a 3 dormitorios,1 unidad disponible,Piso 2,1 dorms.,50.01 m²,Modelo Tipo B2 T,Soles,"464,361",https://nexoinmobiliario.pe/proyecto/venta-de-departamento-3946-the-muse-barranco-lima-lima-edifica
31/12/2027,40 a 119.34 m2 total,Departamentos,1 a 3 dormitorios,3 unidades disponibles,"Pisos 3, 4, 5",1 dorms.,40.27 m²,Modelo Tipo B3 X,Soles,"430,304",https://nexoinmobiliario.pe/proyecto/venta-de-departamento-3946-the-muse-barranco-lima-lima-edifica
30/07/2028,43.56 a 89.67 m2 total,Departamentos,1 a 3 dormitorios,1 unidad disponible,Piso 6,3 dorms.,68.02 m²,Modelo BLOQUE A - 612,Soles,"485,280",https://nexoinmobiliario.pe/proyecto/venta-de-departamento-3952-residencial-panama-280-barranco-lima-lima-icasa-inmobiliaria
30/07/2028,43.56 a 89.67 m2 total,Departamentos,1 a 3 dormitorios,1 unidad disponible,Piso 7,3 dorms.,68.26 m²,Modelo BLOQUE A - 704,Soles,"486,964",https://nexoinmobiliario.pe/proyecto/venta-de-departamento-3952-residencial-panama-280-barranco-lima-lima-icasa-inmobiliaria
30/07/2028,43.56 a 89.67 m2 total,Departamentos,1 a 3 dormitorios,1 unidad disponible,Piso 7,3 dorms.,77.10 m²,Modelo BLOQUE A - 708,Soles,"603,699",https://nexoinmobiliario.pe/proyecto/venta-de-departamento-3952-residencial-panama-280-barranco-lima-lima-icasa-inmobiliaria
30/07/2028,43.56 a 89.67 m2 total,Departamentos,1 a 3 dormitorios,1 unidad disponible,Piso 7,3 dorms.,68.02 m²,Modelo BLOQUE A - 712,Soles,"485,280",https://nexoinmobiliario.pe/proyecto/venta-de-departamento-3952-residencial-panama-280-barranco-lima-lima-icasa-inmobiliaria
30/07/2028,43.56 a 89.67 m2 total,Departamentos,1 a 3 dormitorios,1 unidad disponible,Piso 7,1 dorms.,44.60 m²,Modelo BLOQUE A - 713,Soles,"335,012",https://nexoinmobiliario.pe/proyecto/venta-de-departamento-3952-residencial-panama-280-barranco-lima-lima-icasa-inmobiliaria
30/07/2028,43.56 a 89.67 m2 total,Departamentos,1 a 3 dormitorios,1 unidad disponible,Piso 7,1 dorms.,43.56 m²,Modelo BLOQUE A - 714,Soles,"327,387",https://nexoinmobiliario.pe/proyecto/venta-de-departamento-3952-residencial-panama-280-barranco-lima-lima-icasa-inmobiliaria
31/12/2027,40 a 58.71 m2 total,Departamentos,1 a 2 dormitorios,9 unidades disponibles,Pisos 3 al 11,2 dorms.,58.71 m²,Modelo Tipo A-03,Soles,"462,194",https://nexoinmobiliario.pe/proyecto/venta-de-departamento-4011-indigo-barranco-lima-lima-maas-inmobiliaria
31/12/2027,40 a 58.71 m2 total,Departamentos,1 a 2 dormitorios,5 unidades disponibles,"Pisos 5, 7, 8, 9, 10",1 dorms.,42.10 m²,Modelo Tipo A-04,Soles,"339,718",https://nexoinmobiliario.pe/proyecto/venta-de-departamento-4011-indigo-barranco-lima-lima-maas-inmobiliaria
31/12/2027,40 a 58.71 m2 total,Departamentos,1 a 2 dormitorios,8 unidades disponibles,Pisos 2 al 11,1 dorms.,40.00 m²,Modelo Tipo B-01,Soles,"314,900",https://nexoinmobiliario.pe/proyecto/venta-de-departamento-4011-indigo-barranco-lima-lima-maas-inmobiliaria
31/12/2027,40 a 58.71 m2 total,Departamentos,1 a 2 dormitorios,7 unidades disponibles,Pisos 3 al 11,1 dorms.,40.00 m²,Modelo Tipo B-02,Soles,"299,000",https://nexoinmobiliario.pe/proyecto/venta-de-departamento-4011-indigo-barranco-lima-lima-maas-inmobiliaria
31/12/2027,40 a 58.71 m2 total,Departamentos,1 a 2 dormitorios,7 unidades disponibles,Pisos 3 al 11,1 dorms.,40.00 m²,Modelo Tipo B-03,Soles,"314,900",https://nexoinmobiliario.pe/proyecto/venta-de-departamento-4011-indigo-barranco-lima-lima-maas-inmobiliaria
31/12/2027,40 a 58.71 m2 total,Departamentos,1 a 2 dormitorios,9 unidades disponibles,Pisos 3 al 11,1 dorms.,40.00 m²,Modelo Tipo B-04,Soles,"314,900",https://nexoinmobiliario.pe/proyecto/venta-de-departamento-4011-indigo-barranco-lima-lima-maas-inmobiliaria
01/12/2028,41.84 a 60.37 m2 total,Departamentos,1 a 2 dormitorios,1 unidad disponible,Piso 1,2 dorms.,58.35 m²,Modelo 101,Soles,"530,919",https://nexoinmobiliario.pe/proyecto/venta-de-departamento-4057-bustamante-175-barranco-lima-lima-morada
01/12/2028,41.84 a 60.37 m2 total,Departamentos,1 a 2 dormitorios,1 unidad disponible,Piso 1,2 dorms.,56.18 m²,Modelo 102,Soles,"538,049",https://nexoinmobiliario.pe/proyecto/venta-de-departamento-4057-bustamante-175-barranco-lima-lima-morada
01/12/2028,41.84 a 60.37 m2 total,Departamentos,1 a 2 dormitorios,1 unidad disponible,Piso 1,1 dorms.,41.84 m²,Modelo 105,Soles,"372,079",https://nexoinmobiliario.pe/proyecto/venta-de-departamento-4057-bustamante-175-barranco-lima-lima-morada
01/12/2028,41.84 a 60.37 m2 total,Departamentos,1 a 2 dormitorios,1 unidad disponible,Piso 1,2 dorms.,60.37 m²,Modelo 106,Soles,"567,580",https://nexoinmobiliario.pe/proyecto/venta-de-departamento-4057-bustamante-175-barranco-lima-lima-morada
01/12/2028,41.84 a 60.37 m2 total,Departamentos,1 a 2 dormitorios,1 unidad disponible,Piso 1,1 dorms.,43.12 m²,Modelo 107,Soles,"384,617",https://nexoinmobiliario.pe/proyecto/venta-de-departamento-4057-bustamante-175-barranco-lima-lima-morada
01/12/2028,41.84 a 60.37 m2 total,Departamentos,1 a 2 dormitorios,1 unidad disponible,Piso 1,1 dorms.,42.87 m²,Modelo 108,Soles,"389,978",https://nexoinmobiliario.pe/proyecto/venta-de-departamento-4057-bustamante-175-barranco-lima-lima-morada
30/06/2028,40.34 a 105.98 m2 total,Departamentos,1 a 2 dormitorios,1 unidad disponible,Piso 1,2 dorms.,105.98 m²,Modelo 101,Soles,"831,579",https://nexoinmobiliario.pe/proyecto/venta-de-departamento-4113-the-beat-barranco-lima-lima-franca-inmobiliaria
30/06/2028,40.34 a 105.98 m2 total,Departamentos,1 a 2 dormitorios,13 unidades disponibles,Pisos 5 al 21,1 dorms.,40.34 m²,Modelo 1,Soles,"465,789",https://nexoinmobiliario.pe/proyecto/venta-de-departamento-4113-the-beat-barranco-lima-lima-franca-inmobiliaria
30/06/2028,40.34 a 105.98 m2 total,Departamentos,1 a 2 dormitorios,10 unidades disponibles,Pisos 4 al 16,1 dorms.,41.51 m²,Modelo 3,Soles,"380,000",https://nexoinmobiliario.pe/proyecto/venta-de-departamento-4113-the-beat-barranco-lima-lima-franca-inmobiliaria
30/06/2028,40.34 a 105.98 m2 total,Departamentos,1 a 2 dormitorios,7 unidades disponibles,Pisos 4 al 17,2 dorms.,61.63 m²,Modelo 4,Soles,"589,474",https://nexoinmobiliario.pe/proyecto/venta-de-departamento-4113-the-beat-barranco-lima-lima-franca-inmobiliaria
30/06/2028,40.34 a 105.98 m2 total,Departamentos,1 a 2 dormitorios,10 unidades disponibles,Pisos 5 al 17,2 dorms.,59.31 m²,Modelo 2,Soles,"520,500",https://nexoinmobiliario.pe/proyecto/venta-de-departamento-4113-the-beat-barranco-lima-lima-franca-inmobiliaria
30/06/2028,40.34 a 105.98 m2 total,Departamentos,1 a 2 dormitorios,5 unidades disponibles,"Pisos 18, 19, 20, 21, 22",2 dorms.,59.58 m²,Modelo 2B,Soles,"647,368",https://nexoinmobiliario.pe/proyecto/venta-de-departamento-4113-the-beat-barranco-lima-lima-franca-inmobiliaria
28/02/2028,40.10 a 90.67 m2 total,Departamentos,1 a 2 dormitorios,2 unidades disponibles,Pisos 21 y 22,2 dorms.,48.53 m²,Modelo TIPO 5D,Soles,"374,530",https://nexoinmobiliario.pe/proyecto/venta-de-departamento-4128-urban-mood-apartments-barranco-lima-lima-hl-desarrollos-inmobiliarios
28/02/2028,40.10 a 90.67 m2 total,Departamentos,1 a 2 dormitorios,2 unidades disponibles,Pisos 21 y 22,2 dorms.,47.74 m²,Modelo TIPO 6D,Soles,"375,953",https://nexoinmobiliario.pe/proyecto/venta-de-departamento-4128-urban-mood-apartments-barranco-lima-lima-hl-desarrollos-inmobiliarios
28/02/2028,40.10 a 90.67 m2 total,Departamentos,1 a 2 dormitorios,1 unidad disponible,Piso 2,1 dorms.,54.18 m²,Modelo TIPO 10,Soles,"370,464",https://nexoinmobiliario.pe/proyecto/venta-de-departamento-4128-urban-mood-apartments-barranco-lima-lima-hl-desarrollos-inmobiliarios
28/02/2028,40.10 a 90.67 m2 total,Departamentos,1 a 2 dormitorios,1 unidad disponible,Piso 2,2 dorms.,62.62 m²,Modelo TIPO 3A,Soles,"427,218",https://nexoinmobiliario.pe/proyecto/venta-de-departamento-4128-urban-mood-apartments-barranco-lima-lima-hl-desarrollos-inmobiliarios
28/02/2028,40.10 a 90.67 m2 total,Departamentos,1 a 2 dormitorios,8 unidades disponibles,Pisos 2 al 11,1 dorms.,54.43 m²,Modelo TIPO 4,Soles,"390,167",https://nexoinmobiliario.pe/proyecto/venta-de-departamento-4128-urban-mood-apartments-barranco-lima-lima-hl-desarrollos-inmobiliarios
28/02/2028,40.10 a 90.67 m2 total,Departamentos,1 a 2 dormitorios,1 unidad disponible,Piso 2,2 dorms.,90.67 m²,Modelo TIPO 6A,Soles,"476,211",https://nexoinmobiliario.pe/proyecto/venta-de-departamento-4128-urban-mood-apartments-barranco-lima-lima-hl-desarrollos-inmobiliarios
Entrega inmediata,57.70 a 61.58 m2 total,Departamentos,2 dormitorios,2 unidades disponibles,Pisos 6 y 17,2 dorms.,57.70 m²,Modelo TIPO A-X03,Soles,"380,000",https://nexoinmobiliario.pe/proyecto/venta-de-departamento-2079-maz-etapa-1-breña-lima-lima-constructora-inarco
Entrega inmediata,57.70 a 61.58 m2 total,Departamentos,2 dormitorios,2 unidades disponibles,Pisos 6 y 7,2 dorms.,61.58 m²,Modelo TIPO A-X06,Soles,"394,556",https://nexoinmobiliario.pe/proyecto/venta-de-departamento-2079-maz-etapa-1-breña-lima-lima-constructora-inarco
Entrega inmediata,74.50 a 132.85 m2 total,Departamentos,1 a 3 dormitorios,1 unidad disponible,Piso 5,3 dorms.,74.50 m²,Modelo TIPO 6B,Soles,"436,000",https://nexoinmobiliario.pe/proyecto/venta-de-departamento-2504-varela-living-breña-lima-lima-grupo-tyc
Entrega inmediata,74.50 a 132.85 m2 total,Departamentos,1 a 3 dormitorios,4 unidades disponibles,"Pisos 10, 12, 13, 15",3 dorms.,76.54 m²,Modelo TIPO 4A,Soles,"441,000",https://nexoinmobiliario.pe/proyecto/venta-de-departamento-2504-varela-living-breña-lima-lima-grupo-tyc
Entrega inmediata,74.50 a 132.85 m2 total,Departamentos,1 a 3 dormitorios,2 unidades disponibles,Pisos 11 y 12,3 dorms.,75.35 m²,Modelo TIPO 6A,Soles,"458,368",https://nexoinmobiliario.pe/proyecto/venta-de-departamento-2504-varela-living-breña-lima-lima-grupo-tyc
Entrega inmediata,61.57 a 70.20 m2 total,Departamentos,3 dormitorios,1 unidad disponible,Piso 5,3 dorms.,61.57 m²,Modelo 3D,Soles,"407,983",https://nexoinmobiliario.pe/proyecto/venta-de-departamento-2749-gran-plaza-loreto-breña-lima-lima-los-portales-departamentos
Entrega inmediata,61.57 a 70.20 m2 total,Departamentos,3 dormitorios,2 unidades disponibles,Pisos 3 y 6,3 dorms.,70.20 m²,Modelo 3D+S,Soles,"466,978",https://nexoinmobiliario.pe/proyecto/venta-de-departamento-2749-gran-plaza-loreto-breña-lima-lima-los-portales-departamentos
31/08/2026,53.21 a 135.19 m2 total,Departamentos,2 a 3 dormitorios,1 unidad disponible,Piso 20,2 dorms.,53.21 m²,Modelo X06,Soles,"317,911",https://nexoinmobiliario.pe/proyecto/venta-de-departamento-2837-momen-breña-lima-lima-cosapi
31/08/2026,53.21 a 135.19 m2 total,Departamentos,2 a 3 dormitorios,1 unidad disponible,Piso 15,3 dorms.,71.32 m²,Modelo X01,Soles,"411,606",https://nexoinmobiliario.pe/proyecto/venta-de-departamento-2837-momen-breña-lima-lima-cosapi
31/08/2026,53.21 a 135.19 m2 total,Departamentos,2 a 3 dormitorios,3 unidades disponibles,"Pisos 15, 19, 20",3 dorms.,65.65 m²,Modelo X03,Soles,"424,503",https://nexoinmobiliario.pe/proyecto/venta-de-departamento-2837-momen-breña-lima-lima-cosapi
31/08/2026,53.21 a 135.19 m2 total,Departamentos,2 a 3 dormitorios,1 unidad disponible,Piso 20,2 dorms.,102.26 m²,Modelo X05,Soles,"487,723",https://nexoinmobiliario.pe/proyecto/venta-de-departamento-2837-momen-breña-lima-lima-cosapi
31/08/2026,53.21 a 135.19 m2 total,Departamentos,2 a 3 dormitorios,1 unidad disponible,Piso 18,2 dorms.,63.83 m²,Modelo X07,Soles,"363,774",https://nexoinmobiliario.pe/proyecto/venta-de-departamento-2837-momen-breña-lima-lima-cosapi
31/08/2026,53.21 a 135.19 m2 total,Departamentos,2 a 3 dormitorios,1 unidad disponible,Piso 16,2 dorms.,63.06 m²,Modelo X08,Soles,"366,284",https://nexoinmobiliario.pe/proyecto/venta-de-departamento-2837-momen-breña-lima-lima-cosapi
Entrega inmediata,68.49 a 68.54 m2 total,Departamentos,3 dormitorios,3 unidades disponibles,"Pisos 16, 17, 19",3 dorms.,68.54 m²,Modelo TIPO 2 TORRE 5,Soles,"325,000",https://nexoinmobiliario.pe/proyecto/venta-de-departamento-3177-las-magnolias-casa-club-breña-lima-lima-las-magnolias-casa-club
Entrega inmediata,68.49 a 68.54 m2 total,Departamentos,3 dormitorios,1 unidad disponible,Piso 20,3 dorms.,68.49 m²,Modelo TIPO 3 TORRE 5,Soles,"367,000",https://nexoinmobiliario.pe/proyecto/venta-de-departamento-3177-las-magnolias-casa-club-breña-lima-lima-las-magnolias-casa-club
Entrega inmediata,68.49 a 68.54 m2 total,Departamentos,3 dormitorios,4 unidades disponibles,"Pisos 15, 18, 19, 20",3 dorms.,68.54 m²,Modelo TIPO 1 TORRE 6,Soles,"324,000",https://nexoinmobiliario.pe/proyecto/venta-de-departamento-3177-las-magnolias-casa-club-breña-lima-lima-las-magnolias-casa-club
Entrega inmediata,68.49 a 68.54 m2 total,Departamentos,3 dormitorios,5 unidades disponibles,"Pisos 12, 13, 14, 16, 17",3 dorms.,68.54 m²,Modelo TIPO 2 TORRE 6,Soles,"317,000",https://nexoinmobiliario.pe/proyecto/venta-de-departamento-3177-las-magnolias-casa-club-breña-lima-lima-las-magnolias-casa-club
31/12/2026,55.10 a 74.96 m2 total,Departamentos,2 a 3 dormitorios,1 unidad disponible,Piso 8,3 dorms.,68.40 m²,Modelo Prime Lite,Soles,"406,464",https://nexoinmobiliario.pe/proyecto/venta-de-departamento-3455-del-parque-centro-lite-breña-lima-lima-cissac
31/12/2026,55.10 a 74.96 m2 total,Departamentos,2 a 3 dormitorios,2 unidades disponibles,Pisos 3 y 4,2 dorms.,55.10 m²,Modelo Urban Lite,Soles,"343,560",https://nexoinmobiliario.pe/proyecto/venta-de-departamento-3455-del-parque-centro-lite-breña-lima-lima-cissac
31/12/2026,55.10 a 74.96 m2 total,Departamentos,2 a 3 dormitorios,1 unidad disponible,Piso 1,2 dorms.,74.96 m²,Modelo Lite Brisa,Soles,"425,345",https://nexoinmobiliario.pe/proyecto/venta-de-departamento-3455-del-parque-centro-lite-breña-lima-lima-cissac
31/01/2027,64.40 a 74 m2 total,Departamentos,2 a 3 dormitorios,2 unidades disponibles,Pisos 6 y 7,3 dorms.,71.10 m²,Modelo Tipo 1,Soles,"423,432",https://nexoinmobiliario.pe/proyecto/venta-de-departamento-3508-vida-varela-breña-lima-lima-multiurbe
31/01/2027,64.40 a 74 m2 total,Departamentos,2 a 3 dormitorios,4 unidades disponibles,"Pisos 5, 6, 7, 11",2 dorms.,64.40 m²,Modelo Tipo 2,Soles,"395,748",https://nexoinmobiliario.pe/proyecto/venta-de-departamento-3508-vida-varela-breña-lima-lima-multiurbe
31/01/2027,64.40 a 74 m2 total,Departamentos,2 a 3 dormitorios,6 unidades disponibles,Pisos 5 al 11,3 dorms.,74.00 m²,Modelo Tipo 3,Soles,"431,580",https://nexoinmobiliario.pe/proyecto/venta-de-departamento-3508-vida-varela-breña-lima-lima-multiurbe
30/12/2027,42.12 a 119.89 m2 total,Departamentos,1 a 3 dormitorios,1 unidad disponible,Piso 1,1 dorms.,75.99 m²,Modelo B - Tipo 101,Soles,"391,520",https://nexoinmobiliario.pe/proyecto/venta-de-departamento-3587-maz-etapa-2-breña-lima-lima-constructora-inarco
30/12/2027,42.12 a 119.89 m2 total,Departamentos,1 a 3 dormitorios,1 unidad disponible,Piso 17,1 dorms.,50.96 m²,Modelo B - Tipo 1707,Soles,"254,400",https://nexoinmobiliario.pe/proyecto/venta-de-departamento-3587-maz-etapa-2-breña-lima-lima-constructora-inarco
30/12/2027,42.12 a 119.89 m2 total,Departamentos,1 a 3 dormitorios,11 unidades disponibles,Pisos 2 al 15,3 dorms.,72.20 m²,Modelo B - Tipo X01,Soles,"441,250",https://nexoinmobiliario.pe/proyecto/venta-de-departamento-3587-maz-etapa-2-breña-lima-lima-constructora-inarco
30/12/2027,42.12 a 119.89 m2 total,Departamentos,1 a 3 dormitorios,11 unidades disponibles,Pisos 2 al 14,2 dorms.,45.70 m²,Modelo B - Tipo X02,Soles,"285,250",https://nexoinmobiliario.pe/proyecto/venta-de-departamento-3587-maz-etapa-2-breña-lima-lima-constructora-inarco
30/12/2027,42.12 a 119.89 m2 total,Departamentos,1 a 3 dormitorios,12 unidades disponibles,Pisos 2 al 15,3 dorms.,74.62 m²,Modelo B - Tipo X03,Soles,"455,750",https://nexoinmobiliario.pe/proyecto/venta-de-departamento-3587-maz-etapa-2-breña-lima-lima-constructora-inarco
30/12/2027,42.12 a 119.89 m2 total,Departamentos,1 a 3 dormitorios,14 unidades disponibles,Pisos 2 al 16,3 dorms.,68.37 m²,Modelo B - Tipo X04,Soles,"415,750",https://nexoinmobiliario.pe/proyecto/venta-de-departamento-3587-maz-etapa-2-breña-lima-lima-constructora-inarco
31/12/2027,40.06 a 60.83 m2 total,Departamentos,1 a 2 dormitorios,8 unidades disponibles,Pisos 6 al 19,2 dorms.,55.19 m²,Modelo X03,Soles,"352,749",https://nexoinmobiliario.pe/proyecto/venta-de-departamento-3592-ativo-breña-lima-lima-urbana-perú
31/12/2027,40.06 a 60.83 m2 total,Departamentos,1 a 2 dormitorios,15 unidades disponibles,Pisos 2 al 19,1 dorms.,48.91 m²,Modelo X04,Soles,"315,921",https://nexoinmobiliario.pe/proyecto/venta-de-departamento-3592-ativo-breña-lima-lima-urbana-perú
31/12/2027,40.06 a 60.83 m2 total,Departamentos,1 a 2 dormitorios,15 unidades disponibles,Pisos 2 al 19,1 dorms.,48.54 m²,Modelo X05,Soles,"302,808",https://nexoinmobiliario.pe/proyecto/venta-de-departamento-3592-ativo-breña-lima-lima-urbana-perú
31/12/2027,40.06 a 60.83 m2 total,Departamentos,1 a 2 dormitorios,18 unidades disponibles,Pisos 2 al 19,1 dorms.,47.86 m²,Modelo X06,Soles,"298,530",https://nexoinmobiliario.pe/proyecto/venta-de-departamento-3592-ativo-breña-lima-lima-urbana-perú
31/12/2027,40.06 a 60.83 m2 total,Departamentos,1 a 2 dormitorios,13 unidades disponibles,Pisos 4 al 19,2 dorms.,56.09 m²,Modelo X07,Soles,"369,303",https://nexoinmobiliario.pe/proyecto/venta-de-departamento-3592-ativo-breña-lima-lima-urbana-perú
31/12/2027,40.06 a 60.83 m2 total,Departamentos,1 a 2 dormitorios,13 unidades disponibles,Pisos 2 al 14,1 dorms.,52.80 m²,Modelo X08-A,Soles,"319,920",https://nexoinmobiliario.pe/proyecto/venta-de-departamento-3592-ativo-breña-lima-lima-urbana-perú
31/03/2028,41.27 a 124.59 m2 total,Departamentos,1 a 3 dormitorios,1 unidad disponible,Piso 1,3 dorms.,81.92 m²,Modelo A103,Soles,"420,400",https://nexoinmobiliario.pe/proyecto/venta-de-departamento-3857-bonavista-condominio-breña-lima-lima-val-grupo-inmobiliario
31/03/2028,41.27 a 124.59 m2 total,Departamentos,1 a 3 dormitorios,1 unidad disponible,Piso 1,1 dorms.,45.60 m²,Modelo A105,Soles,"240,800",https://nexoinmobiliario.pe/proyecto/venta-de-departamento-3857-bonavista-condominio-breña-lima-lima-val-grupo-inmobiliario
31/03/2028,41.27 a 124.59 m2 total,Departamentos,1 a 3 dormitorios,1 unidad disponible,Piso 1,2 dorms.,71.50 m²,Modelo B102,Soles,"372,800",https://nexoinmobiliario.pe/proyecto/venta-de-departamento-3857-bonavista-condominio-breña-lima-lima-val-grupo-inmobiliario
31/03/2028,41.27 a 124.59 m2 total,Departamentos,1 a 3 dormitorios,1 unidad disponible,Piso 1,3 dorms.,110.25 m²,Modelo B103,Soles,"531,400",https://nexoinmobiliario.pe/proyecto/venta-de-departamento-3857-bonavista-condominio-breña-lima-lima-val-grupo-inmobiliario
31/03/2028,41.27 a 124.59 m2 total,Departamentos,1 a 3 dormitorios,8 unidades disponibles,Pisos 3 al 11,2 dorms.,57.69 m²,Modelo Tipo 1A,Soles,"324,500",https://nexoinmobiliario.pe/proyecto/venta-de-departamento-3857-bonavista-condominio-breña-lima-lima-val-grupo-inmobiliario
31/03/2028,41.27 a 124.59 m2 total,Departamentos,1 a 3 dormitorios,11 unidades disponibles,Pisos 2 al 12,3 dorms.,64.83 m²,Modelo Tipo 2A,Soles,"365,000",https://nexoinmobiliario.pe/proyecto/venta-de-departamento-3857-bonavista-condominio-breña-lima-lima-val-grupo-inmobiliario
15/12/2027,33.11 a 68.98 m2 total,Departamentos,1 a 3 dormitorios,5 unidades disponibles,"Pisos 2, 3, 4, 5, 6",1 dorms.,33.11 m²,Modelo Tipo 2,Soles,"260,000",https://nexoinmobiliario.pe/proyecto/venta-de-departamento-3865-arteco-atelier-breña-lima-lima-arteco
15/12/2027,33.11 a 68.98 m2 total,Departamentos,1 a 3 dormitorios,14 unidades disponibles,Pisos 2 al 20,2 dorms.,57.28 m²,Modelo Tipo 3,Soles,"277,000",https://nexoinmobiliario.pe/proyecto/venta-de-departamento-3865-arteco-atelier-breña-lima-lima-arteco
15/12/2027,33.11 a 68.98 m2 total,Departamentos,1 a 3 dormitorios,12 unidades disponibles,Pisos 2 al 14,2 dorms.,56.43 m²,Modelo Tipo 6,Soles,"284,000",https://nexoinmobiliario.pe/proyecto/venta-de-departamento-3865-arteco-atelier-breña-lima-lima-arteco
15/12/2027,33.11 a 68.98 m2 total,Departamentos,1 a 3 dormitorios,10 unidades disponibles,Pisos 3 al 13,3 dorms.,68.98 m²,Modelo Tipo 7,Soles,"342,000",https://nexoinmobiliario.pe/proyecto/venta-de-departamento-3865-arteco-atelier-breña-lima-lima-arteco
15/12/2027,33.11 a 68.98 m2 total,Departamentos,1 a 3 dormitorios,11 unidades disponibles,Pisos 8 al 19,3 dorms.,68.12 m²,Modelo Tipo 8,Soles,"321,000",https://nexoinmobiliario.pe/proyecto/venta-de-departamento-3865-arteco-atelier-breña-lima-lima-arteco
15/12/2027,33.11 a 68.98 m2 total,Departamentos,1 a 3 dormitorios,4 unidades disponibles,"Pisos 16, 17, 18, 19",3 dorms.,65.11 m²,Modelo Tipo 9,Soles,"309,000",https://nexoinmobiliario.pe/proyecto/venta-de-departamento-3865-arteco-atelier-breña-lima-lima-arteco
31/03/2027,49.81 a 63.96 m2 total,Departamentos,1 a 2 dormitorios,5 unidades disponibles,"Pisos 2, 8, 9, 10, 11",1 dorms.,53.26 m²,Modelo AX-01,Soles,"323,200",https://nexoinmobiliario.pe/proyecto/venta-de-departamento-3925-residencial-recuay-breña-lima-lima-inmobiliaria-cesia
31/03/2027,49.81 a 63.96 m2 total,Departamentos,1 a 2 dormitorios,1 unidad disponible,Piso 11,2 dorms.,63.59 m²,Modelo AX-02,Soles,"382,200",https://nexoinmobiliario.pe/proyecto/venta-de-departamento-3925-residencial-recuay-breña-lima-lima-inmobiliaria-cesia
31/03/2027,49.81 a 63.96 m2 total,Departamentos,1 a 2 dormitorios,8 unidades disponibles,Pisos 3 al 11,2 dorms.,56.21 m²,Modelo AX-03,Soles,"343,200",https://nexoinmobiliario.pe/proyecto/venta-de-departamento-3925-residencial-recuay-breña-lima-lima-inmobiliaria-cesia
31/03/2027,49.81 a 63.96 m2 total,Departamentos,1 a 2 dormitorios,9 unidades disponibles,Pisos 2 al 11,2 dorms.,59.83 m²,Modelo AX-04,Soles,"361,100",https://nexoinmobiliario.pe/proyecto/venta-de-departamento-3925-residencial-recuay-breña-lima-lima-inmobiliaria-cesia
31/03/2027,49.81 a 63.96 m2 total,Departamentos,1 a 2 dormitorios,1 unidad disponible,Piso 1,1 dorms.,49.81 m²,Modelo BX-01.1,Soles,"292,700",https://nexoinmobiliario.pe/proyecto/venta-de-departamento-3925-residencial-recuay-breña-lima-lima-inmobiliaria-cesia
31/03/2027,49.81 a 63.96 m2 total,Departamentos,1 a 2 dormitorios,1 unidad disponible,Piso 1,2 dorms.,56.36 m²,Modelo BX-04.1,Soles,"415,800",https://nexoinmobiliario.pe/proyecto/venta-de-departamento-3925-residencial-recuay-breña-lima-lima-inmobiliaria-cesia
24/01/2028,27.73 a 130.57 m2 total,Departamentos,1 a 3 dormitorios,1 unidad disponible,Piso 1,2 dorms.,48.90 m²,Modelo 1A,Soles,"362,800",https://nexoinmobiliario.pe/proyecto/venta-de-departamento-3954-albamar-quadra-breña-lima-lima-albamar-grupo-inmobiliario
24/01/2028,27.73 a 130.57 m2 total,Departamentos,1 a 3 dormitorios,16 unidades disponibles,Pisos 2 al 20,2 dorms.,49.44 m²,Modelo 1B,Soles,"301,900",https://nexoinmobiliario.pe/proyecto/venta-de-departamento-3954-albamar-quadra-breña-lima-lima-albamar-grupo-inmobiliario
24/01/2028,27.73 a 130.57 m2 total,Departamentos,1 a 3 dormitorios,1 unidad disponible,Piso 1,2 dorms.,48.61 m²,Modelo 2C,Soles,"361,000",https://nexoinmobiliario.pe/proyecto/venta-de-departamento-3954-albamar-quadra-breña-lima-lima-albamar-grupo-inmobiliario
24/01/2028,27.73 a 130.57 m2 total,Departamentos,1 a 3 dormitorios,1 unidad disponible,Piso 2,2 dorms.,49.67 m²,Modelo 2D,Soles,"317,300",https://nexoinmobiliario.pe/proyecto/venta-de-departamento-3954-albamar-quadra-breña-lima-lima-albamar-grupo-inmobiliario
24/01/2028,27.73 a 130.57 m2 total,Departamentos,1 a 3 dormitorios,14 unidades disponibles,Pisos 3 al 19,2 dorms.,49.67 m²,Modelo 2E,Soles,"290,000",https://nexoinmobiliario.pe/proyecto/venta-de-departamento-3954-albamar-quadra-breña-lima-lima-albamar-grupo-inmobiliario
24/01/2028,27.73 a 130.57 m2 total,Departamentos,1 a 3 dormitorios,1 unidad disponible,Piso 1,1 dorms.,37.05 m²,Modelo 3F,Soles,"288,200",https://nexoinmobiliario.pe/proyecto/venta-de-departamento-3954-albamar-quadra-breña-lima-lima-albamar-grupo-inmobiliario
30/06/2028,40 a 54.40 m2 total,Departamentos,1 a 2 dormitorios,37 unidades disponibles,Pisos 2 al 20,2 dorms.,54.20 m²,Modelo SMART LITE,Soles,"297,260",https://nexoinmobiliario.pe/proyecto/venta-de-departamento-4080-del-parque-centro-iv-breña-lima-lima-cissac
30/06/2028,40 a 54.40 m2 total,Departamentos,1 a 2 dormitorios,19 unidades disponibles,Pisos 2 al 20,1 dorms.,41.25 m²,Modelo UP LITE,Soles,"228,625",https://nexoinmobiliario.pe/proyecto/venta-de-departamento-4080-del-parque-centro-iv-breña-lima-lima-cissac
30/06/2028,40 a 54.40 m2 total,Departamentos,1 a 2 dormitorios,11 unidades disponibles,Pisos 2 al 17,2 dorms.,49.70 m²,Modelo PLUS LITE,Soles,"257,526",https://nexoinmobiliario.pe/proyecto/venta-de-departamento-4080-del-parque-centro-iv-breña-lima-lima-cissac
30/06/2028,40 a 54.40 m2 total,Departamentos,1 a 2 dormitorios,16 unidades disponibles,Pisos 3 al 20,2 dorms.,49.80 m²,Modelo GREEN LITE,Soles,"249,040",https://nexoinmobiliario.pe/proyecto/venta-de-departamento-4080-del-parque-centro-iv-breña-lima-lima-cissac
30/06/2028,40 a 54.40 m2 total,Departamentos,1 a 2 dormitorios,28 unidades disponibles,Pisos 2 al 17,1 dorms.,40.00 m²,Modelo PARK LITE,Soles,"216,416",https://nexoinmobiliario.pe/proyecto/venta-de-departamento-4080-del-parque-centro-iv-breña-lima-lima-cissac
30/06/2028,40 a 54.40 m2 total,Departamentos,1 a 2 dormitorios,27 unidades disponibles,Pisos 2 al 17,2 dorms.,51.15 m²,Modelo PARK LITE +,Soles,"266,793",https://nexoinmobiliario.pe/proyecto/venta-de-departamento-4080-del-parque-centro-iv-breña-lima-lima-cissac
30/06/2028,29.12 a 66.22 m2 total,Departamentos,1 a 3 dormitorios,14 unidades disponibles,Pisos 2 al 15,2 dorms.,55.77 m²,Modelo A,Soles,"322,500",https://nexoinmobiliario.pe/proyecto/venta-de-departamento-4092-albamar-gran-cornejo-breña-lima-lima-albamar-grupo-inmobiliario
30/06/2028,29.12 a 66.22 m2 total,Departamentos,1 a 3 dormitorios,7 unidades disponibles,Pisos 16 al 22,2 dorms.,53.32 m²,Modelo AB,Soles,"309,700",https://nexoinmobiliario.pe/proyecto/venta-de-departamento-4092-albamar-gran-cornejo-breña-lima-lima-albamar-grupo-inmobiliario
30/06/2028,29.12 a 66.22 m2 total,Departamentos,1 a 3 dormitorios,19 unidades disponibles,Pisos 2 al 22,3 dorms.,64.24 m²,Modelo B,Soles,"349,100",https://nexoinmobiliario.pe/proyecto/venta-de-departamento-4092-albamar-gran-cornejo-breña-lima-lima-albamar-grupo-inmobiliario
30/06/2028,29.12 a 66.22 m2 total,Departamentos,1 a 3 dormitorios,11 unidades disponibles,Pisos 2 al 22,1 dorms.,36.53 m²,Modelo C,Soles,"244,800",https://nexoinmobiliario.pe/proyecto/venta-de-departamento-4092-albamar-gran-cornejo-breña-lima-lima-albamar-grupo-inmobiliario
30/06/2028,29.12 a 66.22 m2 total,Departamentos,1 a 3 dormitorios,20 unidades disponibles,Pisos 2 al 22,2 dorms.,52.61 m²,Modelo D,Soles,"299,200",https://nexoinmobiliario.pe/proyecto/venta-de-departamento-4092-albamar-gran-cornejo-breña-lima-lima-albamar-grupo-inmobiliario
30/06/2028,29.12 a 66.22 m2 total,Departamentos,1 a 3 dormitorios,14 unidades disponibles,Pisos 5 al 20,3 dorms.,66.22 m²,Modelo E,Soles,"388,900",https://nexoinmobiliario.pe/proyecto/venta-de-departamento-4092-albamar-gran-cornejo-breña-lima-lima-albamar-grupo-inmobiliario
31/12/2028,42.72 a 127.42 m2 total,Departamentos,1 a 3 dormitorios,1 unidad disponible,Piso 2,2 dorms.,56.73 m²,Modelo Tipo 201,Soles,"331,000",https://nexoinmobiliario.pe/proyecto/venta-de-departamento-4148-torre-arica-breña-lima-lima-v-v-grupo-inmobiliario
31/12/2028,42.72 a 127.42 m2 total,Departamentos,1 a 3 dormitorios,1 unidad disponible,Piso 2,2 dorms.,55.16 m²,Modelo Tipo 202,Soles,"343,000",https://nexoinmobiliario.pe/proyecto/venta-de-departamento-4148-torre-arica-breña-lima-lima-v-v-grupo-inmobiliario
31/12/2028,42.72 a 127.42 m2 total,Departamentos,1 a 3 dormitorios,1 unidad disponible,Piso 2,2 dorms.,53.47 m²,Modelo Tipo 203,Soles,"333,000",https://nexoinmobiliario.pe/proyecto/venta-de-departamento-4148-torre-arica-breña-lima-lima-v-v-grupo-inmobiliario
31/12/2028,42.72 a 127.42 m2 total,Departamentos,1 a 3 dormitorios,1 unidad disponible,Piso 2,2 dorms.,53.56 m²,Modelo Tipo 204,Soles,"333,000",https://nexoinmobiliario.pe/proyecto/venta-de-departamento-4148-torre-arica-breña-lima-lima-v-v-grupo-inmobiliario
31/12/2028,42.72 a 127.42 m2 total,Departamentos,1 a 3 dormitorios,14 unidades disponibles,Pisos 5 al 20,2 dorms.,55.61 m²,Modelo Tipo X01,Soles,"307,000",https://nexoinmobiliario.pe/proyecto/venta-de-departamento-4148-torre-arica-breña-lima-lima-v-v-grupo-inmobiliario
31/12/2028,42.72 a 127.42 m2 total,Departamentos,1 a 3 dormitorios,20 unidades disponibles,Pisos 3 al 22,2 dorms.,55.16 m²,Modelo Tipo X02,Soles,"324,000",https://nexoinmobiliario.pe/proyecto/venta-de-departamento-4148-torre-arica-breña-lima-lima-v-v-grupo-inmobiliario
31/12/2026,40.43 a 64.13 m2 total,Departamentos,1 a 3 dormitorios,1 unidad disponible,Piso 1,1 dorms.,40.43 m²,Modelo Tipo 07 - Piso 1,Soles,"204,500",https://nexoinmobiliario.pe/proyecto/venta-de-departamento-4242-los-parques-de-brena-club-residencial-breña-lima-lima-viva-negocio-inmobiliario
31/12/2026,40.43 a 64.13 m2 total,Departamentos,1 a 3 dormitorios,1 unidad disponible,Piso 1,3 dorms.,64.13 m²,Modelo Tipo 09 - Piso 1,Soles,"305,892",https://nexoinmobiliario.pe/proyecto/venta-de-departamento-4242-los-parques-de-brena-club-residencial-breña-lima-lima-viva-negocio-inmobiliario
31/12/2026,40.43 a 64.13 m2 total,Departamentos,1 a 3 dormitorios,1 unidad disponible,Piso 9,3 dorms.,63.75 m²,Modelo Tipo 02,Soles,"290,412",https://nexoinmobiliario.pe/proyecto/venta-de-departamento-4242-los-parques-de-brena-club-residencial-breña-lima-lima-viva-negocio-inmobiliario
31/12/2026,40.43 a 64.13 m2 total,Departamentos,1 a 3 dormitorios,2 unidades disponibles,Pisos 9 y 10,3 dorms.,63.85 m²,Modelo Tipo 03,Soles,"289,862",https://nexoinmobiliario.pe/proyecto/venta-de-departamento-4242-los-parques-de-brena-club-residencial-breña-lima-lima-viva-negocio-inmobiliario
31/12/2026,40.43 a 64.13 m2 total,Departamentos,1 a 3 dormitorios,3 unidades disponibles,"Pisos 8, 9, 11",3 dorms.,64.05 m²,Modelo Tipo 04,Soles,"289,746",https://nexoinmobiliario.pe/proyecto/venta-de-departamento-4242-los-parques-de-brena-club-residencial-breña-lima-lima-viva-negocio-inmobiliario
31/12/2026,40.43 a 64.13 m2 total,Departamentos,1 a 3 dormitorios,2 unidades disponibles,Pisos 8 y 11,3 dorms.,63.75 m²,Modelo Tipo 05,Soles,"288,436",https://nexoinmobiliario.pe/proyecto/venta-de-departamento-4242-los-parques-de-brena-club-residencial-breña-lima-lima-viva-negocio-inmobiliario
31/12/2026,62.59 a 103.72 m2 total,Departamentos,3 a 4 dormitorios,20 unidades disponibles,"Pisos 1, 2, 3",3 dorms.,62.59 m²,Modelo x03,Soles,"191,280",https://nexoinmobiliario.pe/proyecto/venta-de-departamento-3632-lomas-de-carabayllo-etapa-5-carabayllo-lima-lima-padova
31/12/2026,54.72 a 54.85 m2 total,Departamentos,3 dormitorios,24 unidades disponibles,Piso 5,3 dorms.,54.72 m²,Modelo TIPO 1,Soles,"80,973",https://nexoinmobiliario.pe/proyecto/venta-de-departamento-3903-valles-de-santa-maria-carabayllo-lima-lima-enacorp
Entrega inmediata,37.02 a 135.76 m2 total,Departamentos,1 a 3 dormitorios,2 unidades disponibles,Pisos 9 y 12,2 dorms.,56.34 m²,Modelo 15,Soles,"343,112",https://nexoinmobiliario.pe/proyecto/venta-de-departamento-1974-invent-chorrillos-chorrillos-lima-lima-invent-inmobiliaria
Entrega inmediata,37.02 a 135.76 m2 total,Departamentos,1 a 3 dormitorios,1 unidad disponible,Piso 7,2 dorms.,55.00 m²,Modelo 8,Soles,"332,947",https://nexoinmobiliario.pe/proyecto/venta-de-departamento-1974-invent-chorrillos-chorrillos-lima-lima-invent-inmobiliaria
Entrega inmediata,37.02 a 135.76 m2 total,Departamentos,1 a 3 dormitorios,1 unidad disponible,Piso 12,3 dorms.,135.76 m²,Modelo 4-I,Soles,"694,324",https://nexoinmobiliario.pe/proyecto/venta-de-departamento-1974-invent-chorrillos-chorrillos-lima-lima-invent-inmobiliaria
Entrega inmediata,37.02 a 135.76 m2 total,Departamentos,1 a 3 dormitorios,1 unidad disponible,Piso 2,1 dorms.,37.02 m²,Modelo 7,Soles,"229,076",https://nexoinmobiliario.pe/proyecto/venta-de-departamento-1974-invent-chorrillos-chorrillos-lima-lima-invent-inmobiliaria
Entrega inmediata,37.02 a 135.76 m2 total,Departamentos,1 a 3 dormitorios,1 unidad disponible,Piso 1,2 dorms.,66.46 m²,Modelo 11-I,Soles,"404,206",https://nexoinmobiliario.pe/proyecto/venta-de-departamento-1974-invent-chorrillos-chorrillos-lima-lima-invent-inmobiliaria
Entrega inmediata,37.02 a 135.76 m2 total,Departamentos,1 a 3 dormitorios,1 unidad disponible,Piso 1,3 dorms.,67.25 m²,Modelo 4,Soles,"408,971",https://nexoinmobiliario.pe/proyecto/venta-de-departamento-1974-invent-chorrillos-chorrillos-lima-lima-invent-inmobiliaria
Entrega inmediata,64.19 a 65.12 m2 total,Departamentos,2 a 3 dormitorios,1 unidad disponible,Piso 3,3 dorms.,64.19 m²,Modelo TIPO A2,Soles,"439,600",https://nexoinmobiliario.pe/proyecto/venta-de-departamento-2774-faisanes-343-chorrillos-lima-lima-actual
Entrega inmediata,64.19 a 65.12 m2 total,Departamentos,2 a 3 dormitorios,2 unidades disponibles,Pisos 8 y 12,2 dorms.,64.87 m²,Modelo TIPO A7,Soles,"418,400",https://nexoinmobiliario.pe/proyecto/venta-de-departamento-2774-faisanes-343-chorrillos-lima-lima-actual
Entrega inmediata,64.19 a 65.12 m2 total,Departamentos,2 a 3 dormitorios,1 unidad disponible,Piso 9,3 dorms.,65.04 m²,Modelo TIPO B11,Soles,"417,600",https://nexoinmobiliario.pe/proyecto/venta-de-departamento-2774-faisanes-343-chorrillos-lima-lima-actual
Entrega inmediata,64.19 a 65.12 m2 total,Departamentos,2 a 3 dormitorios,3 unidades disponibles,"Pisos 9, 10, 12",2 dorms.,65.04 m²,Modelo TIPO B2,Soles,"415,800",https://nexoinmobiliario.pe/proyecto/venta-de-departamento-2774-faisanes-343-chorrillos-lima-lima-actual
Entrega inmediata,65.20 a 66.50 m2 total,Departamentos,3 dormitorios,1 unidad disponible,Piso 10,3 dorms.,65.30 m²,Modelo FLAT X02A,Soles,"418,750",https://nexoinmobiliario.pe/proyecto/venta-de-departamento-2861-mixxo-chorrillos-lima-lima-avenir-grupo-inmobiliario
Entrega inmediata,65.20 a 66.50 m2 total,Departamentos,3 dormitorios,1 unidad disponible,Piso 8,3 dorms.,66.50 m²,Modelo FLAT X03A,Soles,"400,000",https://nexoinmobiliario.pe/proyecto/venta-de-departamento-2861-mixxo-chorrillos-lima-lima-avenir-grupo-inmobiliario
Entrega inmediata,65.20 a 66.50 m2 total,Departamentos,3 dormitorios,5 unidades disponibles,"Pisos 3, 4, 6, 7, 9",3 dorms.,65.20 m²,Modelo FLAT X06A,Soles,"338,000",https://nexoinmobiliario.pe/proyecto/venta-de-departamento-2861-mixxo-chorrillos-lima-lima-avenir-grupo-inmobiliario
Entrega inmediata,65.20 a 66.50 m2 total,Departamentos,3 dormitorios,4 unidades disponibles,"Pisos 2, 3, 6, 10",3 dorms.,65.60 m²,Modelo FLAT X01B,Soles,"395,000",https://nexoinmobiliario.pe/proyecto/venta-de-departamento-2861-mixxo-chorrillos-lima-lima-avenir-grupo-inmobiliario
Entrega inmediata,63.58 a 93.41 m2 total,Departamentos,2 a 3 dormitorios,3 unidades disponibles,"Pisos 1, 2, 3",2 dorms.,63.58 m²,Modelo D,Soles,"320,900",https://nexoinmobiliario.pe/proyecto/venta-de-departamento-2947-los-gorriones-5-chorrillos-lima-lima-grupo-toscana
Entrega inmediata,63.58 a 93.41 m2 total,Departamentos,2 a 3 dormitorios,21 unidades disponibles,Pisos 1 al 9,3 dorms.,68.34 m²,Modelo B,Soles,"328,900",https://nexoinmobiliario.pe/proyecto/venta-de-departamento-2947-los-gorriones-5-chorrillos-lima-lima-grupo-toscana
Entrega inmediata,63.58 a 93.41 m2 total,Departamentos,2 a 3 dormitorios,12 unidades disponibles,Pisos 2 al 9,3 dorms.,80.24 m²,Modelo E,Soles,"372,900",https://nexoinmobiliario.pe/proyecto/venta-de-departamento-2947-los-gorriones-5-chorrillos-lima-lima-grupo-toscana
Entrega inmediata,63.58 a 93.41 m2 total,Departamentos,2 a 3 dormitorios,1 unidad disponible,Piso 4,3 dorms.,75.75 m²,Modelo A,Soles,"376,900",https://nexoinmobiliario.pe/proyecto/venta-de-departamento-2947-los-gorriones-5-chorrillos-lima-lima-grupo-toscana
Entrega inmediata,59.56 a 97.32 m2 total,Departamentos,3 dormitorios,1 unidad disponible,Piso 1,3 dorms.,59.56 m²,Modelo Tipo 7B,Soles,"360,727",https://nexoinmobiliario.pe/proyecto/venta-de-departamento-2990-friendz-2-chorrillos-lima-lima-hl-desarrollos-inmobiliarios
Entrega inmediata,59.56 a 97.32 m2 total,Departamentos,3 dormitorios,1 unidad disponible,Piso 5,3 dorms.,65.21 m²,Modelo Tipo 4,Soles,"360,187",https://nexoinmobiliario.pe/proyecto/venta-de-departamento-2990-friendz-2-chorrillos-lima-lima-hl-desarrollos-inmobiliarios
Entrega inmediata,59.56 a 97.32 m2 total,Departamentos,3 dormitorios,1 unidad disponible,Piso 6,3 dorms.,64.56 m²,Modelo Tipo 7,Soles,"401,942",https://nexoinmobiliario.pe/proyecto/venta-de-departamento-2990-friendz-2-chorrillos-lima-lima-hl-desarrollos-inmobiliarios
Entrega inmediata,59.56 a 97.32 m2 total,Departamentos,3 dormitorios,2 unidades disponibles,Pisos 5 y 6,3 dorms.,63.52 m²,Modelo Tipo 2Y,Soles,"357,609",https://nexoinmobiliario.pe/proyecto/venta-de-departamento-2990-friendz-2-chorrillos-lima-lima-hl-desarrollos-inmobiliarios
Entrega inmediata,59.56 a 97.32 m2 total,Departamentos,3 dormitorios,1 unidad disponible,Piso 6,3 dorms.,63.21 m²,Modelo Tipo 2Z,Soles,"362,717",https://nexoinmobiliario.pe/proyecto/venta-de-departamento-2990-friendz-2-chorrillos-lima-lima-hl-desarrollos-inmobiliarios
Entrega inmediata,59.56 a 97.32 m2 total,Departamentos,3 dormitorios,2 unidades disponibles,Pisos 5 y 6,3 dorms.,63.71 m²,Modelo Tipo 5,Soles,"345,348",https://nexoinmobiliario.pe/proyecto/venta-de-departamento-2990-friendz-2-chorrillos-lima-lima-hl-desarrollos-inmobiliarios
Entrega inmediata,48.85 a 62.17 m2 total,Departamentos,2 a 3 dormitorios,1 unidad disponible,Piso 2,3 dorms.,62.17 m²,Modelo 3D,Soles,"382,401",https://nexoinmobiliario.pe/proyecto/venta-de-departamento-3103-gran-guardia-peruana-chorrillos-lima-lima-los-portales-departamentos
Entrega inmediata,48.85 a 62.17 m2 total,Departamentos,2 a 3 dormitorios,3 unidades disponibles,"Pisos 1, 6, 7",2 dorms.,48.85 m²,Modelo 2D,Soles,"301,760",https://nexoinmobiliario.pe/proyecto/venta-de-departamento-3103-gran-guardia-peruana-chorrillos-lima-lima-los-portales-departamentos
25/10/2027,38.18 a 65.12 m2 total,Departamentos,1 a 3 dormitorios,14 unidades disponibles,Pisos 2 al 17,1 dorms.,38.18 m²,Modelo X01,Soles,"219,000",https://nexoinmobiliario.pe/proyecto/venta-de-departamento-3211-las-praderas-chorrillos-lima-lima-tale-inmobiliaria
25/10/2027,38.18 a 65.12 m2 total,Departamentos,1 a 3 dormitorios,11 unidades disponibles,Pisos 2 al 15,2 dorms.,53.00 m²,Modelo X02,Soles,"283,000",https://nexoinmobiliario.pe/proyecto/venta-de-departamento-3211-las-praderas-chorrillos-lima-lima-tale-inmobiliaria
25/10/2027,38.18 a 65.12 m2 total,Departamentos,1 a 3 dormitorios,9 unidades disponibles,Pisos 2 al 17,3 dorms.,64.17 m²,Modelo X03,Soles,"347,000",https://nexoinmobiliario.pe/proyecto/venta-de-departamento-3211-las-praderas-chorrillos-lima-lima-tale-inmobiliaria
25/10/2027,38.18 a 65.12 m2 total,Departamentos,1 a 3 dormitorios,10 unidades disponibles,Pisos 8 al 17,3 dorms.,64.79 m²,Modelo X04,Soles,"345,000",https://nexoinmobiliario.pe/proyecto/venta-de-departamento-3211-las-praderas-chorrillos-lima-lima-tale-inmobiliaria
25/10/2027,38.18 a 65.12 m2 total,Departamentos,1 a 3 dormitorios,14 unidades disponibles,Pisos 3 al 17,3 dorms.,62.71 m²,Modelo X19,Soles,"317,000",https://nexoinmobiliario.pe/proyecto/venta-de-departamento-3211-las-praderas-chorrillos-lima-lima-tale-inmobiliaria
25/10/2027,38.18 a 65.12 m2 total,Departamentos,1 a 3 dormitorios,14 unidades disponibles,Pisos 3 al 17,3 dorms.,64.17 m²,Modelo X20,Soles,"323,000",https://nexoinmobiliario.pe/proyecto/venta-de-departamento-3211-las-praderas-chorrillos-lima-lima-tale-inmobiliaria
20/12/2026,40.76 a 73.77 m2 total,Departamentos,1 a 3 dormitorios,7 unidades disponibles,Pisos 3 al 19,1 dorms.,40.76 m²,Modelo 1,Soles,"322,000",https://nexoinmobiliario.pe/proyecto/venta-de-departamento-3256-dolce-mare-chorrillos-lima-lima-la-muralla
20/12/2026,40.76 a 73.77 m2 total,Departamentos,1 a 3 dormitorios,3 unidades disponibles,"Pisos 4, 11, 12",1 dorms.,43.31 m²,Modelo 2,Soles,"342,500",https://nexoinmobiliario.pe/proyecto/venta-de-departamento-3256-dolce-mare-chorrillos-lima-lima-la-muralla
20/12/2026,40.76 a 73.77 m2 total,Departamentos,1 a 3 dormitorios,7 unidades disponibles,Pisos 4 al 19,3 dorms.,73.77 m²,Modelo 3,Soles,"519,050",https://nexoinmobiliario.pe/proyecto/venta-de-departamento-3256-dolce-mare-chorrillos-lima-lima-la-muralla
20/12/2026,40.76 a 73.77 m2 total,Departamentos,1 a 3 dormitorios,4 unidades disponibles,"Pisos 10, 16, 17, 18",2 dorms.,53.64 m²,Modelo 4,Soles,"360,000",https://nexoinmobiliario.pe/proyecto/venta-de-departamento-3256-dolce-mare-chorrillos-lima-lima-la-muralla
20/12/2026,40.76 a 73.77 m2 total,Departamentos,1 a 3 dormitorios,5 unidades disponibles,"Pisos 8, 13, 15, 17, 18",2 dorms.,60.48 m²,Modelo 5,Soles,"402,400",https://nexoinmobiliario.pe/proyecto/venta-de-departamento-3256-dolce-mare-chorrillos-lima-lima-la-muralla
Entrega inmediata,57.26 a 116.26 m2 total,Departamentos,2 a 3 dormitorios,1 unidad disponible,Piso 2,2 dorms.,57.26 m²,Modelo x02,Soles,"421,000",https://nexoinmobiliario.pe/proyecto/venta-de-departamento-3273-mar-de-grau-chorrillos-lima-lima-2k-inmobiliaria
Entrega inmediata,57.26 a 116.26 m2 total,Departamentos,2 a 3 dormitorios,3 unidades disponibles,"Pisos 3, 5, 7",2 dorms.,57.40 m²,Modelo x05,Soles,"390,000",https://nexoinmobiliario.pe/proyecto/venta-de-departamento-3273-mar-de-grau-chorrillos-lima-lima-2k-inmobiliaria
31/12/2027,40.02 a 68.53 m2 total,Departamentos,1 a 3 dormitorios,3 unidades disponibles,"Pisos 3, 4, 5",3 dorms.,67.21 m²,Modelo T1-X01-A,Soles,"361,000",https://nexoinmobiliario.pe/proyecto/venta-de-departamento-3318-gaviotas-chorrillos-lima-lima-v-v-grupo-inmobiliario
31/12/2027,40.02 a 68.53 m2 total,Departamentos,1 a 3 dormitorios,5 unidades disponibles,"Pisos 6, 7, 9, 10, 11",3 dorms.,66.69 m²,Modelo T1-X01-B,Soles,"353,000",https://nexoinmobiliario.pe/proyecto/venta-de-departamento-3318-gaviotas-chorrillos-lima-lima-v-v-grupo-inmobiliario
31/12/2027,40.02 a 68.53 m2 total,Departamentos,1 a 3 dormitorios,1 unidad disponible,Piso 4,2 dorms.,55.92 m²,Modelo T1-X02-A,Soles,"282,000",https://nexoinmobiliario.pe/proyecto/venta-de-departamento-3318-gaviotas-chorrillos-lima-lima-v-v-grupo-inmobiliario
31/12/2027,40.02 a 68.53 m2 total,Departamentos,1 a 3 dormitorios,5 unidades disponibles,"Pisos 7, 8, 9, 10, 11",2 dorms.,55.28 m²,Modelo T1-X02-B,Soles,"286,000",https://nexoinmobiliario.pe/proyecto/venta-de-departamento-3318-gaviotas-chorrillos-lima-lima-v-v-grupo-inmobiliario
31/12/2027,40.02 a 68.53 m2 total,Departamentos,1 a 3 dormitorios,6 unidades disponibles,Pisos 9 al 14,3 dorms.,66.53 m²,Modelo T1-X04-B,Soles,"409,000",https://nexoinmobiliario.pe/proyecto/venta-de-departamento-3318-gaviotas-chorrillos-lima-lima-v-v-grupo-inmobiliario
31/12/2027,40.02 a 68.53 m2 total,Departamentos,1 a 3 dormitorios,1 unidad disponible,Piso 4,3 dorms.,68.53 m²,Modelo T1-X05-A,Soles,"465,000",https://nexoinmobiliario.pe/proyecto/venta-de-departamento-3318-gaviotas-chorrillos-lima-lima-v-v-grupo-inmobiliario
31/12/2026,55.20 a 128.70 m2 total,Departamentos,2 a 3 dormitorios,1 unidad disponible,Piso 1,2 dorms.,64.40 m²,Modelo 101,Soles,"550,000",https://nexoinmobiliario.pe/proyecto/venta-de-departamento-3427-costazul-chorrillos-lima-lima-avenir-grupo-inmobiliario
31/12/2026,55.20 a 128.70 m2 total,Departamentos,2 a 3 dormitorios,1 unidad disponible,Piso 1,2 dorms.,94.80 m²,Modelo 103,Soles,"750,000",https://nexoinmobiliario.pe/proyecto/venta-de-departamento-3427-costazul-chorrillos-lima-lima-avenir-grupo-inmobiliario
31/12/2026,55.20 a 128.70 m2 total,Departamentos,2 a 3 dormitorios,7 unidades disponibles,Pisos 2 al 8,2 dorms.,55.20 m²,Modelo X01,Soles,"442,000",https://nexoinmobiliario.pe/proyecto/venta-de-departamento-3427-costazul-chorrillos-lima-lima-avenir-grupo-inmobiliario
31/12/2026,55.20 a 128.70 m2 total,Departamentos,2 a 3 dormitorios,2 unidades disponibles,Pisos 2 y 6,2 dorms.,58.30 m²,Modelo X02,Soles,"557,210",https://nexoinmobiliario.pe/proyecto/venta-de-departamento-3427-costazul-chorrillos-lima-lima-avenir-grupo-inmobiliario
31/12/2026,55.20 a 128.70 m2 total,Departamentos,2 a 3 dormitorios,1 unidad disponible,Piso 2,3 dorms.,68.60 m²,Modelo X06A,Soles,"674,260",https://nexoinmobiliario.pe/proyecto/venta-de-departamento-3427-costazul-chorrillos-lima-lima-avenir-grupo-inmobiliario
31/12/2026,55.20 a 128.70 m2 total,Departamentos,2 a 3 dormitorios,4 unidades disponibles,"Pisos 4, 5, 6, 7",3 dorms.,69.00 m²,Modelo X06B,Soles,"691,700",https://nexoinmobiliario.pe/proyecto/venta-de-departamento-3427-costazul-chorrillos-lima-lima-avenir-grupo-inmobiliario
30/12/2027,35.75 a 138 m2 total,Departamentos,1 a 3 dormitorios,1 unidad disponible,Piso 1,1 dorms.,56.36 m²,Modelo A101,Soles,"305,980",https://nexoinmobiliario.pe/proyecto/venta-de-departamento-3434-faisanes-iii-chorrillos-lima-lima-actual
30/12/2027,35.75 a 138 m2 total,Departamentos,1 a 3 dormitorios,1 unidad disponible,Piso 1,2 dorms.,108.19 m²,Modelo A105,Soles,"511,960",https://nexoinmobiliario.pe/proyecto/venta-de-departamento-3434-faisanes-iii-chorrillos-lima-lima-actual
30/12/2027,35.75 a 138 m2 total,Departamentos,1 a 3 dormitorios,1 unidad disponible,Piso 1,3 dorms.,138.00 m²,Modelo A106,Soles,"636,960",https://nexoinmobiliario.pe/proyecto/venta-de-departamento-3434-faisanes-iii-chorrillos-lima-lima-actual
30/12/2027,35.75 a 138 m2 total,Departamentos,1 a 3 dormitorios,10 unidades disponibles,Pisos 2 al 15,1 dorms.,39.32 m²,Modelo A1,Soles,"237,830",https://nexoinmobiliario.pe/proyecto/venta-de-departamento-3434-faisanes-iii-chorrillos-lima-lima-actual
30/12/2027,35.75 a 138 m2 total,Departamentos,1 a 3 dormitorios,7 unidades disponibles,Pisos 2 al 8,1 dorms.,38.74 m²,Modelo A2,Soles,"241,960",https://nexoinmobiliario.pe/proyecto/venta-de-departamento-3434-faisanes-iii-chorrillos-lima-lima-actual
30/12/2027,35.75 a 138 m2 total,Departamentos,1 a 3 dormitorios,11 unidades disponibles,Pisos 2 al 15,2 dorms.,54.68 m²,Modelo A3,Soles,"299,570",https://nexoinmobiliario.pe/proyecto/venta-de-departamento-3434-faisanes-iii-chorrillos-lima-lima-actual
30/12/2026,50.27 a 72.71 m2 total,Departamentos,2 a 3 dormitorios,2 unidades disponibles,Pisos 11 y 13,3 dorms.,70.25 m²,Modelo 1,Soles,"330,000",https://nexoinmobiliario.pe/proyecto/venta-de-departamento-3497-florece-etapa-2-chorrillos-lima-lima-la-muralla
30/12/2026,50.27 a 72.71 m2 total,Departamentos,2 a 3 dormitorios,1 unidad disponible,Piso 10,2 dorms.,56.51 m²,Modelo 4,Soles,"263,000",https://nexoinmobiliario.pe/proyecto/venta-de-departamento-3497-florece-etapa-2-chorrillos-lima-lima-la-muralla
30/12/2026,50.27 a 72.71 m2 total,Departamentos,2 a 3 dormitorios,3 unidades disponibles,"Pisos 2, 3, 6",2 dorms.,50.27 m²,Modelo 5,Soles,"243,675",https://nexoinmobiliario.pe/proyecto/venta-de-departamento-3497-florece-etapa-2-chorrillos-lima-lima-la-muralla
30/12/2026,50.27 a 72.71 m2 total,Departamentos,2 a 3 dormitorios,8 unidades disponibles,Pisos 4 al 12,3 dorms.,66.26 m²,Modelo 6,Soles,"290,700",https://nexoinmobiliario.pe/proyecto/venta-de-departamento-3497-florece-etapa-2-chorrillos-lima-lima-la-muralla
30/12/2026,50.27 a 72.71 m2 total,Departamentos,2 a 3 dormitorios,1 unidad disponible,Piso 9,3 dorms.,65.97 m²,Modelo 7,Soles,"304,000",https://nexoinmobiliario.pe/proyecto/venta-de-departamento-3497-florece-etapa-2-chorrillos-lima-lima-la-muralla
30/12/2026,50.27 a 72.71 m2 total,Departamentos,2 a 3 dormitorios,2 unidades disponibles,Pisos 11 y 12,3 dorms.,72.71 m²,Modelo 8,Soles,"354,000",https://nexoinmobiliario.pe/proyecto/venta-de-departamento-3497-florece-etapa-2-chorrillos-lima-lima-la-muralla
28/02/2027,40 a 69.40 m2 total,Departamentos,1 a 3 dormitorios,2 unidades disponibles,Pisos 2 y 3,2 dorms.,64.80 m²,Modelo Tipo 8,Soles,"328,050",https://nexoinmobiliario.pe/proyecto/venta-de-departamento-3535-quinta-villa-chorrillos-lima-lima-puerta-de-tierra
28/02/2027,40 a 69.40 m2 total,Departamentos,1 a 3 dormitorios,1 unidad disponible,Piso 1,2 dorms.,63.20 m²,Modelo Tipo 104,Soles,"319,949",https://nexoinmobiliario.pe/proyecto/venta-de-departamento-3535-quinta-villa-chorrillos-lima-lima-puerta-de-tierra
28/02/2027,40 a 69.40 m2 total,Departamentos,1 a 3 dormitorios,1 unidad disponible,Piso 1,1 dorms.,40.00 m²,Modelo Tipo 2,Soles,"222,150",https://nexoinmobiliario.pe/proyecto/venta-de-departamento-3535-quinta-villa-chorrillos-lima-lima-puerta-de-tierra
28/02/2027,40 a 69.40 m2 total,Departamentos,1 a 3 dormitorios,1 unidad disponible,Piso 1,2 dorms.,44.04 m²,Modelo Tipo 3,Soles,"222,952",https://nexoinmobiliario.pe/proyecto/venta-de-departamento-3535-quinta-villa-chorrillos-lima-lima-puerta-de-tierra
28/02/2027,40 a 69.40 m2 total,Departamentos,1 a 3 dormitorios,2 unidades disponibles,Pisos 2 y 3,3 dorms.,66.20 m²,Modelo Tipo 5,Soles,"335,138",https://nexoinmobiliario.pe/proyecto/venta-de-departamento-3535-quinta-villa-chorrillos-lima-lima-puerta-de-tierra
28/02/2027,40 a 69.40 m2 total,Departamentos,1 a 3 dormitorios,2 unidades disponibles,Pisos 2 y 3,3 dorms.,63.80 m²,Modelo Tipo 7,Soles,"322,988",https://nexoinmobiliario.pe/proyecto/venta-de-departamento-3535-quinta-villa-chorrillos-lima-lima-puerta-de-tierra
31/07/2027,32.06 a 64.51 m2 total,Departamentos,1 a 3 dormitorios,1 unidad disponible,Piso 1,1 dorms.,38.05 m²,Modelo Bloque A Flat 102,Soles,"241,100",https://nexoinmobiliario.pe/proyecto/venta-de-departamento-3543-link-chorrillos-lima-lima-casaideal-inmobiliaria
31/07/2027,32.06 a 64.51 m2 total,Departamentos,1 a 3 dormitorios,1 unidad disponible,Piso 2,2 dorms.,58.75 m²,Modelo Bloque A Flat 208,Soles,"363,400",https://nexoinmobiliario.pe/proyecto/venta-de-departamento-3543-link-chorrillos-lima-lima-casaideal-inmobiliaria
31/07/2027,32.06 a 64.51 m2 total,Departamentos,1 a 3 dormitorios,4 unidades disponibles,"Pisos 4, 5, 6, 8",2 dorms.,46.78 m²,Modelo Bloque A Flat Típico 01,Soles,"278,600",https://nexoinmobiliario.pe/proyecto/venta-de-departamento-3543-link-chorrillos-lima-lima-casaideal-inmobiliaria
31/07/2027,32.06 a 64.51 m2 total,Departamentos,1 a 3 dormitorios,8 unidades disponibles,Pisos 2 al 17,3 dorms.,60.25 m²,Modelo Bloque A Flat Típico 02,Soles,"322,700",https://nexoinmobiliario.pe/proyecto/venta-de-departamento-3543-link-chorrillos-lima-lima-casaideal-inmobiliaria
31/07/2027,32.06 a 64.51 m2 total,Departamentos,1 a 3 dormitorios,4 unidades disponibles,"Pisos 3, 6, 8, 16",1 dorms.,33.60 m²,Modelo Bloque A Flat Típico 03,Soles,"217,200",https://nexoinmobiliario.pe/proyecto/venta-de-departamento-3543-link-chorrillos-lima-lima-casaideal-inmobiliaria
31/07/2027,32.06 a 64.51 m2 total,Departamentos,1 a 3 dormitorios,1 unidad disponible,Piso 6,3 dorms.,62.52 m²,Modelo Bloque A Flat Típico 04,Soles,"360,200",https://nexoinmobiliario.pe/proyecto/venta-de-departamento-3543-link-chorrillos-lima-lima-casaideal-inmobiliaria
