fecha,medidas,tipo,dormitorios,disponible,piso,dormitorios_cont,area,modelo,precio,proyecto_link
Entrega inmediata,77 m2 total,Departamentos,3 dormitorios,1 unidad disponible,Piso 13,3 dorms.,77.00 m²,Modelo X03 B,"525,000",https://nexoinmobiliario.pe/proyecto/venta-de-departamento-2263-jomy-pueblo-libre-lima-lima-avenir-grupo-inmobiliario
Entrega inmediata,59.97 a 63.86 m2 total,Departamentos,2 a 3 dormitorios,2 unidades disponibles,Pisos 12 y 15,3 dorms.,63.86 m²,Modelo 1,"415,340",https://nexoinmobiliario.pe/proyecto/venta-de-departamento-2418-simon-pueblo-libre-lima-lima-sembra-inmobiliaria
Entrega inmediata,59.97 a 63.86 m2 total,Departamentos,2 a 3 dormitorios,2 unidades disponibles,Pisos 7 y 9,2 dorms.,59.97 m²,Modelo 3,"389,975",https://nexoinmobiliario.pe/proyecto/venta-de-departamento-2418-simon-pueblo-libre-lima-lima-sembra-inmobiliaria
Entrega inmediata,45 a 73 m2 total,Departamentos,1 a 3 dormitorios,10 unidades disponibles,Pisos 4 al 20,1 dorms.,45.00 m²,Modelo X01,"285,100",https://nexoinmobiliario.pe/proyecto/venta-de-departamento-2445-bolivar-1209-pueblo-libre-lima-lima-ter-inmobiliaria
Entrega inmediata,45 a 73 m2 total,Departamentos,1 a 3 dormitorios,10 unidades disponibles,Pisos 8 al 23,3 dorms.,73.00 m²,Modelo X02,"482,250",https://nexoinmobiliario.pe/proyecto/venta-de-departamento-2445-bolivar-1209-pueblo-libre-lima-lima-ter-inmobiliaria
Entrega inmediata,45 a 73 m2 total,Departamentos,1 a 3 dormitorios,2 unidades disponibles,Pisos 9 y 10,3 dorms.,72.30 m²,Modelo X03,"491,299",https://nexoinmobiliario.pe/proyecto/venta-de-departamento-2445-bolivar-1209-pueblo-libre-lima-lima-ter-inmobiliaria
Entrega inmediata,55.83 a 124.70 m2 total,Departamentos,2 a 3 dormitorios,5 unidades disponibles,"Pisos 7, 13, 14, 15, 17",2 dorms.,55.83 m²,Modelo X01,"384,950",https://nexoinmobiliario.pe/proyecto/venta-de-departamento-2506-ocean-avenue-pueblo-libre-lima-lima-servipro
Entrega inmediata,55.83 a 124.70 m2 total,Departamentos,2 a 3 dormitorios,5 unidades disponibles,"Pisos 10, 12, 13, 16, 17",3 dorms.,70.16 m²,Modelo X02,"479,950",https://nexoinmobiliario.pe/proyecto/venta-de-departamento-2506-ocean-avenue-pueblo-libre-lima-lima-servipro
Entrega inmediata,55.83 a 124.70 m2 total,Departamentos,2 a 3 dormitorios,4 unidades disponibles,"Pisos 4, 7, 9, 18",2 dorms.,61.78 m²,Modelo X03,"404,950",https://nexoinmobiliario.pe/proyecto/venta-de-departamento-2506-ocean-avenue-pueblo-libre-lima-lima-servipro
Entrega inmediata,55.83 a 124.70 m2 total,Departamentos,2 a 3 dormitorios,1 unidad disponible,Piso 18,2 dorms.,56.85 m²,Modelo X04,"369,950",https://nexoinmobiliario.pe/proyecto/venta-de-departamento-2506-ocean-avenue-pueblo-libre-lima-lima-servipro
Entrega inmediata,74 a 93 m2 total,Departamentos,3 dormitorios,1 unidad disponible,Piso 8,3 dorms.,93.00 m²,Modelo TIPO 1,"709,000",https://nexoinmobiliario.pe/proyecto/venta-de-departamento-2622-park-living-pueblo-libre-lima-lima-ms-inmobiliaria
Entrega inmediata,74 a 93 m2 total,Departamentos,3 dormitorios,1 unidad disponible,Piso 11,3 dorms.,74.00 m²,Modelo TIPO 3,"499,000",https://nexoinmobiliario.pe/proyecto/venta-de-departamento-2622-park-living-pueblo-libre-lima-lima-ms-inmobiliaria
Entrega inmediata,66.69 a 84.90 m2 total,Departamentos,2 a 3 dormitorios,4 unidades disponibles,"Pisos 6, 14, 19, 22",3 dorms.,76.27 m²,Modelo MODELO 1,"540,000",https://nexoinmobiliario.pe/proyecto/venta-de-departamento-2649-brasil-1396-pueblo-libre-lima-lima-icasa-inmobiliaria
Entrega inmediata,66.69 a 84.90 m2 total,Departamentos,2 a 3 dormitorios,2 unidades disponibles,Pisos 12 y 14,3 dorms.,82.80 m²,Modelo MODELO 2K,"580,000",https://nexoinmobiliario.pe/proyecto/venta-de-departamento-2649-brasil-1396-pueblo-libre-lima-lima-icasa-inmobiliaria
Entrega inmediata,66.69 a 84.90 m2 total,Departamentos,2 a 3 dormitorios,2 unidades disponibles,Pisos 21 y 23,2 dorms.,66.69 m²,Modelo MODELO 2L,"455,000",https://nexoinmobiliario.pe/proyecto/venta-de-departamento-2649-brasil-1396-pueblo-libre-lima-lima-icasa-inmobiliaria
Entrega inmediata,66.69 a 84.90 m2 total,Departamentos,2 a 3 dormitorios,2 unidades disponibles,Pisos 5 y 6,3 dorms.,76.74 m²,Modelo MODELO 3H,"530,000",https://nexoinmobiliario.pe/proyecto/venta-de-departamento-2649-brasil-1396-pueblo-libre-lima-lima-icasa-inmobiliaria
Entrega inmediata,66.69 a 84.90 m2 total,Departamentos,2 a 3 dormitorios,5 unidades disponibles,"Pisos 2, 5, 6, 8, 13",3 dorms.,84.90 m²,Modelo MODELO 4A,"570,000",https://nexoinmobiliario.pe/proyecto/venta-de-departamento-2649-brasil-1396-pueblo-libre-lima-lima-icasa-inmobiliaria
Entrega inmediata,58.34 a 117.08 m2 total,Departamentos,2 a 3 dormitorios,1 unidad disponible,Piso 1,2 dorms.,85.21 m²,Modelo Piso 1 - X10,"460,814",https://nexoinmobiliario.pe/proyecto/venta-de-departamento-2730-emerald-pueblo-libre-2-pueblo-libre-lima-lima-fai-inmobiliaria
Entrega inmediata,58.34 a 117.08 m2 total,Departamentos,2 a 3 dormitorios,1 unidad disponible,Piso 1,2 dorms.,84.55 m²,Modelo Piso 1 - X11,"465,097",https://nexoinmobiliario.pe/proyecto/venta-de-departamento-2730-emerald-pueblo-libre-2-pueblo-libre-lima-lima-fai-inmobiliaria
Entrega inmediata,58.34 a 117.08 m2 total,Departamentos,2 a 3 dormitorios,1 unidad disponible,Piso 1,2 dorms.,75.27 m²,Modelo Piso 1 - X12,"457,397",https://nexoinmobiliario.pe/proyecto/venta-de-departamento-2730-emerald-pueblo-libre-2-pueblo-libre-lima-lima-fai-inmobiliaria
Entrega inmediata,58.34 a 117.08 m2 total,Departamentos,2 a 3 dormitorios,1 unidad disponible,Piso 2,2 dorms.,60.88 m²,Modelo Piso 2 - X1,"392,067",https://nexoinmobiliario.pe/proyecto/venta-de-departamento-2730-emerald-pueblo-libre-2-pueblo-libre-lima-lima-fai-inmobiliaria
Entrega inmediata,58.34 a 117.08 m2 total,Departamentos,2 a 3 dormitorios,1 unidad disponible,Piso 2,3 dorms.,64.07 m²,Modelo Piso 2 - X9,"412,611",https://nexoinmobiliario.pe/proyecto/venta-de-departamento-2730-emerald-pueblo-libre-2-pueblo-libre-lima-lima-fai-inmobiliaria
Entrega inmediata,58.34 a 117.08 m2 total,Departamentos,2 a 3 dormitorios,1 unidad disponible,Piso 2,2 dorms.,58.34 m²,Modelo Piso 2 - X10,"389,445",https://nexoinmobiliario.pe/proyecto/venta-de-departamento-2730-emerald-pueblo-libre-2-pueblo-libre-lima-lima-fai-inmobiliaria
31/08/2025,50.69 a 120.58 m2 total,Departamentos,3 dormitorios,2 unidades disponibles,Pisos 7 y 9,3 dorms.,74.00 m²,Modelo TIPO 4,"495,903",https://nexoinmobiliario.pe/proyecto/venta-de-departamento-2759-residencial-valenti-pueblo-libre-lima-lima-barqueros-inmobiliaria
31/08/2025,50.69 a 120.58 m2 total,Departamentos,3 dormitorios,5 unidades disponibles,"Pisos 4, 5, 6, 7, 10",3 dorms.,50.69 m²,Modelo TIPO 6,"323,065",https://nexoinmobiliario.pe/proyecto/venta-de-departamento-2759-residencial-valenti-pueblo-libre-lima-lima-barqueros-inmobiliaria
31/08/2025,50.69 a 120.58 m2 total,Departamentos,3 dormitorios,1 unidad disponible,Piso 11,3 dorms.,73.98 m²,Modelo TIPO 5,"495,903",https://nexoinmobiliario.pe/proyecto/venta-de-departamento-2759-residencial-valenti-pueblo-libre-lima-lima-barqueros-inmobiliaria
31/08/2025,50.69 a 120.58 m2 total,Departamentos,3 dormitorios,4 unidades disponibles,"Pisos 4, 7, 8, 9",3 dorms.,84.00 m²,Modelo TIPO 1,"686,035",https://nexoinmobiliario.pe/proyecto/venta-de-departamento-2759-residencial-valenti-pueblo-libre-lima-lima-barqueros-inmobiliaria
31/08/2025,50.69 a 120.58 m2 total,Departamentos,3 dormitorios,4 unidades disponibles,"Pisos 5, 8, 9, 10",3 dorms.,83.27 m²,Modelo TIPO 2,"614,895",https://nexoinmobiliario.pe/proyecto/venta-de-departamento-2759-residencial-valenti-pueblo-libre-lima-lima-barqueros-inmobiliaria
31/08/2025,50.69 a 120.58 m2 total,Departamentos,3 dormitorios,3 unidades disponibles,"Pisos 7, 9, 10",3 dorms.,81.15 m²,Modelo TIPO 3,"599,151",https://nexoinmobiliario.pe/proyecto/venta-de-departamento-2759-residencial-valenti-pueblo-libre-lima-lima-barqueros-inmobiliaria
Entrega inmediata,53.08 a 166.79 m2 total,Departamentos,1 a 2 dormitorios,1 unidad disponible,Piso 3,1 dorms.,59.48 m²,Modelo 5A,"408,967",https://nexoinmobiliario.pe/proyecto/venta-de-departamento-2805-florencia-pueblo-libre-lima-lima-paz
Entrega inmediata,53.08 a 166.79 m2 total,Departamentos,1 a 2 dormitorios,4 unidades disponibles,"Pisos 17, 19, 20, 21",2 dorms.,84.17 m²,Modelo 1,"577,765",https://nexoinmobiliario.pe/proyecto/venta-de-departamento-2805-florencia-pueblo-libre-lima-lima-paz
Entrega inmediata,53.08 a 166.79 m2 total,Departamentos,1 a 2 dormitorios,2 unidades disponibles,Pisos 3 y 4,2 dorms.,70.27 m²,Modelo 15,"506,526",https://nexoinmobiliario.pe/proyecto/venta-de-departamento-2805-florencia-pueblo-libre-lima-lima-paz
Entrega inmediata,53.08 a 166.79 m2 total,Departamentos,1 a 2 dormitorios,3 unidades disponibles,"Pisos 12, 13, 16",2 dorms.,57.27 m²,Modelo 3,"399,648",https://nexoinmobiliario.pe/proyecto/venta-de-departamento-2805-florencia-pueblo-libre-lima-lima-paz
Entrega inmediata,53.08 a 166.79 m2 total,Departamentos,1 a 2 dormitorios,4 unidades disponibles,"Pisos 11, 12, 15, 16",2 dorms.,58.39 m²,Modelo 4,"404,758",https://nexoinmobiliario.pe/proyecto/venta-de-departamento-2805-florencia-pueblo-libre-lima-lima-paz
Entrega inmediata,53.08 a 166.79 m2 total,Departamentos,1 a 2 dormitorios,4 unidades disponibles,"Pisos 18, 19, 20, 21",1 dorms.,57.94 m²,Modelo 5,"405,286",https://nexoinmobiliario.pe/proyecto/venta-de-departamento-2805-florencia-pueblo-libre-lima-lima-paz
31/12/2024,57.23 a 76.07 m2 total,Departamentos,2 dormitorios,1 unidad disponible,Piso 3,2 dorms.,57.23 m²,Modelo X02-A,"432,233",https://nexoinmobiliario.pe/proyecto/venta-de-departamento-2824-velvet-pueblo-libre-lima-lima-beca-inmobiliaria
31/12/2024,57.23 a 76.07 m2 total,Departamentos,2 dormitorios,1 unidad disponible,Piso 2,2 dorms.,68.28 m²,Modelo X03-A,"466,800",https://nexoinmobiliario.pe/proyecto/venta-de-departamento-2824-velvet-pueblo-libre-lima-lima-beca-inmobiliaria
31/12/2024,57.23 a 76.07 m2 total,Departamentos,2 dormitorios,1 unidad disponible,Piso 10,2 dorms.,76.07 m²,Modelo X03-B,"504,100",https://nexoinmobiliario.pe/proyecto/venta-de-departamento-2824-velvet-pueblo-libre-lima-lima-beca-inmobiliaria
30/01/2026,38.82 a 77.13 m2 total,Departamentos,1 a 3 dormitorios,1 unidad disponible,Piso 17,2 dorms.,61.32 m²,"Modelo AMT - 303,403,803 y 1703","427,056",https://nexoinmobiliario.pe/proyecto/venta-de-departamento-2940-amaranta-pueblo-libre-lima-lima-abril-grupo-inmobiliario
30/01/2026,38.82 a 77.13 m2 total,Departamentos,1 a 3 dormitorios,1 unidad disponible,Piso 12,1 dorms.,46.69 m²,Modelo AMT - 1201,"321,975",https://nexoinmobiliario.pe/proyecto/venta-de-departamento-2940-amaranta-pueblo-libre-lima-lima-abril-grupo-inmobiliario
30/01/2026,38.82 a 77.13 m2 total,Departamentos,1 a 3 dormitorios,2 unidades disponibles,Pisos 5 y 12,2 dorms.,62.35 m²,Modelo AMT - 503 y 1203,"420,361",https://nexoinmobiliario.pe/proyecto/venta-de-departamento-2940-amaranta-pueblo-libre-lima-lima-abril-grupo-inmobiliario
30/01/2026,38.82 a 77.13 m2 total,Departamentos,1 a 3 dormitorios,1 unidad disponible,Piso 12,3 dorms.,77.13 m²,Modelo AMT - 1204,"538,341",https://nexoinmobiliario.pe/proyecto/venta-de-departamento-2940-amaranta-pueblo-libre-lima-lima-abril-grupo-inmobiliario
30/01/2026,38.82 a 77.13 m2 total,Departamentos,1 a 3 dormitorios,1 unidad disponible,Piso 6,1 dorms.,45.94 m²,Modelo AMT - 601 y 701,"305,564",https://nexoinmobiliario.pe/proyecto/venta-de-departamento-2940-amaranta-pueblo-libre-lima-lima-abril-grupo-inmobiliario
30/01/2026,38.82 a 77.13 m2 total,Departamentos,1 a 3 dormitorios,2 unidades disponibles,Pisos 13 y 14,1 dorms.,45.68 m²,Modelo AMT - 1301 y 1401,"315,421",https://nexoinmobiliario.pe/proyecto/venta-de-departamento-2940-amaranta-pueblo-libre-lima-lima-abril-grupo-inmobiliario
01/09/2026,59.25 a 71.51 m2 total,Departamentos,2 a 3 dormitorios,11 unidades disponibles,Pisos 4 al 22,3 dorms.,71.51 m²,Modelo 1,"403,000",https://nexoinmobiliario.pe/proyecto/venta-de-departamento-2953-elysee-pueblo-libre-lima-lima-arteco
01/09/2026,59.25 a 71.51 m2 total,Departamentos,2 a 3 dormitorios,3 unidades disponibles,"Pisos 3, 11, 23",2 dorms.,59.25 m²,Modelo 2,"382,000",https://nexoinmobiliario.pe/proyecto/venta-de-departamento-2953-elysee-pueblo-libre-lima-lima-arteco
01/09/2026,59.25 a 71.51 m2 total,Departamentos,2 a 3 dormitorios,18 unidades disponibles,Pisos 2 al 23,2 dorms.,59.39 m²,Modelo 5,"378,000",https://nexoinmobiliario.pe/proyecto/venta-de-departamento-2953-elysee-pueblo-libre-lima-lima-arteco
01/09/2026,59.25 a 71.51 m2 total,Departamentos,2 a 3 dormitorios,7 unidades disponibles,Pisos 4 al 22,3 dorms.,71.17 m²,Modelo 6,"408,000",https://nexoinmobiliario.pe/proyecto/venta-de-departamento-2953-elysee-pueblo-libre-lima-lima-arteco
31/03/2026,38.50 a 77.34 m2 total,Departamentos,1 a 3 dormitorios,1 unidad disponible,Piso 16,2 dorms.,58.70 m²,Modelo T01,"390,700",https://nexoinmobiliario.pe/proyecto/venta-de-departamento-3017-ascenza-pueblo-libre-lima-lima-fcm-construcciones
31/03/2026,38.50 a 77.34 m2 total,Departamentos,1 a 3 dormitorios,1 unidad disponible,Piso 22,3 dorms.,73.20 m²,Modelo T04,"502,700",https://nexoinmobiliario.pe/proyecto/venta-de-departamento-3017-ascenza-pueblo-libre-lima-lima-fcm-construcciones
31/03/2026,38.50 a 77.34 m2 total,Departamentos,1 a 3 dormitorios,1 unidad disponible,Piso 8,3 dorms.,77.34 m²,Modelo T03,"502,710",https://nexoinmobiliario.pe/proyecto/venta-de-departamento-3017-ascenza-pueblo-libre-lima-lima-fcm-construcciones
31/03/2026,38.50 a 77.34 m2 total,Departamentos,1 a 3 dormitorios,1 unidad disponible,Piso 14,2 dorms.,56.85 m²,Modelo T05,"372,286",https://nexoinmobiliario.pe/proyecto/venta-de-departamento-3017-ascenza-pueblo-libre-lima-lima-fcm-construcciones
31/03/2026,38.50 a 77.34 m2 total,Departamentos,1 a 3 dormitorios,1 unidad disponible,Piso 16,3 dorms.,71.33 m²,Modelo T08,"459,000",https://nexoinmobiliario.pe/proyecto/venta-de-departamento-3017-ascenza-pueblo-libre-lima-lima-fcm-construcciones
31/03/2026,38.50 a 77.34 m2 total,Departamentos,1 a 3 dormitorios,1 unidad disponible,Piso 22,1 dorms.,38.50 m²,Modelo T06,"270,200",https://nexoinmobiliario.pe/proyecto/venta-de-departamento-3017-ascenza-pueblo-libre-lima-lima-fcm-construcciones
30/06/2026,32.60 a 61.98 m2 total,Departamentos,1 a 2 dormitorios,12 unidades disponibles,Pisos 4 al 21,2 dorms.,61.03 m²,Modelo X01,"365,796",https://nexoinmobiliario.pe/proyecto/venta-de-departamento-3036-edificio-piana-pueblo-libre-lima-lima-andiamo
30/06/2026,32.60 a 61.98 m2 total,Departamentos,1 a 2 dormitorios,8 unidades disponibles,Pisos 4 al 22,2 dorms.,52.30 m²,Modelo X02,"365,553",https://nexoinmobiliario.pe/proyecto/venta-de-departamento-3036-edificio-piana-pueblo-libre-lima-lima-andiamo
30/06/2026,32.60 a 61.98 m2 total,Departamentos,1 a 2 dormitorios,5 unidades disponibles,"Pisos 2, 4, 9, 10, 21",1 dorms.,32.60 m²,Modelo X03,"273,811",https://nexoinmobiliario.pe/proyecto/venta-de-departamento-3036-edificio-piana-pueblo-libre-lima-lima-andiamo
30/06/2026,32.60 a 61.98 m2 total,Departamentos,1 a 2 dormitorios,6 unidades disponibles,Pisos 2 al 22,2 dorms.,54.65 m²,Modelo X04,"357,736",https://nexoinmobiliario.pe/proyecto/venta-de-departamento-3036-edificio-piana-pueblo-libre-lima-lima-andiamo
30/06/2026,32.60 a 61.98 m2 total,Departamentos,1 a 2 dormitorios,5 unidades disponibles,"Pisos 11, 14, 15, 16, 22",2 dorms.,59.68 m²,Modelo X05,"400,864",https://nexoinmobiliario.pe/proyecto/venta-de-departamento-3036-edificio-piana-pueblo-libre-lima-lima-andiamo
28/02/2026,54 a 171 m2 total,Departamentos,1 a 4 dormitorios,6 unidades disponibles,Pisos 3 al 8,1 dorms.,54.00 m²,Modelo A,"374,000",https://nexoinmobiliario.pe/proyecto/venta-de-departamento-3110-8-de-octubre-pueblo-libre-lima-lima-constructora-mallorca
28/02/2026,54 a 171 m2 total,Departamentos,1 a 4 dormitorios,7 unidades disponibles,Pisos 3 al 10,3 dorms.,82.00 m²,Modelo B,"568,000",https://nexoinmobiliario.pe/proyecto/venta-de-departamento-3110-8-de-octubre-pueblo-libre-lima-lima-constructora-mallorca
28/02/2026,54 a 171 m2 total,Departamentos,1 a 4 dormitorios,1 unidad disponible,Piso 9,3 dorms.,74.00 m²,Modelo C,"499,200",https://nexoinmobiliario.pe/proyecto/venta-de-departamento-3110-8-de-octubre-pueblo-libre-lima-lima-constructora-mallorca
31/10/2026,41.25 a 139.15 m2 total,Departamentos,1 a 3 dormitorios,1 unidad disponible,Piso 1,1 dorms.,54.07 m²,Modelo TIPO C,"353,000",https://nexoinmobiliario.pe/proyecto/venta-de-departamento-3198-hernandez-1273-pueblo-libre-lima-lima-rb-grupo-inmobiliario
31/10/2026,41.25 a 139.15 m2 total,Departamentos,1 a 3 dormitorios,1 unidad disponible,Piso 1,2 dorms.,68.07 m²,Modelo TIPO A-101,"502,000",https://nexoinmobiliario.pe/proyecto/venta-de-departamento-3198-hernandez-1273-pueblo-libre-lima-lima-rb-grupo-inmobiliario
31/10/2026,41.25 a 139.15 m2 total,Departamentos,1 a 3 dormitorios,4 unidades disponibles,"Pisos 2, 3, 4, 5",1 dorms.,41.25 m²,Modelo TIPO 3,"260,000",https://nexoinmobiliario.pe/proyecto/venta-de-departamento-3198-hernandez-1273-pueblo-libre-lima-lima-rb-grupo-inmobiliario
31/10/2026,41.25 a 139.15 m2 total,Departamentos,1 a 3 dormitorios,5 unidades disponibles,"Pisos 2, 3, 4, 5, 6",1 dorms.,45.46 m²,Modelo TIPO 4,"299,000",https://nexoinmobiliario.pe/proyecto/venta-de-departamento-3198-hernandez-1273-pueblo-libre-lima-lima-rb-grupo-inmobiliario
31/10/2026,41.25 a 139.15 m2 total,Departamentos,1 a 3 dormitorios,5 unidades disponibles,"Pisos 2, 3, 4, 5, 6",2 dorms.,67.54 m²,Modelo TIPO 1,"459,000",https://nexoinmobiliario.pe/proyecto/venta-de-departamento-3198-hernandez-1273-pueblo-libre-lima-lima-rb-grupo-inmobiliario
31/10/2026,41.25 a 139.15 m2 total,Departamentos,1 a 3 dormitorios,5 unidades disponibles,"Pisos 2, 3, 4, 5, 6",2 dorms.,70.92 m²,Modelo TIPO 2,"482,000",https://nexoinmobiliario.pe/proyecto/venta-de-departamento-3198-hernandez-1273-pueblo-libre-lima-lima-rb-grupo-inmobiliario
30/09/2025,38.70 a 155.10 m2 total,Departamentos,3 dormitorios,1 unidad disponible,Piso 11,3 dorms.,38.70 m²,Modelo TIPO 2,"299,000",https://nexoinmobiliario.pe/proyecto/venta-de-departamento-3252-lienzo-park-live-pueblo-libre-lima-lima-ms-inmobiliaria
30/09/2025,38.70 a 155.10 m2 total,Departamentos,3 dormitorios,5 unidades disponibles,"Pisos 3, 6, 7, 8, 9",3 dorms.,68.00 m²,Modelo TIPO 1,"499,000",https://nexoinmobiliario.pe/proyecto/venta-de-departamento-3252-lienzo-park-live-pueblo-libre-lima-lima-ms-inmobiliaria
31/01/2026,57.58 a 72.42 m2 total,Departamentos,2 a 3 dormitorios,3 unidades disponibles,"Pisos 5, 6, 7",3 dorms.,72.42 m²,Modelo X01,"541,500",https://nexoinmobiliario.pe/proyecto/venta-de-departamento-3255-clovis-620-pueblo-libre-lima-lima-jopesa
31/01/2026,57.58 a 72.42 m2 total,Departamentos,2 a 3 dormitorios,2 unidades disponibles,Pisos 6 y 7,3 dorms.,71.32 m²,Modelo X02,"533,500",https://nexoinmobiliario.pe/proyecto/venta-de-departamento-3255-clovis-620-pueblo-libre-lima-lima-jopesa
31/01/2026,57.58 a 72.42 m2 total,Departamentos,2 a 3 dormitorios,6 unidades disponibles,Pisos 3 al 8,2 dorms.,58.95 m²,Modelo X03,"419,000",https://nexoinmobiliario.pe/proyecto/venta-de-departamento-3255-clovis-620-pueblo-libre-lima-lima-jopesa
31/01/2026,57.58 a 72.42 m2 total,Departamentos,2 a 3 dormitorios,3 unidades disponibles,"Pisos 3, 4, 6",2 dorms.,57.58 m²,Modelo X04,"400,000",https://nexoinmobiliario.pe/proyecto/venta-de-departamento-3255-clovis-620-pueblo-libre-lima-lima-jopesa
Entrega inmediata,70.30 a 115.82 m2 total,Departamentos,2 a 3 dormitorios,1 unidad disponible,Piso 1,3 dorms.,115.82 m²,Modelo 7,"713,880",https://nexoinmobiliario.pe/proyecto/venta-de-departamento-3259-the-landmark-pueblo-libre-lima-lima-platinum-group-inmobiliaria
Entrega inmediata,70.30 a 115.82 m2 total,Departamentos,2 a 3 dormitorios,2 unidades disponibles,Pisos 10 y 15,2 dorms.,70.30 m²,Modelo 1,"463,880",https://nexoinmobiliario.pe/proyecto/venta-de-departamento-3259-the-landmark-pueblo-libre-lima-lima-platinum-group-inmobiliaria
Entrega inmediata,70.30 a 115.82 m2 total,Departamentos,2 a 3 dormitorios,2 unidades disponibles,Pisos 4 y 5,3 dorms.,71.34 m²,Modelo 4,"439,880",https://nexoinmobiliario.pe/proyecto/venta-de-departamento-3259-the-landmark-pueblo-libre-lima-lima-platinum-group-inmobiliaria
30/12/2026,49.96 a 125.31 m2 total,Departamentos,1 a 2 dormitorios,1 unidad disponible,Piso 1,1 dorms.,79.12 m²,Modelo A-TIPO 06,"454,222",https://nexoinmobiliario.pe/proyecto/venta-de-departamento-3305-belalba-pueblo-libre-lima-lima-urbana-perú
30/12/2026,49.96 a 125.31 m2 total,Departamentos,1 a 2 dormitorios,14 unidades disponibles,Pisos 2 al 15,1 dorms.,62.44 m²,Modelo A-X01,"396,878",https://nexoinmobiliario.pe/proyecto/venta-de-departamento-3305-belalba-pueblo-libre-lima-lima-urbana-perú
30/12/2026,49.96 a 125.31 m2 total,Departamentos,1 a 2 dormitorios,12 unidades disponibles,Pisos 2 al 15,2 dorms.,67.34 m²,Modelo A-X02,"415,673",https://nexoinmobiliario.pe/proyecto/venta-de-departamento-3305-belalba-pueblo-libre-lima-lima-urbana-perú
30/12/2026,49.96 a 125.31 m2 total,Departamentos,1 a 2 dormitorios,9 unidades disponibles,Pisos 5 al 15,2 dorms.,80.17 m²,Modelo A-X04,"497,346",https://nexoinmobiliario.pe/proyecto/venta-de-departamento-3305-belalba-pueblo-libre-lima-lima-urbana-perú
30/12/2026,49.96 a 125.31 m2 total,Departamentos,1 a 2 dormitorios,13 unidades disponibles,Pisos 2 al 14,1 dorms.,59.40 m²,Modelo A-X05,"377,553",https://nexoinmobiliario.pe/proyecto/venta-de-departamento-3305-belalba-pueblo-libre-lima-lima-urbana-perú
30/12/2026,49.96 a 125.31 m2 total,Departamentos,1 a 2 dormitorios,12 unidades disponibles,Pisos 2 al 14,1 dorms.,58.99 m²,Modelo A-X06,"376,827",https://nexoinmobiliario.pe/proyecto/venta-de-departamento-3305-belalba-pueblo-libre-lima-lima-urbana-perú
28/02/2026,47.55 a 151.28 m2 total,Departamentos,1 a 4 dormitorios,1 unidad disponible,Piso 1,1 dorms.,47.55 m²,Modelo DPTO 101,"352,000",https://nexoinmobiliario.pe/proyecto/venta-de-departamento-3311-homely-pueblo-libre-lima-lima-grupo-sol
28/02/2026,47.55 a 151.28 m2 total,Departamentos,1 a 4 dormitorios,1 unidad disponible,Piso 1,3 dorms.,99.19 m²,Modelo DPTO 102,"697,000",https://nexoinmobiliario.pe/proyecto/venta-de-departamento-3311-homely-pueblo-libre-lima-lima-grupo-sol
28/02/2026,47.55 a 151.28 m2 total,Departamentos,1 a 4 dormitorios,4 unidades disponibles,"Pisos 2, 4, 5, 6",3 dorms.,66.60 m²,Modelo TIPO X03,"455,000",https://nexoinmobiliario.pe/proyecto/venta-de-departamento-3311-homely-pueblo-libre-lima-lima-grupo-sol
28/02/2026,47.55 a 151.28 m2 total,Departamentos,1 a 4 dormitorios,4 unidades disponibles,"Pisos 2, 3, 4, 6",3 dorms.,66.60 m²,Modelo TIPO X04,"455,000",https://nexoinmobiliario.pe/proyecto/venta-de-departamento-3311-homely-pueblo-libre-lima-lima-grupo-sol
28/02/2026,47.55 a 151.28 m2 total,Departamentos,1 a 4 dormitorios,1 unidad disponible,Piso 3,3 dorms.,76.49 m²,Modelo TIPO X01B,"577,000",https://nexoinmobiliario.pe/proyecto/venta-de-departamento-3311-homely-pueblo-libre-lima-lima-grupo-sol
31/07/2027,37.77 a 70.15 m2 total,Departamentos,1 a 3 dormitorios,5 unidades disponibles,"Pisos 5, 7, 9, 10, 11",1 dorms.,37.77 m²,Modelo AVE-1-X01,"261,480",https://nexoinmobiliario.pe/proyecto/venta-de-departamento-3322-avellana-pueblo-libre-lima-lima-abril-grupo-inmobiliario
31/07/2027,37.77 a 70.15 m2 total,Departamentos,1 a 3 dormitorios,1 unidad disponible,Piso 12,3 dorms.,67.40 m²,Modelo AVE-1-X05,"427,342",https://nexoinmobiliario.pe/proyecto/venta-de-departamento-3322-avellana-pueblo-libre-lima-lima-abril-grupo-inmobiliario
31/07/2027,37.77 a 70.15 m2 total,Departamentos,1 a 3 dormitorios,21 unidades disponibles,Pisos 5 al 27,2 dorms.,53.55 m²,Modelo AVE-2-X03,"323,515",https://nexoinmobiliario.pe/proyecto/venta-de-departamento-3322-avellana-pueblo-libre-lima-lima-abril-grupo-inmobiliario
31/07/2027,37.77 a 70.15 m2 total,Departamentos,1 a 3 dormitorios,17 unidades disponibles,Pisos 6 al 27,3 dorms.,68.85 m²,Modelo AVE-2-X04,"417,302",https://nexoinmobiliario.pe/proyecto/venta-de-departamento-3322-avellana-pueblo-libre-lima-lima-abril-grupo-inmobiliario
31/07/2027,37.77 a 70.15 m2 total,Departamentos,1 a 3 dormitorios,13 unidades disponibles,Pisos 11 al 27,3 dorms.,70.15 m²,Modelo AVE-2-X05,"423,537",https://nexoinmobiliario.pe/proyecto/venta-de-departamento-3322-avellana-pueblo-libre-lima-lima-abril-grupo-inmobiliario
31/07/2027,37.77 a 70.15 m2 total,Departamentos,1 a 3 dormitorios,22 unidades disponibles,Pisos 3 al 27,2 dorms.,53.94 m²,Modelo AVE-2-X09,"325,995",https://nexoinmobiliario.pe/proyecto/venta-de-departamento-3322-avellana-pueblo-libre-lima-lima-abril-grupo-inmobiliario
31/07/2026,55.90 a 126.18 m2 total,Departamentos,2 a 3 dormitorios,5 unidades disponibles,"Pisos 2, 3, 4, 5, 6",2 dorms.,66.31 m²,Modelo X01,"375,000",https://nexoinmobiliario.pe/proyecto/venta-de-departamento-3343-edificio-ugarteche-pueblo-libre-lima-lima-quark-grupo-inmobiliario
31/07/2026,55.90 a 126.18 m2 total,Departamentos,2 a 3 dormitorios,3 unidades disponibles,"Pisos 2, 4, 5",2 dorms.,55.90 m²,Modelo X02,"364,900",https://nexoinmobiliario.pe/proyecto/venta-de-departamento-3343-edificio-ugarteche-pueblo-libre-lima-lima-quark-grupo-inmobiliario
30/12/2026,39.42 a 81.39 m2 total,Departamentos,1 a 3 dormitorios,1 unidad disponible,Piso 1,2 dorms.,80.53 m²,Modelo KAU - 104,"464,446",https://nexoinmobiliario.pe/proyecto/venta-de-departamento-3346-kauri-pueblo-libre-lima-lima-abril-grupo-inmobiliario
30/12/2026,39.42 a 81.39 m2 total,Departamentos,1 a 3 dormitorios,8 unidades disponibles,Pisos 4 al 20,1 dorms.,39.42 m²,Modelo KAU - 201 AL 2001,"243,900",https://nexoinmobiliario.pe/proyecto/venta-de-departamento-3346-kauri-pueblo-libre-lima-lima-abril-grupo-inmobiliario
30/12/2026,39.42 a 81.39 m2 total,Departamentos,1 a 3 dormitorios,14 unidades disponibles,Pisos 2 al 20,2 dorms.,55.69 m²,Modelo KAU - 202 AL 2002,"353,016",https://nexoinmobiliario.pe/proyecto/venta-de-departamento-3346-kauri-pueblo-libre-lima-lima-abril-grupo-inmobiliario
30/12/2026,39.42 a 81.39 m2 total,Departamentos,1 a 3 dormitorios,1 unidad disponible,Piso 2,2 dorms.,54.42 m²,Modelo KAU - 206,"370,109",https://nexoinmobiliario.pe/proyecto/venta-de-departamento-3346-kauri-pueblo-libre-lima-lima-abril-grupo-inmobiliario
30/12/2026,39.42 a 81.39 m2 total,Departamentos,1 a 3 dormitorios,1 unidad disponible,Piso 2,3 dorms.,79.56 m²,Modelo KAU - 210,"523,954",https://nexoinmobiliario.pe/proyecto/venta-de-departamento-3346-kauri-pueblo-libre-lima-lima-abril-grupo-inmobiliario
30/12/2026,39.42 a 81.39 m2 total,Departamentos,1 a 3 dormitorios,18 unidades disponibles,Pisos 2 al 20,2 dorms.,54.49 m²,"Modelo KAU - 211, 312 AL 2012","371,811",https://nexoinmobiliario.pe/proyecto/venta-de-departamento-3346-kauri-pueblo-libre-lima-lima-abril-grupo-inmobiliario
29/11/2025,63 a 162.50 m2 total,Departamentos,2 a 4 dormitorios,5 unidades disponibles,"Pisos 3, 4, 5, 7, 9",3 dorms.,76.00 m²,Modelo T3,"489,000",https://nexoinmobiliario.pe/proyecto/venta-de-departamento-3352-alameda-rio-grande-pueblo-libre-lima-lima-concreta-grupo-inmobiliario
29/11/2025,63 a 162.50 m2 total,Departamentos,2 a 4 dormitorios,1 unidad disponible,Piso 5,2 dorms.,63.00 m²,Modelo T4,"389,000",https://nexoinmobiliario.pe/proyecto/venta-de-departamento-3352-alameda-rio-grande-pueblo-libre-lima-lima-concreta-grupo-inmobiliario
29/11/2025,63 a 162.50 m2 total,Departamentos,2 a 4 dormitorios,2 unidades disponibles,Pisos 6 y 8,4 dorms.,90.50 m²,Modelo T5,"589,000",https://nexoinmobiliario.pe/proyecto/venta-de-departamento-3352-alameda-rio-grande-pueblo-libre-lima-lima-concreta-grupo-inmobiliario
31/08/2026,66.50 a 150 m2 total,Departamentos,2 a 3 dormitorios,1 unidad disponible,Piso 17,3 dorms.,69.50 m²,Modelo TIPO 1704,"429,000",https://nexoinmobiliario.pe/proyecto/venta-de-departamento-3422-top-living-pueblo-libre-lima-lima-ms-inmobiliaria
31/08/2026,66.50 a 150 m2 total,Departamentos,2 a 3 dormitorios,7 unidades disponibles,Pisos 3 al 9,3 dorms.,66.50 m²,Modelo TIPO 6,"424,300",https://nexoinmobiliario.pe/proyecto/venta-de-departamento-3422-top-living-pueblo-libre-lima-lima-ms-inmobiliaria
31/08/2026,66.50 a 150 m2 total,Departamentos,2 a 3 dormitorios,10 unidades disponibles,Pisos 4 al 16,3 dorms.,69.50 m²,Modelo TIPO 5,"429,000",https://nexoinmobiliario.pe/proyecto/venta-de-departamento-3422-top-living-pueblo-libre-lima-lima-ms-inmobiliaria
31/08/2026,66.50 a 150 m2 total,Departamentos,2 a 3 dormitorios,1 unidad disponible,Piso 19,3 dorms.,78.50 m²,Modelo TIPO 1904,"495,775",https://nexoinmobiliario.pe/proyecto/venta-de-departamento-3422-top-living-pueblo-libre-lima-lima-ms-inmobiliaria
31/08/2026,66.50 a 150 m2 total,Departamentos,2 a 3 dormitorios,1 unidad disponible,Piso 18,3 dorms.,107.50 m²,Modelo TIPO 1804,"673,125",https://nexoinmobiliario.pe/proyecto/venta-de-departamento-3422-top-living-pueblo-libre-lima-lima-ms-inmobiliaria
31/08/2026,66.50 a 150 m2 total,Departamentos,2 a 3 dormitorios,12 unidades disponibles,Pisos 4 al 15,3 dorms.,75.20 m²,Modelo TIPO 4,"474,480",https://nexoinmobiliario.pe/proyecto/venta-de-departamento-3422-top-living-pueblo-libre-lima-lima-ms-inmobiliaria
31/12/2026,38.26 a 146.69 m2 total,Departamentos,1 a 3 dormitorios,1 unidad disponible,Piso 1,1 dorms.,69.38 m²,Modelo 101,"403,618",https://nexoinmobiliario.pe/proyecto/venta-de-departamento-3495-pietra-liberta-pueblo-libre-lima-lima-rumi-grupo-inmobiliario
31/12/2026,38.26 a 146.69 m2 total,Departamentos,1 a 3 dormitorios,3 unidades disponibles,"Pisos 2, 3, 4",2 dorms.,61.38 m²,Modelo X01A,"396,310",https://nexoinmobiliario.pe/proyecto/venta-de-departamento-3495-pietra-liberta-pueblo-libre-lima-lima-rumi-grupo-inmobiliario
31/12/2026,38.26 a 146.69 m2 total,Departamentos,1 a 3 dormitorios,1 unidad disponible,Piso 5,3 dorms.,68.88 m²,Modelo X02A,"433,483",https://nexoinmobiliario.pe/proyecto/venta-de-departamento-3495-pietra-liberta-pueblo-libre-lima-lima-rumi-grupo-inmobiliario
31/12/2026,38.26 a 146.69 m2 total,Departamentos,1 a 3 dormitorios,8 unidades disponibles,Pisos 2 al 9,2 dorms.,57.97 m²,Modelo X03,"380,573",https://nexoinmobiliario.pe/proyecto/venta-de-departamento-3495-pietra-liberta-pueblo-libre-lima-lima-rumi-grupo-inmobiliario
31/12/2026,38.26 a 146.69 m2 total,Departamentos,1 a 3 dormitorios,4 unidades disponibles,"Pisos 2, 3, 4, 5",3 dorms.,78.90 m²,Modelo X04A,"480,145",https://nexoinmobiliario.pe/proyecto/venta-de-departamento-3495-pietra-liberta-pueblo-libre-lima-lima-rumi-grupo-inmobiliario
31/12/2026,38.26 a 146.69 m2 total,Departamentos,1 a 3 dormitorios,1 unidad disponible,Piso 2,1 dorms.,40.78 m²,Modelo 205,"271,122",https://nexoinmobiliario.pe/proyecto/venta-de-departamento-3495-pietra-liberta-pueblo-libre-lima-lima-rumi-grupo-inmobiliario
30/05/2026,63.55 a 86.88 m2 total,Departamentos,1 a 3 dormitorios,2 unidades disponibles,Pisos 2 y 17,2 dorms.,75.92 m²,Modelo X03B,"477,500",https://nexoinmobiliario.pe/proyecto/venta-de-departamento-3509-del-rio-294-pueblo-libre-lima-lima-ecohabitat-desarrollo-inmobiliario
30/05/2026,63.55 a 86.88 m2 total,Departamentos,1 a 3 dormitorios,8 unidades disponibles,Pisos 2 al 14,2 dorms.,82.35 m²,Modelo X04,"469,500",https://nexoinmobiliario.pe/proyecto/venta-de-departamento-3509-del-rio-294-pueblo-libre-lima-lima-ecohabitat-desarrollo-inmobiliario
30/05/2026,63.55 a 86.88 m2 total,Departamentos,1 a 3 dormitorios,8 unidades disponibles,Pisos 7 al 16,3 dorms.,86.88 m²,Modelo X02A,"559,500",https://nexoinmobiliario.pe/proyecto/venta-de-departamento-3509-del-rio-294-pueblo-libre-lima-lima-ecohabitat-desarrollo-inmobiliario
30/05/2026,63.55 a 86.88 m2 total,Departamentos,1 a 3 dormitorios,8 unidades disponibles,Pisos 4 al 16,1 dorms.,63.55 m²,Modelo X03A,"375,000",https://nexoinmobiliario.pe/proyecto/venta-de-departamento-3509-del-rio-294-pueblo-libre-lima-lima-ecohabitat-desarrollo-inmobiliario
31/05/2027,48.30 a 82.10 m2 total,Departamentos,1 a 3 dormitorios,2 unidades disponibles,Piso 1,2 dorms.,55.50 m²,Modelo 1a,"368,200",https://nexoinmobiliario.pe/proyecto/venta-de-departamento-3538-dulanto-pueblo-libre-pueblo-libre-lima-lima-grupo-mg
31/05/2027,48.30 a 82.10 m2 total,Departamentos,1 a 3 dormitorios,1 unidad disponible,Piso 2,3 dorms.,61.30 m²,Modelo 1b,"409,800",https://nexoinmobiliario.pe/proyecto/venta-de-departamento-3538-dulanto-pueblo-libre-pueblo-libre-lima-lima-grupo-mg
31/05/2027,48.30 a 82.10 m2 total,Departamentos,1 a 3 dormitorios,4 unidades disponibles,"Pisos 9, 10, 11, 12",3 dorms.,65.00 m²,Modelo 1,"416,000",https://nexoinmobiliario.pe/proyecto/venta-de-departamento-3538-dulanto-pueblo-libre-pueblo-libre-lima-lima-grupo-mg
31/05/2027,48.30 a 82.10 m2 total,Departamentos,1 a 3 dormitorios,1 unidad disponible,Piso 2,1 dorms.,48.70 m²,Modelo 2b,"400,500",https://nexoinmobiliario.pe/proyecto/venta-de-departamento-3538-dulanto-pueblo-libre-pueblo-libre-lima-lima-grupo-mg
31/05/2027,48.30 a 82.10 m2 total,Departamentos,1 a 3 dormitorios,9 unidades disponibles,Pisos 1 al 12,3 dorms.,64.00 m²,Modelo 2,"380,100",https://nexoinmobiliario.pe/proyecto/venta-de-departamento-3538-dulanto-pueblo-libre-pueblo-libre-lima-lima-grupo-mg
31/05/2027,48.30 a 82.10 m2 total,Departamentos,1 a 3 dormitorios,1 unidad disponible,Piso 1,1 dorms.,48.30 m²,Modelo 3a,"286,880",https://nexoinmobiliario.pe/proyecto/venta-de-departamento-3538-dulanto-pueblo-libre-pueblo-libre-lima-lima-grupo-mg
31/05/2027,38.14 a 98.80 m2 total,Departamentos,1 a 3 dormitorios,6 unidades disponibles,Pisos 2 al 18,1 dorms.,44.19 m²,Modelo 1D+FLEX,"273,192",https://nexoinmobiliario.pe/proyecto/venta-de-departamento-3610-villa-alba-pueblo-libre-lima-lima-grupo-caral
31/05/2027,38.14 a 98.80 m2 total,Departamentos,1 a 3 dormitorios,8 unidades disponibles,Pisos 2 al 12,1 dorms.,40.39 m²,Modelo 1D-X02,"220,064",https://nexoinmobiliario.pe/proyecto/venta-de-departamento-3610-villa-alba-pueblo-libre-lima-lima-grupo-caral
31/05/2027,38.14 a 98.80 m2 total,Departamentos,1 a 3 dormitorios,3 unidades disponibles,"Pisos 2, 7, 12",3 dorms.,63.41 m²,Modelo 3D-X03,"380,515",https://nexoinmobiliario.pe/proyecto/venta-de-departamento-3610-villa-alba-pueblo-libre-lima-lima-grupo-caral
31/05/2027,38.14 a 98.80 m2 total,Departamentos,1 a 3 dormitorios,13 unidades disponibles,Pisos 2 al 19,3 dorms.,65.43 m²,Modelo 3D-X04,"388,461",https://nexoinmobiliario.pe/proyecto/venta-de-departamento-3610-villa-alba-pueblo-libre-lima-lima-grupo-caral
31/05/2027,38.14 a 98.80 m2 total,Departamentos,1 a 3 dormitorios,9 unidades disponibles,Pisos 3 al 11,2 dorms.,65.44 m²,Modelo 2D-X06,"358,800",https://nexoinmobiliario.pe/proyecto/venta-de-departamento-3610-villa-alba-pueblo-libre-lima-lima-grupo-caral
31/05/2027,38.14 a 98.80 m2 total,Departamentos,1 a 3 dormitorios,10 unidades disponibles,Pisos 2 al 11,2 dorms.,60.00 m²,Modelo 2D-X07,"346,533",https://nexoinmobiliario.pe/proyecto/venta-de-departamento-3610-villa-alba-pueblo-libre-lima-lima-grupo-caral
31/07/2027,33.93 a 68.66 m2 total,Departamentos,1 a 3 dormitorios,1 unidad disponible,Piso 2,2 dorms.,55.20 m²,Modelo Flat 201,"386,000",https://nexoinmobiliario.pe/proyecto/venta-de-departamento-3647-movento-pueblo-libre-lima-lima-madrid-inmobiliaria
31/07/2027,33.93 a 68.66 m2 total,Departamentos,1 a 3 dormitorios,13 unidades disponibles,Pisos 2 al 20,2 dorms.,48.75 m²,Modelo Flat Típico 03,"333,000",https://nexoinmobiliario.pe/proyecto/venta-de-departamento-3647-movento-pueblo-libre-lima-lima-madrid-inmobiliaria
31/07/2027,33.93 a 68.66 m2 total,Departamentos,1 a 3 dormitorios,7 unidades disponibles,Pisos 3 al 18,2 dorms.,54.89 m²,Modelo Flat Típico 01,"381,000",https://nexoinmobiliario.pe/proyecto/venta-de-departamento-3647-movento-pueblo-libre-lima-lima-madrid-inmobiliaria
31/07/2027,33.93 a 68.66 m2 total,Departamentos,1 a 3 dormitorios,5 unidades disponibles,"Pisos 3, 7, 8, 9, 19",1 dorms.,36.99 m²,Modelo Flat Típico 02,"264,000",https://nexoinmobiliario.pe/proyecto/venta-de-departamento-3647-movento-pueblo-libre-lima-lima-madrid-inmobiliaria
31/07/2027,33.93 a 68.66 m2 total,Departamentos,1 a 3 dormitorios,10 unidades disponibles,Pisos 4 al 20,3 dorms.,68.66 m²,Modelo Flat Típico 04,"413,000",https://nexoinmobiliario.pe/proyecto/venta-de-departamento-3647-movento-pueblo-libre-lima-lima-madrid-inmobiliaria
31/07/2027,33.93 a 68.66 m2 total,Departamentos,1 a 3 dormitorios,3 unidades disponibles,"Pisos 3, 4, 5",1 dorms.,33.93 m²,Modelo Flat Típico 05,"251,000",https://nexoinmobiliario.pe/proyecto/venta-de-departamento-3647-movento-pueblo-libre-lima-lima-madrid-inmobiliaria
30/11/2026,53.46 a 146.21 m2 total,Departamentos,2 a 3 dormitorios,2 unidades disponibles,Piso 1,2 dorms.,72.91 m²,Modelo Tipo 0,"430,000",https://nexoinmobiliario.pe/proyecto/venta-de-departamento-3806-edificio-matisse-pueblo-libre-lima-lima-mundo-verde
30/11/2026,53.46 a 146.21 m2 total,Departamentos,2 a 3 dormitorios,5 unidades disponibles,"Pisos 2, 3, 4, 6, 7",3 dorms.,72.87 m²,Modelo Tipo 1,"505,000",https://nexoinmobiliario.pe/proyecto/venta-de-departamento-3806-edificio-matisse-pueblo-libre-lima-lima-mundo-verde
30/11/2026,53.46 a 146.21 m2 total,Departamentos,2 a 3 dormitorios,5 unidades disponibles,"Pisos 2, 3, 4, 5, 6",2 dorms.,53.46 m²,Modelo Tipo 3,"380,000",https://nexoinmobiliario.pe/proyecto/venta-de-departamento-3806-edificio-matisse-pueblo-libre-lima-lima-mundo-verde
30/11/2026,53.46 a 146.21 m2 total,Departamentos,2 a 3 dormitorios,5 unidades disponibles,"Pisos 2, 4, 5, 6, 7",2 dorms.,63.17 m²,Modelo Tipo 4,"440,000",https://nexoinmobiliario.pe/proyecto/venta-de-departamento-3806-edificio-matisse-pueblo-libre-lima-lima-mundo-verde
31/12/2027,34 a 68.85 m2 total,Departamentos,1 a 3 dormitorios,18 unidades disponibles,Pisos 3 al 22,1 dorms.,34.00 m²,Modelo BON-X01,"204,565",https://nexoinmobiliario.pe/proyecto/venta-de-departamento-3831-bonsai-pueblo-libre-lima-lima-abril-grupo-inmobiliario
31/12/2027,34 a 68.85 m2 total,Departamentos,1 a 3 dormitorios,19 unidades disponibles,Pisos 3 al 22,2 dorms.,54.12 m²,Modelo BON-X04,"343,150",https://nexoinmobiliario.pe/proyecto/venta-de-departamento-3831-bonsai-pueblo-libre-lima-lima-abril-grupo-inmobiliario
31/12/2027,34 a 68.85 m2 total,Departamentos,1 a 3 dormitorios,19 unidades disponibles,Pisos 3 al 22,3 dorms.,64.43 m²,Modelo BON-X05,"396,284",https://nexoinmobiliario.pe/proyecto/venta-de-departamento-3831-bonsai-pueblo-libre-lima-lima-abril-grupo-inmobiliario
31/12/2027,34 a 68.85 m2 total,Departamentos,1 a 3 dormitorios,12 unidades disponibles,Pisos 4 al 22,2 dorms.,51.91 m²,Modelo BON-X09,"326,994",https://nexoinmobiliario.pe/proyecto/venta-de-departamento-3831-bonsai-pueblo-libre-lima-lima-abril-grupo-inmobiliario
31/12/2027,34 a 68.85 m2 total,Departamentos,1 a 3 dormitorios,11 unidades disponibles,Pisos 3 al 14,3 dorms.,68.85 m²,Modelo BON-X11A,"402,121",https://nexoinmobiliario.pe/proyecto/venta-de-departamento-3831-bonsai-pueblo-libre-lima-lima-abril-grupo-inmobiliario
31/12/2027,34 a 68.85 m2 total,Departamentos,1 a 3 dormitorios,2 unidades disponibles,Pisos 21 y 22,1 dorms.,35.46 m²,Modelo BON-X11C,"229,357",https://nexoinmobiliario.pe/proyecto/venta-de-departamento-3831-bonsai-pueblo-libre-lima-lima-abril-grupo-inmobiliario
31/12/2026,35.97 a 130.34 m2 total,Departamentos,1 a 3 dormitorios,1 unidad disponible,Piso,2 dorms.,70.50 m²,Modelo SS1,"437,656",https://nexoinmobiliario.pe/proyecto/venta-de-departamento-3853-amura-pueblo-libre-pueblo-libre-lima-lima-amura
31/12/2026,35.97 a 130.34 m2 total,Departamentos,1 a 3 dormitorios,1 unidad disponible,Piso 1,2 dorms.,50.33 m²,Modelo 101,"370,178",https://nexoinmobiliario.pe/proyecto/venta-de-departamento-3853-amura-pueblo-libre-pueblo-libre-lima-lima-amura
31/12/2026,35.97 a 130.34 m2 total,Departamentos,1 a 3 dormitorios,8 unidades disponibles,Pisos 1 al 8,1 dorms.,35.97 m²,Modelo X03,"272,705",https://nexoinmobiliario.pe/proyecto/venta-de-departamento-3853-amura-pueblo-libre-pueblo-libre-lima-lima-amura
31/12/2026,35.97 a 130.34 m2 total,Departamentos,1 a 3 dormitorios,5 unidades disponibles,"Pisos 1, 2, 3, 4, 5",2 dorms.,53.32 m²,Modelo X04-A,"372,076",https://nexoinmobiliario.pe/proyecto/venta-de-departamento-3853-amura-pueblo-libre-pueblo-libre-lima-lima-amura
31/12/2026,35.97 a 130.34 m2 total,Departamentos,1 a 3 dormitorios,3 unidades disponibles,"Pisos 2, 4, 7",3 dorms.,67.47 m²,Modelo X01-A,"466,640",https://nexoinmobiliario.pe/proyecto/venta-de-departamento-3853-amura-pueblo-libre-pueblo-libre-lima-lima-amura
31/12/2026,35.97 a 130.34 m2 total,Departamentos,1 a 3 dormitorios,5 unidades disponibles,"Pisos 2, 3, 4, 5, 6",2 dorms.,51.57 m²,Modelo X02,"390,993",https://nexoinmobiliario.pe/proyecto/venta-de-departamento-3853-amura-pueblo-libre-pueblo-libre-lima-lima-amura
30/12/2026,32.05 a 86.01 m2 total,Departamentos,1 a 3 dormitorios,1 unidad disponible,Piso 1,3 dorms.,86.01 m²,Modelo T1,"543,900",https://nexoinmobiliario.pe/proyecto/venta-de-departamento-3935-lara-pueblo-libre-lima-lima-af-constructecnia
30/12/2026,32.05 a 86.01 m2 total,Departamentos,1 a 3 dormitorios,6 unidades disponibles,Pisos 2 al 8,2 dorms.,45.46 m²,Modelo X01,"325,380",https://nexoinmobiliario.pe/proyecto/venta-de-departamento-3935-lara-pueblo-libre-lima-lima-af-constructecnia
30/12/2026,32.05 a 86.01 m2 total,Departamentos,1 a 3 dormitorios,7 unidades disponibles,Pisos 2 al 8,1 dorms.,32.05 m²,Modelo X02,"225,360",https://nexoinmobiliario.pe/proyecto/venta-de-departamento-3935-lara-pueblo-libre-lima-lima-af-constructecnia
30/12/2026,32.05 a 86.01 m2 total,Departamentos,1 a 3 dormitorios,6 unidades disponibles,Pisos 2 al 8,2 dorms.,48.17 m²,Modelo X03,"332,860",https://nexoinmobiliario.pe/proyecto/venta-de-departamento-3935-lara-pueblo-libre-lima-lima-af-constructecnia
30/12/2026,32.05 a 86.01 m2 total,Departamentos,1 a 3 dormitorios,7 unidades disponibles,Pisos 3 al 9,3 dorms.,64.12 m²,Modelo X04,"443,090",https://nexoinmobiliario.pe/proyecto/venta-de-departamento-3935-lara-pueblo-libre-lima-lima-af-constructecnia
30/12/2026,32.05 a 86.01 m2 total,Departamentos,1 a 3 dormitorios,1 unidad disponible,Piso 9,3 dorms.,65.42 m²,Modelo T902,"450,540",https://nexoinmobiliario.pe/proyecto/venta-de-departamento-3935-lara-pueblo-libre-lima-lima-af-constructecnia
31/12/2027,32.35 a 95.50 m2 total,Departamentos,1 a 2 dormitorios,17 unidades disponibles,Pisos 4 al 21,1 dorms.,32.35 m²,Modelo TIPO2,"209,500",https://nexoinmobiliario.pe/proyecto/venta-de-departamento-3937-eleva-155-pueblo-libre-lima-lima-inversiones-tierra-blanca
31/12/2027,32.35 a 95.50 m2 total,Departamentos,1 a 2 dormitorios,21 unidades disponibles,Pisos 3 al 23,2 dorms.,59.05 m²,Modelo TIPO1,"339,000",https://nexoinmobiliario.pe/proyecto/venta-de-departamento-3937-eleva-155-pueblo-libre-lima-lima-inversiones-tierra-blanca
31/12/2027,32.35 a 95.50 m2 total,Departamentos,1 a 2 dormitorios,21 unidades disponibles,Pisos 2 al 22,2 dorms.,49.49 m²,Modelo TIPO4,"307,000",https://nexoinmobiliario.pe/proyecto/venta-de-departamento-3937-eleva-155-pueblo-libre-lima-lima-inversiones-tierra-blanca
31/12/2027,32.35 a 95.50 m2 total,Departamentos,1 a 2 dormitorios,21 unidades disponibles,Pisos 2 al 22,2 dorms.,52.57 m²,Modelo TIPO3,"316,000",https://nexoinmobiliario.pe/proyecto/venta-de-departamento-3937-eleva-155-pueblo-libre-lima-lima-inversiones-tierra-blanca
31/01/2027,67 a 169 m2 total,Departamentos,2 a 3 dormitorios,1 unidad disponible,Piso 2,3 dorms.,101.50 m²,Modelo TIPO 1,"609,000",https://nexoinmobiliario.pe/proyecto/venta-de-departamento-3949-alto-rospigliosi-pueblo-libre-lima-lima-concreta-grupo-inmobiliario
31/01/2027,67 a 169 m2 total,Departamentos,2 a 3 dormitorios,7 unidades disponibles,Pisos 2 al 9,3 dorms.,82.50 m²,Modelo TIPO 3,"550,000",https://nexoinmobiliario.pe/proyecto/venta-de-departamento-3949-alto-rospigliosi-pueblo-libre-lima-lima-concreta-grupo-inmobiliario
31/01/2027,67 a 169 m2 total,Departamentos,2 a 3 dormitorios,7 unidades disponibles,Pisos 2 al 9,3 dorms.,67.00 m²,Modelo TIPO 4,"450,000",https://nexoinmobiliario.pe/proyecto/venta-de-departamento-3949-alto-rospigliosi-pueblo-libre-lima-lima-concreta-grupo-inmobiliario
30/09/2027,36.47 a 126.69 m2 total,Departamentos,1 a 3 dormitorios,10 unidades disponibles,Pisos 1 al 10,2 dorms.,56.67 m²,Modelo X01,"420,000",https://nexoinmobiliario.pe/proyecto/venta-de-departamento-3991-vianova-pueblo-libre-lima-lima-make-inmobiliaria
30/09/2027,36.47 a 126.69 m2 total,Departamentos,1 a 3 dormitorios,9 unidades disponibles,Pisos 1 al 10,2 dorms.,53.55 m²,Modelo X02,"401,000",https://nexoinmobiliario.pe/proyecto/venta-de-departamento-3991-vianova-pueblo-libre-lima-lima-make-inmobiliaria
30/09/2027,36.47 a 126.69 m2 total,Departamentos,1 a 3 dormitorios,9 unidades disponibles,Pisos 2 al 10,3 dorms.,71.19 m²,Modelo X03,"498,000",https://nexoinmobiliario.pe/proyecto/venta-de-departamento-3991-vianova-pueblo-libre-lima-lima-make-inmobiliaria
30/09/2027,36.47 a 126.69 m2 total,Departamentos,1 a 3 dormitorios,1 unidad disponible,Piso 11,3 dorms.,96.54 m²,Modelo X1101,"619,000",https://nexoinmobiliario.pe/proyecto/venta-de-departamento-3991-vianova-pueblo-libre-lima-lima-make-inmobiliaria
30/09/2027,36.47 a 126.69 m2 total,Departamentos,1 a 3 dormitorios,1 unidad disponible,Piso 11,3 dorms.,102.50 m²,Modelo X1102,"623,000",https://nexoinmobiliario.pe/proyecto/venta-de-departamento-3991-vianova-pueblo-libre-lima-lima-make-inmobiliaria
30/09/2027,36.47 a 126.69 m2 total,Departamentos,1 a 3 dormitorios,1 unidad disponible,Piso 11,3 dorms.,126.69 m²,Modelo X1103,"743,000",https://nexoinmobiliario.pe/proyecto/venta-de-departamento-3991-vianova-pueblo-libre-lima-lima-make-inmobiliaria
31/12/2026,48.50 a 119.48 m2 total,Departamentos,2 a 3 dormitorios,1 unidad disponible,Piso 1,3 dorms.,70.48 m²,Modelo Tipo A1,"480,176",https://nexoinmobiliario.pe/proyecto/venta-de-departamento-3993-casa-herrera-pueblo-libre-lima-lima-prospera-grupo-inmobiliario
31/12/2026,48.50 a 119.48 m2 total,Departamentos,2 a 3 dormitorios,9 unidades disponibles,Pisos 2 al 10,2 dorms.,48.50 m²,Modelo Tipo 1,"336,625",https://nexoinmobiliario.pe/proyecto/venta-de-departamento-3993-casa-herrera-pueblo-libre-lima-lima-prospera-grupo-inmobiliario
31/12/2026,48.50 a 119.48 m2 total,Departamentos,2 a 3 dormitorios,4 unidades disponibles,"Pisos 4, 7, 8, 10",2 dorms.,54.08 m²,Modelo Tipo2,"370,384",https://nexoinmobiliario.pe/proyecto/venta-de-departamento-3993-casa-herrera-pueblo-libre-lima-lima-prospera-grupo-inmobiliario
31/12/2026,48.50 a 119.48 m2 total,Departamentos,2 a 3 dormitorios,9 unidades disponibles,Pisos 2 al 11,3 dorms.,73.86 m²,Modelo Tipo 3,"490,053",https://nexoinmobiliario.pe/proyecto/venta-de-departamento-3993-casa-herrera-pueblo-libre-lima-lima-prospera-grupo-inmobiliario
30/06/2027,40 a 82 m2 total,Departamentos,1 a 3 dormitorios,1 unidad disponible,Piso 10,3 dorms.,82.00 m²,Modelo X01P,"536,928",https://nexoinmobiliario.pe/proyecto/venta-de-departamento-4005-galicia-park-pueblo-libre-lima-lima-mc-inversiones-inmobiliarias
30/06/2027,40 a 82 m2 total,Departamentos,1 a 3 dormitorios,2 unidades disponibles,Pisos 10 y 11,2 dorms.,57.00 m²,Modelo X02,"382,110",https://nexoinmobiliario.pe/proyecto/venta-de-departamento-4005-galicia-park-pueblo-libre-lima-lima-mc-inversiones-inmobiliarias
30/06/2027,40 a 82 m2 total,Departamentos,1 a 3 dormitorios,1 unidad disponible,Piso 10,1 dorms.,40.00 m²,Modelo X03,"281,718",https://nexoinmobiliario.pe/proyecto/venta-de-departamento-4005-galicia-park-pueblo-libre-lima-lima-mc-inversiones-inmobiliarias
30/06/2027,40 a 82 m2 total,Departamentos,1 a 3 dormitorios,1 unidad disponible,Piso 11,3 dorms.,81.00 m²,Modelo X01I,"530,348",https://nexoinmobiliario.pe/proyecto/venta-de-departamento-4005-galicia-park-pueblo-libre-lima-lima-mc-inversiones-inmobiliarias
31/05/2028,35.51 a 143.81 m2 total,Departamentos,1 a 3 dormitorios,1 unidad disponible,Piso 1,2 dorms.,40.32 m²,Modelo 101,"269,965",https://nexoinmobiliario.pe/proyecto/venta-de-departamento-4041-sucre-1005-pueblo-libre-lima-lima-granadero-inmobiliaria
31/05/2028,35.51 a 143.81 m2 total,Departamentos,1 a 3 dormitorios,16 unidades disponibles,Pisos 1 al 16,2 dorms.,54.53 m²,Modelo X01,"363,290",https://nexoinmobiliario.pe/proyecto/venta-de-departamento-4041-sucre-1005-pueblo-libre-lima-lima-granadero-inmobiliaria
31/05/2028,35.51 a 143.81 m2 total,Departamentos,1 a 3 dormitorios,16 unidades disponibles,Pisos 2 al 17,2 dorms.,53.35 m²,Modelo X02,"353,441",https://nexoinmobiliario.pe/proyecto/venta-de-departamento-4041-sucre-1005-pueblo-libre-lima-lima-granadero-inmobiliaria
31/05/2028,35.51 a 143.81 m2 total,Departamentos,1 a 3 dormitorios,15 unidades disponibles,Pisos 2 al 16,3 dorms.,70.04 m²,Modelo X03,"458,950",https://nexoinmobiliario.pe/proyecto/venta-de-departamento-4041-sucre-1005-pueblo-libre-lima-lima-granadero-inmobiliaria
31/05/2028,35.51 a 143.81 m2 total,Departamentos,1 a 3 dormitorios,4 unidades disponibles,"Pisos 2, 3, 4, 5",3 dorms.,61.53 m²,Modelo X04-A,"401,995",https://nexoinmobiliario.pe/proyecto/venta-de-departamento-4041-sucre-1005-pueblo-libre-lima-lima-granadero-inmobiliaria
31/05/2028,35.51 a 143.81 m2 total,Departamentos,1 a 3 dormitorios,4 unidades disponibles,"Pisos 2, 3, 4, 5",1 dorms.,36.97 m²,Modelo X05-A,"245,645",https://nexoinmobiliario.pe/proyecto/venta-de-departamento-4041-sucre-1005-pueblo-libre-lima-lima-granadero-inmobiliaria
Entrega inmediata,102.42 a 150.71 m2 total,Departamentos,2 a 3 dormitorios,1 unidad disponible,Piso 3,3 dorms.,102.42 m²,Modelo Tipologia 3',"1,136,000",https://nexoinmobiliario.pe/proyecto/venta-de-departamento-1929-edificio-eco-28-miraflores-lima-lima-fundamenta
Entrega inmediata,83.52 a 94.64 m2 total,Departamentos,2 dormitorios,6 unidades disponibles,Pisos 5 al 13,2 dorms.,93.39 m²,Modelo TIPO 1,"789,140",https://nexoinmobiliario.pe/proyecto/venta-de-departamento-1988-arequipa-miraflores-lima-lima-actual
Entrega inmediata,83.52 a 94.64 m2 total,Departamentos,2 dormitorios,1 unidad disponible,Piso 15,2 dorms.,87.78 m²,Modelo TIPO 2,"844,000",https://nexoinmobiliario.pe/proyecto/venta-de-departamento-1988-arequipa-miraflores-lima-lima-actual
Entrega inmediata,83.52 a 94.64 m2 total,Departamentos,2 dormitorios,1 unidad disponible,Piso 13,2 dorms.,94.64 m²,Modelo TIPO 5,"881,060",https://nexoinmobiliario.pe/proyecto/venta-de-departamento-1988-arequipa-miraflores-lima-lima-actual
Entrega inmediata,83.52 a 94.64 m2 total,Departamentos,2 dormitorios,5 unidades disponibles,"Pisos 7, 9, 10, 11, 12",2 dorms.,88.57 m²,Modelo TIPO 6,"787,050",https://nexoinmobiliario.pe/proyecto/venta-de-departamento-1988-arequipa-miraflores-lima-lima-actual
Entrega inmediata,83.52 a 94.64 m2 total,Departamentos,2 dormitorios,4 unidades disponibles,"Pisos 3, 4, 6, 7",2 dorms.,91.52 m²,Modelo TIPO 8,"759,480",https://nexoinmobiliario.pe/proyecto/venta-de-departamento-1988-arequipa-miraflores-lima-lima-actual
Entrega inmediata,83.52 a 94.64 m2 total,Departamentos,2 dormitorios,1 unidad disponible,Piso 1,2 dorms.,83.52 m²,Modelo 102,"673,530",https://nexoinmobiliario.pe/proyecto/venta-de-departamento-1988-arequipa-miraflores-lima-lima-actual
Entrega inmediata,84.99 a 109.28 m2 total,Departamentos,2 a 3 dormitorios,2 unidades disponibles,Pisos 7 y 11,3 dorms.,84.99 m²,Modelo X01,"220,000",https://nexoinmobiliario.pe/proyecto/venta-de-departamento-2072-la-mar-1055-miraflores-lima-lima-tale-inmobiliaria
30/06/2025,69.54 a 131.42 m2 total,Departamentos,2 a 3 dormitorios,5 unidades disponibles,"Pisos 3, 5, 6, 9, 11",3 dorms.,101.73 m²,Modelo Tipo 1,"964,272",https://nexoinmobiliario.pe/proyecto/venta-de-departamento-2226-schell-miraflores-lima-lima-volterra
30/06/2025,69.54 a 131.42 m2 total,Departamentos,2 a 3 dormitorios,1 unidad disponible,Piso 3,2 dorms.,69.54 m²,Modelo Tipo 3,"727,640",https://nexoinmobiliario.pe/proyecto/venta-de-departamento-2226-schell-miraflores-lima-lima-volterra
30/06/2025,69.54 a 131.42 m2 total,Departamentos,2 a 3 dormitorios,1 unidad disponible,Piso 10,2 dorms.,69.55 m²,Modelo Tipo 8,"700,669",https://nexoinmobiliario.pe/proyecto/venta-de-departamento-2226-schell-miraflores-lima-lima-volterra
30/06/2025,69.54 a 131.42 m2 total,Departamentos,2 a 3 dormitorios,3 unidades disponibles,"Pisos 7, 10, 11",2 dorms.,74.52 m²,Modelo Tipo 9,"689,605",https://nexoinmobiliario.pe/proyecto/venta-de-departamento-2226-schell-miraflores-lima-lima-volterra
Entrega inmediata,74.59 a 91.64 m2 total,Departamentos,1 a 3 dormitorios,3 unidades disponibles,"Pisos 9, 10, 12",3 dorms.,91.64 m²,Modelo X05,"187,000",https://nexoinmobiliario.pe/proyecto/venta-de-departamento-2302-marsano-2670-miraflores-lima-lima-tale-inmobiliaria
31/01/2026,47.35 a 81.07 m2 total,Departamentos,1 a 3 dormitorios,1 unidad disponible,Piso 21,2 dorms.,60.65 m²,Modelo 1,"499,400",https://nexoinmobiliario.pe/proyecto/venta-de-departamento-2417-piknik-park-miraflores-lima-lima-sembra-inmobiliaria
31/01/2026,47.35 a 81.07 m2 total,Departamentos,1 a 3 dormitorios,5 unidades disponibles,"Pisos 2, 4, 6, 10, 11",3 dorms.,74.21 m²,Modelo 4,"632,900",https://nexoinmobiliario.pe/proyecto/venta-de-departamento-2417-piknik-park-miraflores-lima-lima-sembra-inmobiliaria
31/01/2026,47.35 a 81.07 m2 total,Departamentos,1 a 3 dormitorios,6 unidades disponibles,Pisos 2 al 18,2 dorms.,67.45 m²,Modelo 2,"569,600",https://nexoinmobiliario.pe/proyecto/venta-de-departamento-2417-piknik-park-miraflores-lima-lima-sembra-inmobiliaria
31/01/2026,47.35 a 81.07 m2 total,Departamentos,1 a 3 dormitorios,2 unidades disponibles,Pisos 3 y 7,1 dorms.,47.35 m²,Modelo 5,"685,100",https://nexoinmobiliario.pe/proyecto/venta-de-departamento-2417-piknik-park-miraflores-lima-lima-sembra-inmobiliaria
30/06/2026,60.56 a 128.02 m2 total,Departamentos,1 a 2 dormitorios,1 unidad disponible,Piso 2,1 dorms.,74.61 m²,Modelo TIPO 202,"622,854",https://nexoinmobiliario.pe/proyecto/venta-de-departamento-2490-sonhos-miraflores-lima-lima-constructora-inarco
30/06/2026,60.56 a 128.02 m2 total,Departamentos,1 a 2 dormitorios,4 unidades disponibles,"Pisos 8, 10, 11, 12",1 dorms.,60.56 m²,Modelo TIPO 1,"535,379",https://nexoinmobiliario.pe/proyecto/venta-de-departamento-2490-sonhos-miraflores-lima-lima-constructora-inarco
30/06/2026,60.56 a 128.02 m2 total,Departamentos,1 a 2 dormitorios,3 unidades disponibles,"Pisos 3, 4, 5",1 dorms.,74.66 m²,Modelo TIPO 2,"625,854",https://nexoinmobiliario.pe/proyecto/venta-de-departamento-2490-sonhos-miraflores-lima-lima-constructora-inarco
30/06/2026,60.56 a 128.02 m2 total,Departamentos,1 a 2 dormitorios,3 unidades disponibles,"Pisos 3, 4, 5",2 dorms.,76.15 m²,Modelo TIPO 5,"734,309",https://nexoinmobiliario.pe/proyecto/venta-de-departamento-2490-sonhos-miraflores-lima-lima-constructora-inarco
30/06/2026,60.56 a 128.02 m2 total,Departamentos,1 a 2 dormitorios,3 unidades disponibles,"Pisos 3, 4, 5",2 dorms.,78.34 m²,Modelo TIPO 6,"680,270",https://nexoinmobiliario.pe/proyecto/venta-de-departamento-2490-sonhos-miraflores-lima-lima-constructora-inarco
30/06/2026,60.56 a 128.02 m2 total,Departamentos,1 a 2 dormitorios,3 unidades disponibles,"Pisos 7, 8, 9",1 dorms.,73.60 m²,Modelo TIPO 7,"629,390",https://nexoinmobiliario.pe/proyecto/venta-de-departamento-2490-sonhos-miraflores-lima-lima-constructora-inarco
Entrega inmediata,94.22 a 141.76 m2 total,Departamentos,2 a 3 dormitorios,1 unidad disponible,Piso 7,3 dorms.,97.18 m²,Modelo B.2F,"862,958",https://nexoinmobiliario.pe/proyecto/venta-de-departamento-2491-barrio-verde-miraflores-lima-lima-belgica-edificaciones
Entrega inmediata,94.22 a 141.76 m2 total,Departamentos,2 a 3 dormitorios,1 unidad disponible,Piso 4,3 dorms.,96.00 m²,Modelo B.3F,"800,000",https://nexoinmobiliario.pe/proyecto/venta-de-departamento-2491-barrio-verde-miraflores-lima-lima-belgica-edificaciones
Entrega inmediata,94.22 a 141.76 m2 total,Departamentos,2 a 3 dormitorios,2 unidades disponibles,Pisos 9 y 11,3 dorms.,94.22 m²,Modelo B.7F,"854,104",https://nexoinmobiliario.pe/proyecto/venta-de-departamento-2491-barrio-verde-miraflores-lima-lima-belgica-edificaciones
Entrega inmediata,122.20 a 256.30 m2 total,Departamentos,2 a 3 dormitorios,7 unidades disponibles,Pisos 4 al 15,2 dorms.,122.20 m²,Modelo TIPO 2,"919,362",https://nexoinmobiliario.pe/proyecto/venta-de-departamento-2508-lumiere-miraflores-lima-lima-grupo-tyc
Entrega inmediata,122.20 a 256.30 m2 total,Departamentos,2 a 3 dormitorios,1 unidad disponible,Piso 2,2 dorms.,126.45 m²,Modelo TIPO 3,"967,900",https://nexoinmobiliario.pe/proyecto/venta-de-departamento-2508-lumiere-miraflores-lima-lima-grupo-tyc
Entrega inmediata,122.20 a 256.30 m2 total,Departamentos,2 a 3 dormitorios,6 unidades disponibles,Pisos 3 al 16,2 dorms.,127.00 m²,Modelo TIPO 5,"953,958",https://nexoinmobiliario.pe/proyecto/venta-de-departamento-2508-lumiere-miraflores-lima-lima-grupo-tyc
Entrega inmediata,51.70 a 85.51 m2 total,Departamentos,1 a 3 dormitorios,1 unidad disponible,Piso 1,2 dorms.,85.51 m²,Modelo Tipo 2,"643,168",https://nexoinmobiliario.pe/proyecto/venta-de-departamento-2509-centrik-miraflores-lima-lima-inmobiliaria-ares
Entrega inmediata,51.70 a 85.51 m2 total,Departamentos,1 a 3 dormitorios,2 unidades disponibles,Pisos 6 y 8,2 dorms.,76.74 m²,Modelo Tipo 4,"699,243",https://nexoinmobiliario.pe/proyecto/venta-de-departamento-2509-centrik-miraflores-lima-lima-inmobiliaria-ares
Entrega inmediata,51.70 a 85.51 m2 total,Departamentos,1 a 3 dormitorios,2 unidades disponibles,Pisos 7 y 8,2 dorms.,62.17 m²,Modelo Tipo 6,"540,728",https://nexoinmobiliario.pe/proyecto/venta-de-departamento-2509-centrik-miraflores-lima-lima-inmobiliaria-ares
Entrega inmediata,51.70 a 85.51 m2 total,Departamentos,1 a 3 dormitorios,7 unidades disponibles,Pisos 2 al 8,3 dorms.,83.13 m²,Modelo Tipo 7,"722,960",https://nexoinmobiliario.pe/proyecto/venta-de-departamento-2509-centrik-miraflores-lima-lima-inmobiliaria-ares
Entrega inmediata,51.70 a 85.51 m2 total,Departamentos,1 a 3 dormitorios,2 unidades disponibles,Pisos 2 y 8,1 dorms.,51.70 m²,Modelo Tipo 8,"469,451",https://nexoinmobiliario.pe/proyecto/venta-de-departamento-2509-centrik-miraflores-lima-lima-inmobiliaria-ares
Entrega inmediata,51.70 a 85.51 m2 total,Departamentos,1 a 3 dormitorios,2 unidades disponibles,Pisos 5 y 7,2 dorms.,75.65 m²,Modelo Tipo 5,"689,240",https://nexoinmobiliario.pe/proyecto/venta-de-departamento-2509-centrik-miraflores-lima-lima-inmobiliaria-ares
Entrega inmediata,60.08 a 98.21 m2 total,Departamentos,1 a 2 dormitorios,1 unidad disponible,Piso 1,2 dorms.,92.94 m²,Modelo 101,"1,122,000",https://nexoinmobiliario.pe/proyecto/venta-de-departamento-2570-henko-miraflores-lima-lima-constructora-inarco
Entrega inmediata,60.08 a 98.21 m2 total,Departamentos,1 a 2 dormitorios,1 unidad disponible,Piso 1,2 dorms.,98.21 m²,Modelo 103,"1,153,000",https://nexoinmobiliario.pe/proyecto/venta-de-departamento-2570-henko-miraflores-lima-lima-constructora-inarco
Entrega inmediata,60.08 a 98.21 m2 total,Departamentos,1 a 2 dormitorios,1 unidad disponible,Piso 2,1 dorms.,72.98 m²,Modelo 201,"843,000",https://nexoinmobiliario.pe/proyecto/venta-de-departamento-2570-henko-miraflores-lima-lima-constructora-inarco
Entrega inmediata,60.08 a 98.21 m2 total,Departamentos,1 a 2 dormitorios,1 unidad disponible,Piso 2,1 dorms.,66.72 m²,Modelo 202,"764,000",https://nexoinmobiliario.pe/proyecto/venta-de-departamento-2570-henko-miraflores-lima-lima-constructora-inarco
Entrega inmediata,60.08 a 98.21 m2 total,Departamentos,1 a 2 dormitorios,2 unidades disponibles,Pisos 4 y 5,2 dorms.,83.25 m²,Modelo TIPO 1,"979,000",https://nexoinmobiliario.pe/proyecto/venta-de-departamento-2570-henko-miraflores-lima-lima-constructora-inarco
Entrega inmediata,60.08 a 98.21 m2 total,Departamentos,1 a 2 dormitorios,2 unidades disponibles,Pisos 4 y 8,1 dorms.,61.76 m²,Modelo TIPO 2,"748,000",https://nexoinmobiliario.pe/proyecto/venta-de-departamento-2570-henko-miraflores-lima-lima-constructora-inarco
Entrega inmediata,76.79 a 144.53 m2 total,Departamentos,2 a 3 dormitorios,1 unidad disponible,Piso 1,2 dorms.,87.01 m²,Modelo X04,"839,800",https://nexoinmobiliario.pe/proyecto/venta-de-departamento-2578-ramon-zavala-ii-miraflores-lima-lima-inmobiliaria-diegal
Entrega inmediata,76.79 a 144.53 m2 total,Departamentos,2 a 3 dormitorios,4 unidades disponibles,"Pisos 2, 3, 6, 8",3 dorms.,84.87 m²,Modelo X01,"892,050",https://nexoinmobiliario.pe/proyecto/venta-de-departamento-2578-ramon-zavala-ii-miraflores-lima-lima-inmobiliaria-diegal
Entrega inmediata,76.79 a 144.53 m2 total,Departamentos,2 a 3 dormitorios,5 unidades disponibles,"Pisos 2, 3, 4, 5, 6",2 dorms.,76.79 m²,Modelo X02,"744,800",https://nexoinmobiliario.pe/proyecto/venta-de-departamento-2578-ramon-zavala-ii-miraflores-lima-lima-inmobiliaria-diegal
Entrega inmediata,76.79 a 144.53 m2 total,Departamentos,2 a 3 dormitorios,2 unidades disponibles,Pisos 6 y 8,3 dorms.,83.77 m²,Modelo X03,"844,550",https://nexoinmobiliario.pe/proyecto/venta-de-departamento-2578-ramon-zavala-ii-miraflores-lima-lima-inmobiliaria-diegal
Entrega inmediata,44.58 a 120.70 m2 total,Departamentos,1 a 3 dormitorios,2 unidades disponibles,Piso 1,1 dorms.,44.58 m²,Modelo Tipo 19,"391,244",https://nexoinmobiliario.pe/proyecto/venta-de-departamento-2588-mandra-miraflores-lima-lima-grupo-tyc
Entrega inmediata,44.58 a 120.70 m2 total,Departamentos,1 a 3 dormitorios,4 unidades disponibles,"Pisos 1, 3, 5",2 dorms.,83.09 m²,Modelo Tipo 6,"722,204",https://nexoinmobiliario.pe/proyecto/venta-de-departamento-2588-mandra-miraflores-lima-lima-grupo-tyc
Entrega inmediata,44.58 a 120.70 m2 total,Departamentos,1 a 3 dormitorios,5 unidades disponibles,"Pisos 1, 3, 5, 6, 7",1 dorms.,44.58 m²,Modelo Tipo 7,"387,569",https://nexoinmobiliario.pe/proyecto/venta-de-departamento-2588-mandra-miraflores-lima-lima-grupo-tyc
Entrega inmediata,44.58 a 120.70 m2 total,Departamentos,1 a 3 dormitorios,1 unidad disponible,Piso 1,1 dorms.,49.58 m²,Modelo Tipo 8,"418,134",https://nexoinmobiliario.pe/proyecto/venta-de-departamento-2588-mandra-miraflores-lima-lima-grupo-tyc
Entrega inmediata,44.58 a 120.70 m2 total,Departamentos,1 a 3 dormitorios,2 unidades disponibles,Pisos 5 y 8,3 dorms.,100.26 m²,Modelo Tipo 1,"813,662",https://nexoinmobiliario.pe/proyecto/venta-de-departamento-2588-mandra-miraflores-lima-lima-grupo-tyc
Entrega inmediata,44.58 a 120.70 m2 total,Departamentos,1 a 3 dormitorios,2 unidades disponibles,Pisos 2 y 3,3 dorms.,103.62 m²,Modelo Tipo 2,"877,000",https://nexoinmobiliario.pe/proyecto/venta-de-departamento-2588-mandra-miraflores-lima-lima-grupo-tyc
Entrega inmediata,102 a 205 m2 total,Departamentos,2 a 3 dormitorios,1 unidad disponible,Piso 2,3 dorms.,102.00 m²,Modelo FLAT 204,"360,000",https://nexoinmobiliario.pe/proyecto/venta-de-departamento-2590-parque-blume-miraflores-lima-lima-aurora-grupo-inmobiliario
Entrega inmediata,102 a 205 m2 total,Departamentos,2 a 3 dormitorios,1 unidad disponible,Piso 7,3 dorms.,118.00 m²,Modelo FLAT TÍPICO 6,"415,000",https://nexoinmobiliario.pe/proyecto/venta-de-departamento-2590-parque-blume-miraflores-lima-lima-aurora-grupo-inmobiliario
31/08/2026,34.50 a 78.50 m2 total,Departamentos,1 a 2 dormitorios,1 unidad disponible,Piso 14,1 dorms.,41.50 m²,Modelo Tipo 1-A,"525,000",https://nexoinmobiliario.pe/proyecto/venta-de-departamento-2617-pardo-669-miraflores-lima-lima-v-v-grupo-inmobiliario
31/08/2026,34.50 a 78.50 m2 total,Departamentos,1 a 2 dormitorios,2 unidades disponibles,Pisos 2 y 20,2 dorms.,59.50 m²,Modelo Tipo 2-A,"742,000",https://nexoinmobiliario.pe/proyecto/venta-de-departamento-2617-pardo-669-miraflores-lima-lima-v-v-grupo-inmobiliario
31/08/2026,34.50 a 78.50 m2 total,Departamentos,1 a 2 dormitorios,1 unidad disponible,Piso 5,1 dorms.,41.50 m²,Modelo Tipo 3-A,"525,000",https://nexoinmobiliario.pe/proyecto/venta-de-departamento-2617-pardo-669-miraflores-lima-lima-v-v-grupo-inmobiliario
31/08/2026,34.50 a 78.50 m2 total,Departamentos,1 a 2 dormitorios,2 unidades disponibles,Pisos 2 y 7,1 dorms.,37.50 m²,Modelo Tipo 4-A,"429,000",https://nexoinmobiliario.pe/proyecto/venta-de-departamento-2617-pardo-669-miraflores-lima-lima-v-v-grupo-inmobiliario
31/08/2026,34.50 a 78.50 m2 total,Departamentos,1 a 2 dormitorios,1 unidad disponible,Piso 2,1 dorms.,36.50 m²,Modelo Tipo 5-A,"419,000",https://nexoinmobiliario.pe/proyecto/venta-de-departamento-2617-pardo-669-miraflores-lima-lima-v-v-grupo-inmobiliario
31/08/2026,34.50 a 78.50 m2 total,Departamentos,1 a 2 dormitorios,3 unidades disponibles,"Pisos 3, 8, 19",1 dorms.,38.00 m²,Modelo Tipo 6-A,"435,000",https://nexoinmobiliario.pe/proyecto/venta-de-departamento-2617-pardo-669-miraflores-lima-lima-v-v-grupo-inmobiliario
01/12/2026,76.05 a 151.60 m2 total,Departamentos,1 a 3 dormitorios,1 unidad disponible,Piso 1,1 dorms.,76.05 m²,Modelo TIPO 1,"663,390",https://nexoinmobiliario.pe/proyecto/venta-de-departamento-2642-rosario-in-miraflores-lima-lima-stella-inmobiliaria
01/12/2026,76.05 a 151.60 m2 total,Departamentos,1 a 3 dormitorios,1 unidad disponible,Piso 1,2 dorms.,110.64 m²,Modelo TIPO 2,"942,435",https://nexoinmobiliario.pe/proyecto/venta-de-departamento-2642-rosario-in-miraflores-lima-lima-stella-inmobiliaria
01/12/2026,76.05 a 151.60 m2 total,Departamentos,1 a 3 dormitorios,1 unidad disponible,Piso 2,2 dorms.,109.78 m²,Modelo TIPO 3,"947,700",https://nexoinmobiliario.pe/proyecto/venta-de-departamento-2642-rosario-in-miraflores-lima-lima-stella-inmobiliaria
01/12/2026,76.05 a 151.60 m2 total,Departamentos,1 a 3 dormitorios,1 unidad disponible,Piso 7,2 dorms.,107.80 m²,Modelo TIPO 6,"921,375",https://nexoinmobiliario.pe/proyecto/venta-de-departamento-2642-rosario-in-miraflores-lima-lima-stella-inmobiliaria
01/12/2026,76.05 a 151.60 m2 total,Departamentos,1 a 3 dormitorios,3 unidades disponibles,"Pisos 4, 6, 8",2 dorms.,109.02 m²,Modelo TIPO 7,"942,435",https://nexoinmobiliario.pe/proyecto/venta-de-departamento-2642-rosario-in-miraflores-lima-lima-stella-inmobiliaria
01/12/2026,76.05 a 151.60 m2 total,Departamentos,1 a 3 dormitorios,1 unidad disponible,Piso 8,1 dorms.,85.49 m²,Modelo TIPO 12,"737,100",https://nexoinmobiliario.pe/proyecto/venta-de-departamento-2642-rosario-in-miraflores-lima-lima-stella-inmobiliaria
31/12/2025,73.85 a 114.91 m2 total,Departamentos,2 a 3 dormitorios,1 unidad disponible,Piso 2,2 dorms.,114.91 m²,Modelo Tipo T1-207,"968,000",https://nexoinmobiliario.pe/proyecto/venta-de-departamento-2652-larco-791-miraflores-lima-lima-v-v-grupo-inmobiliario
31/12/2025,73.85 a 114.91 m2 total,Departamentos,2 a 3 dormitorios,1 unidad disponible,Piso 10,3 dorms.,73.85 m²,Modelo Tipo T1-X01,"791,000",https://nexoinmobiliario.pe/proyecto/venta-de-departamento-2652-larco-791-miraflores-lima-lima-v-v-grupo-inmobiliario
31/12/2025,73.85 a 114.91 m2 total,Departamentos,2 a 3 dormitorios,3 unidades disponibles,"Pisos 4, 6, 13",3 dorms.,93.70 m²,Modelo Tipo T1-X02,"913,000",https://nexoinmobiliario.pe/proyecto/venta-de-departamento-2652-larco-791-miraflores-lima-lima-v-v-grupo-inmobiliario
31/12/2025,73.85 a 114.91 m2 total,Departamentos,2 a 3 dormitorios,2 unidades disponibles,Pisos 8 y 9,3 dorms.,90.00 m²,Modelo Tipo T1-X06,"930,000",https://nexoinmobiliario.pe/proyecto/venta-de-departamento-2652-larco-791-miraflores-lima-lima-v-v-grupo-inmobiliario
31/12/2025,73.85 a 114.91 m2 total,Departamentos,2 a 3 dormitorios,2 unidades disponibles,Pisos 8 y 13,2 dorms.,90.39 m²,Modelo Tipo T1-X08,"938,000",https://nexoinmobiliario.pe/proyecto/venta-de-departamento-2652-larco-791-miraflores-lima-lima-v-v-grupo-inmobiliario
31/12/2025,73.85 a 114.91 m2 total,Departamentos,2 a 3 dormitorios,1 unidad disponible,Piso 3,3 dorms.,73.85 m²,Modelo Tipo T1-X10,"750,000",https://nexoinmobiliario.pe/proyecto/venta-de-departamento-2652-larco-791-miraflores-lima-lima-v-v-grupo-inmobiliario
30/06/2026,73.53 a 131.12 m2 total,Departamentos,1 a 2 dormitorios,4 unidades disponibles,"Pisos 5, 8, 12, 15",2 dorms.,112.43 m²,Modelo Tipo X01-A,"867,151",https://nexoinmobiliario.pe/proyecto/venta-de-departamento-2688-gracia-miraflores-lima-lima-urbana-perú
30/06/2026,73.53 a 131.12 m2 total,Departamentos,1 a 2 dormitorios,1 unidad disponible,Piso 2,2 dorms.,131.12 m²,Modelo Tipo 2,"963,118",https://nexoinmobiliario.pe/proyecto/venta-de-departamento-2688-gracia-miraflores-lima-lima-urbana-perú
30/06/2026,73.53 a 131.12 m2 total,Departamentos,1 a 2 dormitorios,1 unidad disponible,Piso 2,1 dorms.,85.62 m²,Modelo Tipo 3,"652,554",https://nexoinmobiliario.pe/proyecto/venta-de-departamento-2688-gracia-miraflores-lima-lima-urbana-perú
30/06/2026,73.53 a 131.12 m2 total,Departamentos,1 a 2 dormitorios,1 unidad disponible,Piso 2,1 dorms.,94.33 m²,Modelo Tipo 4,"703,824",https://nexoinmobiliario.pe/proyecto/venta-de-departamento-2688-gracia-miraflores-lima-lima-urbana-perú
30/06/2026,73.53 a 131.12 m2 total,Departamentos,1 a 2 dormitorios,4 unidades disponibles,"Pisos 6, 9, 11, 13",2 dorms.,112.43 m²,Modelo Tipo X01-B,"871,420",https://nexoinmobiliario.pe/proyecto/venta-de-departamento-2688-gracia-miraflores-lima-lima-urbana-perú
30/06/2026,73.53 a 131.12 m2 total,Departamentos,1 a 2 dormitorios,13 unidades disponibles,Pisos 3 al 15,2 dorms.,117.47 m²,Modelo Tipo X02,"915,083",https://nexoinmobiliario.pe/proyecto/venta-de-departamento-2688-gracia-miraflores-lima-lima-urbana-perú
Entrega inmediata,45.48 a 88.24 m2 total,Departamentos,1 a 3 dormitorios,1 unidad disponible,Piso 1,1 dorms.,88.24 m²,Modelo 7C,"656,439",https://nexoinmobiliario.pe/proyecto/venta-de-departamento-2779-central-apartments-la-mar-miraflores-lima-lima-paz
Entrega inmediata,45.48 a 88.24 m2 total,Departamentos,1 a 3 dormitorios,3 unidades disponibles,"Pisos 9, 11, 12",3 dorms.,86.11 m²,Modelo 1,"827,620",https://nexoinmobiliario.pe/proyecto/venta-de-departamento-2779-central-apartments-la-mar-miraflores-lima-lima-paz
Entrega inmediata,45.48 a 88.24 m2 total,Departamentos,1 a 3 dormitorios,7 unidades disponibles,Pisos 4 al 12,3 dorms.,85.62 m²,Modelo 3,"791,827",https://nexoinmobiliario.pe/proyecto/venta-de-departamento-2779-central-apartments-la-mar-miraflores-lima-lima-paz
Entrega inmediata,45.48 a 88.24 m2 total,Departamentos,1 a 3 dormitorios,3 unidades disponibles,"Pisos 3, 5, 6",1 dorms.,45.48 m²,Modelo 7A,"460,964",https://nexoinmobiliario.pe/proyecto/venta-de-departamento-2779-central-apartments-la-mar-miraflores-lima-lima-paz
30/07/2026,65.50 a 174.69 m2 total,Departamentos,2 a 3 dormitorios,1 unidad disponible,Piso 1,2 dorms.,89.72 m²,Modelo TIPO 3,"923,000",https://nexoinmobiliario.pe/proyecto/venta-de-departamento-2795-reducto-1421-miraflores-lima-lima-pionero-inmobiliaria
30/07/2026,65.50 a 174.69 m2 total,Departamentos,2 a 3 dormitorios,3 unidades disponibles,"Pisos 1, 6, 8",3 dorms.,84.38 m²,Modelo TIPO 2,"828,000",https://nexoinmobiliario.pe/proyecto/venta-de-departamento-2795-reducto-1421-miraflores-lima-lima-pionero-inmobiliaria
30/07/2026,65.50 a 174.69 m2 total,Departamentos,2 a 3 dormitorios,2 unidades disponibles,Pisos 2 y 6,3 dorms.,89.34 m²,Modelo TIPO 1,"846,000",https://nexoinmobiliario.pe/proyecto/venta-de-departamento-2795-reducto-1421-miraflores-lima-lima-pionero-inmobiliaria
30/07/2026,65.50 a 174.69 m2 total,Departamentos,2 a 3 dormitorios,2 unidades disponibles,Pisos 8 y 10,2 dorms.,69.08 m²,Modelo TIPO 5,"688,000",https://nexoinmobiliario.pe/proyecto/venta-de-departamento-2795-reducto-1421-miraflores-lima-lima-pionero-inmobiliaria
30/07/2026,65.50 a 174.69 m2 total,Departamentos,2 a 3 dormitorios,4 unidades disponibles,"Pisos 2, 7, 9, 11",2 dorms.,66.67 m²,Modelo TIPO 6,"550,000",https://nexoinmobiliario.pe/proyecto/venta-de-departamento-2795-reducto-1421-miraflores-lima-lima-pionero-inmobiliaria
30/07/2026,65.50 a 174.69 m2 total,Departamentos,2 a 3 dormitorios,3 unidades disponibles,"Pisos 2, 6, 8",2 dorms.,65.50 m²,Modelo TIPO 7,"659,000",https://nexoinmobiliario.pe/proyecto/venta-de-departamento-2795-reducto-1421-miraflores-lima-lima-pionero-inmobiliaria
31/08/2026,60.11 a 142.84 m2 total,Departamentos,2 a 3 dormitorios,1 unidad disponible,Piso 3,2 dorms.,60.93 m²,Modelo x08,"530,000",https://nexoinmobiliario.pe/proyecto/venta-de-departamento-2798-founder-miraflores-lima-lima-alerces-inmobiliaria
31/08/2026,60.11 a 142.84 m2 total,Departamentos,2 a 3 dormitorios,1 unidad disponible,Piso 6,2 dorms.,64.16 m²,Modelo x07,"550,000",https://nexoinmobiliario.pe/proyecto/venta-de-departamento-2798-founder-miraflores-lima-lima-alerces-inmobiliaria
31/08/2026,60.11 a 142.84 m2 total,Departamentos,2 a 3 dormitorios,2 unidades disponibles,Pisos 3 y 5,2 dorms.,62.74 m²,Modelo x06,"535,000",https://nexoinmobiliario.pe/proyecto/venta-de-departamento-2798-founder-miraflores-lima-lima-alerces-inmobiliaria
31/08/2026,60.11 a 142.84 m2 total,Departamentos,2 a 3 dormitorios,1 unidad disponible,Piso 4,2 dorms.,60.11 m²,Modelo x05,"512,000",https://nexoinmobiliario.pe/proyecto/venta-de-departamento-2798-founder-miraflores-lima-lima-alerces-inmobiliaria
31/08/2026,60.11 a 142.84 m2 total,Departamentos,2 a 3 dormitorios,1 unidad disponible,Piso 4,3 dorms.,83.94 m²,Modelo x04,"686,000",https://nexoinmobiliario.pe/proyecto/venta-de-departamento-2798-founder-miraflores-lima-lima-alerces-inmobiliaria
31/08/2026,60.11 a 142.84 m2 total,Departamentos,2 a 3 dormitorios,1 unidad disponible,Piso 6,3 dorms.,82.98 m²,Modelo x03,"682,000",https://nexoinmobiliario.pe/proyecto/venta-de-departamento-2798-founder-miraflores-lima-lima-alerces-inmobiliaria
30/06/2027,55.50 a 79 m2 total,Departamentos,1 a 2 dormitorios,6 unidades disponibles,Pisos 12 al 20,1 dorms.,56.50 m²,Modelo 1,"504,302",https://nexoinmobiliario.pe/proyecto/venta-de-departamento-2816-hype-miraflores-lima-lima-capac-asociados
30/06/2027,55.50 a 79 m2 total,Departamentos,1 a 2 dormitorios,3 unidades disponibles,"Pisos 17, 19, 20",1 dorms.,56.50 m²,Modelo 2,"509,678",https://nexoinmobiliario.pe/proyecto/venta-de-departamento-2816-hype-miraflores-lima-lima-capac-asociados
30/06/2027,55.50 a 79 m2 total,Departamentos,1 a 2 dormitorios,10 unidades disponibles,Pisos 9 al 19,1 dorms.,57.75 m²,Modelo 3,"572,044",https://nexoinmobiliario.pe/proyecto/venta-de-departamento-2816-hype-miraflores-lima-lima-capac-asociados
30/06/2027,55.50 a 79 m2 total,Departamentos,1 a 2 dormitorios,4 unidades disponibles,"Pisos 13, 15, 18, 20",1 dorms.,55.50 m²,Modelo 4,"543,011",https://nexoinmobiliario.pe/proyecto/venta-de-departamento-2816-hype-miraflores-lima-lima-capac-asociados
30/06/2027,55.50 a 79 m2 total,Departamentos,1 a 2 dormitorios,9 unidades disponibles,Pisos 11 al 20,1 dorms.,56.50 m²,Modelo 5,"507,527",https://nexoinmobiliario.pe/proyecto/venta-de-departamento-2816-hype-miraflores-lima-lima-capac-asociados
30/06/2027,55.50 a 79 m2 total,Departamentos,1 a 2 dormitorios,8 unidades disponibles,Pisos 11 al 20,1 dorms.,56.25 m²,Modelo 6,"601,076",https://nexoinmobiliario.pe/proyecto/venta-de-departamento-2816-hype-miraflores-lima-lima-capac-asociados
Entrega inmediata,98.90 a 175.02 m2 total,Departamentos,2 a 3 dormitorios,1 unidad disponible,Piso 1,2 dorms.,147.80 m²,Modelo 101,"299,000",https://nexoinmobiliario.pe/proyecto/venta-de-departamento-2880-rosario-240-miraflores-lima-lima-sembra-inmobiliaria
Entrega inmediata,98.90 a 175.02 m2 total,Departamentos,2 a 3 dormitorios,1 unidad disponible,Piso 7,3 dorms.,98.90 m²,Modelo 701,"265,000",https://nexoinmobiliario.pe/proyecto/venta-de-departamento-2880-rosario-240-miraflores-lima-lima-sembra-inmobiliaria
30/12/2025,32.49 a 80.94 m2 total,Departamentos,1 a 2 dormitorios,2 unidades disponibles,Pisos 4 y 6,2 dorms.,59.54 m²,Modelo X03-Torre1,"698,008",https://nexoinmobiliario.pe/proyecto/venta-de-departamento-2920-abstract-miraflores-lima-lima-urbana-perú
30/12/2025,32.49 a 80.94 m2 total,Departamentos,1 a 2 dormitorios,2 unidades disponibles,Pisos 9 y 10,1 dorms.,33.32 m²,Modelo X04-Torre1,"395,618",https://nexoinmobiliario.pe/proyecto/venta-de-departamento-2920-abstract-miraflores-lima-lima-urbana-perú
30/12/2025,32.49 a 80.94 m2 total,Departamentos,1 a 2 dormitorios,3 unidades disponibles,"Pisos 2, 3, 10",1 dorms.,32.99 m²,Modelo X05-Torre1,"383,436",https://nexoinmobiliario.pe/proyecto/venta-de-departamento-2920-abstract-miraflores-lima-lima-urbana-perú
30/12/2025,32.49 a 80.94 m2 total,Departamentos,1 a 2 dormitorios,4 unidades disponibles,"Pisos 2, 3, 9, 10",1 dorms.,34.84 m²,Modelo X06-Torre1,"370,593",https://nexoinmobiliario.pe/proyecto/venta-de-departamento-2920-abstract-miraflores-lima-lima-urbana-perú
30/12/2025,32.49 a 80.94 m2 total,Departamentos,1 a 2 dormitorios,1 unidad disponible,Piso 7,1 dorms.,50.58 m²,Modelo X02-Torre1,"610,853",https://nexoinmobiliario.pe/proyecto/venta-de-departamento-2920-abstract-miraflores-lima-lima-urbana-perú
30/12/2025,32.49 a 80.94 m2 total,Departamentos,1 a 2 dormitorios,1 unidad disponible,Piso 10,1 dorms.,80.94 m²,Modelo Y02-Torre1,"1,015,468",https://nexoinmobiliario.pe/proyecto/venta-de-departamento-2920-abstract-miraflores-lima-lima-urbana-perú
31/03/2026,55.08 a 106.12 m2 total,Departamentos,1 a 2 dormitorios,1 unidad disponible,Piso 2,1 dorms.,55.08 m²,Modelo X02,"572,970",https://nexoinmobiliario.pe/proyecto/venta-de-departamento-2936-litoral-900-miraflores-lima-lima-mirano
31/03/2026,55.08 a 106.12 m2 total,Departamentos,1 a 2 dormitorios,1 unidad disponible,Piso 2,1 dorms.,91.46 m²,Modelo 203,"884,647",https://nexoinmobiliario.pe/proyecto/venta-de-departamento-2936-litoral-900-miraflores-lima-lima-mirano
31/03/2026,55.08 a 106.12 m2 total,Departamentos,1 a 2 dormitorios,2 unidades disponibles,Pisos 4 y 9,2 dorms.,97.72 m²,Modelo X04,"1,016,532",https://nexoinmobiliario.pe/proyecto/venta-de-departamento-2936-litoral-900-miraflores-lima-lima-mirano
31/03/2026,55.08 a 106.12 m2 total,Departamentos,1 a 2 dormitorios,1 unidad disponible,Piso 2,2 dorms.,62.25 m²,Modelo X05,"579,392",https://nexoinmobiliario.pe/proyecto/venta-de-departamento-2936-litoral-900-miraflores-lima-lima-mirano
31/03/2026,55.08 a 106.12 m2 total,Departamentos,1 a 2 dormitorios,1 unidad disponible,Piso 2,2 dorms.,75.25 m²,Modelo 207,"734,090",https://nexoinmobiliario.pe/proyecto/venta-de-departamento-2936-litoral-900-miraflores-lima-lima-mirano
31/03/2026,55.08 a 106.12 m2 total,Departamentos,1 a 2 dormitorios,5 unidades disponibles,"Pisos 2, 3, 4, 5, 6",2 dorms.,75.25 m²,Modelo X08,"659,190",https://nexoinmobiliario.pe/proyecto/venta-de-departamento-2936-litoral-900-miraflores-lima-lima-mirano
30/10/2026,50.79 a 104.15 m2 total,Departamentos,1 a 2 dormitorios,5 unidades disponibles,"Pisos 1, 2, 3, 4, 5",2 dorms.,53.68 m²,Modelo Tipo 7,"496,738",https://nexoinmobiliario.pe/proyecto/venta-de-departamento-2951-pardo-coast-miraflores-lima-lima-grupo-t-c
30/10/2026,50.79 a 104.15 m2 total,Departamentos,1 a 2 dormitorios,13 unidades disponibles,Pisos 2 al 14,1 dorms.,50.79 m²,Modelo Tipo 1,"450,048",https://nexoinmobiliario.pe/proyecto/venta-de-departamento-2951-pardo-coast-miraflores-lima-lima-grupo-t-c
30/10/2026,50.79 a 104.15 m2 total,Departamentos,1 a 2 dormitorios,6 unidades disponibles,Pisos 3 al 22,2 dorms.,66.26 m²,Modelo Tipo 2,"712,031",https://nexoinmobiliario.pe/proyecto/venta-de-departamento-2951-pardo-coast-miraflores-lima-lima-grupo-t-c
30/10/2026,50.79 a 104.15 m2 total,Departamentos,1 a 2 dormitorios,6 unidades disponibles,Pisos 16 al 22,2 dorms.,63.81 m²,Modelo Tipo 3,"720,750",https://nexoinmobiliario.pe/proyecto/venta-de-departamento-2951-pardo-coast-miraflores-lima-lima-grupo-t-c
31/03/2026,75.29 a 120.88 m2 total,Departamentos,2 dormitorios,1 unidad disponible,Piso 1,2 dorms.,77.00 m²,Modelo 101,"803,600",https://nexoinmobiliario.pe/proyecto/venta-de-departamento-2952-checor-porta-360-miraflores-lima-lima-checor-inmobiliaria
31/03/2026,75.29 a 120.88 m2 total,Departamentos,2 dormitorios,1 unidad disponible,Piso 1,2 dorms.,98.41 m²,Modelo 102,"923,900",https://nexoinmobiliario.pe/proyecto/venta-de-departamento-2952-checor-porta-360-miraflores-lima-lima-checor-inmobiliaria
31/03/2026,75.29 a 120.88 m2 total,Departamentos,2 dormitorios,4 unidades disponibles,"Pisos 2, 4, 5, 6",2 dorms.,81.81 m²,Modelo TIPO 2A,"809,800",https://nexoinmobiliario.pe/proyecto/venta-de-departamento-2952-checor-porta-360-miraflores-lima-lima-checor-inmobiliaria
31/03/2026,75.29 a 120.88 m2 total,Departamentos,2 dormitorios,3 unidades disponibles,"Pisos 4, 5, 6",2 dorms.,75.29 m²,Modelo TIPO 3A,"744,400",https://nexoinmobiliario.pe/proyecto/venta-de-departamento-2952-checor-porta-360-miraflores-lima-lima-checor-inmobiliaria
31/01/2026,41.05 a 73.73 m2 total,Departamentos,1 a 2 dormitorios,4 unidades disponibles,"Pisos 11, 16, 19, 25",2 dorms.,59.65 m²,Modelo Tipo 1,"496,986",https://nexoinmobiliario.pe/proyecto/venta-de-departamento-3004-mf-work-living-apartments-miraflores-lima-lima-hl-desarrollos-inmobiliarios
31/01/2026,41.05 a 73.73 m2 total,Departamentos,1 a 2 dormitorios,7 unidades disponibles,Pisos 16 al 24,2 dorms.,50.28 m²,Modelo Tipo 2,"450,866",https://nexoinmobiliario.pe/proyecto/venta-de-departamento-3004-mf-work-living-apartments-miraflores-lima-lima-hl-desarrollos-inmobiliarios
31/01/2026,41.05 a 73.73 m2 total,Departamentos,1 a 2 dormitorios,3 unidades disponibles,"Pisos 23, 25, 26",1 dorms.,41.50 m²,Modelo Tipo 3,"398,895",https://nexoinmobiliario.pe/proyecto/venta-de-departamento-3004-mf-work-living-apartments-miraflores-lima-lima-hl-desarrollos-inmobiliarios
31/01/2026,41.05 a 73.73 m2 total,Departamentos,1 a 2 dormitorios,7 unidades disponibles,Pisos 4 al 15,2 dorms.,57.50 m²,Modelo Tipo 4,"477,363",https://nexoinmobiliario.pe/proyecto/venta-de-departamento-3004-mf-work-living-apartments-miraflores-lima-lima-hl-desarrollos-inmobiliarios
31/01/2026,41.05 a 73.73 m2 total,Departamentos,1 a 2 dormitorios,2 unidades disponibles,Pisos 6 y 10,1 dorms.,42.53 m²,Modelo Tipo 5,"376,027",https://nexoinmobiliario.pe/proyecto/venta-de-departamento-3004-mf-work-living-apartments-miraflores-lima-lima-hl-desarrollos-inmobiliarios
31/01/2026,41.05 a 73.73 m2 total,Departamentos,1 a 2 dormitorios,5 unidades disponibles,"Pisos 19, 21, 22, 23, 24",2 dorms.,73.73 m²,Modelo Tipo 6,"700,761",https://nexoinmobiliario.pe/proyecto/venta-de-departamento-3004-mf-work-living-apartments-miraflores-lima-lima-hl-desarrollos-inmobiliarios
30/06/2027,40.21 a 113.17 m2 total,Departamentos,1 a 3 dormitorios,1 unidad disponible,Piso 1,1 dorms.,57.07 m²,Modelo Dpto. 104,"420,000",https://nexoinmobiliario.pe/proyecto/venta-de-departamento-3025-centrix-28-miraflores-lima-lima-ee-inmobiliaria
30/06/2027,40.21 a 113.17 m2 total,Departamentos,1 a 3 dormitorios,1 unidad disponible,Piso 1,2 dorms.,66.84 m²,Modelo Dpto. 105,"540,000",https://nexoinmobiliario.pe/proyecto/venta-de-departamento-3025-centrix-28-miraflores-lima-lima-ee-inmobiliaria
30/06/2027,40.21 a 113.17 m2 total,Departamentos,1 a 3 dormitorios,1 unidad disponible,Piso 1,2 dorms.,90.89 m²,Modelo Dpto. 108,"608,000",https://nexoinmobiliario.pe/proyecto/venta-de-departamento-3025-centrix-28-miraflores-lima-lima-ee-inmobiliaria
30/06/2027,40.21 a 113.17 m2 total,Departamentos,1 a 3 dormitorios,1 unidad disponible,Piso 1,2 dorms.,113.17 m²,Modelo Dpto. 109,"720,000",https://nexoinmobiliario.pe/proyecto/venta-de-departamento-3025-centrix-28-miraflores-lima-lima-ee-inmobiliaria
30/06/2027,40.21 a 113.17 m2 total,Departamentos,1 a 3 dormitorios,1 unidad disponible,Piso 2,3 dorms.,81.97 m²,Modelo Dpto. 201,"655,000",https://nexoinmobiliario.pe/proyecto/venta-de-departamento-3025-centrix-28-miraflores-lima-lima-ee-inmobiliaria
30/06/2027,40.21 a 113.17 m2 total,Departamentos,1 a 3 dormitorios,1 unidad disponible,Piso 3,3 dorms.,81.97 m²,Modelo Dpto. 301,"655,000",https://nexoinmobiliario.pe/proyecto/venta-de-departamento-3025-centrix-28-miraflores-lima-lima-ee-inmobiliaria
31/12/2025,61.32 a 143.76 m2 total,Departamentos,1 a 3 dormitorios,1 unidad disponible,Piso 1,3 dorms.,95.94 m²,Modelo 9,"836,508",https://nexoinmobiliario.pe/proyecto/venta-de-departamento-3051-upper-28-miraflores-lima-lima-edifica
31/12/2025,61.32 a 143.76 m2 total,Departamentos,1 a 3 dormitorios,3 unidades disponibles,"Pisos 9, 13, 15",3 dorms.,75.27 m²,Modelo 8,"776,428",https://nexoinmobiliario.pe/proyecto/venta-de-departamento-3051-upper-28-miraflores-lima-lima-edifica
31/12/2025,61.32 a 143.76 m2 total,Departamentos,1 a 3 dormitorios,5 unidades disponibles,"Pisos 10, 12, 13, 14, 16",3 dorms.,75.72 m²,Modelo 3,"795,069",https://nexoinmobiliario.pe/proyecto/venta-de-departamento-3051-upper-28-miraflores-lima-lima-edifica
28/02/2026,61.14 a 153.03 m2 total,Departamentos,2 a 3 dormitorios,3 unidades disponibles,"Pisos 10, 11, 12",3 dorms.,82.56 m²,Modelo TIPO 2A,"690,300",https://nexoinmobiliario.pe/proyecto/venta-de-departamento-3165-albamar-o2-miraflores-lima-lima-albamar-grupo-inmobiliario
28/02/2026,61.14 a 153.03 m2 total,Departamentos,2 a 3 dormitorios,1 unidad disponible,Piso 12,2 dorms.,61.14 m²,Modelo TIPO 3A,"625,800",https://nexoinmobiliario.pe/proyecto/venta-de-departamento-3165-albamar-o2-miraflores-lima-lima-albamar-grupo-inmobiliario
28/02/2026,61.14 a 153.03 m2 total,Departamentos,2 a 3 dormitorios,3 unidades disponibles,"Pisos 3, 8, 10",3 dorms.,82.55 m²,Modelo TIPO 4A,"740,000",https://nexoinmobiliario.pe/proyecto/venta-de-departamento-3165-albamar-o2-miraflores-lima-lima-albamar-grupo-inmobiliario
28/02/2026,61.14 a 153.03 m2 total,Departamentos,2 a 3 dormitorios,4 unidades disponibles,"Pisos 5, 9, 10, 13",3 dorms.,82.51 m²,Modelo TIPO 5,"765,700",https://nexoinmobiliario.pe/proyecto/venta-de-departamento-3165-albamar-o2-miraflores-lima-lima-albamar-grupo-inmobiliario
28/02/2026,61.14 a 153.03 m2 total,Departamentos,2 a 3 dormitorios,3 unidades disponibles,"Pisos 4, 10, 11",3 dorms.,86.45 m²,Modelo TIPO 6A,"747,500",https://nexoinmobiliario.pe/proyecto/venta-de-departamento-3165-albamar-o2-miraflores-lima-lima-albamar-grupo-inmobiliario
30/04/2026,75.53 a 80.70 m2 total,Departamentos,3 dormitorios,5 unidades disponibles,"Pisos 6, 8, 9, 11, 13",3 dorms.,76.08 m²,Modelo E,"701,627",https://nexoinmobiliario.pe/proyecto/venta-de-departamento-3169-milano-28-de-julio-miraflores-lima-lima-grupo-binda
30/04/2026,75.53 a 80.70 m2 total,Departamentos,3 dormitorios,8 unidades disponibles,Pisos 2 al 14,3 dorms.,75.53 m²,Modelo F,"696,554",https://nexoinmobiliario.pe/proyecto/venta-de-departamento-3169-milano-28-de-julio-miraflores-lima-lima-grupo-binda
30/04/2026,75.53 a 80.70 m2 total,Departamentos,3 dormitorios,7 unidades disponibles,Pisos 8 al 15,3 dorms.,80.70 m²,Modelo H,"852,852",https://nexoinmobiliario.pe/proyecto/venta-de-departamento-3169-milano-28-de-julio-miraflores-lima-lima-grupo-binda
31/03/2026,76.48 a 153.54 m2 total,Departamentos,2 a 3 dormitorios,1 unidad disponible,Piso 1,2 dorms.,83.59 m²,Modelo AT101,"874,867",https://nexoinmobiliario.pe/proyecto/venta-de-departamento-3175-caserta-miraflores-lima-lima-reyna-grupo-inmobiliario
31/03/2026,76.48 a 153.54 m2 total,Departamentos,2 a 3 dormitorios,1 unidad disponible,Piso 2,3 dorms.,76.48 m²,Modelo Tipo 01,"830,000",https://nexoinmobiliario.pe/proyecto/venta-de-departamento-3175-caserta-miraflores-lima-lima-reyna-grupo-inmobiliario
31/12/2026,62.47 a 96.29 m2 total,Departamentos,2 a 3 dormitorios,1 unidad disponible,Piso 2,2 dorms.,75.74 m²,Modelo 202,"649,849",https://nexoinmobiliario.pe/proyecto/venta-de-departamento-3194-arequipa-avenue-4015-miraflores-lima-lima-grupo-edifikarte
31/12/2026,62.47 a 96.29 m2 total,Departamentos,2 a 3 dormitorios,1 unidad disponible,Piso 2,3 dorms.,93.35 m²,Modelo 206,"708,786",https://nexoinmobiliario.pe/proyecto/venta-de-departamento-3194-arequipa-avenue-4015-miraflores-lima-lima-grupo-edifikarte
31/12/2026,62.47 a 96.29 m2 total,Departamentos,2 a 3 dormitorios,3 unidades disponibles,"Pisos 4, 8, 12",3 dorms.,82.74 m²,Modelo TIPO X01-A,"742,178",https://nexoinmobiliario.pe/proyecto/venta-de-departamento-3194-arequipa-avenue-4015-miraflores-lima-lima-grupo-edifikarte
31/12/2026,62.47 a 96.29 m2 total,Departamentos,2 a 3 dormitorios,2 unidades disponibles,Pisos 9 y 13,3 dorms.,81.73 m²,Modelo TIPO X01-B,"733,118",https://nexoinmobiliario.pe/proyecto/venta-de-departamento-3194-arequipa-avenue-4015-miraflores-lima-lima-grupo-edifikarte
31/12/2026,62.47 a 96.29 m2 total,Departamentos,2 a 3 dormitorios,5 unidades disponibles,"Pisos 7, 10, 11, 15, 16",3 dorms.,82.57 m²,Modelo TIPO X01-C,"740,653",https://nexoinmobiliario.pe/proyecto/venta-de-departamento-3194-arequipa-avenue-4015-miraflores-lima-lima-grupo-edifikarte
31/12/2026,62.47 a 96.29 m2 total,Departamentos,2 a 3 dormitorios,7 unidades disponibles,Pisos 3 al 16,3 dorms.,94.00 m²,Modelo TIPO X02-A,"806,520",https://nexoinmobiliario.pe/proyecto/venta-de-departamento-3194-arequipa-avenue-4015-miraflores-lima-lima-grupo-edifikarte
28/02/2026,60 a 82.50 m2 total,Departamentos,1 a 2 dormitorios,4 unidades disponibles,"Pisos 7, 8, 9, 10",2 dorms.,82.50 m²,Modelo X07,"898,650",https://nexoinmobiliario.pe/proyecto/venta-de-departamento-3205-casa-paraud-miraflores-lima-lima-grupo-caral
28/02/2026,60 a 82.50 m2 total,Departamentos,1 a 2 dormitorios,1 unidad disponible,Piso 1,1 dorms.,72.86 m²,Modelo X103,"731,540",https://nexoinmobiliario.pe/proyecto/venta-de-departamento-3205-casa-paraud-miraflores-lima-lima-grupo-caral
28/02/2026,60 a 82.50 m2 total,Departamentos,1 a 2 dormitorios,2 unidades disponibles,Pisos 2 y 6,1 dorms.,60.05 m²,Modelo X04,"650,730",https://nexoinmobiliario.pe/proyecto/venta-de-departamento-3205-casa-paraud-miraflores-lima-lima-grupo-caral
28/02/2026,60 a 82.50 m2 total,Departamentos,1 a 2 dormitorios,2 unidades disponibles,Pisos 9 y 10,1 dorms.,60.00 m²,Modelo X06,"705,700",https://nexoinmobiliario.pe/proyecto/venta-de-departamento-3205-casa-paraud-miraflores-lima-lima-grupo-caral
30/06/2026,69 a 141 m2 total,Departamentos,2 a 3 dormitorios,3 unidades disponibles,"Pisos 3, 5, 6",2 dorms.,70.00 m²,Modelo FLAT TÍPICO 1,"228,000",https://nexoinmobiliario.pe/proyecto/venta-de-departamento-3206-parque-cordova-2-miraflores-lima-lima-aurora-grupo-inmobiliario
30/06/2026,69 a 141 m2 total,Departamentos,2 a 3 dormitorios,4 unidades disponibles,"Pisos 2, 3, 5, 6",2 dorms.,69.00 m²,Modelo FLAT TÍPICO 2,"219,800",https://nexoinmobiliario.pe/proyecto/venta-de-departamento-3206-parque-cordova-2-miraflores-lima-lima-aurora-grupo-inmobiliario
31/07/2027,52.49 a 157.98 m2 total,Departamentos,1 a 3 dormitorios,6 unidades disponibles,Pisos 7 al 12,2 dorms.,65.02 m²,Modelo tipo 7,"582,000",https://nexoinmobiliario.pe/proyecto/venta-de-departamento-3212-mendiburu-1290-miraflores-lima-lima-efron-arquitectos
31/07/2027,52.49 a 157.98 m2 total,Departamentos,1 a 3 dormitorios,8 unidades disponibles,Pisos 5 al 12,1 dorms.,52.63 m²,Modelo tipo 1,"456,000",https://nexoinmobiliario.pe/proyecto/venta-de-departamento-3212-mendiburu-1290-miraflores-lima-lima-efron-arquitectos
31/07/2027,52.49 a 157.98 m2 total,Departamentos,1 a 3 dormitorios,8 unidades disponibles,Pisos 2 al 11,2 dorms.,60.11 m²,Modelo tipo 2,"594,000",https://nexoinmobiliario.pe/proyecto/venta-de-departamento-3212-mendiburu-1290-miraflores-lima-lima-efron-arquitectos
31/07/2027,52.49 a 157.98 m2 total,Departamentos,1 a 3 dormitorios,9 unidades disponibles,Pisos 2 al 11,2 dorms.,60.08 m²,Modelo tipo 3,"607,000",https://nexoinmobiliario.pe/proyecto/venta-de-departamento-3212-mendiburu-1290-miraflores-lima-lima-efron-arquitectos
31/07/2027,52.49 a 157.98 m2 total,Departamentos,1 a 3 dormitorios,9 unidades disponibles,Pisos 3 al 11,3 dorms.,72.00 m²,Modelo tipo 4,"656,000",https://nexoinmobiliario.pe/proyecto/venta-de-departamento-3212-mendiburu-1290-miraflores-lima-lima-efron-arquitectos
31/07/2027,52.49 a 157.98 m2 total,Departamentos,1 a 3 dormitorios,3 unidades disponibles,"Pisos 5, 7, 12",1 dorms.,52.49 m²,Modelo tipo 5,"529,150",https://nexoinmobiliario.pe/proyecto/venta-de-departamento-3212-mendiburu-1290-miraflores-lima-lima-efron-arquitectos
30/09/2026,40 a 149.13 m2 total,Departamentos,1 a 2 dormitorios,1 unidad disponible,Piso 1,2 dorms.,87.51 m²,Modelo B9,"718,978",https://nexoinmobiliario.pe/proyecto/venta-de-departamento-3215-urban-heights-miraflores-lima-lima-edifica
30/09/2026,40 a 149.13 m2 total,Departamentos,1 a 2 dormitorios,1 unidad disponible,Piso 1,1 dorms.,53.94 m²,Modelo B10,"500,122",https://nexoinmobiliario.pe/proyecto/venta-de-departamento-3215-urban-heights-miraflores-lima-lima-edifica
30/09/2026,40 a 149.13 m2 total,Departamentos,1 a 2 dormitorios,1 unidad disponible,Piso 1,2 dorms.,78.21 m²,Modelo B11,"643,126",https://nexoinmobiliario.pe/proyecto/venta-de-departamento-3215-urban-heights-miraflores-lima-lima-edifica
30/09/2026,40 a 149.13 m2 total,Departamentos,1 a 2 dormitorios,1 unidad disponible,Piso 1,2 dorms.,78.53 m²,Modelo B12,"678,169",https://nexoinmobiliario.pe/proyecto/venta-de-departamento-3215-urban-heights-miraflores-lima-lima-edifica
30/09/2026,40 a 149.13 m2 total,Departamentos,1 a 2 dormitorios,9 unidades disponibles,Pisos 11 al 21,1 dorms.,40.25 m²,Modelo A1,"422,141",https://nexoinmobiliario.pe/proyecto/venta-de-departamento-3215-urban-heights-miraflores-lima-lima-edifica
30/09/2026,40 a 149.13 m2 total,Departamentos,1 a 2 dormitorios,8 unidades disponibles,Pisos 13 al 20,1 dorms.,40.32 m²,Modelo A2,"418,996",https://nexoinmobiliario.pe/proyecto/venta-de-departamento-3215-urban-heights-miraflores-lima-lima-edifica
31/03/2027,53 a 89.50 m2 total,Departamentos,1 a 3 dormitorios,7 unidades disponibles,Pisos 2 al 8,2 dorms.,89.50 m²,Modelo X01,"734,409",https://nexoinmobiliario.pe/proyecto/venta-de-departamento-3216-republica-miraflores-lima-lima-capac-asociados
31/03/2027,53 a 89.50 m2 total,Departamentos,1 a 3 dormitorios,8 unidades disponibles,Pisos 2 al 9,2 dorms.,62.75 m²,Modelo X02,"507,527",https://nexoinmobiliario.pe/proyecto/venta-de-departamento-3216-republica-miraflores-lima-lima-capac-asociados
31/03/2027,53 a 89.50 m2 total,Departamentos,1 a 3 dormitorios,4 unidades disponibles,"Pisos 2, 4, 6, 8",2 dorms.,65.25 m²,Modelo X03A,"533,334",https://nexoinmobiliario.pe/proyecto/venta-de-departamento-3216-republica-miraflores-lima-lima-capac-asociados
31/03/2027,53 a 89.50 m2 total,Departamentos,1 a 3 dormitorios,3 unidades disponibles,"Pisos 4, 6, 8",3 dorms.,64.25 m²,Modelo X04A,"550,538",https://nexoinmobiliario.pe/proyecto/venta-de-departamento-3216-republica-miraflores-lima-lima-capac-asociados
31/03/2027,53 a 89.50 m2 total,Departamentos,1 a 3 dormitorios,1 unidad disponible,Piso 6,1 dorms.,56.75 m²,Modelo X06A,"489,380",https://nexoinmobiliario.pe/proyecto/venta-de-departamento-3216-republica-miraflores-lima-lima-capac-asociados
31/03/2027,53 a 89.50 m2 total,Departamentos,1 a 3 dormitorios,1 unidad disponible,Piso 6,1 dorms.,53.00 m²,Modelo X07A,"494,624",https://nexoinmobiliario.pe/proyecto/venta-de-departamento-3216-republica-miraflores-lima-lima-capac-asociados
31/07/2026,67.70 a 103.50 m2 total,Departamentos,2 a 3 dormitorios,5 unidades disponibles,"Pisos 5, 7, 11, 13, 17",3 dorms.,102.80 m²,Modelo TIPO 4,"793,000",https://nexoinmobiliario.pe/proyecto/venta-de-departamento-3217-roosevelt-64-miraflores-lima-lima-vidarq
31/07/2026,67.70 a 103.50 m2 total,Departamentos,2 a 3 dormitorios,4 unidades disponibles,"Pisos 9, 10, 14, 15",3 dorms.,79.30 m²,Modelo TIPO 1C,"671,000",https://nexoinmobiliario.pe/proyecto/venta-de-departamento-3217-roosevelt-64-miraflores-lima-lima-vidarq
31/07/2026,67.70 a 103.50 m2 total,Departamentos,2 a 3 dormitorios,1 unidad disponible,Piso 6,2 dorms.,78.10 m²,Modelo TIPO 1B,"713,000",https://nexoinmobiliario.pe/proyecto/venta-de-departamento-3217-roosevelt-64-miraflores-lima-lima-vidarq
31/07/2026,67.70 a 103.50 m2 total,Departamentos,2 a 3 dormitorios,4 unidades disponibles,"Pisos 3, 8, 9, 10",2 dorms.,67.70 m²,Modelo TIPO 2,"645,000",https://nexoinmobiliario.pe/proyecto/venta-de-departamento-3217-roosevelt-64-miraflores-lima-lima-vidarq
31/07/2026,67.70 a 103.50 m2 total,Departamentos,2 a 3 dormitorios,5 unidades disponibles,"Pisos 8, 10, 12, 16, 17",3 dorms.,96.00 m²,Modelo TIPO 3,"855,000",https://nexoinmobiliario.pe/proyecto/venta-de-departamento-3217-roosevelt-64-miraflores-lima-lima-vidarq
30/09/2026,45.16 a 122.25 m2 total,Departamentos,1 a 3 dormitorios,1 unidad disponible,Piso 12,2 dorms.,66.14 m²,Modelo 12B,"747,790",https://nexoinmobiliario.pe/proyecto/venta-de-departamento-3219-taller-miraflores-lima-lima-paz
30/09/2026,45.16 a 122.25 m2 total,Departamentos,1 a 3 dormitorios,2 unidades disponibles,Pisos 11 y 12,2 dorms.,61.20 m²,Modelo 3,"633,740",https://nexoinmobiliario.pe/proyecto/venta-de-departamento-3219-taller-miraflores-lima-lima-paz
30/09/2026,45.16 a 122.25 m2 total,Departamentos,1 a 3 dormitorios,7 unidades disponibles,Pisos 2 al 12,1 dorms.,48.59 m²,Modelo 4,"493,307",https://nexoinmobiliario.pe/proyecto/venta-de-departamento-3219-taller-miraflores-lima-lima-paz
30/09/2026,45.16 a 122.25 m2 total,Departamentos,1 a 3 dormitorios,1 unidad disponible,Piso 2,3 dorms.,122.25 m²,Modelo 9A,"1,096,089",https://nexoinmobiliario.pe/proyecto/venta-de-departamento-3219-taller-miraflores-lima-lima-paz
30/09/2026,45.16 a 122.25 m2 total,Departamentos,1 a 3 dormitorios,1 unidad disponible,Piso 2,2 dorms.,61.92 m²,Modelo 3A,"601,102",https://nexoinmobiliario.pe/proyecto/venta-de-departamento-3219-taller-miraflores-lima-lima-paz
30/09/2026,45.16 a 122.25 m2 total,Departamentos,1 a 3 dormitorios,1 unidad disponible,Piso 2,1 dorms.,45.16 m²,Modelo 10A,"446,845",https://nexoinmobiliario.pe/proyecto/venta-de-departamento-3219-taller-miraflores-lima-lima-paz
31/12/2026,55.10 a 85.56 m2 total,Departamentos,1 a 3 dormitorios,35 unidades disponibles,Pisos 6 al 20,1 dorms.,55.10 m²,Modelo 1 Dormitorio + Estar + Kitchenette,"464,226",https://nexoinmobiliario.pe/proyecto/venta-de-departamento-3220-concepto-one-place-miraflores-lima-lima-imagina
31/12/2026,55.10 a 85.56 m2 total,Departamentos,1 a 3 dormitorios,27 unidades disponibles,Pisos 5 al 20,3 dorms.,85.56 m²,Modelo 3 Dormitorios + Estar + Kitchenette,"721,959",https://nexoinmobiliario.pe/proyecto/venta-de-departamento-3220-concepto-one-place-miraflores-lima-lima-imagina
31/12/2026,55.10 a 85.56 m2 total,Departamentos,1 a 3 dormitorios,16 unidades disponibles,Pisos 8 al 20,2 dorms.,69.39 m²,Modelo 2 Dormitorios + Estar + Kitchenette,"565,068",https://nexoinmobiliario.pe/proyecto/venta-de-departamento-3220-concepto-one-place-miraflores-lima-lima-imagina
31/12/2026,55.10 a 85.56 m2 total,Departamentos,1 a 3 dormitorios,10 unidades disponibles,Pisos 11 al 20,2 dorms.,69.57 m²,Modelo 2 Dormitorios + Kitchenette,"628,376",https://nexoinmobiliario.pe/proyecto/venta-de-departamento-3220-concepto-one-place-miraflores-lima-lima-imagina
31/10/2026,60.19 a 152.30 m2 total,Departamentos,2 a 3 dormitorios,3 unidades disponibles,"Pisos 2, 7, 14",3 dorms.,82.81 m²,Modelo TIPO 1,"189,000",https://nexoinmobiliario.pe/proyecto/venta-de-departamento-3231-esparq-140-miraflores-lima-lima-esparq-inversiones
31/10/2026,60.19 a 152.30 m2 total,Departamentos,2 a 3 dormitorios,1 unidad disponible,Piso 1,3 dorms.,93.72 m²,Modelo TIPO 1 TERRAZA,"196,000",https://nexoinmobiliario.pe/proyecto/venta-de-departamento-3231-esparq-140-miraflores-lima-lima-esparq-inversiones
31/10/2026,60.19 a 152.30 m2 total,Departamentos,2 a 3 dormitorios,2 unidades disponibles,Pisos 12 y 15,3 dorms.,103.77 m²,Modelo TIPO 1A,"237,600",https://nexoinmobiliario.pe/proyecto/venta-de-departamento-3231-esparq-140-miraflores-lima-lima-esparq-inversiones
31/10/2026,60.19 a 152.30 m2 total,Departamentos,2 a 3 dormitorios,7 unidades disponibles,Pisos 2 al 14,3 dorms.,81.77 m²,Modelo TIPO 2,"191,000",https://nexoinmobiliario.pe/proyecto/venta-de-departamento-3231-esparq-140-miraflores-lima-lima-esparq-inversiones
31/10/2026,60.19 a 152.30 m2 total,Departamentos,2 a 3 dormitorios,5 unidades disponibles,"Pisos 3, 5, 6, 12, 15",3 dorms.,98.15 m²,Modelo TIPO 2A,"214,000",https://nexoinmobiliario.pe/proyecto/venta-de-departamento-3231-esparq-140-miraflores-lima-lima-esparq-inversiones
31/10/2026,60.19 a 152.30 m2 total,Departamentos,2 a 3 dormitorios,3 unidades disponibles,"Pisos 7, 13, 14",2 dorms.,62.37 m²,Modelo TIPO 3,"160,000",https://nexoinmobiliario.pe/proyecto/venta-de-departamento-3231-esparq-140-miraflores-lima-lima-esparq-inversiones
31/08/2026,59.92 a 112.07 m2 total,Departamentos,2 a 3 dormitorios,1 unidad disponible,Piso 2,3 dorms.,95.83 m²,Modelo Tipo 1A,"766,200",https://nexoinmobiliario.pe/proyecto/venta-de-departamento-3250-albamar-park-town-miraflores-lima-lima-albamar-grupo-inmobiliario
31/08/2026,59.92 a 112.07 m2 total,Departamentos,2 a 3 dormitorios,2 unidades disponibles,Pisos 4 y 5,2 dorms.,60.86 m²,Modelo Tipo 3A,"564,400",https://nexoinmobiliario.pe/proyecto/venta-de-departamento-3250-albamar-park-town-miraflores-lima-lima-albamar-grupo-inmobiliario
31/08/2026,59.92 a 112.07 m2 total,Departamentos,2 a 3 dormitorios,5 unidades disponibles,"Pisos 6, 7, 9, 10, 11",3 dorms.,85.93 m²,Modelo Tipo 5B,"699,600",https://nexoinmobiliario.pe/proyecto/venta-de-departamento-3250-albamar-park-town-miraflores-lima-lima-albamar-grupo-inmobiliario
31/08/2026,59.92 a 112.07 m2 total,Departamentos,2 a 3 dormitorios,4 unidades disponibles,"Pisos 12, 13, 15, 16",3 dorms.,112.07 m²,Modelo Tipo 1C,"935,000",https://nexoinmobiliario.pe/proyecto/venta-de-departamento-3250-albamar-park-town-miraflores-lima-lima-albamar-grupo-inmobiliario
31/08/2026,59.92 a 112.07 m2 total,Departamentos,2 a 3 dormitorios,5 unidades disponibles,"Pisos 3, 5, 8, 9, 10",3 dorms.,83.18 m²,Modelo Tipo 2B,"789,600",https://nexoinmobiliario.pe/proyecto/venta-de-departamento-3250-albamar-park-town-miraflores-lima-lima-albamar-grupo-inmobiliario
31/08/2026,59.92 a 112.07 m2 total,Departamentos,2 a 3 dormitorios,5 unidades disponibles,"Pisos 12, 13, 14, 15, 16",3 dorms.,97.84 m²,Modelo Tipo 2C,"798,000",https://nexoinmobiliario.pe/proyecto/venta-de-departamento-3250-albamar-park-town-miraflores-lima-lima-albamar-grupo-inmobiliario
28/02/2026,60.04 a 140.90 m2 total,Departamentos,2 a 3 dormitorios,1 unidad disponible,Piso 6,2 dorms.,91.07 m²,Modelo Tipo 01_01,"699,420",https://nexoinmobiliario.pe/proyecto/venta-de-departamento-3285-bolona-256-miraflores-lima-lima-ee-inmobiliaria
28/02/2026,60.04 a 140.90 m2 total,Departamentos,2 a 3 dormitorios,1 unidad disponible,Piso 2,3 dorms.,108.30 m²,Modelo Tipo 03_01,"845,820",https://nexoinmobiliario.pe/proyecto/venta-de-departamento-3285-bolona-256-miraflores-lima-lima-ee-inmobiliaria
28/02/2026,60.04 a 140.90 m2 total,Departamentos,2 a 3 dormitorios,1 unidad disponible,Piso 1,2 dorms.,91.33 m²,Modelo SS 01,"655,800",https://nexoinmobiliario.pe/proyecto/venta-de-departamento-3285-bolona-256-miraflores-lima-lima-ee-inmobiliaria
28/02/2026,60.04 a 140.90 m2 total,Departamentos,2 a 3 dormitorios,4 unidades disponibles,"Pisos 3, 5, 7, 9",3 dorms.,109.06 m²,Modelo Tipo 03_02,"845,820",https://nexoinmobiliario.pe/proyecto/venta-de-departamento-3285-bolona-256-miraflores-lima-lima-ee-inmobiliaria
28/02/2026,60.04 a 140.90 m2 total,Departamentos,2 a 3 dormitorios,2 unidades disponibles,Pisos 2 y 4,2 dorms.,70.77 m²,Modelo Tipo 04,"541,680",https://nexoinmobiliario.pe/proyecto/venta-de-departamento-3285-bolona-256-miraflores-lima-lima-ee-inmobiliaria
28/02/2026,60.04 a 140.90 m2 total,Departamentos,2 a 3 dormitorios,1 unidad disponible,Piso 10,2 dorms.,60.04 m²,Modelo Dpto. 1004,"498,120",https://nexoinmobiliario.pe/proyecto/venta-de-departamento-3285-bolona-256-miraflores-lima-lima-ee-inmobiliaria
31/05/2026,112.50 a 167.65 m2 total,Departamentos,2 a 3 dormitorios,2 unidades disponibles,Pisos 2 y 3,3 dorms.,112.50 m²,Modelo Tipo 01,"749,000",https://nexoinmobiliario.pe/proyecto/venta-de-departamento-3300-bolona-1250-miraflores-lima-lima-ee-inmobiliaria
28/02/2027,41.14 a 76.51 m2 total,Departamentos,1 a 3 dormitorios,1 unidad disponible,Piso 1,2 dorms.,76.51 m²,Modelo Dpto. 103,"526,000",https://nexoinmobiliario.pe/proyecto/venta-de-departamento-3316-pop-miraflores-lima-lima-ee-inmobiliaria
28/02/2027,41.14 a 76.51 m2 total,Departamentos,1 a 3 dormitorios,14 unidades disponibles,Pisos 2 al 17,3 dorms.,70.81 m²,Modelo Tipo 01,"526,000",https://nexoinmobiliario.pe/proyecto/venta-de-departamento-3316-pop-miraflores-lima-lima-ee-inmobiliaria
28/02/2027,41.14 a 76.51 m2 total,Departamentos,1 a 3 dormitorios,6 unidades disponibles,Pisos 10 al 17,2 dorms.,61.76 m²,Modelo Tipo 02,"592,000",https://nexoinmobiliario.pe/proyecto/venta-de-departamento-3316-pop-miraflores-lima-lima-ee-inmobiliaria
28/02/2027,41.14 a 76.51 m2 total,Departamentos,1 a 3 dormitorios,4 unidades disponibles,"Pisos 13, 14, 15, 16",1 dorms.,41.14 m²,Modelo Tipo 03,"420,000",https://nexoinmobiliario.pe/proyecto/venta-de-departamento-3316-pop-miraflores-lima-lima-ee-inmobiliaria
28/02/2027,41.14 a 76.51 m2 total,Departamentos,1 a 3 dormitorios,12 unidades disponibles,Pisos 2 al 17,2 dorms.,65.12 m²,Modelo Tipo 04,"505,000",https://nexoinmobiliario.pe/proyecto/venta-de-departamento-3316-pop-miraflores-lima-lima-ee-inmobiliaria
31/01/2027,69 a 169 m2 total,Departamentos,1 a 3 dormitorios,1 unidad disponible,Piso 1,3 dorms.,169.00 m²,Modelo FLAT 101,"490,000",https://nexoinmobiliario.pe/proyecto/venta-de-departamento-3337-vanderghen-400-miraflores-lima-lima-aurora-grupo-inmobiliario
31/01/2027,69 a 169 m2 total,Departamentos,1 a 3 dormitorios,1 unidad disponible,Piso 1,3 dorms.,128.00 m²,Modelo FLAT 102,"400,000",https://nexoinmobiliario.pe/proyecto/venta-de-departamento-3337-vanderghen-400-miraflores-lima-lima-aurora-grupo-inmobiliario
31/01/2027,69 a 169 m2 total,Departamentos,1 a 3 dormitorios,5 unidades disponibles,"Pisos 2, 3, 4, 5, 8",2 dorms.,102.00 m²,Modelo FLAT TIPICO 1,"330,000",https://nexoinmobiliario.pe/proyecto/venta-de-departamento-3337-vanderghen-400-miraflores-lima-lima-aurora-grupo-inmobiliario
31/01/2027,69 a 169 m2 total,Departamentos,1 a 3 dormitorios,1 unidad disponible,Piso 2,3 dorms.,98.00 m²,Modelo FLAT TIPICO 3,"314,000",https://nexoinmobiliario.pe/proyecto/venta-de-departamento-3337-vanderghen-400-miraflores-lima-lima-aurora-grupo-inmobiliario
31/01/2027,69 a 169 m2 total,Departamentos,1 a 3 dormitorios,2 unidades disponibles,Pisos 2 y 5,2 dorms.,95.00 m²,Modelo FLAT TIPICO 4,"307,500",https://nexoinmobiliario.pe/proyecto/venta-de-departamento-3337-vanderghen-400-miraflores-lima-lima-aurora-grupo-inmobiliario
31/01/2027,69 a 169 m2 total,Departamentos,1 a 3 dormitorios,5 unidades disponibles,"Pisos 2, 4, 5, 7, 8",1 dorms.,69.00 m²,Modelo FLAT TIPICO 5,"198,000",https://nexoinmobiliario.pe/proyecto/venta-de-departamento-3337-vanderghen-400-miraflores-lima-lima-aurora-grupo-inmobiliario
31/05/2026,72.74 a 151.85 m2 total,Departamentos,2 a 3 dormitorios,4 unidades disponibles,"Pisos 2, 7, 9, 11",3 dorms.,78.09 m²,Modelo TIPO 1A,"564,200",https://nexoinmobiliario.pe/proyecto/venta-de-departamento-3340-tommy-miraflores-lima-lima-puerta-de-tierra
31/05/2026,72.74 a 151.85 m2 total,Departamentos,2 a 3 dormitorios,4 unidades disponibles,"Pisos 2, 4, 6, 12",3 dorms.,78.60 m²,Modelo TIPO 2A,"597,512",https://nexoinmobiliario.pe/proyecto/venta-de-departamento-3340-tommy-miraflores-lima-lima-puerta-de-tierra
31/05/2026,72.74 a 151.85 m2 total,Departamentos,2 a 3 dormitorios,3 unidades disponibles,"Pisos 4, 10, 12",3 dorms.,80.41 m²,Modelo TIPO 1B,"615,144",https://nexoinmobiliario.pe/proyecto/venta-de-departamento-3340-tommy-miraflores-lima-lima-puerta-de-tierra
31/07/2026,60.60 a 160.30 m2 total,Departamentos,2 a 3 dormitorios,3 unidades disponibles,"Pisos 8, 10, 11",2 dorms.,67.70 m²,Modelo X04,"675,000",https://nexoinmobiliario.pe/proyecto/venta-de-departamento-3348-sucre-45-miraflores-lima-lima-vidarq
31/07/2026,60.60 a 160.30 m2 total,Departamentos,2 a 3 dormitorios,3 unidades disponibles,"Pisos 5, 6, 11",3 dorms.,79.20 m²,Modelo X01,"792,000",https://nexoinmobiliario.pe/proyecto/venta-de-departamento-3348-sucre-45-miraflores-lima-lima-vidarq
31/07/2026,60.60 a 160.30 m2 total,Departamentos,2 a 3 dormitorios,2 unidades disponibles,Pisos 4 y 7,2 dorms.,60.60 m²,Modelo X02,"696,000",https://nexoinmobiliario.pe/proyecto/venta-de-departamento-3348-sucre-45-miraflores-lima-lima-vidarq
31/07/2026,60.60 a 160.30 m2 total,Departamentos,2 a 3 dormitorios,4 unidades disponibles,"Pisos 6, 7, 9, 10",3 dorms.,94.40 m²,Modelo X03,"927,000",https://nexoinmobiliario.pe/proyecto/venta-de-departamento-3348-sucre-45-miraflores-lima-lima-vidarq
31/07/2026,60.60 a 160.30 m2 total,Departamentos,2 a 3 dormitorios,1 unidad disponible,Piso 1,2 dorms.,160.30 m²,Modelo 101,"1,140,000",https://nexoinmobiliario.pe/proyecto/venta-de-departamento-3348-sucre-45-miraflores-lima-lima-vidarq
01/12/2026,60.30 a 120.47 m2 total,Departamentos,2 a 3 dormitorios,3 unidades disponibles,"Pisos 17, 18, 19",2 dorms.,66.74 m²,Modelo Tipo 9,"983,657",https://nexoinmobiliario.pe/proyecto/venta-de-departamento-3350-the-edge-miraflores-lima-lima-edifica
01/12/2026,60.30 a 120.47 m2 total,Departamentos,2 a 3 dormitorios,1 unidad disponible,Piso 14,2 dorms.,60.30 m²,Modelo Tipo 1,"790,771",https://nexoinmobiliario.pe/proyecto/venta-de-departamento-3350-the-edge-miraflores-lima-lima-edifica
01/12/2026,60.30 a 120.47 m2 total,Departamentos,2 a 3 dormitorios,1 unidad disponible,Piso 2,3 dorms.,120.47 m²,Modelo Tipo 11,"1,056,373",https://nexoinmobiliario.pe/proyecto/venta-de-departamento-3350-the-edge-miraflores-lima-lima-edifica
31/08/2026,60 a 107.27 m2 total,Departamentos,2 a 3 dormitorios,8 unidades disponibles,Pisos 2 al 13,2 dorms.,62.15 m²,Modelo TIPO A,"509,000",https://nexoinmobiliario.pe/proyecto/venta-de-departamento-3375-escudero-miraflores-lima-lima-elsvan-construcciones-inmobiliarias
31/08/2026,60 a 107.27 m2 total,Departamentos,2 a 3 dormitorios,3 unidades disponibles,"Pisos 2, 4, 5",3 dorms.,81.12 m²,Modelo TIPO B,"665,000",https://nexoinmobiliario.pe/proyecto/venta-de-departamento-3375-escudero-miraflores-lima-lima-elsvan-construcciones-inmobiliarias
31/08/2026,60 a 107.27 m2 total,Departamentos,2 a 3 dormitorios,7 unidades disponibles,Pisos 7 al 13,3 dorms.,83.65 m²,Modelo TIPO C,"685,000",https://nexoinmobiliario.pe/proyecto/venta-de-departamento-3375-escudero-miraflores-lima-lima-elsvan-construcciones-inmobiliarias
31/08/2026,60 a 107.27 m2 total,Departamentos,2 a 3 dormitorios,4 unidades disponibles,"Pisos 2, 3, 5, 6",3 dorms.,80.00 m²,Modelo TIPO D,"659,000",https://nexoinmobiliario.pe/proyecto/venta-de-departamento-3375-escudero-miraflores-lima-lima-elsvan-construcciones-inmobiliarias
31/08/2026,60 a 107.27 m2 total,Departamentos,2 a 3 dormitorios,1 unidad disponible,Piso 7,3 dorms.,86.34 m²,Modelo TIPO E,"715,000",https://nexoinmobiliario.pe/proyecto/venta-de-departamento-3375-escudero-miraflores-lima-lima-elsvan-construcciones-inmobiliarias
31/08/2026,60 a 107.27 m2 total,Departamentos,2 a 3 dormitorios,3 unidades disponibles,"Pisos 10, 11, 13",3 dorms.,86.30 m²,Modelo TIPO F,"715,000",https://nexoinmobiliario.pe/proyecto/venta-de-departamento-3375-escudero-miraflores-lima-lima-elsvan-construcciones-inmobiliarias
31/03/2027,67.86 a 95 m2 total,Departamentos,2 a 3 dormitorios,1 unidad disponible,Piso 11,3 dorms.,82.77 m²,Modelo X01,"233,255",https://nexoinmobiliario.pe/proyecto/venta-de-departamento-3391-aster-reducto-miraflores-lima-lima-aster-homes
31/03/2027,67.86 a 95 m2 total,Departamentos,2 a 3 dormitorios,1 unidad disponible,Piso 2,3 dorms.,82.59 m²,Modelo X02,"242,570",https://nexoinmobiliario.pe/proyecto/venta-de-departamento-3391-aster-reducto-miraflores-lima-lima-aster-homes
31/03/2027,67.86 a 95 m2 total,Departamentos,2 a 3 dormitorios,1 unidad disponible,Piso 3,3 dorms.,95.00 m²,Modelo X03,"291,279",https://nexoinmobiliario.pe/proyecto/venta-de-departamento-3391-aster-reducto-miraflores-lima-lima-aster-homes
31/03/2027,67.86 a 95 m2 total,Departamentos,2 a 3 dormitorios,1 unidad disponible,Piso 2,3 dorms.,90.17 m²,Modelo X05,"263,049",https://nexoinmobiliario.pe/proyecto/venta-de-departamento-3391-aster-reducto-miraflores-lima-lima-aster-homes
31/03/2027,67.86 a 95 m2 total,Departamentos,2 a 3 dormitorios,1 unidad disponible,Piso 5,2 dorms.,67.86 m²,Modelo X06,"194,590",https://nexoinmobiliario.pe/proyecto/venta-de-departamento-3391-aster-reducto-miraflores-lima-lima-aster-homes
30/11/2026,58.99 a 87.23 m2 total,Departamentos,2 a 3 dormitorios,7 unidades disponibles,Pisos 6 al 15,3 dorms.,75.10 m²,Modelo B,"670,212",https://nexoinmobiliario.pe/proyecto/venta-de-departamento-3416-brick-reducto-984-miraflores-lima-lima-grupo-binda
30/11/2026,58.99 a 87.23 m2 total,Departamentos,2 a 3 dormitorios,13 unidades disponibles,Pisos 2 al 14,3 dorms.,75.37 m²,Modelo D,"692,503",https://nexoinmobiliario.pe/proyecto/venta-de-departamento-3416-brick-reducto-984-miraflores-lima-lima-grupo-binda
30/11/2026,58.99 a 87.23 m2 total,Departamentos,2 a 3 dormitorios,13 unidades disponibles,Pisos 3 al 15,3 dorms.,86.67 m²,Modelo F,"759,763",https://nexoinmobiliario.pe/proyecto/venta-de-departamento-3416-brick-reducto-984-miraflores-lima-lima-grupo-binda
30/11/2026,58.99 a 87.23 m2 total,Departamentos,2 a 3 dormitorios,2 unidades disponibles,Pisos 5 y 14,2 dorms.,58.99 m²,Modelo G,"516,989",https://nexoinmobiliario.pe/proyecto/venta-de-departamento-3416-brick-reducto-984-miraflores-lima-lima-grupo-binda
31/10/2026,127.29 a 226.88 m2 total,Departamentos,3 dormitorios,5 unidades disponibles,"Pisos 3, 5, 6, 7, 8",3 dorms.,149.28 m²,Modelo X01,"345,529",https://nexoinmobiliario.pe/proyecto/venta-de-departamento-3454-brera-miraflores-lima-lima-valico
31/10/2026,127.29 a 226.88 m2 total,Departamentos,3 dormitorios,6 unidades disponibles,Pisos 3 al 8,3 dorms.,128.75 m²,Modelo X03,"298,126",https://nexoinmobiliario.pe/proyecto/venta-de-departamento-3454-brera-miraflores-lima-lima-valico
31/10/2026,127.29 a 226.88 m2 total,Departamentos,3 dormitorios,1 unidad disponible,Piso 1,3 dorms.,195.29 m²,Modelo 101,"370,093",https://nexoinmobiliario.pe/proyecto/venta-de-departamento-3454-brera-miraflores-lima-lima-valico
31/10/2026,127.29 a 226.88 m2 total,Departamentos,3 dormitorios,1 unidad disponible,Piso 2,3 dorms.,149.19 m²,Modelo 201,"335,678",https://nexoinmobiliario.pe/proyecto/venta-de-departamento-3454-brera-miraflores-lima-lima-valico
31/10/2026,127.29 a 226.88 m2 total,Departamentos,3 dormitorios,1 unidad disponible,Piso 2,3 dorms.,127.29 m²,Modelo 203,"292,767",https://nexoinmobiliario.pe/proyecto/venta-de-departamento-3454-brera-miraflores-lima-lima-valico
31/10/2026,73.48 a 140 m2 total,Departamentos,1 a 3 dormitorios,1 unidad disponible,Piso 1,3 dorms.,112.63 m²,Modelo 102,"950,000",https://nexoinmobiliario.pe/proyecto/venta-de-departamento-3473-brisa-miraflores-miraflores-lima-lima-inhouse
31/10/2026,73.48 a 140 m2 total,Departamentos,1 a 3 dormitorios,1 unidad disponible,Piso,3 dorms.,127.40 m²,Modelo SS,"940,000",https://nexoinmobiliario.pe/proyecto/venta-de-departamento-3473-brisa-miraflores-miraflores-lima-lima-inhouse
31/10/2026,73.48 a 140 m2 total,Departamentos,1 a 3 dormitorios,5 unidades disponibles,"Pisos 3, 4, 5, 6, 7",3 dorms.,110.03 m²,Modelo Tipo 1,"970,000",https://nexoinmobiliario.pe/proyecto/venta-de-departamento-3473-brisa-miraflores-miraflores-lima-lima-inhouse
31/10/2026,73.48 a 140 m2 total,Departamentos,1 a 3 dormitorios,1 unidad disponible,Piso 3,2 dorms.,93.50 m²,Modelo Tipo 2,"960,000",https://nexoinmobiliario.pe/proyecto/venta-de-departamento-3473-brisa-miraflores-miraflores-lima-lima-inhouse
31/10/2026,73.48 a 140 m2 total,Departamentos,1 a 3 dormitorios,4 unidades disponibles,"Pisos 2, 3, 4, 5",3 dorms.,111.17 m²,Modelo Tipo 3,"980,000",https://nexoinmobiliario.pe/proyecto/venta-de-departamento-3473-brisa-miraflores-miraflores-lima-lima-inhouse
31/10/2026,73.48 a 140 m2 total,Departamentos,1 a 3 dormitorios,5 unidades disponibles,"Pisos 2, 3, 5, 6, 7",1 dorms.,73.48 m²,Modelo Tipo 4,"620,000",https://nexoinmobiliario.pe/proyecto/venta-de-departamento-3473-brisa-miraflores-miraflores-lima-lima-inhouse
30/09/2026,80.30 a 175.77 m2 total,Departamentos,2 a 3 dormitorios,1 unidad disponible,Piso 1,2 dorms.,97.62 m²,Modelo C7,"779,433",https://nexoinmobiliario.pe/proyecto/venta-de-departamento-3487-francisco-del-castillo-252-miraflores-lima-lima-edifica
30/09/2026,80.30 a 175.77 m2 total,Departamentos,2 a 3 dormitorios,1 unidad disponible,Piso 1,2 dorms.,91.15 m²,Modelo C8,"768,515",https://nexoinmobiliario.pe/proyecto/venta-de-departamento-3487-francisco-del-castillo-252-miraflores-lima-lima-edifica
30/09/2026,80.30 a 175.77 m2 total,Departamentos,2 a 3 dormitorios,1 unidad disponible,Piso 1,3 dorms.,126.38 m²,Modelo C9,"1,051,591",https://nexoinmobiliario.pe/proyecto/venta-de-departamento-3487-francisco-del-castillo-252-miraflores-lima-lima-edifica
30/09/2026,80.30 a 175.77 m2 total,Departamentos,2 a 3 dormitorios,1 unidad disponible,Piso 1,3 dorms.,131.63 m²,Modelo C10,"1,062,969",https://nexoinmobiliario.pe/proyecto/venta-de-departamento-3487-francisco-del-castillo-252-miraflores-lima-lima-edifica
30/09/2026,80.30 a 175.77 m2 total,Departamentos,2 a 3 dormitorios,1 unidad disponible,Piso 1,3 dorms.,135.79 m²,Modelo C11,"1,095,361",https://nexoinmobiliario.pe/proyecto/venta-de-departamento-3487-francisco-del-castillo-252-miraflores-lima-lima-edifica
30/09/2026,80.30 a 175.77 m2 total,Departamentos,2 a 3 dormitorios,2 unidades disponibles,Pisos 2 y 3,2 dorms.,80.70 m²,Modelo C1,"728,877",https://nexoinmobiliario.pe/proyecto/venta-de-departamento-3487-francisco-del-castillo-252-miraflores-lima-lima-edifica
30/06/2027,97 a 105 m2 total,Departamentos,3 dormitorios,4 unidades disponibles,"Pisos 3, 4, 5, 6",3 dorms.,97.00 m²,Modelo Flat Típico 3,"330,000",https://nexoinmobiliario.pe/proyecto/venta-de-departamento-3518-vasco-nunez-141-miraflores-lima-lima-aurora-grupo-inmobiliario
30/06/2027,97 a 105 m2 total,Departamentos,3 dormitorios,4 unidades disponibles,"Pisos 3, 4, 5, 6",3 dorms.,103.00 m²,Modelo Flat Típico 1,"360,000",https://nexoinmobiliario.pe/proyecto/venta-de-departamento-3518-vasco-nunez-141-miraflores-lima-lima-aurora-grupo-inmobiliario
30/06/2027,97 a 105 m2 total,Departamentos,3 dormitorios,1 unidad disponible,Piso 1,3 dorms.,104.00 m²,Modelo Flat 101,"330,000",https://nexoinmobiliario.pe/proyecto/venta-de-departamento-3518-vasco-nunez-141-miraflores-lima-lima-aurora-grupo-inmobiliario
30/06/2027,97 a 105 m2 total,Departamentos,3 dormitorios,1 unidad disponible,Piso 2,3 dorms.,101.00 m²,Modelo Flat 203,"323,000",https://nexoinmobiliario.pe/proyecto/venta-de-departamento-3518-vasco-nunez-141-miraflores-lima-lima-aurora-grupo-inmobiliario
30/06/2027,97 a 105 m2 total,Departamentos,3 dormitorios,1 unidad disponible,Piso 2,3 dorms.,99.00 m²,Modelo Flat 201,"343,000",https://nexoinmobiliario.pe/proyecto/venta-de-departamento-3518-vasco-nunez-141-miraflores-lima-lima-aurora-grupo-inmobiliario
31/12/2026,40.01 a 79.11 m2 total,Departamentos,1 a 2 dormitorios,1 unidad disponible,Piso 1,2 dorms.,79.11 m²,Modelo TIPO - 11,"630,553",https://nexoinmobiliario.pe/proyecto/venta-de-departamento-3524-affinity-miraflores-lima-lima-edifica
31/12/2026,40.01 a 79.11 m2 total,Departamentos,1 a 2 dormitorios,4 unidades disponibles,"Pisos 7, 10, 14, 15",1 dorms.,40.32 m²,Modelo TIPO 4,"454,613",https://nexoinmobiliario.pe/proyecto/venta-de-departamento-3524-affinity-miraflores-lima-lima-edifica
31/12/2026,40.01 a 79.11 m2 total,Departamentos,1 a 2 dormitorios,7 unidades disponibles,Pisos 5 al 18,1 dorms.,40.02 m²,Modelo TIPO 5,"424,280",https://nexoinmobiliario.pe/proyecto/venta-de-departamento-3524-affinity-miraflores-lima-lima-edifica
31/12/2026,40.01 a 79.11 m2 total,Departamentos,1 a 2 dormitorios,3 unidades disponibles,"Pisos 4, 14, 15",1 dorms.,40.11 m²,Modelo TIPO 6,"432,722",https://nexoinmobiliario.pe/proyecto/venta-de-departamento-3524-affinity-miraflores-lima-lima-edifica
31/12/2026,40.01 a 79.11 m2 total,Departamentos,1 a 2 dormitorios,2 unidades disponibles,Pisos 7 y 11,1 dorms.,40.02 m²,Modelo TIPO 7,"462,261",https://nexoinmobiliario.pe/proyecto/venta-de-departamento-3524-affinity-miraflores-lima-lima-edifica
31/12/2026,40.01 a 79.11 m2 total,Departamentos,1 a 2 dormitorios,2 unidades disponibles,Pisos 11 y 18,2 dorms.,62.18 m²,Modelo TIPO 8,"643,563",https://nexoinmobiliario.pe/proyecto/venta-de-departamento-3524-affinity-miraflores-lima-lima-edifica
