fecha,medidas,tipo,dormitorios,disponible,piso,dormitorios_cont,area,modelo,divisa,precio,proyecto_link
15/07/2026,58 a 109 m2 total,Departamentos,1 a 3 dormitorios,6 unidades disponibles,Pisos 5 al 10,3 dorms.,73.21 m²,Modelo TIPO - 9B,Soles,"369,505",https://nexoinmobiliario.pe/proyecto/venta-de-departamento-3203-condominio-villalegre-santiago-de-surco-lima-lima-la-venturosa
15/07/2026,58 a 109 m2 total,Departamentos,1 a 3 dormitorios,1 unidad disponible,Piso 1,2 dorms.,61.39 m²,Modelo TIPO - 108B,Soles,"333,335",https://nexoinmobiliario.pe/proyecto/venta-de-departamento-3203-condominio-villalegre-santiago-de-surco-lima-lima-la-venturosa
15/07/2026,58 a 109 m2 total,Departamentos,1 a 3 dormitorios,5 unidades disponibles,"Pisos 3, 4, 5, 6, 8",2 dorms.,58.06 m²,Modelo TIPO - 1B,Soles,"303,565",https://nexoinmobiliario.pe/proyecto/venta-de-departamento-3203-condominio-villalegre-santiago-de-surco-lima-lima-la-venturosa
15/07/2026,58 a 109 m2 total,Departamentos,1 a 3 dormitorios,1 unidad disponible,Piso 10,3 dorms.,70.41 m²,Modelo TIPO - 5B,Soles,"359,235",https://nexoinmobiliario.pe/proyecto/venta-de-departamento-3203-condominio-villalegre-santiago-de-surco-lima-lima-la-venturosa
15/07/2026,58 a 109 m2 total,Departamentos,1 a 3 dormitorios,2 unidades disponibles,Pisos 3 y 9,3 dorms.,77.83 m²,Modelo TIPO - 8B,Soles,"396,697",https://nexoinmobiliario.pe/proyecto/venta-de-departamento-3203-condominio-villalegre-santiago-de-surco-lima-lima-la-venturosa
15/07/2026,58 a 109 m2 total,Departamentos,1 a 3 dormitorios,3 unidades disponibles,"Pisos 9, 10, 11",2 dorms.,62.37 m²,Modelo TIPO - 10B,Soles,"313,638",https://nexoinmobiliario.pe/proyecto/venta-de-departamento-3203-condominio-villalegre-santiago-de-surco-lima-lima-la-venturosa
31/12/2026,48.50 a 69.52 m2 total,Departamentos,2 a 3 dormitorios,1 unidad disponible,Piso 14,2 dorms.,58.62 m²,Modelo X02 B,Soles,"519,445",https://nexoinmobiliario.pe/proyecto/venta-de-departamento-3222-ativa-fase-2-santiago-de-surco-lima-lima-cosapi
31/12/2026,48.50 a 69.52 m2 total,Departamentos,2 a 3 dormitorios,2 unidades disponibles,Pisos 14 y 16,3 dorms.,69.52 m²,Modelo X03 B,Soles,"531,080",https://nexoinmobiliario.pe/proyecto/venta-de-departamento-3222-ativa-fase-2-santiago-de-surco-lima-lima-cosapi
31/12/2026,48.50 a 69.52 m2 total,Departamentos,2 a 3 dormitorios,2 unidades disponibles,Pisos 3 y 10,2 dorms.,52.70 m²,Modelo X04 B,Soles,"467,500",https://nexoinmobiliario.pe/proyecto/venta-de-departamento-3222-ativa-fase-2-santiago-de-surco-lima-lima-cosapi
31/12/2026,48.50 a 69.52 m2 total,Departamentos,2 a 3 dormitorios,2 unidades disponibles,Pisos 2 y 3,2 dorms.,48.50 m²,Modelo X05 B,Soles,"441,529",https://nexoinmobiliario.pe/proyecto/venta-de-departamento-3222-ativa-fase-2-santiago-de-surco-lima-lima-cosapi
31/12/2026,48.50 a 69.52 m2 total,Departamentos,2 a 3 dormitorios,2 unidades disponibles,Pisos 9 y 14,2 dorms.,50.07 m²,Modelo X06 B,Soles,"446,722",https://nexoinmobiliario.pe/proyecto/venta-de-departamento-3222-ativa-fase-2-santiago-de-surco-lima-lima-cosapi
31/12/2026,48.50 a 69.52 m2 total,Departamentos,2 a 3 dormitorios,1 unidad disponible,Piso 4,2 dorms.,48.50 m²,Modelo X07 B,Soles,"441,529",https://nexoinmobiliario.pe/proyecto/venta-de-departamento-3222-ativa-fase-2-santiago-de-surco-lima-lima-cosapi
28/02/2027,72 a 170 m2 total,Departamentos,2 a 3 dormitorios,1 unidad disponible,Piso 4,3 dorms.,73.00 m²,Modelo T-6,Soles,"601,700",https://nexoinmobiliario.pe/proyecto/venta-de-departamento-3281-irigoyen-128-santiago-de-surco-lima-lima-sembra-inmobiliaria
31/12/2026,32.67 a 71.30 m2 total,Departamentos,1 a 2 dormitorios,1 unidad disponible,Piso 2,2 dorms.,68.44 m²,Modelo 202,Soles,"735,900",https://nexoinmobiliario.pe/proyecto/venta-de-departamento-3330-beside-santiago-de-surco-lima-lima-redbay-inmobiliaria
31/12/2026,32.67 a 71.30 m2 total,Departamentos,1 a 2 dormitorios,1 unidad disponible,Piso 2,1 dorms.,32.67 m²,Modelo 203,Soles,"399,900",https://nexoinmobiliario.pe/proyecto/venta-de-departamento-3330-beside-santiago-de-surco-lima-lima-redbay-inmobiliaria
31/12/2026,32.67 a 71.30 m2 total,Departamentos,1 a 2 dormitorios,8 unidades disponibles,Pisos 4 al 15,2 dorms.,71.30 m²,Modelo X04,Soles,"684,900",https://nexoinmobiliario.pe/proyecto/venta-de-departamento-3330-beside-santiago-de-surco-lima-lima-redbay-inmobiliaria
31/12/2026,32.67 a 71.30 m2 total,Departamentos,1 a 2 dormitorios,2 unidades disponibles,Pisos 3 y 16,2 dorms.,55.82 m²,Modelo X12,Soles,"569,900",https://nexoinmobiliario.pe/proyecto/venta-de-departamento-3330-beside-santiago-de-surco-lima-lima-redbay-inmobiliaria
31/01/2027,55 a 124.50 m2 total,Departamentos,1 a 3 dormitorios,1 unidad disponible,Piso 1,1 dorms.,55.00 m²,Modelo Dpto. 101,Soles,"430,000",https://nexoinmobiliario.pe/proyecto/venta-de-departamento-3358-central-home-chacarilla-santiago-de-surco-lima-lima-ee-inmobiliaria
31/01/2027,55 a 124.50 m2 total,Departamentos,1 a 3 dormitorios,1 unidad disponible,Piso 9,3 dorms.,81.00 m²,Modelo Dpto. 904,Soles,"625,000",https://nexoinmobiliario.pe/proyecto/venta-de-departamento-3358-central-home-chacarilla-santiago-de-surco-lima-lima-ee-inmobiliaria
31/01/2027,55 a 124.50 m2 total,Departamentos,1 a 3 dormitorios,1 unidad disponible,Piso 15,3 dorms.,76.00 m²,Modelo Dpto. 1501,Soles,"595,000",https://nexoinmobiliario.pe/proyecto/venta-de-departamento-3358-central-home-chacarilla-santiago-de-surco-lima-lima-ee-inmobiliaria
31/01/2027,55 a 124.50 m2 total,Departamentos,1 a 3 dormitorios,2 unidades disponibles,Pisos 3 y 4,3 dorms.,82.00 m²,Modelo Típico 4-A,Soles,"615,000",https://nexoinmobiliario.pe/proyecto/venta-de-departamento-3358-central-home-chacarilla-santiago-de-surco-lima-lima-ee-inmobiliaria
31/01/2027,55 a 124.50 m2 total,Departamentos,1 a 3 dormitorios,1 unidad disponible,Piso 6,3 dorms.,82.00 m²,Modelo Típico 4-B,Soles,"625,000",https://nexoinmobiliario.pe/proyecto/venta-de-departamento-3358-central-home-chacarilla-santiago-de-surco-lima-lima-ee-inmobiliaria
31/01/2027,55 a 124.50 m2 total,Departamentos,1 a 3 dormitorios,1 unidad disponible,Piso 8,3 dorms.,82.00 m²,Modelo Dpto. 804,Soles,"625,000",https://nexoinmobiliario.pe/proyecto/venta-de-departamento-3358-central-home-chacarilla-santiago-de-surco-lima-lima-ee-inmobiliaria
31/10/2026,49.56 a 115.54 m2 total,Departamentos,1 a 3 dormitorios,1 unidad disponible,Piso 1,3 dorms.,108.72 m²,Modelo TD-X01,Soles,"886,200",https://nexoinmobiliario.pe/proyecto/venta-de-departamento-3410-glam-santiago-de-surco-lima-lima-f-inmobiliaria
31/10/2026,49.56 a 115.54 m2 total,Departamentos,1 a 3 dormitorios,2 unidades disponibles,Pisos 2 y 3,3 dorms.,115.54 m²,Modelo TD-X13,Soles,"992,800",https://nexoinmobiliario.pe/proyecto/venta-de-departamento-3410-glam-santiago-de-surco-lima-lima-f-inmobiliaria
31/10/2026,49.56 a 115.54 m2 total,Departamentos,1 a 3 dormitorios,3 unidades disponibles,"Pisos 3, 4, 5",3 dorms.,107.13 m²,Modelo TD-X14,Soles,"893,700",https://nexoinmobiliario.pe/proyecto/venta-de-departamento-3410-glam-santiago-de-surco-lima-lima-f-inmobiliaria
31/10/2026,49.56 a 115.54 m2 total,Departamentos,1 a 3 dormitorios,5 unidades disponibles,"Pisos 2, 3, 4, 5, 6",3 dorms.,100.38 m²,Modelo TD-X15,Soles,"830,100",https://nexoinmobiliario.pe/proyecto/venta-de-departamento-3410-glam-santiago-de-surco-lima-lima-f-inmobiliaria
31/10/2026,49.56 a 115.54 m2 total,Departamentos,1 a 3 dormitorios,3 unidades disponibles,"Pisos 3, 5, 7",3 dorms.,89.55 m²,Modelo TD-X16,Soles,"726,700",https://nexoinmobiliario.pe/proyecto/venta-de-departamento-3410-glam-santiago-de-surco-lima-lima-f-inmobiliaria
31/10/2026,49.56 a 115.54 m2 total,Departamentos,1 a 3 dormitorios,1 unidad disponible,Piso 7,1 dorms.,49.56 m²,Modelo TD-X17,Soles,"420,375",https://nexoinmobiliario.pe/proyecto/venta-de-departamento-3410-glam-santiago-de-surco-lima-lima-f-inmobiliaria
Entrega inmediata,82.51 a 162.61 m2 total,Departamentos,2 a 3 dormitorios,1 unidad disponible,Piso 3,2 dorms.,82.51 m²,Modelo TD-X05,Soles,"677,540",https://nexoinmobiliario.pe/proyecto/venta-de-departamento-3412-via-cadiz-santiago-de-surco-lima-lima-f-inmobiliaria
31/07/2027,40.01 a 82.96 m2 total,Departamentos,1 a 3 dormitorios,5 unidades disponibles,"Pisos 13, 14, 15, 16",1 dorms.,40.01 m²,Modelo 1 Dormitorio + Kitchenette,Soles,"373,772",https://nexoinmobiliario.pe/proyecto/venta-de-departamento-3413-concepto-unity-park-santiago-de-surco-lima-lima-imagina
31/07/2027,40.01 a 82.96 m2 total,Departamentos,1 a 3 dormitorios,12 unidades disponibles,Pisos 9 al 16,3 dorms.,74.26 m²,Modelo 3 Dormitorios + Cocina,Soles,"699,818",https://nexoinmobiliario.pe/proyecto/venta-de-departamento-3413-concepto-unity-park-santiago-de-surco-lima-lima-imagina
31/07/2027,40.01 a 82.96 m2 total,Departamentos,1 a 3 dormitorios,6 unidades disponibles,Pisos 15 y 16,2 dorms.,50.51 m²,Modelo 2 Dormitorios + Kitchenette,Soles,"475,594",https://nexoinmobiliario.pe/proyecto/venta-de-departamento-3413-concepto-unity-park-santiago-de-surco-lima-lima-imagina
31/07/2027,40.01 a 82.96 m2 total,Departamentos,1 a 3 dormitorios,1 unidad disponible,Piso 16,3 dorms.,64.77 m²,Modelo 3 Dormitorios + Kitchenette,Soles,"628,474",https://nexoinmobiliario.pe/proyecto/venta-de-departamento-3413-concepto-unity-park-santiago-de-surco-lima-lima-imagina
31/07/2027,40.01 a 82.96 m2 total,Departamentos,1 a 3 dormitorios,4 unidades disponibles,"Pisos 13, 14, 15, 16",2 dorms.,57.74 m²,Modelo 2 Dormitorios + Kitchenette (Mariposa),Soles,"532,826",https://nexoinmobiliario.pe/proyecto/venta-de-departamento-3413-concepto-unity-park-santiago-de-surco-lima-lima-imagina
31/07/2027,40.01 a 82.96 m2 total,Departamentos,1 a 3 dormitorios,7 unidades disponibles,"Pisos 13, 14, 15, 16",2 dorms.,45.47 m²,Modelo 1.5 Dormitorio + Kitchenette,Soles,"420,616",https://nexoinmobiliario.pe/proyecto/venta-de-departamento-3413-concepto-unity-park-santiago-de-surco-lima-lima-imagina
30/12/2026,73.20 a 75.42 m2 total,Departamentos,3 dormitorios,6 unidades disponibles,Pisos 4 al 9,3 dorms.,75.42 m²,Modelo X01,Soles,"415,000",https://nexoinmobiliario.pe/proyecto/venta-de-departamento-3430-azul-condominio-santiago-de-surco-lima-lima-enacorp
30/12/2026,73.20 a 75.42 m2 total,Departamentos,3 dormitorios,6 unidades disponibles,Pisos 3 al 10,3 dorms.,73.20 m²,Modelo X05,Soles,"407,500",https://nexoinmobiliario.pe/proyecto/venta-de-departamento-3430-azul-condominio-santiago-de-surco-lima-lima-enacorp
30/12/2026,73.20 a 75.42 m2 total,Departamentos,3 dormitorios,8 unidades disponibles,Pisos 4 al 11,3 dorms.,74.42 m²,Modelo X06,Soles,"405,000",https://nexoinmobiliario.pe/proyecto/venta-de-departamento-3430-azul-condominio-santiago-de-surco-lima-lima-enacorp
31/10/2026,82.30 a 90.65 m2 total,Departamentos,2 dormitorios,1 unidad disponible,Piso 1,2 dorms.,90.65 m²,Modelo FLAT 103,Soles,"765,000",https://nexoinmobiliario.pe/proyecto/venta-de-departamento-3456-bosco-santiago-de-surco-lima-lima-conforta-inmobiliaria
31/10/2026,82.30 a 90.65 m2 total,Departamentos,2 dormitorios,1 unidad disponible,Piso 6,2 dorms.,82.30 m²,Modelo TIPO 3,Soles,"775,000",https://nexoinmobiliario.pe/proyecto/venta-de-departamento-3456-bosco-santiago-de-surco-lima-lima-conforta-inmobiliaria
31/10/2026,77.54 a 124.86 m2 total,Departamentos,2 a 3 dormitorios,5 unidades disponibles,"Pisos 10, 11, 12, 14, 16",3 dorms.,78.10 m²,Modelo VIEW COLLECTION,Soles,"694,000",https://nexoinmobiliario.pe/proyecto/venta-de-departamento-3464-casaparq-monterrico-iii-view-santiago-de-surco-lima-lima-cissac
31/10/2026,77.54 a 124.86 m2 total,Departamentos,2 a 3 dormitorios,1 unidad disponible,Piso 1,2 dorms.,124.86 m²,Modelo BASICO,Soles,"786,500",https://nexoinmobiliario.pe/proyecto/venta-de-departamento-3464-casaparq-monterrico-iii-view-santiago-de-surco-lima-lima-cissac
31/10/2026,77.54 a 124.86 m2 total,Departamentos,2 a 3 dormitorios,6 unidades disponibles,Pisos 10 al 16,3 dorms.,77.54 m²,Modelo VIEW CONFORT,Soles,"714,000",https://nexoinmobiliario.pe/proyecto/venta-de-departamento-3464-casaparq-monterrico-iii-view-santiago-de-surco-lima-lima-cissac
31/10/2026,77.54 a 124.86 m2 total,Departamentos,2 a 3 dormitorios,5 unidades disponibles,"Pisos 6, 11, 13, 14, 16",3 dorms.,77.54 m²,Modelo VIEW PLUS,Soles,"699,000",https://nexoinmobiliario.pe/proyecto/venta-de-departamento-3464-casaparq-monterrico-iii-view-santiago-de-surco-lima-lima-cissac
Entrega inmediata,103.92 a 107.44 m2 total,Departamentos,2 dormitorios,1 unidad disponible,Piso 1,2 dorms.,103.92 m²,Modelo x102,Soles,"839,000",https://nexoinmobiliario.pe/proyecto/venta-de-departamento-3477-monte-sierpe-santiago-de-surco-lima-lima-make-inmobiliaria
Entrega inmediata,103.92 a 107.44 m2 total,Departamentos,2 dormitorios,2 unidades disponibles,Pisos 2 y 3,2 dorms.,107.37 m²,Modelo X01,Soles,"862,000",https://nexoinmobiliario.pe/proyecto/venta-de-departamento-3477-monte-sierpe-santiago-de-surco-lima-lima-make-inmobiliaria
Entrega inmediata,103.92 a 107.44 m2 total,Departamentos,2 dormitorios,2 unidades disponibles,Pisos 2 y 3,2 dorms.,107.44 m²,Modelo X02,Soles,"845,000",https://nexoinmobiliario.pe/proyecto/venta-de-departamento-3477-monte-sierpe-santiago-de-surco-lima-lima-make-inmobiliaria
30/11/2027,41 a 101 m2 total,Departamentos,1 a 3 dormitorios,12 unidades disponibles,Pisos 14 al 28,3 dorms.,101.00 m²,Modelo Tipo 1,Soles,"808,000",https://nexoinmobiliario.pe/proyecto/venta-de-departamento-3480-more-santiago-de-surco-lima-lima-inmobiliaria-huanwil
30/11/2027,41 a 101 m2 total,Departamentos,1 a 3 dormitorios,3 unidades disponibles,"Pisos 14, 16, 27",2 dorms.,64.00 m²,Modelo Tipo 2,Soles,"578,021",https://nexoinmobiliario.pe/proyecto/venta-de-departamento-3480-more-santiago-de-surco-lima-lima-inmobiliaria-huanwil
30/11/2027,41 a 101 m2 total,Departamentos,1 a 3 dormitorios,6 unidades disponibles,Pisos 18 al 28,3 dorms.,97.00 m²,Modelo Tipo 4,Soles,"773,447",https://nexoinmobiliario.pe/proyecto/venta-de-departamento-3480-more-santiago-de-surco-lima-lima-inmobiliaria-huanwil
30/11/2027,41 a 101 m2 total,Departamentos,1 a 3 dormitorios,5 unidades disponibles,"Pisos 20, 23, 25, 27, 28",2 dorms.,65.50 m²,Modelo Tipo 5,Soles,"586,053",https://nexoinmobiliario.pe/proyecto/venta-de-departamento-3480-more-santiago-de-surco-lima-lima-inmobiliaria-huanwil
30/11/2027,41 a 101 m2 total,Departamentos,1 a 3 dormitorios,6 unidades disponibles,Pisos 14 al 28,3 dorms.,100.00 m²,Modelo Tipo 6,Soles,"834,579",https://nexoinmobiliario.pe/proyecto/venta-de-departamento-3480-more-santiago-de-surco-lima-lima-inmobiliaria-huanwil
30/11/2027,41 a 101 m2 total,Departamentos,1 a 3 dormitorios,4 unidades disponibles,"Pisos 16, 19, 22, 27",2 dorms.,61.50 m²,Modelo Tipo 7,Soles,"673,457",https://nexoinmobiliario.pe/proyecto/venta-de-departamento-3480-more-santiago-de-surco-lima-lima-inmobiliaria-huanwil
31/08/2026,157.63 m2 total,Departamentos,4 dormitorios,1 unidad disponible,Piso 7,4 dorms.,157.63 m²,Modelo Dúplex 704,Soles,"1,091,500",https://nexoinmobiliario.pe/proyecto/venta-de-departamento-3489-parque-gardenias-2-santiago-de-surco-lima-lima-domun-inmobiliaria
Entrega inmediata,80.52 a 169 m2 total,Departamentos,2 a 3 dormitorios,1 unidad disponible,Piso 1,3 dorms.,144.13 m²,Modelo SS01,Soles,"863,000",https://nexoinmobiliario.pe/proyecto/venta-de-departamento-3496-ingreen-santiago-de-surco-lima-lima-inmgenio
Entrega inmediata,80.52 a 169 m2 total,Departamentos,2 a 3 dormitorios,3 unidades disponibles,"Pisos 2, 4, 5",3 dorms.,108.10 m²,Modelo X03,Soles,"779,000",https://nexoinmobiliario.pe/proyecto/venta-de-departamento-3496-ingreen-santiago-de-surco-lima-lima-inmgenio
31/03/2027,45.25 a 113.75 m2 total,Departamentos,1 a 3 dormitorios,1 unidad disponible,Piso 14,1 dorms.,45.25 m²,Modelo X01,Soles,"311,000",https://nexoinmobiliario.pe/proyecto/venta-de-departamento-3511-ascend-santiago-de-surco-lima-lima-urbalima
31/03/2027,45.25 a 113.75 m2 total,Departamentos,1 a 3 dormitorios,9 unidades disponibles,Pisos 6 al 17,3 dorms.,68.75 m²,Modelo X02,Soles,"555,000",https://nexoinmobiliario.pe/proyecto/venta-de-departamento-3511-ascend-santiago-de-surco-lima-lima-urbalima
31/03/2027,45.25 a 113.75 m2 total,Departamentos,1 a 3 dormitorios,3 unidades disponibles,"Pisos 3, 5, 7",3 dorms.,73.75 m²,Modelo X05,Soles,"576,000",https://nexoinmobiliario.pe/proyecto/venta-de-departamento-3511-ascend-santiago-de-surco-lima-lima-urbalima
31/03/2027,45.25 a 113.75 m2 total,Departamentos,1 a 3 dormitorios,6 unidades disponibles,Pisos 11 al 18,3 dorms.,86.58 m²,Modelo X03B,Soles,"697,000",https://nexoinmobiliario.pe/proyecto/venta-de-departamento-3511-ascend-santiago-de-surco-lima-lima-urbalima
16/05/2026,86.40 a 108 m2 total,Departamentos,2 a 3 dormitorios,2 unidades disponibles,Pisos 4 y 5,3 dorms.,108.00 m²,Modelo 1,Soles,"957,000",https://nexoinmobiliario.pe/proyecto/venta-de-departamento-3525-aliaga-491-santiago-de-surco-lima-lima-quark-grupo-inmobiliario
16/05/2026,86.40 a 108 m2 total,Departamentos,2 a 3 dormitorios,1 unidad disponible,Piso 5,2 dorms.,86.40 m²,Modelo 2,Soles,"815,500",https://nexoinmobiliario.pe/proyecto/venta-de-departamento-3525-aliaga-491-santiago-de-surco-lima-lima-quark-grupo-inmobiliario
30/04/2027,87.57 a 173.67 m2 total,Departamentos,2 a 3 dormitorios,1 unidad disponible,Piso 1,2 dorms.,151.72 m²,Modelo DPTO 103,Dólares,"249,662",https://nexoinmobiliario.pe/proyecto/venta-de-departamento-3534-kenko-ii-santiago-de-surco-lima-lima-constructora-atlas
30/04/2027,87.57 a 173.67 m2 total,Departamentos,2 a 3 dormitorios,2 unidades disponibles,Pisos 3 y 5,3 dorms.,95.82 m²,"Modelo DPTO 201,301,401,501",Dólares,"195,473",https://nexoinmobiliario.pe/proyecto/venta-de-departamento-3534-kenko-ii-santiago-de-surco-lima-lima-constructora-atlas
30/04/2027,87.57 a 173.67 m2 total,Departamentos,2 a 3 dormitorios,2 unidades disponibles,Pisos 2 y 3,3 dorms.,92.46 m²,"Modelo DPTO 202,302,402,502",Dólares,"188,618",https://nexoinmobiliario.pe/proyecto/venta-de-departamento-3534-kenko-ii-santiago-de-surco-lima-lima-constructora-atlas
30/04/2027,87.57 a 173.67 m2 total,Departamentos,2 a 3 dormitorios,2 unidades disponibles,Pisos 2 y 5,3 dorms.,87.57 m²,"Modelo DPTO 203,303,403,503",Dólares,"169,710",https://nexoinmobiliario.pe/proyecto/venta-de-departamento-3534-kenko-ii-santiago-de-surco-lima-lima-constructora-atlas
30/04/2027,87.57 a 173.67 m2 total,Departamentos,2 a 3 dormitorios,4 unidades disponibles,"Pisos 2, 3, 4, 5",2 dorms.,100.94 m²,"Modelo DPTO 204,304,404,504",Dólares,"205,918",https://nexoinmobiliario.pe/proyecto/venta-de-departamento-3534-kenko-ii-santiago-de-surco-lima-lima-constructora-atlas
30/04/2027,87.57 a 173.67 m2 total,Departamentos,2 a 3 dormitorios,2 unidades disponibles,Pisos 2 y 3,3 dorms.,93.62 m²,"Modelo DPTO 205,305,405,505",Dólares,"190,985",https://nexoinmobiliario.pe/proyecto/venta-de-departamento-3534-kenko-ii-santiago-de-surco-lima-lima-constructora-atlas
31/10/2027,64 a 153.52 m2 total,Departamentos,2 a 3 dormitorios,1 unidad disponible,Piso 1,2 dorms.,100.64 m²,Modelo A 102,Soles,"719,000",https://nexoinmobiliario.pe/proyecto/venta-de-departamento-3553-parkview-santiago-de-surco-lima-lima-avenir-grupo-inmobiliario
31/10/2027,64 a 153.52 m2 total,Departamentos,2 a 3 dormitorios,1 unidad disponible,Piso 1,3 dorms.,99.87 m²,Modelo A 107,Soles,"794,000",https://nexoinmobiliario.pe/proyecto/venta-de-departamento-3553-parkview-santiago-de-surco-lima-lima-avenir-grupo-inmobiliario
31/10/2027,64 a 153.52 m2 total,Departamentos,2 a 3 dormitorios,1 unidad disponible,Piso 1,2 dorms.,82.12 m²,Modelo A 108,Soles,"661,800",https://nexoinmobiliario.pe/proyecto/venta-de-departamento-3553-parkview-santiago-de-surco-lima-lima-avenir-grupo-inmobiliario
31/10/2027,64 a 153.52 m2 total,Departamentos,2 a 3 dormitorios,1 unidad disponible,Piso 1,2 dorms.,81.67 m²,Modelo B 110,Soles,"595,400",https://nexoinmobiliario.pe/proyecto/venta-de-departamento-3553-parkview-santiago-de-surco-lima-lima-avenir-grupo-inmobiliario
31/10/2027,64 a 153.52 m2 total,Departamentos,2 a 3 dormitorios,1 unidad disponible,Piso 1,3 dorms.,108.59 m²,Modelo B 117,Soles,"859,000",https://nexoinmobiliario.pe/proyecto/venta-de-departamento-3553-parkview-santiago-de-surco-lima-lima-avenir-grupo-inmobiliario
31/10/2027,64 a 153.52 m2 total,Departamentos,2 a 3 dormitorios,1 unidad disponible,Piso 2,3 dorms.,89.66 m²,Modelo A 201,Soles,"705,300",https://nexoinmobiliario.pe/proyecto/venta-de-departamento-3553-parkview-santiago-de-surco-lima-lima-avenir-grupo-inmobiliario
30/01/2027,108 a 210.20 m2 total,Departamentos,2 a 4 dormitorios,1 unidad disponible,Piso,2 dorms.,127.60 m²,Modelo Tipo SS01,Soles,"862,283",https://nexoinmobiliario.pe/proyecto/venta-de-departamento-3595-pacifico-299-santiago-de-surco-lima-lima-ter-inmobiliaria
30/01/2027,108 a 210.20 m2 total,Departamentos,2 a 4 dormitorios,1 unidad disponible,Piso 2,2 dorms.,108.00 m²,Modelo X05,Soles,"899,176",https://nexoinmobiliario.pe/proyecto/venta-de-departamento-3595-pacifico-299-santiago-de-surco-lima-lima-ter-inmobiliaria
30/01/2027,108 a 210.20 m2 total,Departamentos,2 a 4 dormitorios,1 unidad disponible,Piso 4,3 dorms.,114.00 m²,Modelo X06,Soles,"941,036",https://nexoinmobiliario.pe/proyecto/venta-de-departamento-3595-pacifico-299-santiago-de-surco-lima-lima-ter-inmobiliaria
30/01/2027,108 a 210.20 m2 total,Departamentos,2 a 4 dormitorios,1 unidad disponible,Piso 3,3 dorms.,108.00 m²,Modelo X07,Soles,"899,176",https://nexoinmobiliario.pe/proyecto/venta-de-departamento-3595-pacifico-299-santiago-de-surco-lima-lima-ter-inmobiliaria
30/09/2027,61.24 a 171.88 m2 total,Departamentos,2 a 4 dormitorios,1 unidad disponible,Piso 1,2 dorms.,79.19 m²,Modelo B-102,Soles,"586,300",https://nexoinmobiliario.pe/proyecto/venta-de-departamento-3598-inspira-2-santiago-de-surco-lima-lima-sembra-inmobiliaria
30/09/2027,61.24 a 171.88 m2 total,Departamentos,2 a 4 dormitorios,1 unidad disponible,Piso 1,2 dorms.,66.31 m²,Modelo B-103,Soles,"522,500",https://nexoinmobiliario.pe/proyecto/venta-de-departamento-3598-inspira-2-santiago-de-surco-lima-lima-sembra-inmobiliaria
30/09/2027,61.24 a 171.88 m2 total,Departamentos,2 a 4 dormitorios,1 unidad disponible,Piso 1,2 dorms.,68.26 m²,Modelo B-104,Soles,"540,400",https://nexoinmobiliario.pe/proyecto/venta-de-departamento-3598-inspira-2-santiago-de-surco-lima-lima-sembra-inmobiliaria
30/09/2027,61.24 a 171.88 m2 total,Departamentos,2 a 4 dormitorios,1 unidad disponible,Piso 1,2 dorms.,67.95 m²,Modelo B-105,Soles,"537,900",https://nexoinmobiliario.pe/proyecto/venta-de-departamento-3598-inspira-2-santiago-de-surco-lima-lima-sembra-inmobiliaria
30/09/2027,61.24 a 171.88 m2 total,Departamentos,2 a 4 dormitorios,1 unidad disponible,Piso 1,2 dorms.,61.24 m²,Modelo B-106,Soles,"488,000",https://nexoinmobiliario.pe/proyecto/venta-de-departamento-3598-inspira-2-santiago-de-surco-lima-lima-sembra-inmobiliaria
30/09/2027,61.24 a 171.88 m2 total,Departamentos,2 a 4 dormitorios,1 unidad disponible,Piso 1,3 dorms.,102.93 m²,Modelo B-108,Soles,"734,400",https://nexoinmobiliario.pe/proyecto/venta-de-departamento-3598-inspira-2-santiago-de-surco-lima-lima-sembra-inmobiliaria
31/08/2026,185.38 m2 total,Departamentos,4 dormitorios,1 unidad disponible,Piso 7,4 dorms.,185.38 m²,Modelo Dúplex 704,Soles,"1,239,500",https://nexoinmobiliario.pe/proyecto/venta-de-departamento-3604-milano-park-santiago-de-surco-lima-lima-domun-inmobiliaria
31/07/2027,46.44 a 70.40 m2 total,Departamentos,1 a 3 dormitorios,7 unidades disponibles,Pisos 3 al 12,3 dorms.,65.76 m²,Modelo X01,Soles,"707,484",https://nexoinmobiliario.pe/proyecto/venta-de-departamento-3619-bosqo-santiago-de-surco-lima-lima-cosapi
31/07/2027,46.44 a 70.40 m2 total,Departamentos,1 a 3 dormitorios,5 unidades disponibles,"Pisos 4, 5, 6, 7, 8",2 dorms.,54.43 m²,Modelo X02,Soles,"597,361",https://nexoinmobiliario.pe/proyecto/venta-de-departamento-3619-bosqo-santiago-de-surco-lima-lima-cosapi
31/07/2027,46.44 a 70.40 m2 total,Departamentos,1 a 3 dormitorios,7 unidades disponibles,Pisos 2 al 9,2 dorms.,53.95 m²,Modelo X03,Soles,"597,361",https://nexoinmobiliario.pe/proyecto/venta-de-departamento-3619-bosqo-santiago-de-surco-lima-lima-cosapi
31/07/2027,46.44 a 70.40 m2 total,Departamentos,1 a 3 dormitorios,4 unidades disponibles,"Pisos 4, 5, 8, 9",3 dorms.,70.00 m²,Modelo X04,Soles,"710,600",https://nexoinmobiliario.pe/proyecto/venta-de-departamento-3619-bosqo-santiago-de-surco-lima-lima-cosapi
31/07/2027,46.44 a 70.40 m2 total,Departamentos,1 a 3 dormitorios,2 unidades disponibles,Pisos 1 y 12,1 dorms.,61.84 m²,Modelo X05,Soles,"410,361",https://nexoinmobiliario.pe/proyecto/venta-de-departamento-3619-bosqo-santiago-de-surco-lima-lima-cosapi
31/07/2027,46.44 a 70.40 m2 total,Departamentos,1 a 3 dormitorios,4 unidades disponibles,"Pisos 2, 9, 10, 11",2 dorms.,58.81 m²,Modelo X07,Soles,"481,006",https://nexoinmobiliario.pe/proyecto/venta-de-departamento-3619-bosqo-santiago-de-surco-lima-lima-cosapi
15/02/2027,66.65 a 85.22 m2 total,Departamentos,2 a 3 dormitorios,16 unidades disponibles,Pisos 4 al 22,3 dorms.,78.34 m²,Modelo TIPO 13,Soles,"611,000",https://nexoinmobiliario.pe/proyecto/venta-de-departamento-3620-simpli-life-santiago-de-surco-lima-lima-akamai
15/02/2027,66.65 a 85.22 m2 total,Departamentos,2 a 3 dormitorios,1 unidad disponible,Piso 2,2 dorms.,66.65 m²,Modelo JARDIN TIPO 15,Soles,"661,100",https://nexoinmobiliario.pe/proyecto/venta-de-departamento-3620-simpli-life-santiago-de-surco-lima-lima-akamai
15/02/2027,66.65 a 85.22 m2 total,Departamentos,2 a 3 dormitorios,9 unidades disponibles,Pisos 5 al 22,2 dorms.,66.65 m²,Modelo TIPO 15,Soles,"542,781",https://nexoinmobiliario.pe/proyecto/venta-de-departamento-3620-simpli-life-santiago-de-surco-lima-lima-akamai
15/02/2027,66.65 a 85.22 m2 total,Departamentos,2 a 3 dormitorios,10 unidades disponibles,Pisos 4 al 22,3 dorms.,85.22 m²,Modelo TIPO 16,Soles,"649,935",https://nexoinmobiliario.pe/proyecto/venta-de-departamento-3620-simpli-life-santiago-de-surco-lima-lima-akamai
30/01/2027,105.45 a 153.23 m2 total,Departamentos,3 dormitorios,1 unidad disponible,Piso 1,3 dorms.,153.23 m²,Modelo 102,Soles,"849,563",https://nexoinmobiliario.pe/proyecto/venta-de-departamento-3627-ingenieros-943-santiago-de-surco-lima-lima-2k-inmobiliaria
30/01/2027,105.45 a 153.23 m2 total,Departamentos,3 dormitorios,1 unidad disponible,Piso 2,3 dorms.,106.49 m²,Modelo 202,Soles,"725,000",https://nexoinmobiliario.pe/proyecto/venta-de-departamento-3627-ingenieros-943-santiago-de-surco-lima-lima-2k-inmobiliaria
30/01/2027,105.45 a 153.23 m2 total,Departamentos,3 dormitorios,1 unidad disponible,Piso 2,3 dorms.,107.31 m²,Modelo 203,Soles,"725,000",https://nexoinmobiliario.pe/proyecto/venta-de-departamento-3627-ingenieros-943-santiago-de-surco-lima-lima-2k-inmobiliaria
30/01/2027,105.45 a 153.23 m2 total,Departamentos,3 dormitorios,1 unidad disponible,Piso 3,3 dorms.,105.45 m²,Modelo 302,Soles,"721,278",https://nexoinmobiliario.pe/proyecto/venta-de-departamento-3627-ingenieros-943-santiago-de-surco-lima-lima-2k-inmobiliaria
30/01/2027,105.45 a 153.23 m2 total,Departamentos,3 dormitorios,1 unidad disponible,Piso 5,3 dorms.,106.39 m²,Modelo 502,Soles,"727,707",https://nexoinmobiliario.pe/proyecto/venta-de-departamento-3627-ingenieros-943-santiago-de-surco-lima-lima-2k-inmobiliaria
31/12/2027,64 a 183.05 m2 total,Departamentos,1 a 3 dormitorios,2 unidades disponibles,Pisos 4 y 5,1 dorms.,64.11 m²,Modelo TIPO 12-B,Soles,"507,000",https://nexoinmobiliario.pe/proyecto/venta-de-departamento-3631-ten-apartments-santiago-de-surco-lima-lima-ee-inmobiliaria
31/12/2027,64 a 183.05 m2 total,Departamentos,1 a 3 dormitorios,1 unidad disponible,Piso 6,1 dorms.,64.11 m²,Modelo DPTO. 612,Soles,"511,500",https://nexoinmobiliario.pe/proyecto/venta-de-departamento-3631-ten-apartments-santiago-de-surco-lima-lima-ee-inmobiliaria
31/12/2027,64 a 183.05 m2 total,Departamentos,1 a 3 dormitorios,2 unidades disponibles,Pisos 2 y 3,2 dorms.,99.51 m²,Modelo TIPO 1-A,Soles,"788,000",https://nexoinmobiliario.pe/proyecto/venta-de-departamento-3631-ten-apartments-santiago-de-surco-lima-lima-ee-inmobiliaria
31/12/2027,64 a 183.05 m2 total,Departamentos,1 a 3 dormitorios,1 unidad disponible,Piso 6,2 dorms.,86.71 m²,Modelo DPTO. 610,Soles,"688,000",https://nexoinmobiliario.pe/proyecto/venta-de-departamento-3631-ten-apartments-santiago-de-surco-lima-lima-ee-inmobiliaria
31/12/2027,64 a 183.05 m2 total,Departamentos,1 a 3 dormitorios,1 unidad disponible,Piso 1,2 dorms.,86.54 m²,Modelo DPTO. 102,Soles,"674,000",https://nexoinmobiliario.pe/proyecto/venta-de-departamento-3631-ten-apartments-santiago-de-surco-lima-lima-ee-inmobiliaria
31/12/2027,64 a 183.05 m2 total,Departamentos,1 a 3 dormitorios,1 unidad disponible,Piso 1,1 dorms.,64.23 m²,Modelo DPTO. 103,Soles,"503,000",https://nexoinmobiliario.pe/proyecto/venta-de-departamento-3631-ten-apartments-santiago-de-surco-lima-lima-ee-inmobiliaria
31/03/2027,92.78 a 97.09 m2 total,Departamentos,3 dormitorios,1 unidad disponible,Piso 5,3 dorms.,97.09 m²,Modelo Tipo 5,Soles,"698,752",https://nexoinmobiliario.pe/proyecto/venta-de-departamento-3653-bellaterra-santiago-de-surco-lima-lima-innovandum-inmobiliaria
31/03/2027,92.78 a 97.09 m2 total,Departamentos,3 dormitorios,1 unidad disponible,Piso 2,3 dorms.,97.09 m²,Modelo Tipo 4,Soles,"698,752",https://nexoinmobiliario.pe/proyecto/venta-de-departamento-3653-bellaterra-santiago-de-surco-lima-lima-innovandum-inmobiliaria
31/03/2027,92.78 a 97.09 m2 total,Departamentos,3 dormitorios,1 unidad disponible,Piso 6,3 dorms.,92.78 m²,Modelo Tipo 7,Soles,"667,733",https://nexoinmobiliario.pe/proyecto/venta-de-departamento-3653-bellaterra-santiago-de-surco-lima-lima-innovandum-inmobiliaria
15/07/2027,64 a 139.77 m2 total,Departamentos,2 a 3 dormitorios,1 unidad disponible,Piso 1,2 dorms.,76.45 m²,Modelo Tipo I,Soles,"521,013",https://nexoinmobiliario.pe/proyecto/venta-de-departamento-3659-kava-santiago-de-surco-lima-lima-abril-grupo-inmobiliario
15/07/2027,64 a 139.77 m2 total,Departamentos,2 a 3 dormitorios,1 unidad disponible,Piso 1,3 dorms.,139.77 m²,Modelo Tipo L,Soles,"785,792",https://nexoinmobiliario.pe/proyecto/venta-de-departamento-3659-kava-santiago-de-surco-lima-lima-abril-grupo-inmobiliario
15/07/2027,64 a 139.77 m2 total,Departamentos,2 a 3 dormitorios,6 unidades disponibles,Pisos 2 al 16,3 dorms.,72.45 m²,Modelo Tipo D,Soles,"517,617",https://nexoinmobiliario.pe/proyecto/venta-de-departamento-3659-kava-santiago-de-surco-lima-lima-abril-grupo-inmobiliario
15/07/2027,64 a 139.77 m2 total,Departamentos,2 a 3 dormitorios,6 unidades disponibles,Pisos 2 al 15,3 dorms.,72.20 m²,Modelo Tipo F,Soles,"515,831",https://nexoinmobiliario.pe/proyecto/venta-de-departamento-3659-kava-santiago-de-surco-lima-lima-abril-grupo-inmobiliario
15/07/2027,64 a 139.77 m2 total,Departamentos,2 a 3 dormitorios,3 unidades disponibles,"Pisos 5, 15, 16",3 dorms.,72.20 m²,Modelo Tipo G,Soles,"521,936",https://nexoinmobiliario.pe/proyecto/venta-de-departamento-3659-kava-santiago-de-surco-lima-lima-abril-grupo-inmobiliario
15/07/2027,64 a 139.77 m2 total,Departamentos,2 a 3 dormitorios,5 unidades disponibles,"Pisos 3, 6, 8, 11, 15",3 dorms.,72.81 m²,Modelo Tipo H,Soles,"520,189",https://nexoinmobiliario.pe/proyecto/venta-de-departamento-3659-kava-santiago-de-surco-lima-lima-abril-grupo-inmobiliario
30/12/2026,51.17 a 147.43 m2 total,Departamentos,1 a 3 dormitorios,5 unidades disponibles,"Pisos 5, 6, 7, 8, 9",1 dorms.,51.17 m²,Modelo TIPO 01,Dólares,"115,000",https://nexoinmobiliario.pe/proyecto/venta-de-departamento-3675-caminos-1570-santiago-de-surco-lima-lima-constructora-framan
30/12/2026,51.17 a 147.43 m2 total,Departamentos,1 a 3 dormitorios,6 unidades disponibles,Pisos 3 al 9,1 dorms.,51.27 m²,Modelo TIPO 02,Dólares,"115,000",https://nexoinmobiliario.pe/proyecto/venta-de-departamento-3675-caminos-1570-santiago-de-surco-lima-lima-constructora-framan
30/12/2026,51.17 a 147.43 m2 total,Departamentos,1 a 3 dormitorios,1 unidad disponible,Piso 1,1 dorms.,69.88 m²,Modelo TIPO 03,Dólares,"125,000",https://nexoinmobiliario.pe/proyecto/venta-de-departamento-3675-caminos-1570-santiago-de-surco-lima-lima-constructora-framan
30/12/2026,51.17 a 147.43 m2 total,Departamentos,1 a 3 dormitorios,3 unidades disponibles,"Pisos 5, 6, 9",2 dorms.,53.51 m²,Modelo TIPO 06,Dólares,"129,000",https://nexoinmobiliario.pe/proyecto/venta-de-departamento-3675-caminos-1570-santiago-de-surco-lima-lima-constructora-framan
30/12/2026,51.17 a 147.43 m2 total,Departamentos,1 a 3 dormitorios,1 unidad disponible,Piso 1,3 dorms.,147.43 m²,Modelo TIPO 09,Dólares,"230,000",https://nexoinmobiliario.pe/proyecto/venta-de-departamento-3675-caminos-1570-santiago-de-surco-lima-lima-constructora-framan
30/12/2026,51.17 a 147.43 m2 total,Departamentos,1 a 3 dormitorios,1 unidad disponible,Piso 1,3 dorms.,69.15 m²,Modelo TIPO 10,Dólares,"160,000",https://nexoinmobiliario.pe/proyecto/venta-de-departamento-3675-caminos-1570-santiago-de-surco-lima-lima-constructora-framan
31/12/2026,100.18 a 174.29 m2 total,Departamentos,2 a 3 dormitorios,1 unidad disponible,Piso 1,3 dorms.,142.46 m²,Modelo SS01,Soles,"982,400",https://nexoinmobiliario.pe/proyecto/venta-de-departamento-3722-monte-carmelo-551-santiago-de-surco-lima-lima-balance-grupo-inmobiliario
31/12/2026,100.18 a 174.29 m2 total,Departamentos,2 a 3 dormitorios,1 unidad disponible,Piso 1,2 dorms.,102.72 m²,Modelo SS02,Soles,"750,300",https://nexoinmobiliario.pe/proyecto/venta-de-departamento-3722-monte-carmelo-551-santiago-de-surco-lima-lima-balance-grupo-inmobiliario
31/12/2026,100.18 a 174.29 m2 total,Departamentos,2 a 3 dormitorios,1 unidad disponible,Piso 1,3 dorms.,108.13 m²,Modelo 101,Soles,"843,900",https://nexoinmobiliario.pe/proyecto/venta-de-departamento-3722-monte-carmelo-551-santiago-de-surco-lima-lima-balance-grupo-inmobiliario
31/12/2026,100.18 a 174.29 m2 total,Departamentos,2 a 3 dormitorios,1 unidad disponible,Piso 1,3 dorms.,100.18 m²,Modelo 102,Soles,"801,200",https://nexoinmobiliario.pe/proyecto/venta-de-departamento-3722-monte-carmelo-551-santiago-de-surco-lima-lima-balance-grupo-inmobiliario
31/12/2026,100.18 a 174.29 m2 total,Departamentos,2 a 3 dormitorios,2 unidades disponibles,Pisos 2 y 3,3 dorms.,108.02 m²,Modelo Tipo 1,Soles,"843,100",https://nexoinmobiliario.pe/proyecto/venta-de-departamento-3722-monte-carmelo-551-santiago-de-surco-lima-lima-balance-grupo-inmobiliario
31/12/2026,100.18 a 174.29 m2 total,Departamentos,2 a 3 dormitorios,1 unidad disponible,Piso 2,3 dorms.,108.00 m²,Modelo Tipo 2,Soles,"863,800",https://nexoinmobiliario.pe/proyecto/venta-de-departamento-3722-monte-carmelo-551-santiago-de-surco-lima-lima-balance-grupo-inmobiliario
31/03/2027,87.07 a 106.19 m2 total,Departamentos,2 a 3 dormitorios,2 unidades disponibles,Pisos 3 y 4,3 dorms.,106.19 m²,Modelo X04B,Soles,"799,000",https://nexoinmobiliario.pe/proyecto/venta-de-departamento-3752-elite-14-santiago-de-surco-lima-lima-tectonica-grupo-inmobiliario
31/03/2027,87.07 a 106.19 m2 total,Departamentos,2 a 3 dormitorios,2 unidades disponibles,Pisos 2 y 3,2 dorms.,87.07 m²,Modelo X03,Soles,"679,000",https://nexoinmobiliario.pe/proyecto/venta-de-departamento-3752-elite-14-santiago-de-surco-lima-lima-tectonica-grupo-inmobiliario
Entrega inmediata,90 a 108 m2 total,Departamentos,3 dormitorios,1 unidad disponible,Piso 1,3 dorms.,108.00 m²,Modelo C,Soles,"765,000",https://nexoinmobiliario.pe/proyecto/venta-de-departamento-3768-edificio-el-molino-santiago-de-surco-lima-lima-cp-building
Entrega inmediata,90 a 108 m2 total,Departamentos,3 dormitorios,2 unidades disponibles,Pisos 4 y 5,3 dorms.,90.00 m²,Modelo G,Soles,"710,000",https://nexoinmobiliario.pe/proyecto/venta-de-departamento-3768-edificio-el-molino-santiago-de-surco-lima-lima-cp-building
31/12/2026,94.64 a 273.73 m2 total,Departamentos,3 a 4 dormitorios,1 unidad disponible,Piso 1,3 dorms.,141.79 m²,Modelo 101,Soles,"1,067,598",https://nexoinmobiliario.pe/proyecto/venta-de-departamento-3770-jardines-de-monte-real-santiago-de-surco-lima-lima-central-inmobiliaria
31/12/2026,94.64 a 273.73 m2 total,Departamentos,3 a 4 dormitorios,1 unidad disponible,Piso 1,4 dorms.,145.05 m²,Modelo 103,Soles,"1,171,672",https://nexoinmobiliario.pe/proyecto/venta-de-departamento-3770-jardines-de-monte-real-santiago-de-surco-lima-lima-central-inmobiliaria
31/12/2026,94.64 a 273.73 m2 total,Departamentos,3 a 4 dormitorios,1 unidad disponible,Piso 1,4 dorms.,127.60 m²,Modelo 107,Soles,"1,119,236",https://nexoinmobiliario.pe/proyecto/venta-de-departamento-3770-jardines-de-monte-real-santiago-de-surco-lima-lima-central-inmobiliaria
31/12/2026,94.64 a 273.73 m2 total,Departamentos,3 a 4 dormitorios,1 unidad disponible,Piso 2,3 dorms.,127.33 m²,Modelo 209,Soles,"1,108,757",https://nexoinmobiliario.pe/proyecto/venta-de-departamento-3770-jardines-de-monte-real-santiago-de-surco-lima-lima-central-inmobiliaria
31/12/2026,94.64 a 273.73 m2 total,Departamentos,3 a 4 dormitorios,1 unidad disponible,Piso 3,3 dorms.,106.79 m²,Modelo 304,Soles,"955,666",https://nexoinmobiliario.pe/proyecto/venta-de-departamento-3770-jardines-de-monte-real-santiago-de-surco-lima-lima-central-inmobiliaria
31/12/2026,94.64 a 273.73 m2 total,Departamentos,3 a 4 dormitorios,1 unidad disponible,Piso 3,3 dorms.,127.33 m²,Modelo 309,Soles,"1,134,598",https://nexoinmobiliario.pe/proyecto/venta-de-departamento-3770-jardines-de-monte-real-santiago-de-surco-lima-lima-central-inmobiliaria
28/02/2027,54.93 a 147.30 m2 total,Departamentos,1 a 3 dormitorios,1 unidad disponible,Piso,1 dorms.,54.93 m²,Modelo TIPO A,Soles,"456,000",https://nexoinmobiliario.pe/proyecto/venta-de-departamento-3794-green-nova-santiago-de-surco-lima-lima-vivans-inmobiliaria
28/02/2027,54.93 a 147.30 m2 total,Departamentos,1 a 3 dormitorios,1 unidad disponible,Piso,3 dorms.,94.03 m²,Modelo TIPO B,Soles,"769,000",https://nexoinmobiliario.pe/proyecto/venta-de-departamento-3794-green-nova-santiago-de-surco-lima-lima-vivans-inmobiliaria
28/02/2027,54.93 a 147.30 m2 total,Departamentos,1 a 3 dormitorios,1 unidad disponible,Piso 1,3 dorms.,84.47 m²,Modelo TIPO C,Soles,"777,000",https://nexoinmobiliario.pe/proyecto/venta-de-departamento-3794-green-nova-santiago-de-surco-lima-lima-vivans-inmobiliaria
28/02/2027,54.93 a 147.30 m2 total,Departamentos,1 a 3 dormitorios,2 unidades disponibles,Pisos 2 y 4,3 dorms.,74.12 m²,Modelo TIPO E,Soles,"660,000",https://nexoinmobiliario.pe/proyecto/venta-de-departamento-3794-green-nova-santiago-de-surco-lima-lima-vivans-inmobiliaria
28/02/2027,54.93 a 147.30 m2 total,Departamentos,1 a 3 dormitorios,1 unidad disponible,Piso 3,3 dorms.,74.80 m²,Modelo TIPO H,Soles,"681,000",https://nexoinmobiliario.pe/proyecto/venta-de-departamento-3794-green-nova-santiago-de-surco-lima-lima-vivans-inmobiliaria
28/02/2027,54.93 a 147.30 m2 total,Departamentos,1 a 3 dormitorios,1 unidad disponible,Piso 3,3 dorms.,74.50 m²,Modelo TIPO I,Soles,"678,000",https://nexoinmobiliario.pe/proyecto/venta-de-departamento-3794-green-nova-santiago-de-surco-lima-lima-vivans-inmobiliaria
31/12/2026,110.26 a 119.90 m2 total,Departamentos,2 a 3 dormitorios,1 unidad disponible,Piso 1,3 dorms.,119.90 m²,Modelo Dpto. 101,Soles,"876,000",https://nexoinmobiliario.pe/proyecto/venta-de-departamento-3795-floresta-living-444-santiago-de-surco-lima-lima-ee-inmobiliaria
31/12/2026,88.40 a 231.69 m2 total,Departamentos,3 a 4 dormitorios,1 unidad disponible,Piso 2,3 dorms.,94.50 m²,Modelo Típico 2-A,Soles,"682,000",https://nexoinmobiliario.pe/proyecto/venta-de-departamento-3804-castello-santiago-de-surco-lima-lima-ee-inmobiliaria
31/12/2026,88.40 a 231.69 m2 total,Departamentos,3 a 4 dormitorios,1 unidad disponible,Piso 2,3 dorms.,88.40 m²,Modelo Típico 3-A,Soles,"645,000",https://nexoinmobiliario.pe/proyecto/venta-de-departamento-3804-castello-santiago-de-surco-lima-lima-ee-inmobiliaria
31/12/2026,88.40 a 231.69 m2 total,Departamentos,3 a 4 dormitorios,1 unidad disponible,Piso 1,3 dorms.,169.60 m²,Modelo Dpto 101,Soles,"1,025,000",https://nexoinmobiliario.pe/proyecto/venta-de-departamento-3804-castello-santiago-de-surco-lima-lima-ee-inmobiliaria
31/12/2026,88.40 a 231.69 m2 total,Departamentos,3 a 4 dormitorios,1 unidad disponible,Piso 1,3 dorms.,170.09 m²,Modelo Dpto 104,Soles,"1,040,000",https://nexoinmobiliario.pe/proyecto/venta-de-departamento-3804-castello-santiago-de-surco-lima-lima-ee-inmobiliaria
31/12/2026,88.40 a 231.69 m2 total,Departamentos,3 a 4 dormitorios,4 unidades disponibles,"Pisos 2, 3, 4, 5",3 dorms.,119.00 m²,Modelo Típico 1,Soles,"815,000",https://nexoinmobiliario.pe/proyecto/venta-de-departamento-3804-castello-santiago-de-surco-lima-lima-ee-inmobiliaria
31/12/2026,88.40 a 231.69 m2 total,Departamentos,3 a 4 dormitorios,1 unidad disponible,Piso 3,3 dorms.,119.00 m²,Modelo Típico 5,Soles,"880,000",https://nexoinmobiliario.pe/proyecto/venta-de-departamento-3804-castello-santiago-de-surco-lima-lima-ee-inmobiliaria
30/04/2028,43.94 a 85.45 m2 total,Departamentos,1 a 3 dormitorios,10 unidades disponibles,Pisos 4 al 13,2 dorms.,73.96 m²,Modelo 1,Soles,"560,246",https://nexoinmobiliario.pe/proyecto/venta-de-departamento-3805-hub-encalada-santiago-de-surco-lima-lima-grupo-t-c
30/04/2028,43.94 a 85.45 m2 total,Departamentos,1 a 3 dormitorios,7 unidades disponibles,Pisos 3 al 12,2 dorms.,70.97 m²,Modelo 2,Soles,"546,843",https://nexoinmobiliario.pe/proyecto/venta-de-departamento-3805-hub-encalada-santiago-de-surco-lima-lima-grupo-t-c
30/04/2028,43.94 a 85.45 m2 total,Departamentos,1 a 3 dormitorios,2 unidades disponibles,Pisos 10 y 11,2 dorms.,58.22 m²,Modelo 3,Soles,"521,331",https://nexoinmobiliario.pe/proyecto/venta-de-departamento-3805-hub-encalada-santiago-de-surco-lima-lima-grupo-t-c
30/04/2028,43.94 a 85.45 m2 total,Departamentos,1 a 3 dormitorios,6 unidades disponibles,Pisos 8 al 13,2 dorms.,60.29 m²,Modelo 4,Soles,"521,015",https://nexoinmobiliario.pe/proyecto/venta-de-departamento-3805-hub-encalada-santiago-de-surco-lima-lima-grupo-t-c
30/04/2028,43.94 a 85.45 m2 total,Departamentos,1 a 3 dormitorios,7 unidades disponibles,Pisos 7 al 13,2 dorms.,57.86 m²,Modelo 5,Soles,"489,979",https://nexoinmobiliario.pe/proyecto/venta-de-departamento-3805-hub-encalada-santiago-de-surco-lima-lima-grupo-t-c
30/04/2028,43.94 a 85.45 m2 total,Departamentos,1 a 3 dormitorios,2 unidades disponibles,Pisos 12 y 13,2 dorms.,61.20 m²,Modelo 8,Soles,"566,240",https://nexoinmobiliario.pe/proyecto/venta-de-departamento-3805-hub-encalada-santiago-de-surco-lima-lima-grupo-t-c
15/03/2027,67 a 229 m2 total,Departamentos,2 a 3 dormitorios,1 unidad disponible,Piso 1,2 dorms.,67.00 m²,Modelo Dpto. 102,Soles,"560,000",https://nexoinmobiliario.pe/proyecto/venta-de-departamento-3817-vista-park-santiago-de-surco-lima-lima-ee-inmobiliaria
15/03/2027,67 a 229 m2 total,Departamentos,2 a 3 dormitorios,1 unidad disponible,Piso 1,3 dorms.,90.40 m²,Modelo Dpto. 103,Soles,"680,000",https://nexoinmobiliario.pe/proyecto/venta-de-departamento-3817-vista-park-santiago-de-surco-lima-lima-ee-inmobiliaria
15/03/2027,67 a 229 m2 total,Departamentos,2 a 3 dormitorios,4 unidades disponibles,"Pisos 2, 4, 6, 7",3 dorms.,91.00 m²,Modelo Tipo 03,Soles,"705,000",https://nexoinmobiliario.pe/proyecto/venta-de-departamento-3817-vista-park-santiago-de-surco-lima-lima-ee-inmobiliaria
30/09/2027,42.90 a 107.01 m2 total,Departamentos,1 a 2 dormitorios,98 unidades disponibles,Pisos 1 al 16,1 dorms.,42.90 m²,Modelo Flat,Soles,"396,336",https://nexoinmobiliario.pe/proyecto/venta-de-departamento-3819-casaparq-monterrico-iv-santiago-de-surco-lima-lima-cissac
30/09/2027,42.90 a 107.01 m2 total,Departamentos,1 a 2 dormitorios,11 unidades disponibles,Pisos 1 al 16,2 dorms.,66.21 m²,Modelo Mariposa,Soles,"538,952",https://nexoinmobiliario.pe/proyecto/venta-de-departamento-3819-casaparq-monterrico-iv-santiago-de-surco-lima-lima-cissac
30/09/2027,64.50 a 170.39 m2 total,Departamentos,2 a 3 dormitorios,1 unidad disponible,Piso 1,3 dorms.,101.99 m²,Modelo J,Soles,"811,469",https://nexoinmobiliario.pe/proyecto/venta-de-departamento-3826-quatro-bio-430-santiago-de-surco-lima-lima-quatro-inmobiliaria
30/09/2027,64.50 a 170.39 m2 total,Departamentos,2 a 3 dormitorios,1 unidad disponible,Piso 1,3 dorms.,106.45 m²,Modelo K,Soles,"841,174",https://nexoinmobiliario.pe/proyecto/venta-de-departamento-3826-quatro-bio-430-santiago-de-surco-lima-lima-quatro-inmobiliaria
30/09/2027,64.50 a 170.39 m2 total,Departamentos,2 a 3 dormitorios,4 unidades disponibles,"Pisos 2, 3, 4, 5",3 dorms.,87.00 m²,Modelo D,Soles,"686,083",https://nexoinmobiliario.pe/proyecto/venta-de-departamento-3826-quatro-bio-430-santiago-de-surco-lima-lima-quatro-inmobiliaria
30/09/2027,64.50 a 170.39 m2 total,Departamentos,2 a 3 dormitorios,3 unidades disponibles,"Pisos 2, 4, 5",3 dorms.,87.00 m²,Modelo E,Soles,"688,103",https://nexoinmobiliario.pe/proyecto/venta-de-departamento-3826-quatro-bio-430-santiago-de-surco-lima-lima-quatro-inmobiliaria
30/09/2027,64.50 a 170.39 m2 total,Departamentos,2 a 3 dormitorios,3 unidades disponibles,"Pisos 3, 4, 5",3 dorms.,87.00 m²,Modelo F,Soles,"658,714",https://nexoinmobiliario.pe/proyecto/venta-de-departamento-3826-quatro-bio-430-santiago-de-surco-lima-lima-quatro-inmobiliaria
30/09/2027,64.50 a 170.39 m2 total,Departamentos,2 a 3 dormitorios,2 unidades disponibles,Pisos 2 y 3,2 dorms.,64.50 m²,Modelo G,Soles,"541,885",https://nexoinmobiliario.pe/proyecto/venta-de-departamento-3826-quatro-bio-430-santiago-de-surco-lima-lima-quatro-inmobiliaria
31/03/2027,103.92 a 206.58 m2 total,Departamentos,3 dormitorios,1 unidad disponible,Piso 1,3 dorms.,148.54 m²,Modelo X01,Soles,"936,000",https://nexoinmobiliario.pe/proyecto/venta-de-departamento-3842-avila-park-santiago-de-surco-lima-lima-nexo-ingeniería
31/03/2027,103.92 a 206.58 m2 total,Departamentos,3 dormitorios,1 unidad disponible,Piso 6,3 dorms.,103.92 m²,Modelo X02,Soles,"862,000",https://nexoinmobiliario.pe/proyecto/venta-de-departamento-3842-avila-park-santiago-de-surco-lima-lima-nexo-ingeniería
31/03/2027,103.92 a 206.58 m2 total,Departamentos,3 dormitorios,1 unidad disponible,Piso 5,3 dorms.,130.77 m²,Modelo X04,Soles,"862,000",https://nexoinmobiliario.pe/proyecto/venta-de-departamento-3842-avila-park-santiago-de-surco-lima-lima-nexo-ingeniería
30/04/2028,89.10 a 272.39 m2 total,Departamentos,2 a 3 dormitorios,3 unidades disponibles,Pisos 1 y 5,2 dorms.,89.10 m²,Modelo 1 + 1E,Soles,"607,000",https://nexoinmobiliario.pe/proyecto/venta-de-departamento-3874-azara-santiago-de-surco-lima-lima-mohëm-inmobiliaria
30/04/2028,89.10 a 272.39 m2 total,Departamentos,2 a 3 dormitorios,18 unidades disponibles,"Pisos 2, 3, 4, 5",3 dorms.,120.62 m²,Modelo 2+1E,Soles,"800,000",https://nexoinmobiliario.pe/proyecto/venta-de-departamento-3874-azara-santiago-de-surco-lima-lima-mohëm-inmobiliaria
31/10/2027,69.22 a 183.08 m2 total,Departamentos,2 a 3 dormitorios,1 unidad disponible,Piso 13,3 dorms.,152.61 m²,Modelo TD-X12A,Soles,"926,060",https://nexoinmobiliario.pe/proyecto/venta-de-departamento-3877-cedros-park-santiago-de-surco-lima-lima-f-inmobiliaria
31/10/2027,69.22 a 183.08 m2 total,Departamentos,2 a 3 dormitorios,1 unidad disponible,Piso 13,3 dorms.,165.40 m²,Modelo TD-X12B,Soles,"974,035",https://nexoinmobiliario.pe/proyecto/venta-de-departamento-3877-cedros-park-santiago-de-surco-lima-lima-f-inmobiliaria
31/10/2027,69.22 a 183.08 m2 total,Departamentos,2 a 3 dormitorios,1 unidad disponible,Piso 13,3 dorms.,183.08 m²,Modelo TD-X13A,Soles,"1,069,985",https://nexoinmobiliario.pe/proyecto/venta-de-departamento-3877-cedros-park-santiago-de-surco-lima-lima-f-inmobiliaria
31/10/2027,69.22 a 183.08 m2 total,Departamentos,2 a 3 dormitorios,1 unidad disponible,Piso 13,3 dorms.,182.04 m²,Modelo TD-X13B,Soles,"1,064,665",https://nexoinmobiliario.pe/proyecto/venta-de-departamento-3877-cedros-park-santiago-de-surco-lima-lima-f-inmobiliaria
31/10/2027,69.22 a 183.08 m2 total,Departamentos,2 a 3 dormitorios,3 unidades disponibles,"Pisos 8, 10, 12",3 dorms.,87.13 m²,Modelo TD-X06F,Soles,"611,800",https://nexoinmobiliario.pe/proyecto/venta-de-departamento-3877-cedros-park-santiago-de-surco-lima-lima-f-inmobiliaria
31/10/2027,69.22 a 183.08 m2 total,Departamentos,2 a 3 dormitorios,6 unidades disponibles,Pisos 7 al 12,3 dorms.,85.83 m²,Modelo TD-X06G,Soles,"601,825",https://nexoinmobiliario.pe/proyecto/venta-de-departamento-3877-cedros-park-santiago-de-surco-lima-lima-f-inmobiliaria
31/08/2028,39.63 a 109.72 m2 total,Departamentos,1 a 3 dormitorios,14 unidades disponibles,Pisos 8 al 22,3 dorms.,59.01 m²,Modelo X01,Soles,"349,433",https://nexoinmobiliario.pe/proyecto/venta-de-departamento-3904-pasaje-118-surco-santiago-de-surco-lima-lima-libre-inmobiliaria
31/08/2028,39.63 a 109.72 m2 total,Departamentos,1 a 3 dormitorios,20 unidades disponibles,Pisos 2 al 22,3 dorms.,61.01 m²,Modelo X02,Soles,"331,599",https://nexoinmobiliario.pe/proyecto/venta-de-departamento-3904-pasaje-118-surco-santiago-de-surco-lima-lima-libre-inmobiliaria
31/08/2028,39.63 a 109.72 m2 total,Departamentos,1 a 3 dormitorios,13 unidades disponibles,Pisos 2 al 22,3 dorms.,66.78 m²,Modelo X05,Soles,"334,472",https://nexoinmobiliario.pe/proyecto/venta-de-departamento-3904-pasaje-118-surco-santiago-de-surco-lima-lima-libre-inmobiliaria
31/08/2028,39.63 a 109.72 m2 total,Departamentos,1 a 3 dormitorios,1 unidad disponible,Piso 1,3 dorms.,109.72 m²,Modelo FLAT TERRAZA,Soles,"599,015",https://nexoinmobiliario.pe/proyecto/venta-de-departamento-3904-pasaje-118-surco-santiago-de-surco-lima-lima-libre-inmobiliaria
31/08/2028,39.63 a 109.72 m2 total,Departamentos,1 a 3 dormitorios,14 unidades disponibles,Pisos 4 al 21,1 dorms.,39.63 m²,Modelo X04,Soles,"206,395",https://nexoinmobiliario.pe/proyecto/venta-de-departamento-3904-pasaje-118-surco-santiago-de-surco-lima-lima-libre-inmobiliaria
31/08/2028,39.63 a 109.72 m2 total,Departamentos,1 a 3 dormitorios,16 unidades disponibles,Pisos 2 al 22,2 dorms.,55.48 m²,Modelo X03,Soles,"267,506",https://nexoinmobiliario.pe/proyecto/venta-de-departamento-3904-pasaje-118-surco-santiago-de-surco-lima-lima-libre-inmobiliaria
30/11/2027,65.83 a 87.32 m2 total,Departamentos,3 dormitorios,4 unidades disponibles,"Pisos 3, 4, 5, 6",3 dorms.,87.15 m²,Modelo TIPO 1,Soles,"722,653",https://nexoinmobiliario.pe/proyecto/venta-de-departamento-3918-numa-santiago-de-surco-lima-lima-conforta-inmobiliaria
30/11/2027,65.83 a 87.32 m2 total,Departamentos,3 dormitorios,2 unidades disponibles,Pisos 2 y 6,3 dorms.,87.32 m²,Modelo TIPO 2,Soles,"738,532",https://nexoinmobiliario.pe/proyecto/venta-de-departamento-3918-numa-santiago-de-surco-lima-lima-conforta-inmobiliaria
30/11/2027,65.83 a 87.32 m2 total,Departamentos,3 dormitorios,4 unidades disponibles,"Pisos 2, 3, 4, 5",3 dorms.,82.14 m²,Modelo TIPO 3,Soles,"617,107",https://nexoinmobiliario.pe/proyecto/venta-de-departamento-3918-numa-santiago-de-surco-lima-lima-conforta-inmobiliaria
30/11/2027,65.83 a 87.32 m2 total,Departamentos,3 dormitorios,4 unidades disponibles,"Pisos 4, 5, 6, 7",3 dorms.,65.83 m²,Modelo TIPO 5,Soles,"531,952",https://nexoinmobiliario.pe/proyecto/venta-de-departamento-3918-numa-santiago-de-surco-lima-lima-conforta-inmobiliaria
30/11/2027,65.83 a 87.32 m2 total,Departamentos,3 dormitorios,1 unidad disponible,Piso 1,3 dorms.,79.63 m²,Modelo FLAT 102,Soles,"611,437",https://nexoinmobiliario.pe/proyecto/venta-de-departamento-3918-numa-santiago-de-surco-lima-lima-conforta-inmobiliaria
30/11/2027,65.83 a 87.32 m2 total,Departamentos,3 dormitorios,1 unidad disponible,Piso 1,3 dorms.,78.94 m²,Modelo FLAT 103,Soles,"621,236",https://nexoinmobiliario.pe/proyecto/venta-de-departamento-3918-numa-santiago-de-surco-lima-lima-conforta-inmobiliaria
28/02/2027,108.71 a 201.34 m2 total,Departamentos,2 a 3 dormitorios,1 unidad disponible,Piso 1,2 dorms.,108.71 m²,Modelo DPTO 102,Soles,"699,000",https://nexoinmobiliario.pe/proyecto/venta-de-departamento-3923-malaga-257-santiago-de-surco-lima-lima-ee-inmobiliaria
31/10/2027,63 a 149.53 m2 total,Departamentos,2 a 3 dormitorios,1 unidad disponible,Piso 1,3 dorms.,97.12 m²,Modelo DPTO. 101,Soles,"625,000",https://nexoinmobiliario.pe/proyecto/venta-de-departamento-3955-velasco-astete-santiago-de-surco-lima-lima-ee-inmobiliaria
31/10/2027,63 a 149.53 m2 total,Departamentos,2 a 3 dormitorios,1 unidad disponible,Piso 1,3 dorms.,99.81 m²,Modelo DPTO. 102,Soles,"670,000",https://nexoinmobiliario.pe/proyecto/venta-de-departamento-3955-velasco-astete-santiago-de-surco-lima-lima-ee-inmobiliaria
31/10/2027,63 a 149.53 m2 total,Departamentos,2 a 3 dormitorios,4 unidades disponibles,"Pisos 2, 3, 6, 7",3 dorms.,77.00 m²,Modelo TIPO 01-A,Soles,"575,000",https://nexoinmobiliario.pe/proyecto/venta-de-departamento-3955-velasco-astete-santiago-de-surco-lima-lima-ee-inmobiliaria
31/10/2027,63 a 149.53 m2 total,Departamentos,2 a 3 dormitorios,4 unidades disponibles,"Pisos 2, 3, 6, 7",3 dorms.,73.24 m²,Modelo TIPO 02-A,Soles,"569,000",https://nexoinmobiliario.pe/proyecto/venta-de-departamento-3955-velasco-astete-santiago-de-surco-lima-lima-ee-inmobiliaria
31/10/2027,63 a 149.53 m2 total,Departamentos,2 a 3 dormitorios,6 unidades disponibles,Pisos 2 al 7,2 dorms.,63.29 m²,Modelo TIPO 05,Soles,"479,000",https://nexoinmobiliario.pe/proyecto/venta-de-departamento-3955-velasco-astete-santiago-de-surco-lima-lima-ee-inmobiliaria
31/10/2027,63 a 149.53 m2 total,Departamentos,2 a 3 dormitorios,3 unidades disponibles,"Pisos 4, 5, 8",3 dorms.,77.00 m²,Modelo TIPO 01-B,Soles,"575,000",https://nexoinmobiliario.pe/proyecto/venta-de-departamento-3955-velasco-astete-santiago-de-surco-lima-lima-ee-inmobiliaria
30/04/2027,99.20 a 125.08 m2 total,Departamentos,2 a 3 dormitorios,1 unidad disponible,Piso 1,2 dorms.,122.81 m²,Modelo Dpto. 102,Soles,"685,572",https://nexoinmobiliario.pe/proyecto/venta-de-departamento-3968-bosquia-living-santiago-de-surco-lima-lima-ee-inmobiliaria
30/04/2027,99.20 a 125.08 m2 total,Departamentos,2 a 3 dormitorios,1 unidad disponible,Piso 5,3 dorms.,116.99 m²,Modelo Tipo 01-B,Soles,"819,753",https://nexoinmobiliario.pe/proyecto/venta-de-departamento-3968-bosquia-living-santiago-de-surco-lima-lima-ee-inmobiliaria
30/04/2027,99.20 a 125.08 m2 total,Departamentos,2 a 3 dormitorios,1 unidad disponible,Piso 3,3 dorms.,116.99 m²,Modelo Tipo 01-A,Soles,"819,753",https://nexoinmobiliario.pe/proyecto/venta-de-departamento-3968-bosquia-living-santiago-de-surco-lima-lima-ee-inmobiliaria
30/04/2027,99.20 a 125.08 m2 total,Departamentos,2 a 3 dormitorios,1 unidad disponible,Piso 3,3 dorms.,117.60 m²,Modelo Tipo 02-A,Soles,"825,305",https://nexoinmobiliario.pe/proyecto/venta-de-departamento-3968-bosquia-living-santiago-de-surco-lima-lima-ee-inmobiliaria
30/06/2027,70.52 a 170.53 m2 total,Departamentos,2 a 3 dormitorios,1 unidad disponible,Piso 1,2 dorms.,105.11 m²,Modelo Dpto. 101,Soles,"723,000",https://nexoinmobiliario.pe/proyecto/venta-de-departamento-3973-essenza-117-santiago-de-surco-lima-lima-ee-inmobiliaria
30/06/2027,70.52 a 170.53 m2 total,Departamentos,2 a 3 dormitorios,2 unidades disponibles,Pisos 2 y 4,3 dorms.,95.87 m²,Modelo Típico 1-A,Soles,"678,000",https://nexoinmobiliario.pe/proyecto/venta-de-departamento-3973-essenza-117-santiago-de-surco-lima-lima-ee-inmobiliaria
30/06/2027,70.52 a 170.53 m2 total,Departamentos,2 a 3 dormitorios,1 unidad disponible,Piso 4,3 dorms.,84.64 m²,Modelo Típico 3-A,Soles,"601,000",https://nexoinmobiliario.pe/proyecto/venta-de-departamento-3973-essenza-117-santiago-de-surco-lima-lima-ee-inmobiliaria
30/06/2027,70.52 a 170.53 m2 total,Departamentos,2 a 3 dormitorios,2 unidades disponibles,Pisos 2 y 4,2 dorms.,70.52 m²,Modelo Típico 4-A,Soles,"482,000",https://nexoinmobiliario.pe/proyecto/venta-de-departamento-3973-essenza-117-santiago-de-surco-lima-lima-ee-inmobiliaria
30/06/2027,70.52 a 170.53 m2 total,Departamentos,2 a 3 dormitorios,2 unidades disponibles,Pisos 3 y 5,3 dorms.,95.73 m²,Modelo Típico 1-B,Soles,"679,000",https://nexoinmobiliario.pe/proyecto/venta-de-departamento-3973-essenza-117-santiago-de-surco-lima-lima-ee-inmobiliaria
30/06/2027,70.52 a 170.53 m2 total,Departamentos,2 a 3 dormitorios,1 unidad disponible,Piso 5,2 dorms.,70.52 m²,Modelo Típico 4-B,Soles,"482,000",https://nexoinmobiliario.pe/proyecto/venta-de-departamento-3973-essenza-117-santiago-de-surco-lima-lima-ee-inmobiliaria
30/04/2027,81.20 a 196 m2 total,Departamentos,3 dormitorios,1 unidad disponible,Piso 1,3 dorms.,126.00 m²,Modelo Dpto. 101,Soles,"848,500",https://nexoinmobiliario.pe/proyecto/venta-de-departamento-3995-parque-martinelli-santiago-de-surco-lima-lima-ee-inmobiliaria
30/04/2027,81.20 a 196 m2 total,Departamentos,3 dormitorios,2 unidades disponibles,Pisos 2 y 4,3 dorms.,81.20 m²,Modelo Tipo 03,Soles,"563,000",https://nexoinmobiliario.pe/proyecto/venta-de-departamento-3995-parque-martinelli-santiago-de-surco-lima-lima-ee-inmobiliaria
30/03/2027,90 a 186 m2 total,Departamentos,2 a 3 dormitorios,1 unidad disponible,Piso 1,3 dorms.,166.00 m²,Modelo TIPO A,Soles,"1,064,000",https://nexoinmobiliario.pe/proyecto/venta-de-departamento-4001-rdc-525-surco-santiago-de-surco-lima-lima-cp-building
30/03/2027,90 a 186 m2 total,Departamentos,2 a 3 dormitorios,1 unidad disponible,Piso 1,2 dorms.,153.00 m²,Modelo TIPO B,Soles,"943,000",https://nexoinmobiliario.pe/proyecto/venta-de-departamento-4001-rdc-525-surco-santiago-de-surco-lima-lima-cp-building
30/03/2027,90 a 186 m2 total,Departamentos,2 a 3 dormitorios,2 unidades disponibles,Pisos 2 y 4,3 dorms.,93.00 m²,Modelo TIPO C,Soles,"683,000",https://nexoinmobiliario.pe/proyecto/venta-de-departamento-4001-rdc-525-surco-santiago-de-surco-lima-lima-cp-building
30/03/2027,90 a 186 m2 total,Departamentos,2 a 3 dormitorios,2 unidades disponibles,Pisos 2 y 4,3 dorms.,91.00 m²,Modelo TIPO D,Soles,"675,000",https://nexoinmobiliario.pe/proyecto/venta-de-departamento-4001-rdc-525-surco-santiago-de-surco-lima-lima-cp-building
30/03/2027,90 a 186 m2 total,Departamentos,2 a 3 dormitorios,1 unidad disponible,Piso 4,3 dorms.,94.00 m²,Modelo TIPO E,Soles,"690,000",https://nexoinmobiliario.pe/proyecto/venta-de-departamento-4001-rdc-525-surco-santiago-de-surco-lima-lima-cp-building
30/03/2027,90 a 186 m2 total,Departamentos,2 a 3 dormitorios,2 unidades disponibles,Pisos 3 y 5,3 dorms.,92.50 m²,Modelo TIPO F,Soles,"683,000",https://nexoinmobiliario.pe/proyecto/venta-de-departamento-4001-rdc-525-surco-santiago-de-surco-lima-lima-cp-building
30/09/2027,64 a 183.68 m2 total,Departamentos,2 a 3 dormitorios,1 unidad disponible,Piso 1,3 dorms.,98.99 m²,Modelo Dpto. 101,Soles,"702,000",https://nexoinmobiliario.pe/proyecto/venta-de-departamento-4004-montelier-santiago-de-surco-lima-lima-ee-inmobiliaria
30/09/2027,64 a 183.68 m2 total,Departamentos,2 a 3 dormitorios,1 unidad disponible,Piso 1,3 dorms.,88.34 m²,Modelo Dpto. 102,Soles,"639,000",https://nexoinmobiliario.pe/proyecto/venta-de-departamento-4004-montelier-santiago-de-surco-lima-lima-ee-inmobiliaria
30/09/2027,64 a 183.68 m2 total,Departamentos,2 a 3 dormitorios,1 unidad disponible,Piso 1,3 dorms.,145.08 m²,Modelo Dpto. 104,Soles,"819,000",https://nexoinmobiliario.pe/proyecto/venta-de-departamento-4004-montelier-santiago-de-surco-lima-lima-ee-inmobiliaria
30/09/2027,64 a 183.68 m2 total,Departamentos,2 a 3 dormitorios,1 unidad disponible,Piso 1,3 dorms.,175.24 m²,Modelo Dpto. 105,Soles,"984,000",https://nexoinmobiliario.pe/proyecto/venta-de-departamento-4004-montelier-santiago-de-surco-lima-lima-ee-inmobiliaria
30/09/2027,64 a 183.68 m2 total,Departamentos,2 a 3 dormitorios,1 unidad disponible,Piso 2,3 dorms.,87.90 m²,Modelo Dpto. 203,Soles,"659,000",https://nexoinmobiliario.pe/proyecto/venta-de-departamento-4004-montelier-santiago-de-surco-lima-lima-ee-inmobiliaria
30/09/2027,64 a 183.68 m2 total,Departamentos,2 a 3 dormitorios,1 unidad disponible,Piso 2,3 dorms.,86.56 m²,Modelo Dpto. 205,Soles,"619,000",https://nexoinmobiliario.pe/proyecto/venta-de-departamento-4004-montelier-santiago-de-surco-lima-lima-ee-inmobiliaria
31/12/2027,47.90 a 75.82 m2 total,Departamentos,1 a 3 dormitorios,1 unidad disponible,Piso 2,1 dorms.,47.90 m²,Modelo 201,Soles,"366,900",https://nexoinmobiliario.pe/proyecto/venta-de-departamento-4026-cristobal-santiago-de-surco-lima-lima-sembra-inmobiliaria
31/12/2027,47.90 a 75.82 m2 total,Departamentos,1 a 3 dormitorios,1 unidad disponible,Piso 2,3 dorms.,75.74 m²,Modelo 203,Soles,"564,400",https://nexoinmobiliario.pe/proyecto/venta-de-departamento-4026-cristobal-santiago-de-surco-lima-lima-sembra-inmobiliaria
31/12/2027,47.90 a 75.82 m2 total,Departamentos,1 a 3 dormitorios,2 unidades disponibles,Pisos 9 y 10,2 dorms.,62.29 m²,Modelo T-5,Soles,"485,900",https://nexoinmobiliario.pe/proyecto/venta-de-departamento-4026-cristobal-santiago-de-surco-lima-lima-sembra-inmobiliaria
31/12/2027,47.90 a 75.82 m2 total,Departamentos,1 a 3 dormitorios,8 unidades disponibles,Pisos 3 al 10,1 dorms.,47.90 m²,Modelo T-1,Soles,"326,250",https://nexoinmobiliario.pe/proyecto/venta-de-departamento-4026-cristobal-santiago-de-surco-lima-lima-sembra-inmobiliaria
31/12/2027,47.90 a 75.82 m2 total,Departamentos,1 a 3 dormitorios,6 unidades disponibles,Pisos 4 al 10,3 dorms.,75.82 m²,Modelo T-2,Soles,"530,385",https://nexoinmobiliario.pe/proyecto/venta-de-departamento-4026-cristobal-santiago-de-surco-lima-lima-sembra-inmobiliaria
31/12/2027,47.90 a 75.82 m2 total,Departamentos,1 a 3 dormitorios,8 unidades disponibles,Pisos 3 al 10,3 dorms.,75.74 m²,Modelo T-3,Soles,"557,700",https://nexoinmobiliario.pe/proyecto/venta-de-departamento-4026-cristobal-santiago-de-surco-lima-lima-sembra-inmobiliaria
31/03/2028,61.16 a 189.08 m2 total,Departamentos,2 a 3 dormitorios,1 unidad disponible,Piso 1,3 dorms.,140.90 m²,Modelo SS1,Soles,"807,000",https://nexoinmobiliario.pe/proyecto/venta-de-departamento-4029-residencial-verona-santiago-de-surco-lima-lima-domun-inmobiliaria
31/03/2028,61.16 a 189.08 m2 total,Departamentos,2 a 3 dormitorios,1 unidad disponible,Piso 1,2 dorms.,77.33 m²,Modelo SS3,Soles,"512,000",https://nexoinmobiliario.pe/proyecto/venta-de-departamento-4029-residencial-verona-santiago-de-surco-lima-lima-domun-inmobiliaria
31/03/2028,61.16 a 189.08 m2 total,Departamentos,2 a 3 dormitorios,1 unidad disponible,Piso 1,2 dorms.,102.47 m²,Modelo SS4,Soles,"708,000",https://nexoinmobiliario.pe/proyecto/venta-de-departamento-4029-residencial-verona-santiago-de-surco-lima-lima-domun-inmobiliaria
31/03/2028,61.16 a 189.08 m2 total,Departamentos,2 a 3 dormitorios,1 unidad disponible,Piso 1,3 dorms.,83.60 m²,Modelo Dpto. 102,Soles,"649,000",https://nexoinmobiliario.pe/proyecto/venta-de-departamento-4029-residencial-verona-santiago-de-surco-lima-lima-domun-inmobiliaria
31/03/2028,61.16 a 189.08 m2 total,Departamentos,2 a 3 dormitorios,1 unidad disponible,Piso 1,2 dorms.,66.06 m²,Modelo Dpto. 103,Soles,"483,000",https://nexoinmobiliario.pe/proyecto/venta-de-departamento-4029-residencial-verona-santiago-de-surco-lima-lima-domun-inmobiliaria
31/03/2028,61.16 a 189.08 m2 total,Departamentos,2 a 3 dormitorios,1 unidad disponible,Piso 1,2 dorms.,66.69 m²,Modelo Dpto. 104,Soles,"477,000",https://nexoinmobiliario.pe/proyecto/venta-de-departamento-4029-residencial-verona-santiago-de-surco-lima-lima-domun-inmobiliaria
30/10/2027,65.22 a 183.71 m2 total,Departamentos,2 a 4 dormitorios,1 unidad disponible,Piso 1,2 dorms.,94.01 m²,Modelo Dpto 101,Soles,"630,000",https://nexoinmobiliario.pe/proyecto/venta-de-departamento-4047-parque-el-rosal-2-santiago-de-surco-lima-lima-ee-inmobiliaria
30/10/2027,65.22 a 183.71 m2 total,Departamentos,2 a 4 dormitorios,1 unidad disponible,Piso 1,3 dorms.,119.20 m²,Modelo Dpto 103,Soles,"795,000",https://nexoinmobiliario.pe/proyecto/venta-de-departamento-4047-parque-el-rosal-2-santiago-de-surco-lima-lima-ee-inmobiliaria
30/10/2027,65.22 a 183.71 m2 total,Departamentos,2 a 4 dormitorios,1 unidad disponible,Piso 1,3 dorms.,143.30 m²,Modelo Dpto 104,Soles,"785,000",https://nexoinmobiliario.pe/proyecto/venta-de-departamento-4047-parque-el-rosal-2-santiago-de-surco-lima-lima-ee-inmobiliaria
30/10/2027,65.22 a 183.71 m2 total,Departamentos,2 a 4 dormitorios,2 unidades disponibles,Pisos 2 y 4,3 dorms.,92.52 m²,Modelo Típico 1,Soles,"710,000",https://nexoinmobiliario.pe/proyecto/venta-de-departamento-4047-parque-el-rosal-2-santiago-de-surco-lima-lima-ee-inmobiliaria
30/10/2027,65.22 a 183.71 m2 total,Departamentos,2 a 4 dormitorios,4 unidades disponibles,"Pisos 2, 3, 4, 5",3 dorms.,76.50 m²,Modelo Típico 4,Soles,"580,000",https://nexoinmobiliario.pe/proyecto/venta-de-departamento-4047-parque-el-rosal-2-santiago-de-surco-lima-lima-ee-inmobiliaria
30/10/2027,65.22 a 183.71 m2 total,Departamentos,2 a 4 dormitorios,2 unidades disponibles,Pisos 3 y 4,2 dorms.,65.22 m²,Modelo Típico 5,Soles,"505,000",https://nexoinmobiliario.pe/proyecto/venta-de-departamento-4047-parque-el-rosal-2-santiago-de-surco-lima-lima-ee-inmobiliaria
02/03/2028,42.57 a 64.46 m2 total,Departamentos,1 a 2 dormitorios,10 unidades disponibles,Pisos 8 al 18,1 dorms.,46.08 m²,Modelo Tipo 1,Soles,"358,000",https://nexoinmobiliario.pe/proyecto/venta-de-departamento-4052-esparq-170-santiago-de-surco-lima-lima-esparq-eom
02/03/2028,42.57 a 64.46 m2 total,Departamentos,1 a 2 dormitorios,9 unidades disponibles,Pisos 9 al 18,2 dorms.,64.46 m²,Modelo Tipo 2,Soles,"503,000",https://nexoinmobiliario.pe/proyecto/venta-de-departamento-4052-esparq-170-santiago-de-surco-lima-lima-esparq-eom
02/03/2028,42.57 a 64.46 m2 total,Departamentos,1 a 2 dormitorios,12 unidades disponibles,Pisos 7 al 18,2 dorms.,61.23 m²,Modelo Tipo 3,Soles,"538,000",https://nexoinmobiliario.pe/proyecto/venta-de-departamento-4052-esparq-170-santiago-de-surco-lima-lima-esparq-eom
02/03/2028,42.57 a 64.46 m2 total,Departamentos,1 a 2 dormitorios,9 unidades disponibles,Pisos 8 al 18,1 dorms.,42.57 m²,Modelo Tipo 4,Soles,"348,000",https://nexoinmobiliario.pe/proyecto/venta-de-departamento-4052-esparq-170-santiago-de-surco-lima-lima-esparq-eom
02/03/2028,42.57 a 64.46 m2 total,Departamentos,1 a 2 dormitorios,6 unidades disponibles,Pisos 11 al 18,2 dorms.,61.02 m²,Modelo Tipo 5,Soles,"557,000",https://nexoinmobiliario.pe/proyecto/venta-de-departamento-4052-esparq-170-santiago-de-surco-lima-lima-esparq-eom
02/03/2028,42.57 a 64.46 m2 total,Departamentos,1 a 2 dormitorios,9 unidades disponibles,Pisos 10 al 18,1 dorms.,45.87 m²,Modelo Tipo 6,Soles,"401,000",https://nexoinmobiliario.pe/proyecto/venta-de-departamento-4052-esparq-170-santiago-de-surco-lima-lima-esparq-eom
31/03/2028,40.78 a 81.95 m2 total,Departamentos,1 a 3 dormitorios,5 unidades disponibles,"Pisos 10, 11, 12, 14, 15",3 dorms.,64.91 m²,Modelo 3 Dormitorios + Kitchenette,Soles,"722,500",https://nexoinmobiliario.pe/proyecto/venta-de-departamento-4075-concepto-unity-park-etapa-2-santiago-de-surco-lima-lima-imagina
31/03/2028,40.78 a 81.95 m2 total,Departamentos,1 a 3 dormitorios,18 unidades disponibles,Pisos 2 al 15,3 dorms.,76.36 m²,Modelo 3 Dormitorios + Cocina,Soles,"762,100",https://nexoinmobiliario.pe/proyecto/venta-de-departamento-4075-concepto-unity-park-etapa-2-santiago-de-surco-lima-lima-imagina
31/03/2028,40.78 a 81.95 m2 total,Departamentos,1 a 3 dormitorios,27 unidades disponibles,Pisos 2 al 15,1 dorms.,40.78 m²,Modelo 1 Dormitorio + Kitchenette,Soles,"377,100",https://nexoinmobiliario.pe/proyecto/venta-de-departamento-4075-concepto-unity-park-etapa-2-santiago-de-surco-lima-lima-imagina
31/03/2028,40.78 a 81.95 m2 total,Departamentos,1 a 3 dormitorios,27 unidades disponibles,Pisos 2 al 15,2 dorms.,44.56 m²,Modelo 1.5 Dormitorio + Kitchenette,Soles,"411,000",https://nexoinmobiliario.pe/proyecto/venta-de-departamento-4075-concepto-unity-park-etapa-2-santiago-de-surco-lima-lima-imagina
31/03/2028,40.78 a 81.95 m2 total,Departamentos,1 a 3 dormitorios,23 unidades disponibles,Pisos 2 al 15,2 dorms.,50.75 m²,Modelo 2 Dormitorios + Kitchenette,Soles,"480,500",https://nexoinmobiliario.pe/proyecto/venta-de-departamento-4075-concepto-unity-park-etapa-2-santiago-de-surco-lima-lima-imagina
31/03/2028,40.78 a 81.95 m2 total,Departamentos,1 a 3 dormitorios,13 unidades disponibles,Pisos 2 al 15,2 dorms.,55.57 m²,Modelo 2 Dormitorios + Kitchenette (Mariposa),Soles,"523,800",https://nexoinmobiliario.pe/proyecto/venta-de-departamento-4075-concepto-unity-park-etapa-2-santiago-de-surco-lima-lima-imagina
30/06/2027,208.10 m2 total,Departamentos,3 dormitorios,1 unidad disponible,Piso 6,3 dorms.,208.10 m²,Modelo Dúplex 601,Soles,"1,290,000",https://nexoinmobiliario.pe/proyecto/venta-de-departamento-4085-parque-la-coruna-santiago-de-surco-lima-lima-ee-inmobiliaria
31/03/2027,104.41 a 110.52 m2 total,Departamentos,3 dormitorios,1 unidad disponible,Piso 2,3 dorms.,104.41 m²,Modelo TIPO 1,Soles,"858,916",https://nexoinmobiliario.pe/proyecto/venta-de-departamento-4107-gastonia-park-santiago-de-surco-lima-lima-conforta-inmobiliaria
31/03/2027,104.41 a 110.52 m2 total,Departamentos,3 dormitorios,4 unidades disponibles,"Pisos 2, 3, 4, 5",3 dorms.,110.52 m²,Modelo TIPO 2,Soles,"835,000",https://nexoinmobiliario.pe/proyecto/venta-de-departamento-4107-gastonia-park-santiago-de-surco-lima-lima-conforta-inmobiliaria
31/10/2027,75.28 a 192.57 m2 total,Departamentos,2 a 3 dormitorios,1 unidad disponible,Piso 1,3 dorms.,87.99 m²,Modelo Dpto 102,Soles,"650,000",https://nexoinmobiliario.pe/proyecto/venta-de-departamento-4108-copenhague-santiago-de-surco-lima-lima-ee-inmobiliaria
31/10/2027,75.28 a 192.57 m2 total,Departamentos,2 a 3 dormitorios,1 unidad disponible,Piso 1,2 dorms.,87.06 m²,Modelo Dpto 103,Soles,"630,000",https://nexoinmobiliario.pe/proyecto/venta-de-departamento-4108-copenhague-santiago-de-surco-lima-lima-ee-inmobiliaria
31/10/2027,75.28 a 192.57 m2 total,Departamentos,2 a 3 dormitorios,1 unidad disponible,Piso 2,3 dorms.,97.18 m²,Modelo Dpto 201,Soles,"719,000",https://nexoinmobiliario.pe/proyecto/venta-de-departamento-4108-copenhague-santiago-de-surco-lima-lima-ee-inmobiliaria
31/10/2027,75.28 a 192.57 m2 total,Departamentos,2 a 3 dormitorios,1 unidad disponible,Piso 2,3 dorms.,86.43 m²,Modelo Dpto 203,Soles,"681,000",https://nexoinmobiliario.pe/proyecto/venta-de-departamento-4108-copenhague-santiago-de-surco-lima-lima-ee-inmobiliaria
31/10/2027,75.28 a 192.57 m2 total,Departamentos,2 a 3 dormitorios,1 unidad disponible,Piso 2,2 dorms.,88.29 m²,Modelo Dpto 204,Soles,"666,000",https://nexoinmobiliario.pe/proyecto/venta-de-departamento-4108-copenhague-santiago-de-surco-lima-lima-ee-inmobiliaria
31/10/2027,75.28 a 192.57 m2 total,Departamentos,2 a 3 dormitorios,1 unidad disponible,Piso 2,2 dorms.,75.98 m²,Modelo Dpto 206,Soles,"564,000",https://nexoinmobiliario.pe/proyecto/venta-de-departamento-4108-copenhague-santiago-de-surco-lima-lima-ee-inmobiliaria
31/12/2027,86.50 a 176.73 m2 total,Departamentos,3 dormitorios,4 unidades disponibles,"Pisos 2, 3, 4, 5",3 dorms.,86.50 m²,Modelo TIPO 2,Soles,"588,200",https://nexoinmobiliario.pe/proyecto/venta-de-departamento-4115-alue-santiago-de-surco-lima-lima-rb-grupo-inmobiliario
31/12/2027,86.50 a 176.73 m2 total,Departamentos,3 dormitorios,3 unidades disponibles,"Pisos 3, 4, 5",3 dorms.,93.95 m²,Modelo TIPO 1,Soles,"670,803",https://nexoinmobiliario.pe/proyecto/venta-de-departamento-4115-alue-santiago-de-surco-lima-lima-rb-grupo-inmobiliario
31/12/2026,54 a 72.81 m2 total,Departamentos,2 a 3 dormitorios,7 unidades disponibles,Pisos 3 al 16,2 dorms.,56.02 m²,Modelo X01,Soles,"488,279",https://nexoinmobiliario.pe/proyecto/venta-de-departamento-4125-ativa-fase-3-santiago-de-surco-lima-lima-cosapi
31/12/2026,54 a 72.81 m2 total,Departamentos,2 a 3 dormitorios,4 unidades disponibles,"Pisos 2, 3, 9, 16",2 dorms.,55.84 m²,Modelo X02,Soles,"503,861",https://nexoinmobiliario.pe/proyecto/venta-de-departamento-4125-ativa-fase-3-santiago-de-surco-lima-lima-cosapi
31/12/2026,54 a 72.81 m2 total,Departamentos,2 a 3 dormitorios,2 unidades disponibles,Pisos 6 y 16,2 dorms.,54.00 m²,Modelo X03,Soles,"531,080",https://nexoinmobiliario.pe/proyecto/venta-de-departamento-4125-ativa-fase-3-santiago-de-surco-lima-lima-cosapi
31/12/2026,54 a 72.81 m2 total,Departamentos,2 a 3 dormitorios,1 unidad disponible,Piso 4,2 dorms.,59.01 m²,Modelo X04,Soles,"531,080",https://nexoinmobiliario.pe/proyecto/venta-de-departamento-4125-ativa-fase-3-santiago-de-surco-lima-lima-cosapi
31/12/2026,54 a 72.81 m2 total,Departamentos,2 a 3 dormitorios,1 unidad disponible,Piso 15,3 dorms.,72.81 m²,Modelo X05,Soles,"742,806",https://nexoinmobiliario.pe/proyecto/venta-de-departamento-4125-ativa-fase-3-santiago-de-surco-lima-lima-cosapi
31/12/2026,54 a 72.81 m2 total,Departamentos,2 a 3 dormitorios,3 unidades disponibles,"Pisos 6, 15, 16",3 dorms.,70.54 m²,Modelo X06,Soles,"531,080",https://nexoinmobiliario.pe/proyecto/venta-de-departamento-4125-ativa-fase-3-santiago-de-surco-lima-lima-cosapi
31/10/2027,94.89 a 138.99 m2 total,Departamentos,3 dormitorios,1 unidad disponible,Piso 1,3 dorms.,138.99 m²,Modelo FLAT 102,Soles,"1,002,300",https://nexoinmobiliario.pe/proyecto/venta-de-departamento-4127-parque-mochica-2-santiago-de-surco-lima-lima-conforta-inmobiliaria
31/10/2027,94.89 a 138.99 m2 total,Departamentos,3 dormitorios,3 unidades disponibles,"Pisos 3, 4, 5",3 dorms.,94.89 m²,Modelo TIPO 4,Soles,"785,000",https://nexoinmobiliario.pe/proyecto/venta-de-departamento-4127-parque-mochica-2-santiago-de-surco-lima-lima-conforta-inmobiliaria
31/08/2027,69.86 a 194.43 m2 total,Departamentos,2 a 4 dormitorios,1 unidad disponible,Piso 1,3 dorms.,112.44 m²,Modelo Tipo 1P,Soles,"890,000",https://nexoinmobiliario.pe/proyecto/venta-de-departamento-4129-polo-springs-santiago-de-surco-lima-lima-ilumina-inmobiliaria
31/08/2027,69.86 a 194.43 m2 total,Departamentos,2 a 4 dormitorios,1 unidad disponible,Piso 1,3 dorms.,103.31 m²,Modelo Tipo 3P,Soles,"770,000",https://nexoinmobiliario.pe/proyecto/venta-de-departamento-4129-polo-springs-santiago-de-surco-lima-lima-ilumina-inmobiliaria
31/08/2027,69.86 a 194.43 m2 total,Departamentos,2 a 4 dormitorios,5 unidades disponibles,"Pisos 2, 3, 4, 5",2 dorms.,69.86 m²,Modelo Tipo 5,Soles,"560,000",https://nexoinmobiliario.pe/proyecto/venta-de-departamento-4129-polo-springs-santiago-de-surco-lima-lima-ilumina-inmobiliaria
31/08/2027,69.86 a 194.43 m2 total,Departamentos,2 a 4 dormitorios,3 unidades disponibles,"Pisos 2, 3, 4",3 dorms.,118.26 m²,Modelo Tipo 2,Soles,"900,000",https://nexoinmobiliario.pe/proyecto/venta-de-departamento-4129-polo-springs-santiago-de-surco-lima-lima-ilumina-inmobiliaria
31/08/2027,69.86 a 194.43 m2 total,Departamentos,2 a 4 dormitorios,3 unidades disponibles,"Pisos 2, 3, 5",3 dorms.,97.67 m²,Modelo Tipo 4,Soles,"770,000",https://nexoinmobiliario.pe/proyecto/venta-de-departamento-4129-polo-springs-santiago-de-surco-lima-lima-ilumina-inmobiliaria
31/08/2027,69.86 a 194.43 m2 total,Departamentos,2 a 4 dormitorios,2 unidades disponibles,Pisos 4 y 5,2 dorms.,75.26 m²,Modelo Tipo 1,Soles,"640,000",https://nexoinmobiliario.pe/proyecto/venta-de-departamento-4129-polo-springs-santiago-de-surco-lima-lima-ilumina-inmobiliaria
31/12/2027,62.42 a 217.35 m2 total,Departamentos,2 a 4 dormitorios,1 unidad disponible,Piso 1,2 dorms.,115.48 m²,Modelo 101,Soles,"860,000",https://nexoinmobiliario.pe/proyecto/venta-de-departamento-4140-park-living-santiago-de-surco-lima-lima-infinity-group
31/12/2027,62.42 a 217.35 m2 total,Departamentos,2 a 4 dormitorios,1 unidad disponible,Piso 1,3 dorms.,135.94 m²,Modelo 102,Soles,"960,000",https://nexoinmobiliario.pe/proyecto/venta-de-departamento-4140-park-living-santiago-de-surco-lima-lima-infinity-group
31/12/2027,62.42 a 217.35 m2 total,Departamentos,2 a 4 dormitorios,1 unidad disponible,Piso 1,2 dorms.,108.57 m²,Modelo 103,Soles,"703,000",https://nexoinmobiliario.pe/proyecto/venta-de-departamento-4140-park-living-santiago-de-surco-lima-lima-infinity-group
31/12/2027,62.42 a 217.35 m2 total,Departamentos,2 a 4 dormitorios,3 unidades disponibles,"Pisos 2, 3, 4",3 dorms.,108.79 m²,Modelo TIPO 1,Soles,"947,000",https://nexoinmobiliario.pe/proyecto/venta-de-departamento-4140-park-living-santiago-de-surco-lima-lima-infinity-group
31/12/2027,62.42 a 217.35 m2 total,Departamentos,2 a 4 dormitorios,3 unidades disponibles,"Pisos 2, 3, 5",3 dorms.,110.15 m²,Modelo TIPO 2,Soles,"957,000",https://nexoinmobiliario.pe/proyecto/venta-de-departamento-4140-park-living-santiago-de-surco-lima-lima-infinity-group
31/12/2027,62.42 a 217.35 m2 total,Departamentos,2 a 4 dormitorios,3 unidades disponibles,"Pisos 2, 3, 4",3 dorms.,84.95 m²,Modelo TIPO 3,Soles,"729,000",https://nexoinmobiliario.pe/proyecto/venta-de-departamento-4140-park-living-santiago-de-surco-lima-lima-infinity-group
30/11/2027,63.30 a 206.05 m2 total,Departamentos,2 a 3 dormitorios,1 unidad disponible,Piso 1,2 dorms.,80.41 m²,Modelo 104,Soles,"615,000",https://nexoinmobiliario.pe/proyecto/venta-de-departamento-4150-oceano-atlantico-394-santiago-de-surco-lima-lima-eficaxx-grupo-inmobiliario
30/11/2027,63.30 a 206.05 m2 total,Departamentos,2 a 3 dormitorios,5 unidades disponibles,"Pisos 2, 3, 4, 5, 6",3 dorms.,87.27 m²,Modelo TIPO 1,Soles,"735,000",https://nexoinmobiliario.pe/proyecto/venta-de-departamento-4150-oceano-atlantico-394-santiago-de-surco-lima-lima-eficaxx-grupo-inmobiliario
30/11/2027,63.30 a 206.05 m2 total,Departamentos,2 a 3 dormitorios,3 unidades disponibles,"Pisos 4, 5, 6",3 dorms.,89.09 m²,Modelo TIPO 2,Soles,"750,000",https://nexoinmobiliario.pe/proyecto/venta-de-departamento-4150-oceano-atlantico-394-santiago-de-surco-lima-lima-eficaxx-grupo-inmobiliario
30/11/2027,63.30 a 206.05 m2 total,Departamentos,2 a 3 dormitorios,3 unidades disponibles,"Pisos 4, 5, 6",3 dorms.,86.46 m²,Modelo TIPO 3,Soles,"714,000",https://nexoinmobiliario.pe/proyecto/venta-de-departamento-4150-oceano-atlantico-394-santiago-de-surco-lima-lima-eficaxx-grupo-inmobiliario
30/11/2027,63.30 a 206.05 m2 total,Departamentos,2 a 3 dormitorios,5 unidades disponibles,"Pisos 2, 3, 4, 5, 6",3 dorms.,89.54 m²,Modelo TIPO 4,Soles,"760,000",https://nexoinmobiliario.pe/proyecto/venta-de-departamento-4150-oceano-atlantico-394-santiago-de-surco-lima-lima-eficaxx-grupo-inmobiliario
30/11/2027,63.30 a 206.05 m2 total,Departamentos,2 a 3 dormitorios,3 unidades disponibles,"Pisos 2, 3, 4",2 dorms.,63.30 m²,Modelo TIPO 5,Soles,"540,000",https://nexoinmobiliario.pe/proyecto/venta-de-departamento-4150-oceano-atlantico-394-santiago-de-surco-lima-lima-eficaxx-grupo-inmobiliario
31/03/2028,64.05 a 213.69 m2 total,Departamentos,2 a 3 dormitorios,1 unidad disponible,Piso 1,3 dorms.,103.65 m²,Modelo 101,Soles,"785,000",https://nexoinmobiliario.pe/proyecto/venta-de-departamento-4151-mar-del-sur-193-santiago-de-surco-lima-lima-eficaxx-grupo-inmobiliario
31/03/2028,64.05 a 213.69 m2 total,Departamentos,2 a 3 dormitorios,1 unidad disponible,Piso 1,3 dorms.,86.74 m²,Modelo 102,Soles,"715,000",https://nexoinmobiliario.pe/proyecto/venta-de-departamento-4151-mar-del-sur-193-santiago-de-surco-lima-lima-eficaxx-grupo-inmobiliario
31/03/2028,64.05 a 213.69 m2 total,Departamentos,2 a 3 dormitorios,1 unidad disponible,Piso 1,3 dorms.,86.48 m²,Modelo 103,Soles,"712,500",https://nexoinmobiliario.pe/proyecto/venta-de-departamento-4151-mar-del-sur-193-santiago-de-surco-lima-lima-eficaxx-grupo-inmobiliario
31/03/2028,64.05 a 213.69 m2 total,Departamentos,2 a 3 dormitorios,1 unidad disponible,Piso 1,3 dorms.,96.04 m²,Modelo 104,Soles,"755,000",https://nexoinmobiliario.pe/proyecto/venta-de-departamento-4151-mar-del-sur-193-santiago-de-surco-lima-lima-eficaxx-grupo-inmobiliario
31/03/2028,64.05 a 213.69 m2 total,Departamentos,2 a 3 dormitorios,1 unidad disponible,Piso 1,2 dorms.,91.15 m²,Modelo 105,Soles,"640,000",https://nexoinmobiliario.pe/proyecto/venta-de-departamento-4151-mar-del-sur-193-santiago-de-surco-lima-lima-eficaxx-grupo-inmobiliario
31/03/2028,64.05 a 213.69 m2 total,Departamentos,2 a 3 dormitorios,4 unidades disponibles,"Pisos 2, 4, 5, 6",3 dorms.,86.48 m²,Modelo TIPO 1,Soles,"720,000",https://nexoinmobiliario.pe/proyecto/venta-de-departamento-4151-mar-del-sur-193-santiago-de-surco-lima-lima-eficaxx-grupo-inmobiliario
30/01/2028,86.43 a 205.27 m2 total,Departamentos,2 a 4 dormitorios,1 unidad disponible,Piso 1,3 dorms.,128.36 m²,Modelo Dpto. 101,Soles,"964,000",https://nexoinmobiliario.pe/proyecto/venta-de-departamento-4152-parque-monte-carmelo-santiago-de-surco-lima-lima-ee-inmobiliaria
30/01/2028,86.43 a 205.27 m2 total,Departamentos,2 a 4 dormitorios,1 unidad disponible,Piso 1,3 dorms.,145.58 m²,Modelo Dpto. 102,Soles,"1,095,000",https://nexoinmobiliario.pe/proyecto/venta-de-departamento-4152-parque-monte-carmelo-santiago-de-surco-lima-lima-ee-inmobiliaria
30/01/2028,86.43 a 205.27 m2 total,Departamentos,2 a 4 dormitorios,1 unidad disponible,Piso 1,3 dorms.,147.04 m²,Modelo Dpto. 103,Soles,"916,000",https://nexoinmobiliario.pe/proyecto/venta-de-departamento-4152-parque-monte-carmelo-santiago-de-surco-lima-lima-ee-inmobiliaria
30/01/2028,86.43 a 205.27 m2 total,Departamentos,2 a 4 dormitorios,1 unidad disponible,Piso 1,3 dorms.,147.91 m²,Modelo Dpto. 104,Soles,"923,000",https://nexoinmobiliario.pe/proyecto/venta-de-departamento-4152-parque-monte-carmelo-santiago-de-surco-lima-lima-ee-inmobiliaria
30/01/2028,86.43 a 205.27 m2 total,Departamentos,2 a 4 dormitorios,1 unidad disponible,Piso 2,3 dorms.,101.62 m²,Modelo Típico 1-A,Soles,"860,000",https://nexoinmobiliario.pe/proyecto/venta-de-departamento-4152-parque-monte-carmelo-santiago-de-surco-lima-lima-ee-inmobiliaria
30/01/2028,86.43 a 205.27 m2 total,Departamentos,2 a 4 dormitorios,3 unidades disponibles,"Pisos 2, 4, 5",3 dorms.,102.20 m²,Modelo Típico 3,Soles,"865,000",https://nexoinmobiliario.pe/proyecto/venta-de-departamento-4152-parque-monte-carmelo-santiago-de-surco-lima-lima-ee-inmobiliaria
30/09/2027,63.20 a 128.32 m2 total,Departamentos,2 a 4 dormitorios,1 unidad disponible,Piso 1,2 dorms.,63.20 m²,Modelo Dpto. 101,Soles,"481,000",https://nexoinmobiliario.pe/proyecto/venta-de-departamento-4160-hub-living-santiago-de-surco-lima-lima-ee-inmobiliaria
30/09/2027,63.20 a 128.32 m2 total,Departamentos,2 a 4 dormitorios,4 unidades disponibles,"Pisos 2, 3, 4, 5",3 dorms.,88.21 m²,Modelo Tipo 1-A,Soles,"671,000",https://nexoinmobiliario.pe/proyecto/venta-de-departamento-4160-hub-living-santiago-de-surco-lima-lima-ee-inmobiliaria
30/09/2027,63.20 a 128.32 m2 total,Departamentos,2 a 4 dormitorios,3 unidades disponibles,"Pisos 3, 4, 5",3 dorms.,77.97 m²,Modelo Tipo 2-A,Soles,"601,000",https://nexoinmobiliario.pe/proyecto/venta-de-departamento-4160-hub-living-santiago-de-surco-lima-lima-ee-inmobiliaria
30/09/2027,63.20 a 128.32 m2 total,Departamentos,2 a 4 dormitorios,1 unidad disponible,Piso 11,3 dorms.,87.61 m²,Modelo Dpto. 1101,Soles,"695,000",https://nexoinmobiliario.pe/proyecto/venta-de-departamento-4160-hub-living-santiago-de-surco-lima-lima-ee-inmobiliaria
30/09/2027,63.20 a 128.32 m2 total,Departamentos,2 a 4 dormitorios,3 unidades disponibles,"Pisos 2, 3, 5",3 dorms.,67.40 m²,Modelo Tipo 3-A,Soles,"506,000",https://nexoinmobiliario.pe/proyecto/venta-de-departamento-4160-hub-living-santiago-de-surco-lima-lima-ee-inmobiliaria
30/09/2027,63.20 a 128.32 m2 total,Departamentos,2 a 4 dormitorios,1 unidad disponible,Piso 11,3 dorms.,66.59 m²,Modelo Dpto. 1103,Soles,"532,000",https://nexoinmobiliario.pe/proyecto/venta-de-departamento-4160-hub-living-santiago-de-surco-lima-lima-ee-inmobiliaria
31/10/2028,48.29 a 92.18 m2 total,Departamentos,2 a 3 dormitorios,13 unidades disponibles,Pisos 5 al 17,2 dorms.,65.95 m²,Modelo TIPO - 3,Soles,"587,000",https://nexoinmobiliario.pe/proyecto/venta-de-departamento-4165-edificio-inprime-santiago-de-surco-lima-lima-vitain
31/10/2028,48.29 a 92.18 m2 total,Departamentos,2 a 3 dormitorios,13 unidades disponibles,Pisos 5 al 17,2 dorms.,48.29 m²,Modelo TIPO - 4,Soles,"431,000",https://nexoinmobiliario.pe/proyecto/venta-de-departamento-4165-edificio-inprime-santiago-de-surco-lima-lima-vitain
31/10/2028,48.29 a 92.18 m2 total,Departamentos,2 a 3 dormitorios,11 unidades disponibles,Pisos 5 al 17,3 dorms.,92.18 m²,Modelo TIPO - 1,Soles,"818,000",https://nexoinmobiliario.pe/proyecto/venta-de-departamento-4165-edificio-inprime-santiago-de-surco-lima-lima-vitain
31/10/2028,48.29 a 92.18 m2 total,Departamentos,2 a 3 dormitorios,13 unidades disponibles,Pisos 5 al 17,3 dorms.,78.94 m²,Modelo TIPO - 2,Soles,"701,000",https://nexoinmobiliario.pe/proyecto/venta-de-departamento-4165-edificio-inprime-santiago-de-surco-lima-lima-vitain
31/10/2028,48.29 a 92.18 m2 total,Departamentos,2 a 3 dormitorios,13 unidades disponibles,Pisos 5 al 17,2 dorms.,66.39 m²,Modelo TIPO - 5,Soles,"590,000",https://nexoinmobiliario.pe/proyecto/venta-de-departamento-4165-edificio-inprime-santiago-de-surco-lima-lima-vitain
30/12/2028,63.29 a 129.31 m2 total,Departamentos,2 a 3 dormitorios,1 unidad disponible,Piso 1,3 dorms.,113.75 m²,Modelo 101,Soles,"797,400",https://nexoinmobiliario.pe/proyecto/venta-de-departamento-4168-peralta-124-santiago-de-surco-lima-lima-jopesa
30/12/2028,63.29 a 129.31 m2 total,Departamentos,2 a 3 dormitorios,11 unidades disponibles,Pisos 2 al 12,2 dorms.,63.29 m²,Modelo X02,Soles,"466,800",https://nexoinmobiliario.pe/proyecto/venta-de-departamento-4168-peralta-124-santiago-de-surco-lima-lima-jopesa
30/12/2028,63.29 a 129.31 m2 total,Departamentos,2 a 3 dormitorios,6 unidades disponibles,Pisos 6 al 11,3 dorms.,93.58 m²,Modelo X07,Soles,"706,000",https://nexoinmobiliario.pe/proyecto/venta-de-departamento-4168-peralta-124-santiago-de-surco-lima-lima-jopesa
30/12/2028,63.29 a 129.31 m2 total,Departamentos,2 a 3 dormitorios,6 unidades disponibles,Pisos 6 al 11,3 dorms.,92.78 m²,Modelo X08,Soles,"700,000",https://nexoinmobiliario.pe/proyecto/venta-de-departamento-4168-peralta-124-santiago-de-surco-lima-lima-jopesa
30/06/2027,172 a 310 m2 total,Departamentos,3 dormitorios,1 unidad disponible,Piso 1,3 dorms.,200.00 m²,Modelo FLAT 105,Dólares,"465,000",https://nexoinmobiliario.pe/proyecto/venta-de-departamento-4173-eucaliptos-248-santiago-de-surco-lima-lima-xyz-inmobiliaria
30/06/2027,172 a 310 m2 total,Departamentos,3 dormitorios,1 unidad disponible,Piso 1,3 dorms.,206.00 m²,Modelo FLAT 107,Dólares,"444,600",https://nexoinmobiliario.pe/proyecto/venta-de-departamento-4173-eucaliptos-248-santiago-de-surco-lima-lima-xyz-inmobiliaria
30/06/2027,172 a 310 m2 total,Departamentos,3 dormitorios,1 unidad disponible,Piso 2,3 dorms.,172.00 m²,Modelo FLAT 205,Dólares,"436,000",https://nexoinmobiliario.pe/proyecto/venta-de-departamento-4173-eucaliptos-248-santiago-de-surco-lima-lima-xyz-inmobiliaria
30/06/2027,172 a 310 m2 total,Departamentos,3 dormitorios,1 unidad disponible,Piso 3,3 dorms.,186.00 m²,Modelo FLAT 307,Dólares,"459,600",https://nexoinmobiliario.pe/proyecto/venta-de-departamento-4173-eucaliptos-248-santiago-de-surco-lima-lima-xyz-inmobiliaria
30/11/2027,69.35 a 191.89 m2 total,Departamentos,2 a 4 dormitorios,1 unidad disponible,Piso 1,4 dorms.,146.74 m²,Modelo Dpto. 101,Soles,"950,000",https://nexoinmobiliario.pe/proyecto/venta-de-departamento-4179-parque-bahamonde-santiago-de-surco-lima-lima-ee-inmobiliaria
30/11/2027,69.35 a 191.89 m2 total,Departamentos,2 a 4 dormitorios,1 unidad disponible,Piso 1,3 dorms.,88.85 m²,Modelo Dpto. 103,Soles,"645,000",https://nexoinmobiliario.pe/proyecto/venta-de-departamento-4179-parque-bahamonde-santiago-de-surco-lima-lima-ee-inmobiliaria
30/11/2027,69.35 a 191.89 m2 total,Departamentos,2 a 4 dormitorios,1 unidad disponible,Piso 1,3 dorms.,84.85 m²,Modelo Dpto. 104,Soles,"610,000",https://nexoinmobiliario.pe/proyecto/venta-de-departamento-4179-parque-bahamonde-santiago-de-surco-lima-lima-ee-inmobiliaria
30/11/2027,69.35 a 191.89 m2 total,Departamentos,2 a 4 dormitorios,1 unidad disponible,Piso 1,3 dorms.,103.98 m²,Modelo Dpto. 105,Soles,"670,000",https://nexoinmobiliario.pe/proyecto/venta-de-departamento-4179-parque-bahamonde-santiago-de-surco-lima-lima-ee-inmobiliaria
30/11/2027,69.35 a 191.89 m2 total,Departamentos,2 a 4 dormitorios,1 unidad disponible,Piso 1,2 dorms.,112.53 m²,Modelo Dpto. 106,Soles,"650,000",https://nexoinmobiliario.pe/proyecto/venta-de-departamento-4179-parque-bahamonde-santiago-de-surco-lima-lima-ee-inmobiliaria
30/11/2027,69.35 a 191.89 m2 total,Departamentos,2 a 4 dormitorios,5 unidades disponibles,"Pisos 2, 3, 4, 5, 6",3 dorms.,100.94 m²,Modelo Típico 1,Soles,"725,000",https://nexoinmobiliario.pe/proyecto/venta-de-departamento-4179-parque-bahamonde-santiago-de-surco-lima-lima-ee-inmobiliaria
30/09/2028,47.85 a 116.28 m2 total,Departamentos,1 a 3 dormitorios,8 unidades disponibles,Pisos 2 al 16,2 dorms.,75.87 m²,Modelo TípIco 4-B,Soles,"455,000",https://nexoinmobiliario.pe/proyecto/venta-de-departamento-4192-nova-living-santiago-de-surco-lima-lima-ee-inmobiliaria
30/09/2028,47.85 a 116.28 m2 total,Departamentos,1 a 3 dormitorios,7 unidades disponibles,Pisos 2 al 16,2 dorms.,68.74 m²,Modelo Típico 6-B,Soles,"443,000",https://nexoinmobiliario.pe/proyecto/venta-de-departamento-4192-nova-living-santiago-de-surco-lima-lima-ee-inmobiliaria
30/09/2028,47.85 a 116.28 m2 total,Departamentos,1 a 3 dormitorios,8 unidades disponibles,Pisos 2 al 16,2 dorms.,77.60 m²,Modelo Típico 7-B,Soles,"465,000",https://nexoinmobiliario.pe/proyecto/venta-de-departamento-4192-nova-living-santiago-de-surco-lima-lima-ee-inmobiliaria
30/09/2028,47.85 a 116.28 m2 total,Departamentos,1 a 3 dormitorios,1 unidad disponible,Piso 2,1 dorms.,64.96 m²,Modelo Dpto. 209,Soles,"360,000",https://nexoinmobiliario.pe/proyecto/venta-de-departamento-4192-nova-living-santiago-de-surco-lima-lima-ee-inmobiliaria
30/09/2028,47.85 a 116.28 m2 total,Departamentos,1 a 3 dormitorios,1 unidad disponible,Piso 2,1 dorms.,62.18 m²,Modelo Dpto. 210,Soles,"355,000",https://nexoinmobiliario.pe/proyecto/venta-de-departamento-4192-nova-living-santiago-de-surco-lima-lima-ee-inmobiliaria
30/09/2028,47.85 a 116.28 m2 total,Departamentos,1 a 3 dormitorios,7 unidades disponibles,Pisos 3 al 17,2 dorms.,65.31 m²,Modelo TípIco 2-A,Soles,"420,000",https://nexoinmobiliario.pe/proyecto/venta-de-departamento-4192-nova-living-santiago-de-surco-lima-lima-ee-inmobiliaria
30/04/2027,60.95 a 99.64 m2 total,Departamentos,1 a 3 dormitorios,1 unidad disponible,Piso 1,2 dorms.,60.95 m²,Modelo Dpto 101,Soles,"500,000",https://nexoinmobiliario.pe/proyecto/venta-de-departamento-4201-la-castellana-863-santiago-de-surco-lima-lima-ee-inmobiliaria
30/04/2027,60.95 a 99.64 m2 total,Departamentos,1 a 3 dormitorios,2 unidades disponibles,Pisos 2 y 3,3 dorms.,71.70 m²,Modelo Tipico 1,Soles,"559,000",https://nexoinmobiliario.pe/proyecto/venta-de-departamento-4201-la-castellana-863-santiago-de-surco-lima-lima-ee-inmobiliaria
30/04/2027,60.95 a 99.64 m2 total,Departamentos,1 a 3 dormitorios,4 unidades disponibles,"Pisos 3, 4, 5, 7",3 dorms.,73.10 m²,Modelo Tipico 2,Soles,"565,000",https://nexoinmobiliario.pe/proyecto/venta-de-departamento-4201-la-castellana-863-santiago-de-surco-lima-lima-ee-inmobiliaria
30/04/2027,60.95 a 99.64 m2 total,Departamentos,1 a 3 dormitorios,1 unidad disponible,Piso 7,2 dorms.,68.31 m²,Modelo Dpto 701,Soles,"541,000",https://nexoinmobiliario.pe/proyecto/venta-de-departamento-4201-la-castellana-863-santiago-de-surco-lima-lima-ee-inmobiliaria
30/04/2027,60.95 a 99.64 m2 total,Departamentos,1 a 3 dormitorios,1 unidad disponible,Piso 8,1 dorms.,66.31 m²,Modelo Dpto 801,Soles,"500,000",https://nexoinmobiliario.pe/proyecto/venta-de-departamento-4201-la-castellana-863-santiago-de-surco-lima-lima-ee-inmobiliaria
31/08/2027,63.92 a 104.21 m2 total,Departamentos,2 a 3 dormitorios,1 unidad disponible,Piso 1,3 dorms.,91.63 m²,Modelo Dpto. 101,Soles,"693,000",https://nexoinmobiliario.pe/proyecto/venta-de-departamento-4202-parque-casuarinas-santiago-de-surco-lima-lima-ee-inmobiliaria
31/08/2027,63.92 a 104.21 m2 total,Departamentos,2 a 3 dormitorios,1 unidad disponible,Piso 1,3 dorms.,104.21 m²,Modelo Dpto. 102,Soles,"727,500",https://nexoinmobiliario.pe/proyecto/venta-de-departamento-4202-parque-casuarinas-santiago-de-surco-lima-lima-ee-inmobiliaria
31/08/2027,63.92 a 104.21 m2 total,Departamentos,2 a 3 dormitorios,1 unidad disponible,Piso 2,3 dorms.,95.44 m²,Modelo Dpto. 201,Soles,"727,000",https://nexoinmobiliario.pe/proyecto/venta-de-departamento-4202-parque-casuarinas-santiago-de-surco-lima-lima-ee-inmobiliaria
31/08/2027,63.92 a 104.21 m2 total,Departamentos,2 a 3 dormitorios,1 unidad disponible,Piso 3,2 dorms.,63.92 m²,Modelo Dpto. 303,Soles,"535,500",https://nexoinmobiliario.pe/proyecto/venta-de-departamento-4202-parque-casuarinas-santiago-de-surco-lima-lima-ee-inmobiliaria
31/08/2027,63.92 a 104.21 m2 total,Departamentos,2 a 3 dormitorios,1 unidad disponible,Piso 4,3 dorms.,95.44 m²,Modelo Dpto. 401,Soles,"744,000",https://nexoinmobiliario.pe/proyecto/venta-de-departamento-4202-parque-casuarinas-santiago-de-surco-lima-lima-ee-inmobiliaria
31/08/2027,63.92 a 104.21 m2 total,Departamentos,2 a 3 dormitorios,1 unidad disponible,Piso 4,2 dorms.,63.92 m²,Modelo Dpto. 403,Soles,"540,000",https://nexoinmobiliario.pe/proyecto/venta-de-departamento-4202-parque-casuarinas-santiago-de-surco-lima-lima-ee-inmobiliaria
31/12/2027,58.63 a 96.25 m2 total,Departamentos,2 a 3 dormitorios,1 unidad disponible,Piso 8,3 dorms.,81.63 m²,Modelo X801,Soles,"924,000",https://nexoinmobiliario.pe/proyecto/venta-de-departamento-4207-intihuatana-449-santiago-de-surco-lima-lima-tale-inmobiliaria
31/12/2027,58.63 a 96.25 m2 total,Departamentos,2 a 3 dormitorios,1 unidad disponible,Piso 8,3 dorms.,81.63 m²,Modelo X802,Soles,"926,000",https://nexoinmobiliario.pe/proyecto/venta-de-departamento-4207-intihuatana-449-santiago-de-surco-lima-lima-tale-inmobiliaria
31/12/2027,58.63 a 96.25 m2 total,Departamentos,2 a 3 dormitorios,1 unidad disponible,Piso 8,3 dorms.,78.92 m²,Modelo X803,Soles,"984,000",https://nexoinmobiliario.pe/proyecto/venta-de-departamento-4207-intihuatana-449-santiago-de-surco-lima-lima-tale-inmobiliaria
31/12/2027,58.63 a 96.25 m2 total,Departamentos,2 a 3 dormitorios,1 unidad disponible,Piso 8,2 dorms.,58.63 m²,Modelo X804,Soles,"768,000",https://nexoinmobiliario.pe/proyecto/venta-de-departamento-4207-intihuatana-449-santiago-de-surco-lima-lima-tale-inmobiliaria
31/12/2027,58.63 a 96.25 m2 total,Departamentos,2 a 3 dormitorios,4 unidades disponibles,"Pisos 3, 5, 6, 7",3 dorms.,80.86 m²,Modelo X01,Soles,"637,000",https://nexoinmobiliario.pe/proyecto/venta-de-departamento-4207-intihuatana-449-santiago-de-surco-lima-lima-tale-inmobiliaria
31/12/2027,58.63 a 96.25 m2 total,Departamentos,2 a 3 dormitorios,6 unidades disponibles,Pisos 2 al 7,3 dorms.,80.86 m²,Modelo X02,Soles,"587,000",https://nexoinmobiliario.pe/proyecto/venta-de-departamento-4207-intihuatana-449-santiago-de-surco-lima-lima-tale-inmobiliaria
30/06/2029,43.23 a 97.44 m2 total,Departamentos,1 a 3 dormitorios,19 unidades disponibles,Pisos 3 al 21,1 dorms.,43.97 m²,Modelo 1,Soles,"339,664",https://nexoinmobiliario.pe/proyecto/venta-de-departamento-4231-look-feel-etapa-3-santiago-de-surco-lima-lima-grupo-t-c
30/06/2029,43.23 a 97.44 m2 total,Departamentos,1 a 3 dormitorios,19 unidades disponibles,Pisos 3 al 21,2 dorms.,63.70 m²,Modelo 2,Soles,"480,632",https://nexoinmobiliario.pe/proyecto/venta-de-departamento-4231-look-feel-etapa-3-santiago-de-surco-lima-lima-grupo-t-c
30/06/2029,43.23 a 97.44 m2 total,Departamentos,1 a 3 dormitorios,19 unidades disponibles,Pisos 3 al 21,1 dorms.,43.48 m²,Modelo 3,Soles,"335,878",https://nexoinmobiliario.pe/proyecto/venta-de-departamento-4231-look-feel-etapa-3-santiago-de-surco-lima-lima-grupo-t-c
30/06/2029,43.23 a 97.44 m2 total,Departamentos,1 a 3 dormitorios,18 unidades disponibles,Pisos 3 al 21,1 dorms.,43.55 m²,Modelo 4,Soles,"336,419",https://nexoinmobiliario.pe/proyecto/venta-de-departamento-4231-look-feel-etapa-3-santiago-de-surco-lima-lima-grupo-t-c
30/06/2029,43.23 a 97.44 m2 total,Departamentos,1 a 3 dormitorios,18 unidades disponibles,Pisos 3 al 21,2 dorms.,58.65 m²,Modelo 5,Soles,"442,529",https://nexoinmobiliario.pe/proyecto/venta-de-departamento-4231-look-feel-etapa-3-santiago-de-surco-lima-lima-grupo-t-c
30/06/2029,43.23 a 97.44 m2 total,Departamentos,1 a 3 dormitorios,19 unidades disponibles,Pisos 3 al 21,2 dorms.,60.21 m²,Modelo 6,Soles,"465,116",https://nexoinmobiliario.pe/proyecto/venta-de-departamento-4231-look-feel-etapa-3-santiago-de-surco-lima-lima-grupo-t-c
30/06/2029,26.86 a 83.84 m2 total,Oficinas,N/A,15 unidades disponibles,Pisos 5 al 19,N/A,39.86 m²,Modelo 1,Soles,"297,714",https://nexoinmobiliario.pe/proyecto/venta-de-oficina-4236-iq-encalada-santiago-de-surco-lima-lima-grupo-t-c
30/06/2029,26.86 a 83.84 m2 total,Oficinas,N/A,15 unidades disponibles,Pisos 5 al 19,N/A,47.30 m²,Modelo 2,Soles,"353,284",https://nexoinmobiliario.pe/proyecto/venta-de-oficina-4236-iq-encalada-santiago-de-surco-lima-lima-grupo-t-c
30/06/2029,26.86 a 83.84 m2 total,Oficinas,N/A,15 unidades disponibles,Pisos 5 al 19,N/A,30.92 m²,Modelo 3,Soles,"252,776",https://nexoinmobiliario.pe/proyecto/venta-de-oficina-4236-iq-encalada-santiago-de-surco-lima-lima-grupo-t-c
30/06/2029,26.86 a 83.84 m2 total,Oficinas,N/A,11 unidades disponibles,Pisos 9 al 19,N/A,27.98 m²,Modelo 4,Soles,"241,402",https://nexoinmobiliario.pe/proyecto/venta-de-oficina-4236-iq-encalada-santiago-de-surco-lima-lima-grupo-t-c
30/06/2029,26.86 a 83.84 m2 total,Oficinas,N/A,9 unidades disponibles,Pisos 9 al 18,N/A,48.32 m²,Modelo 5,Soles,"393,921",https://nexoinmobiliario.pe/proyecto/venta-de-oficina-4236-iq-encalada-santiago-de-surco-lima-lima-grupo-t-c
30/06/2029,26.86 a 83.84 m2 total,Oficinas,N/A,12 unidades disponibles,Pisos 6 al 19,N/A,46.25 m²,Modelo 8,Soles,"371,177",https://nexoinmobiliario.pe/proyecto/venta-de-oficina-4236-iq-encalada-santiago-de-surco-lima-lima-grupo-t-c
30/06/2029,26.86 a 83.84 m2 total,Oficinas,N/A,15 unidades disponibles,Pisos 5 al 19,N/A,44.42 m²,Modelo 9,Soles,"340,067",https://nexoinmobiliario.pe/proyecto/venta-de-oficina-4236-iq-encalada-santiago-de-surco-lima-lima-grupo-t-c
30/06/2029,26.86 a 83.84 m2 total,Oficinas,N/A,15 unidades disponibles,Pisos 5 al 19,N/A,31.11 m²,Modelo 10,Soles,"243,979",https://nexoinmobiliario.pe/proyecto/venta-de-oficina-4236-iq-encalada-santiago-de-surco-lima-lima-grupo-t-c
30/06/2029,26.86 a 83.84 m2 total,Oficinas,N/A,15 unidades disponibles,Pisos 5 al 19,N/A,31.51 m²,Modelo 11,Soles,"247,116",https://nexoinmobiliario.pe/proyecto/venta-de-oficina-4236-iq-encalada-santiago-de-surco-lima-lima-grupo-t-c
30/06/2029,26.86 a 83.84 m2 total,Oficinas,N/A,14 unidades disponibles,Pisos 5 al 19,N/A,54.45 m²,Modelo 12,Soles,"416,854",https://nexoinmobiliario.pe/proyecto/venta-de-oficina-4236-iq-encalada-santiago-de-surco-lima-lima-grupo-t-c
30/06/2029,26.86 a 83.84 m2 total,Oficinas,N/A,15 unidades disponibles,Pisos 5 al 19,N/A,48.83 m²,Modelo 13,Soles,"373,829",https://nexoinmobiliario.pe/proyecto/venta-de-oficina-4236-iq-encalada-santiago-de-surco-lima-lima-grupo-t-c
30/06/2029,26.86 a 83.84 m2 total,Oficinas,N/A,13 unidades disponibles,Pisos 7 al 19,N/A,71.94 m²,Modelo 14,Soles,"537,320",https://nexoinmobiliario.pe/proyecto/venta-de-oficina-4236-iq-encalada-santiago-de-surco-lima-lima-grupo-t-c
30/06/2029,26.86 a 83.84 m2 total,Oficinas,N/A,13 unidades disponibles,Pisos 5 al 18,N/A,30.77 m²,Modelo 15,Soles,"241,312",https://nexoinmobiliario.pe/proyecto/venta-de-oficina-4236-iq-encalada-santiago-de-surco-lima-lima-grupo-t-c
30/06/2029,26.86 a 83.84 m2 total,Oficinas,N/A,15 unidades disponibles,Pisos 5 al 19,N/A,26.86 m²,Modelo 16,Soles,"218,171",https://nexoinmobiliario.pe/proyecto/venta-de-oficina-4236-iq-encalada-santiago-de-surco-lima-lima-grupo-t-c
30/06/2029,26.86 a 83.84 m2 total,Oficinas,N/A,15 unidades disponibles,Pisos 5 al 19,N/A,28.41 m²,Modelo 17,Soles,"230,761",https://nexoinmobiliario.pe/proyecto/venta-de-oficina-4236-iq-encalada-santiago-de-surco-lima-lima-grupo-t-c
30/06/2029,26.86 a 83.84 m2 total,Oficinas,N/A,15 unidades disponibles,Pisos 5 al 19,N/A,47.01 m²,Modelo 18,Soles,"359,896",https://nexoinmobiliario.pe/proyecto/venta-de-oficina-4236-iq-encalada-santiago-de-surco-lima-lima-grupo-t-c
30/06/2029,26.86 a 83.84 m2 total,Oficinas,N/A,15 unidades disponibles,Pisos 5 al 19,N/A,53.36 m²,Modelo 19,Soles,"398,546",https://nexoinmobiliario.pe/proyecto/venta-de-oficina-4236-iq-encalada-santiago-de-surco-lima-lima-grupo-t-c
30/06/2029,26.86 a 83.84 m2 total,Oficinas,N/A,11 unidades disponibles,Pisos 7 al 18,N/A,39.64 m²,Modelo 20,Soles,"297,552",https://nexoinmobiliario.pe/proyecto/venta-de-oficina-4236-iq-encalada-santiago-de-surco-lima-lima-grupo-t-c
30/06/2029,26.86 a 83.84 m2 total,Oficinas,N/A,13 unidades disponibles,Pisos 5 al 19,N/A,34.47 m²,Modelo 6,Soles,"284,681",https://nexoinmobiliario.pe/proyecto/venta-de-oficina-4236-iq-encalada-santiago-de-surco-lima-lima-grupo-t-c
30/06/2029,26.86 a 83.84 m2 total,Oficinas,N/A,11 unidades disponibles,Pisos 8 al 19,N/A,83.84 m²,Modelo 7,Soles,"660,540",https://nexoinmobiliario.pe/proyecto/venta-de-oficina-4236-iq-encalada-santiago-de-surco-lima-lima-grupo-t-c
31/12/2027,64 a 190.38 m2 total,Departamentos,2 a 4 dormitorios,1 unidad disponible,Piso 1,3 dorms.,109.58 m²,Modelo 101,Soles,"858,500",https://nexoinmobiliario.pe/proyecto/venta-de-departamento-4317-jardines-de-rosenblat-santiago-de-surco-lima-lima-central-inmobiliaria
31/12/2027,64 a 190.38 m2 total,Departamentos,2 a 4 dormitorios,1 unidad disponible,Piso 1,3 dorms.,111.18 m²,Modelo 103,Soles,"880,600",https://nexoinmobiliario.pe/proyecto/venta-de-departamento-4317-jardines-de-rosenblat-santiago-de-surco-lima-lima-central-inmobiliaria
31/12/2027,64 a 190.38 m2 total,Departamentos,2 a 4 dormitorios,1 unidad disponible,Piso 1,3 dorms.,100.70 m²,Modelo 104,Soles,"733,400",https://nexoinmobiliario.pe/proyecto/venta-de-departamento-4317-jardines-de-rosenblat-santiago-de-surco-lima-lima-central-inmobiliaria
31/12/2027,64 a 190.38 m2 total,Departamentos,2 a 4 dormitorios,1 unidad disponible,Piso 1,3 dorms.,133.10 m²,Modelo 105,Soles,"940,300",https://nexoinmobiliario.pe/proyecto/venta-de-departamento-4317-jardines-de-rosenblat-santiago-de-surco-lima-lima-central-inmobiliaria
31/12/2027,64 a 190.38 m2 total,Departamentos,2 a 4 dormitorios,1 unidad disponible,Piso 1,3 dorms.,104.68 m²,Modelo 106,Soles,"735,900",https://nexoinmobiliario.pe/proyecto/venta-de-departamento-4317-jardines-de-rosenblat-santiago-de-surco-lima-lima-central-inmobiliaria
31/12/2027,64 a 190.38 m2 total,Departamentos,2 a 4 dormitorios,4 unidades disponibles,"Pisos 3, 4, 5, 6",3 dorms.,88.93 m²,Modelo X01,Soles,"710,400",https://nexoinmobiliario.pe/proyecto/venta-de-departamento-4317-jardines-de-rosenblat-santiago-de-surco-lima-lima-central-inmobiliaria
01/08/2027,70 a 181 m2 total,Departamentos,1 a 3 dormitorios,3 unidades disponibles,"Pisos 2, 3, 4",2 dorms.,91.00 m²,Modelo TIPO A,Dólares,"186,500",https://nexoinmobiliario.pe/proyecto/venta-de-departamento-4319-proyecto-inmobiliario-los-rosales-smart-v-santiago-de-surco-lima-lima-vive-constructora
01/08/2027,70 a 181 m2 total,Departamentos,1 a 3 dormitorios,3 unidades disponibles,"Pisos 2, 3, 4",1 dorms.,70.00 m²,Modelo TIPO B,Dólares,"150,500",https://nexoinmobiliario.pe/proyecto/venta-de-departamento-4319-proyecto-inmobiliario-los-rosales-smart-v-santiago-de-surco-lima-lima-vive-constructora
30/09/2027,96.60 a 162.10 m2 total,Departamentos,2 a 3 dormitorios,1 unidad disponible,Piso 1,2 dorms.,96.60 m²,Modelo A,Soles,"682,000",https://nexoinmobiliario.pe/proyecto/venta-de-departamento-4340-vista-verde-ii-santiago-de-surco-lima-lima-vartel-constructora-inmobiliaria
30/09/2027,96.60 a 162.10 m2 total,Departamentos,2 a 3 dormitorios,2 unidades disponibles,Pisos 2 y 4,3 dorms.,104.00 m²,Modelo C,Soles,"800,000",https://nexoinmobiliario.pe/proyecto/venta-de-departamento-4340-vista-verde-ii-santiago-de-surco-lima-lima-vartel-constructora-inmobiliaria
30/09/2027,96.60 a 162.10 m2 total,Departamentos,2 a 3 dormitorios,2 unidades disponibles,Pisos 2 y 4,3 dorms.,107.50 m²,Modelo D,Soles,"831,000",https://nexoinmobiliario.pe/proyecto/venta-de-departamento-4340-vista-verde-ii-santiago-de-surco-lima-lima-vartel-constructora-inmobiliaria
30/09/2027,96.60 a 162.10 m2 total,Departamentos,2 a 3 dormitorios,1 unidad disponible,Piso 3,3 dorms.,104.00 m²,Modelo E,Soles,"800,000",https://nexoinmobiliario.pe/proyecto/venta-de-departamento-4340-vista-verde-ii-santiago-de-surco-lima-lima-vartel-constructora-inmobiliaria
30/09/2027,96.60 a 162.10 m2 total,Departamentos,2 a 3 dormitorios,1 unidad disponible,Piso 3,3 dorms.,107.70 m²,Modelo F,Soles,"832,000",https://nexoinmobiliario.pe/proyecto/venta-de-departamento-4340-vista-verde-ii-santiago-de-surco-lima-lima-vartel-constructora-inmobiliaria
30/09/2027,96.60 a 162.10 m2 total,Departamentos,2 a 3 dormitorios,1 unidad disponible,Piso 5,3 dorms.,103.50 m²,Modelo G,Soles,"795,000",https://nexoinmobiliario.pe/proyecto/venta-de-departamento-4340-vista-verde-ii-santiago-de-surco-lima-lima-vartel-constructora-inmobiliaria
31/12/2027,97.33 a 169.93 m2 total,Departamentos,2 a 3 dormitorios,1 unidad disponible,Piso 1,2 dorms.,97.56 m²,Modelo Dpto 101,Soles,"658,000",https://nexoinmobiliario.pe/proyecto/venta-de-departamento-4351-parque-navarra-santiago-de-surco-lima-lima-ee-inmobiliaria
31/12/2027,97.33 a 169.93 m2 total,Departamentos,2 a 3 dormitorios,1 unidad disponible,Piso 1,2 dorms.,110.15 m²,Modelo Dpto 102,Soles,"707,000",https://nexoinmobiliario.pe/proyecto/venta-de-departamento-4351-parque-navarra-santiago-de-surco-lima-lima-ee-inmobiliaria
31/12/2027,97.33 a 169.93 m2 total,Departamentos,2 a 3 dormitorios,2 unidades disponibles,Pisos 2 y 5,3 dorms.,97.33 m²,Modelo Típico 1A,Soles,"730,000",https://nexoinmobiliario.pe/proyecto/venta-de-departamento-4351-parque-navarra-santiago-de-surco-lima-lima-ee-inmobiliaria
31/12/2027,97.33 a 169.93 m2 total,Departamentos,2 a 3 dormitorios,2 unidades disponibles,Pisos 2 y 3,3 dorms.,110.56 m²,Modelo Típico 2A,Soles,"830,000",https://nexoinmobiliario.pe/proyecto/venta-de-departamento-4351-parque-navarra-santiago-de-surco-lima-lima-ee-inmobiliaria
31/12/2027,97.33 a 169.93 m2 total,Departamentos,2 a 3 dormitorios,2 unidades disponibles,Pisos 3 y 4,3 dorms.,97.33 m²,Modelo Típico 1B,Soles,"730,000",https://nexoinmobiliario.pe/proyecto/venta-de-departamento-4351-parque-navarra-santiago-de-surco-lima-lima-ee-inmobiliaria
31/12/2027,97.33 a 169.93 m2 total,Departamentos,2 a 3 dormitorios,2 unidades disponibles,Pisos 4 y 5,3 dorms.,110.56 m²,Modelo Típico 2B,Soles,"830,000",https://nexoinmobiliario.pe/proyecto/venta-de-departamento-4351-parque-navarra-santiago-de-surco-lima-lima-ee-inmobiliaria
Entrega inmediata,71.04 m2 total,Departamentos,3 dormitorios,2 unidades disponibles,Pisos 5 y 6,3 dorms.,71.04 m²,Modelo 1B,Soles,"494,000",https://nexoinmobiliario.pe/proyecto/venta-de-departamento-2241-morar-surquillo-lima-lima-ter-inmobiliaria
Entrega inmediata,44.92 a 78.46 m2 total,Departamentos,2 a 3 dormitorios,3 unidades disponibles,"Pisos 2, 4, 10",3 dorms.,78.46 m²,Modelo Tipo 2 A,Soles,"637,680",https://nexoinmobiliario.pe/proyecto/venta-de-departamento-2313-mate-surquillo-lima-lima-real-inmobiliaria
Entrega inmediata,44.92 a 78.46 m2 total,Departamentos,2 a 3 dormitorios,1 unidad disponible,Piso 6,3 dorms.,66.18 m²,Modelo Tipo 3 A,Soles,"519,600",https://nexoinmobiliario.pe/proyecto/venta-de-departamento-2313-mate-surquillo-lima-lima-real-inmobiliaria
Entrega inmediata,44.92 a 78.46 m2 total,Departamentos,2 a 3 dormitorios,2 unidades disponibles,Pisos 5 y 7,3 dorms.,78.46 m²,Modelo Tipo 2 B,Soles,"637,680",https://nexoinmobiliario.pe/proyecto/venta-de-departamento-2313-mate-surquillo-lima-lima-real-inmobiliaria
Entrega inmediata,44.92 a 78.46 m2 total,Departamentos,2 a 3 dormitorios,1 unidad disponible,Piso 11,2 dorms.,44.92 m²,Modelo Tipo 6 B,Soles,"370,000",https://nexoinmobiliario.pe/proyecto/venta-de-departamento-2313-mate-surquillo-lima-lima-real-inmobiliaria
31/01/2027,35.44 a 86.42 m2 total,Departamentos,1 a 3 dormitorios,1 unidad disponible,Piso 2,3 dorms.,86.42 m²,Modelo 2A,Soles,"636,500",https://nexoinmobiliario.pe/proyecto/venta-de-departamento-3241-residencial-sukha-surquillo-lima-lima-vienna-grupo-inmobiliario
31/01/2027,35.44 a 86.42 m2 total,Departamentos,1 a 3 dormitorios,1 unidad disponible,Piso 6,2 dorms.,58.48 m²,Modelo 3A,Soles,"468,500",https://nexoinmobiliario.pe/proyecto/venta-de-departamento-3241-residencial-sukha-surquillo-lima-lima-vienna-grupo-inmobiliario
31/01/2027,35.44 a 86.42 m2 total,Departamentos,1 a 3 dormitorios,1 unidad disponible,Piso 15,3 dorms.,70.61 m²,Modelo 2B,Soles,"545,900",https://nexoinmobiliario.pe/proyecto/venta-de-departamento-3241-residencial-sukha-surquillo-lima-lima-vienna-grupo-inmobiliario
31/01/2027,35.44 a 86.42 m2 total,Departamentos,1 a 3 dormitorios,5 unidades disponibles,"Pisos 10, 16, 19, 21, 22",1 dorms.,35.44 m²,Modelo 4A,Soles,"269,500",https://nexoinmobiliario.pe/proyecto/venta-de-departamento-3241-residencial-sukha-surquillo-lima-lima-vienna-grupo-inmobiliario
30/10/2026,60.35 a 74.38 m2 total,Departamentos,2 a 3 dormitorios,1 unidad disponible,Piso 20,2 dorms.,60.35 m²,Modelo Tipo 5,Soles,"490,500",https://nexoinmobiliario.pe/proyecto/venta-de-departamento-3258-albamar-oasis-surquillo-lima-lima-albamar-grupo-inmobiliario
30/10/2026,60.35 a 74.38 m2 total,Departamentos,2 a 3 dormitorios,4 unidades disponibles,"Pisos 7, 9, 10, 11",3 dorms.,74.38 m²,Modelo Tipo 6,Soles,"618,500",https://nexoinmobiliario.pe/proyecto/venta-de-departamento-3258-albamar-oasis-surquillo-lima-lima-albamar-grupo-inmobiliario
31/12/2026,41.58 a 67.71 m2 total,Departamentos,1 a 3 dormitorios,1 unidad disponible,Piso 2,2 dorms.,59.52 m²,Modelo Flat Típico 2,Soles,"460,000",https://nexoinmobiliario.pe/proyecto/venta-de-departamento-3331-high-life-surquillo-lima-lima-madrid-inmobiliaria
31/12/2026,41.58 a 67.71 m2 total,Departamentos,1 a 3 dormitorios,1 unidad disponible,Piso 2,3 dorms.,67.71 m²,Modelo Flat Típico 5,Soles,"514,000",https://nexoinmobiliario.pe/proyecto/venta-de-departamento-3331-high-life-surquillo-lima-lima-madrid-inmobiliaria
31/12/2026,41.58 a 67.71 m2 total,Departamentos,1 a 3 dormitorios,1 unidad disponible,Piso 3,1 dorms.,41.58 m²,Modelo Flat Típico 1,Soles,"334,000",https://nexoinmobiliario.pe/proyecto/venta-de-departamento-3331-high-life-surquillo-lima-lima-madrid-inmobiliaria
31/12/2026,41.58 a 67.71 m2 total,Departamentos,1 a 3 dormitorios,1 unidad disponible,Piso 22,1 dorms.,42.25 m²,Modelo Flat 2204,Soles,"319,000",https://nexoinmobiliario.pe/proyecto/venta-de-departamento-3331-high-life-surquillo-lima-lima-madrid-inmobiliaria
31/07/2026,56.30 a 104.28 m2 total,Departamentos,2 a 3 dormitorios,1 unidad disponible,Piso 1,2 dorms.,70.47 m²,Modelo TIPO E,Soles,"524,500",https://nexoinmobiliario.pe/proyecto/venta-de-departamento-3471-liv-durand-ii-parque-surquillo-lima-lima-greal-inversiones
31/07/2026,56.30 a 104.28 m2 total,Departamentos,2 a 3 dormitorios,2 unidades disponibles,Pisos 2 y 4,2 dorms.,56.30 m²,Modelo TIPO A,Soles,"475,000",https://nexoinmobiliario.pe/proyecto/venta-de-departamento-3471-liv-durand-ii-parque-surquillo-lima-lima-greal-inversiones
31/07/2026,56.30 a 104.28 m2 total,Departamentos,2 a 3 dormitorios,1 unidad disponible,Piso 10,2 dorms.,60.42 m²,Modelo TIPO B,Soles,"487,000",https://nexoinmobiliario.pe/proyecto/venta-de-departamento-3471-liv-durand-ii-parque-surquillo-lima-lima-greal-inversiones
31/07/2026,56.30 a 104.28 m2 total,Departamentos,2 a 3 dormitorios,3 unidades disponibles,"Pisos 2, 3, 4",3 dorms.,77.62 m²,Modelo TIPO C,Soles,"605,000",https://nexoinmobiliario.pe/proyecto/venta-de-departamento-3471-liv-durand-ii-parque-surquillo-lima-lima-greal-inversiones
31/07/2026,56.30 a 104.28 m2 total,Departamentos,2 a 3 dormitorios,1 unidad disponible,Piso 11,3 dorms.,81.70 m²,Modelo TIPO H,Soles,"627,000",https://nexoinmobiliario.pe/proyecto/venta-de-departamento-3471-liv-durand-ii-parque-surquillo-lima-lima-greal-inversiones
31/01/2027,28.91 a 106.07 m2 total,Departamentos,1 a 2 dormitorios,5 unidades disponibles,"Pisos 5, 13, 15, 16, 17",1 dorms.,30.72 m²,Modelo 1A,Soles,"284,164",https://nexoinmobiliario.pe/proyecto/venta-de-departamento-3476-element-surquillo-lima-lima-edifica
31/01/2027,28.91 a 106.07 m2 total,Departamentos,1 a 2 dormitorios,4 unidades disponibles,"Pisos 20, 21, 22, 23",1 dorms.,28.91 m²,Modelo 2A,Soles,"292,893",https://nexoinmobiliario.pe/proyecto/venta-de-departamento-3476-element-surquillo-lima-lima-edifica
31/01/2027,28.91 a 106.07 m2 total,Departamentos,1 a 2 dormitorios,11 unidades disponibles,Pisos 4 al 22,1 dorms.,39.87 m²,Modelo 6A,Soles,"344,143",https://nexoinmobiliario.pe/proyecto/venta-de-departamento-3476-element-surquillo-lima-lima-edifica
31/01/2027,28.91 a 106.07 m2 total,Departamentos,1 a 2 dormitorios,1 unidad disponible,Piso 2,1 dorms.,48.94 m²,Modelo 10A,Soles,"351,783",https://nexoinmobiliario.pe/proyecto/venta-de-departamento-3476-element-surquillo-lima-lima-edifica
31/01/2027,28.91 a 106.07 m2 total,Departamentos,1 a 2 dormitorios,2 unidades disponibles,Pisos 15 y 18,1 dorms.,36.43 m²,Modelo 3B,Soles,"349,582",https://nexoinmobiliario.pe/proyecto/venta-de-departamento-3476-element-surquillo-lima-lima-edifica
31/01/2027,28.91 a 106.07 m2 total,Departamentos,1 a 2 dormitorios,8 unidades disponibles,Pisos 4 al 22,1 dorms.,39.87 m²,Modelo 4A,Soles,"344,143",https://nexoinmobiliario.pe/proyecto/venta-de-departamento-3476-element-surquillo-lima-lima-edifica
Entrega inmediata,46.01 a 127.15 m2 total,Departamentos,1 a 3 dormitorios,3 unidades disponibles,"Pisos 2, 16, 18",3 dorms.,89.28 m²,Modelo T 10,Soles,"648,000",https://nexoinmobiliario.pe/proyecto/venta-de-departamento-3552-bernales-442-surquillo-lima-lima-vive-plm
Entrega inmediata,46.01 a 127.15 m2 total,Departamentos,1 a 3 dormitorios,1 unidad disponible,Piso 4,1 dorms.,46.01 m²,Modelo T1,Soles,"420,000",https://nexoinmobiliario.pe/proyecto/venta-de-departamento-3552-bernales-442-surquillo-lima-lima-vive-plm
30/11/2027,48.50 a 55.50 m2 total,Departamentos,1 a 2 dormitorios,3 unidades disponibles,"Pisos 23, 27, 31",1 dorms.,48.50 m²,Modelo X01-B,Soles,"331,179",https://nexoinmobiliario.pe/proyecto/venta-de-departamento-3561-marsano-park-surquillo-lima-lima-ter-inmobiliaria
30/11/2027,48.50 a 55.50 m2 total,Departamentos,1 a 2 dormitorios,5 unidades disponibles,"Pisos 4, 9, 14, 19, 23",2 dorms.,51.50 m²,Modelo X02,Soles,"366,696",https://nexoinmobiliario.pe/proyecto/venta-de-departamento-3561-marsano-park-surquillo-lima-lima-ter-inmobiliaria
30/11/2027,48.50 a 55.50 m2 total,Departamentos,1 a 2 dormitorios,6 unidades disponibles,Pisos 4 al 30,2 dorms.,54.50 m²,Modelo X03,Soles,"379,764",https://nexoinmobiliario.pe/proyecto/venta-de-departamento-3561-marsano-park-surquillo-lima-lima-ter-inmobiliaria
30/11/2027,48.50 a 55.50 m2 total,Departamentos,1 a 2 dormitorios,4 unidades disponibles,"Pisos 4, 8, 13, 24",2 dorms.,55.50 m²,Modelo X04,Soles,"395,565",https://nexoinmobiliario.pe/proyecto/venta-de-departamento-3561-marsano-park-surquillo-lima-lima-ter-inmobiliaria
30/11/2027,48.50 a 55.50 m2 total,Departamentos,1 a 2 dormitorios,5 unidades disponibles,"Pisos 3, 8, 13, 26, 30",2 dorms.,54.50 m²,Modelo X05,Soles,"374,764",https://nexoinmobiliario.pe/proyecto/venta-de-departamento-3561-marsano-park-surquillo-lima-lima-ter-inmobiliaria
30/11/2027,48.50 a 55.50 m2 total,Departamentos,1 a 2 dormitorios,4 unidades disponibles,"Pisos 9, 18, 24, 29",2 dorms.,51.50 m²,Modelo X06,Soles,"358,585",https://nexoinmobiliario.pe/proyecto/venta-de-departamento-3561-marsano-park-surquillo-lima-lima-ter-inmobiliaria
28/02/2028,26.90 a 70.61 m2 total,Departamentos,1 a 3 dormitorios,20 unidades disponibles,Pisos 3 al 28,3 dorms.,69.22 m²,Modelo 1,Soles,"432,000",https://nexoinmobiliario.pe/proyecto/venta-de-departamento-3590-torre-marsano-28-surquillo-lima-lima-amma-inmobiliaria
28/02/2028,26.90 a 70.61 m2 total,Departamentos,1 a 3 dormitorios,16 unidades disponibles,Pisos 3 al 28,2 dorms.,51.66 m²,Modelo 2,Soles,"368,000",https://nexoinmobiliario.pe/proyecto/venta-de-departamento-3590-torre-marsano-28-surquillo-lima-lima-amma-inmobiliaria
28/02/2028,26.90 a 70.61 m2 total,Departamentos,1 a 3 dormitorios,16 unidades disponibles,Pisos 7 al 28,3 dorms.,63.02 m²,Modelo 3,Soles,"423,000",https://nexoinmobiliario.pe/proyecto/venta-de-departamento-3590-torre-marsano-28-surquillo-lima-lima-amma-inmobiliaria
28/02/2028,26.90 a 70.61 m2 total,Departamentos,1 a 3 dormitorios,17 unidades disponibles,Pisos 4 al 28,3 dorms.,63.87 m²,Modelo 5,Soles,"411,000",https://nexoinmobiliario.pe/proyecto/venta-de-departamento-3590-torre-marsano-28-surquillo-lima-lima-amma-inmobiliaria
28/02/2028,26.90 a 70.61 m2 total,Departamentos,1 a 3 dormitorios,17 unidades disponibles,Pisos 4 al 28,2 dorms.,56.09 m²,Modelo 6,Soles,"380,000",https://nexoinmobiliario.pe/proyecto/venta-de-departamento-3590-torre-marsano-28-surquillo-lima-lima-amma-inmobiliaria
28/02/2028,26.90 a 70.61 m2 total,Departamentos,1 a 3 dormitorios,17 unidades disponibles,Pisos 7 al 28,3 dorms.,69.86 m²,Modelo 7,Soles,"462,000",https://nexoinmobiliario.pe/proyecto/venta-de-departamento-3590-torre-marsano-28-surquillo-lima-lima-amma-inmobiliaria
31/07/2027,39.06 a 76.76 m2 total,Departamentos,1 a 3 dormitorios,1 unidad disponible,Piso 19,3 dorms.,76.76 m²,Modelo Tipo X03D,Soles,"532,500",https://nexoinmobiliario.pe/proyecto/venta-de-departamento-3602-aurora-4-surquillo-lima-lima-vienna-grupo-inmobiliario
31/07/2027,39.06 a 76.76 m2 total,Departamentos,1 a 3 dormitorios,1 unidad disponible,Piso 16,3 dorms.,68.14 m²,Modelo Tipo X04B,Soles,"485,500",https://nexoinmobiliario.pe/proyecto/venta-de-departamento-3602-aurora-4-surquillo-lima-lima-vienna-grupo-inmobiliario
31/07/2027,39.06 a 76.76 m2 total,Departamentos,1 a 3 dormitorios,2 unidades disponibles,Pisos 4 y 14,1 dorms.,39.06 m²,Modelo Tipo X01A,Soles,"324,500",https://nexoinmobiliario.pe/proyecto/venta-de-departamento-3602-aurora-4-surquillo-lima-lima-vienna-grupo-inmobiliario
31/07/2027,39.06 a 76.76 m2 total,Departamentos,1 a 3 dormitorios,2 unidades disponibles,Pisos 17 y 18,3 dorms.,66.99 m²,Modelo Tipo X04C,Soles,"478,900",https://nexoinmobiliario.pe/proyecto/venta-de-departamento-3602-aurora-4-surquillo-lima-lima-vienna-grupo-inmobiliario
31/07/2027,39.06 a 76.76 m2 total,Departamentos,1 a 3 dormitorios,1 unidad disponible,Piso 17,1 dorms.,42.29 m²,Modelo Tipo X03C,Soles,"349,500",https://nexoinmobiliario.pe/proyecto/venta-de-departamento-3602-aurora-4-surquillo-lima-lima-vienna-grupo-inmobiliario
31/07/2027,39.06 a 76.76 m2 total,Departamentos,1 a 3 dormitorios,8 unidades disponibles,Pisos 6 al 13,3 dorms.,65.83 m²,Modelo Tipo X04A,Soles,"488,500",https://nexoinmobiliario.pe/proyecto/venta-de-departamento-3602-aurora-4-surquillo-lima-lima-vienna-grupo-inmobiliario
30/04/2028,40 a 71.80 m2 total,Departamentos,1 a 3 dormitorios,2 unidades disponibles,Pisos 7 y 17,3 dorms.,68.30 m²,Modelo P4-P18-X05,Soles,"564,000",https://nexoinmobiliario.pe/proyecto/venta-de-departamento-3637-torre-germania-surquillo-lima-lima-v-v-grupo-inmobiliario
30/04/2028,40 a 71.80 m2 total,Departamentos,1 a 3 dormitorios,9 unidades disponibles,Pisos 7 al 18,2 dorms.,55.90 m²,Modelo P4-P18-X11,Soles,"371,000",https://nexoinmobiliario.pe/proyecto/venta-de-departamento-3637-torre-germania-surquillo-lima-lima-v-v-grupo-inmobiliario
30/04/2028,40 a 71.80 m2 total,Departamentos,1 a 3 dormitorios,3 unidades disponibles,"Pisos 8, 10, 13",1 dorms.,41.50 m²,Modelo P4-P18-X10,Soles,"299,000",https://nexoinmobiliario.pe/proyecto/venta-de-departamento-3637-torre-germania-surquillo-lima-lima-v-v-grupo-inmobiliario
30/04/2028,40 a 71.80 m2 total,Departamentos,1 a 3 dormitorios,5 unidades disponibles,"Pisos 6, 8, 14, 16, 17",3 dorms.,64.50 m²,Modelo P4-P18-X03,Soles,"514,000",https://nexoinmobiliario.pe/proyecto/venta-de-departamento-3637-torre-germania-surquillo-lima-lima-v-v-grupo-inmobiliario
30/04/2028,40 a 71.80 m2 total,Departamentos,1 a 3 dormitorios,2 unidades disponibles,Pisos 19 y 20,3 dorms.,70.60 m²,Modelo P19-P20-X04,Soles,"576,000",https://nexoinmobiliario.pe/proyecto/venta-de-departamento-3637-torre-germania-surquillo-lima-lima-v-v-grupo-inmobiliario
30/04/2028,40 a 71.80 m2 total,Departamentos,1 a 3 dormitorios,9 unidades disponibles,Pisos 4 al 14,2 dorms.,53.50 m²,Modelo P4-P18-X07,Soles,"457,000",https://nexoinmobiliario.pe/proyecto/venta-de-departamento-3637-torre-germania-surquillo-lima-lima-v-v-grupo-inmobiliario
30/03/2027,28 a 68.50 m2 total,Departamentos,1 a 3 dormitorios,1 unidad disponible,Piso 2,1 dorms.,38.50 m²,Modelo A,Soles,"334,004",https://nexoinmobiliario.pe/proyecto/venta-de-departamento-3679-quatro-vista-tower-surquillo-lima-lima-quatro-inmobiliaria
30/03/2027,28 a 68.50 m2 total,Departamentos,1 a 3 dormitorios,9 unidades disponibles,Pisos 13 al 22,3 dorms.,68.50 m²,Modelo B,Soles,"492,502",https://nexoinmobiliario.pe/proyecto/venta-de-departamento-3679-quatro-vista-tower-surquillo-lima-lima-quatro-inmobiliaria
30/03/2027,28 a 68.50 m2 total,Departamentos,1 a 3 dormitorios,9 unidades disponibles,Pisos 3 al 11,1 dorms.,36.00 m²,Modelo C,Soles,"289,029",https://nexoinmobiliario.pe/proyecto/venta-de-departamento-3679-quatro-vista-tower-surquillo-lima-lima-quatro-inmobiliaria
30/03/2027,28 a 68.50 m2 total,Departamentos,1 a 3 dormitorios,2 unidades disponibles,Pisos 3 y 4,2 dorms.,51.00 m²,Modelo D,Soles,"421,660",https://nexoinmobiliario.pe/proyecto/venta-de-departamento-3679-quatro-vista-tower-surquillo-lima-lima-quatro-inmobiliaria
30/03/2027,28 a 68.50 m2 total,Departamentos,1 a 3 dormitorios,6 unidades disponibles,Pisos 2 al 9,2 dorms.,51.00 m²,Modelo E,Soles,"391,020",https://nexoinmobiliario.pe/proyecto/venta-de-departamento-3679-quatro-vista-tower-surquillo-lima-lima-quatro-inmobiliaria
30/03/2027,28 a 68.50 m2 total,Departamentos,1 a 3 dormitorios,3 unidades disponibles,"Pisos 2, 3, 5",1 dorms.,28.00 m²,Modelo F,Soles,"253,705",https://nexoinmobiliario.pe/proyecto/venta-de-departamento-3679-quatro-vista-tower-surquillo-lima-lima-quatro-inmobiliaria
30/05/2027,30.31 a 70.07 m2 total,Departamentos,1 a 3 dormitorios,3 unidades disponibles,"Pisos 4, 6, 14",1 dorms.,35.56 m²,Modelo TIPO 1A,Soles,"244,600",https://nexoinmobiliario.pe/proyecto/venta-de-departamento-3683-albamar-aura-surquillo-lima-lima-albamar-grupo-inmobiliario
30/05/2027,30.31 a 70.07 m2 total,Departamentos,1 a 3 dormitorios,6 unidades disponibles,Pisos 5 al 21,3 dorms.,70.07 m²,Modelo TIPO 2B,Soles,"482,600",https://nexoinmobiliario.pe/proyecto/venta-de-departamento-3683-albamar-aura-surquillo-lima-lima-albamar-grupo-inmobiliario
30/05/2027,30.31 a 70.07 m2 total,Departamentos,1 a 3 dormitorios,3 unidades disponibles,"Pisos 2, 7, 8",2 dorms.,54.66 m²,Modelo TIPO 3C,Soles,"445,500",https://nexoinmobiliario.pe/proyecto/venta-de-departamento-3683-albamar-aura-surquillo-lima-lima-albamar-grupo-inmobiliario
30/05/2027,30.31 a 70.07 m2 total,Departamentos,1 a 3 dormitorios,8 unidades disponibles,Pisos 2 al 9,2 dorms.,56.04 m²,Modelo TIPO 4D,Soles,"433,600",https://nexoinmobiliario.pe/proyecto/venta-de-departamento-3683-albamar-aura-surquillo-lima-lima-albamar-grupo-inmobiliario
30/05/2027,30.31 a 70.07 m2 total,Departamentos,1 a 3 dormitorios,5 unidades disponibles,"Pisos 2, 6, 7, 8, 9",1 dorms.,30.31 m²,Modelo TIPO 5E,Soles,"258,700",https://nexoinmobiliario.pe/proyecto/venta-de-departamento-3683-albamar-aura-surquillo-lima-lima-albamar-grupo-inmobiliario
30/05/2027,30.31 a 70.07 m2 total,Departamentos,1 a 3 dormitorios,6 unidades disponibles,Piso 2,2 dorms.,55.22 m²,Modelo TIPO 6F,Soles,"429,200",https://nexoinmobiliario.pe/proyecto/venta-de-departamento-3683-albamar-aura-surquillo-lima-lima-albamar-grupo-inmobiliario
31/10/2027,32 a 52 m2 total,Departamentos,1 a 2 dormitorios,9 unidades disponibles,Pisos 14 al 22,2 dorms.,49.00 m²,Modelo Tipo 1B,Soles,"375,000",https://nexoinmobiliario.pe/proyecto/venta-de-departamento-3685-novo-4-surquillo-surquillo-lima-lima-my-home
31/10/2027,32 a 52 m2 total,Departamentos,1 a 2 dormitorios,6 unidades disponibles,Pisos 5 al 17,2 dorms.,51.00 m²,Modelo Tipo 3 A,Soles,"397,000",https://nexoinmobiliario.pe/proyecto/venta-de-departamento-3685-novo-4-surquillo-surquillo-lima-lima-my-home
31/10/2027,32 a 52 m2 total,Departamentos,1 a 2 dormitorios,2 unidades disponibles,Pisos 19 y 22,2 dorms.,52.00 m²,Modelo Tipo 3 B,Soles,"392,000",https://nexoinmobiliario.pe/proyecto/venta-de-departamento-3685-novo-4-surquillo-surquillo-lima-lima-my-home
31/10/2027,32 a 52 m2 total,Departamentos,1 a 2 dormitorios,7 unidades disponibles,Pisos 3 al 11,2 dorms.,49.00 m²,Modelo Tipo 4 A,Soles,"387,000",https://nexoinmobiliario.pe/proyecto/venta-de-departamento-3685-novo-4-surquillo-surquillo-lima-lima-my-home
31/10/2027,32 a 52 m2 total,Departamentos,1 a 2 dormitorios,5 unidades disponibles,"Pisos 13, 14, 16, 17, 18",2 dorms.,50.00 m²,Modelo Tipo 4 B,Soles,"381,000",https://nexoinmobiliario.pe/proyecto/venta-de-departamento-3685-novo-4-surquillo-surquillo-lima-lima-my-home
31/10/2027,32 a 52 m2 total,Departamentos,1 a 2 dormitorios,1 unidad disponible,Piso 3,1 dorms.,32.00 m²,Modelo Tipo 6,Soles,"255,000",https://nexoinmobiliario.pe/proyecto/venta-de-departamento-3685-novo-4-surquillo-surquillo-lima-lima-my-home
30/11/2027,33.08 a 69.74 m2 total,Departamentos,1 a 3 dormitorios,5 unidades disponibles,"Pisos 3, 4, 7, 8, 9",2 dorms.,56.76 m²,Modelo TIPO 1,Soles,"388,670",https://nexoinmobiliario.pe/proyecto/venta-de-departamento-3801-buenavista-panama-5110-surquillo-lima-lima-grupo-binda
30/11/2027,33.08 a 69.74 m2 total,Departamentos,1 a 3 dormitorios,1 unidad disponible,Piso 2,2 dorms.,50.44 m²,Modelo TIPO 2-B,Soles,"348,780",https://nexoinmobiliario.pe/proyecto/venta-de-departamento-3801-buenavista-panama-5110-surquillo-lima-lima-grupo-binda
30/11/2027,33.08 a 69.74 m2 total,Departamentos,1 a 3 dormitorios,1 unidad disponible,Piso 2,1 dorms.,42.59 m²,Modelo TIPO 3-B,Soles,"318,297",https://nexoinmobiliario.pe/proyecto/venta-de-departamento-3801-buenavista-panama-5110-surquillo-lima-lima-grupo-binda
30/11/2027,33.08 a 69.74 m2 total,Departamentos,1 a 3 dormitorios,10 unidades disponibles,Pisos 2 al 12,3 dorms.,62.88 m²,Modelo TIPO 6,Soles,"401,442",https://nexoinmobiliario.pe/proyecto/venta-de-departamento-3801-buenavista-panama-5110-surquillo-lima-lima-grupo-binda
30/11/2027,33.08 a 69.74 m2 total,Departamentos,1 a 3 dormitorios,9 unidades disponibles,Pisos 2 al 11,2 dorms.,53.70 m²,Modelo TIPO 7,Soles,"346,404",https://nexoinmobiliario.pe/proyecto/venta-de-departamento-3801-buenavista-panama-5110-surquillo-lima-lima-grupo-binda
30/11/2027,33.08 a 69.74 m2 total,Departamentos,1 a 3 dormitorios,11 unidades disponibles,Pisos 2 al 12,2 dorms.,57.92 m²,Modelo TIPO 8,Soles,"373,627",https://nexoinmobiliario.pe/proyecto/venta-de-departamento-3801-buenavista-panama-5110-surquillo-lima-lima-grupo-binda
28/07/2028,41.59 a 68.59 m2 total,Departamentos,1 a 3 dormitorios,19 unidades disponibles,Pisos 3 al 22,3 dorms.,67.34 m²,Modelo BRO-2-X03,Soles,"377,100",https://nexoinmobiliario.pe/proyecto/venta-de-departamento-3855-bromelia-surquillo-lima-lima-abril-grupo-inmobiliario
28/07/2028,41.59 a 68.59 m2 total,Departamentos,1 a 3 dormitorios,9 unidades disponibles,Pisos 3 al 22,1 dorms.,41.59 m²,Modelo BRO-2-X04,Soles,"237,600",https://nexoinmobiliario.pe/proyecto/venta-de-departamento-3855-bromelia-surquillo-lima-lima-abril-grupo-inmobiliario
28/07/2028,41.59 a 68.59 m2 total,Departamentos,1 a 3 dormitorios,13 unidades disponibles,Pisos 3 al 22,3 dorms.,68.59 m²,Modelo BRO-2-X07,Soles,"381,600",https://nexoinmobiliario.pe/proyecto/venta-de-departamento-3855-bromelia-surquillo-lima-lima-abril-grupo-inmobiliario
28/07/2028,41.59 a 68.59 m2 total,Departamentos,1 a 3 dormitorios,8 unidades disponibles,Pisos 3 al 11,2 dorms.,46.67 m²,Modelo BRO-2-X08,Soles,"305,100",https://nexoinmobiliario.pe/proyecto/venta-de-departamento-3855-bromelia-surquillo-lima-lima-abril-grupo-inmobiliario
28/07/2028,41.59 a 68.59 m2 total,Departamentos,1 a 3 dormitorios,12 unidades disponibles,Pisos 3 al 20,1 dorms.,42.25 m²,Modelo BRO-2-X10,Soles,"234,000",https://nexoinmobiliario.pe/proyecto/venta-de-departamento-3855-bromelia-surquillo-lima-lima-abril-grupo-inmobiliario
28/07/2028,41.59 a 68.59 m2 total,Departamentos,1 a 3 dormitorios,10 unidades disponibles,Pisos 3 al 22,3 dorms.,65.67 m²,Modelo BRO-2-X11,Soles,"363,600",https://nexoinmobiliario.pe/proyecto/venta-de-departamento-3855-bromelia-surquillo-lima-lima-abril-grupo-inmobiliario
