fecha,medidas,tipo,dormitorios,disponible,piso,dormitorios_cont,area,modelo,precio,proyecto_link
Entrega inmediata,71.07 a 75.90 m2 total,Departamentos,3 dormitorios,3 unidades disponibles,"Pisos 27, 28, 33",3 dorms.,71.07 m²,"Modelo SAU-B-207, 308 al 2808,2907 al 3307","462,571",https://nexoinmobiliario.pe/proyecto/venta-de-departamento-2678-sauco-la-victoria-lima-lima-abril-grupo-inmobiliario
Entrega inmediata,71.07 a 75.90 m2 total,Departamentos,3 dormitorios,1 unidad disponible,Piso 2,3 dorms.,72.64 m²,"Modelo SAU-A-206,307 AL 3007","422,898",https://nexoinmobiliario.pe/proyecto/venta-de-departamento-2678-sauco-la-victoria-lima-lima-abril-grupo-inmobiliario
Entrega inmediata,71.07 a 75.90 m2 total,Departamentos,3 dormitorios,1 unidad disponible,Piso 28,3 dorms.,75.90 m²,"Modelo SAU-A-1003,1603,2203,2803","580,211",https://nexoinmobiliario.pe/proyecto/venta-de-departamento-2678-sauco-la-victoria-lima-lima-abril-grupo-inmobiliario
Entrega inmediata,52 a 69.50 m2 total,Departamentos,2 a 3 dormitorios,6 unidades disponibles,Pisos 2 al 14,3 dorms.,68.00 m²,Modelo A,"457,443",https://nexoinmobiliario.pe/proyecto/venta-de-departamento-2741-cor-tower-la-victoria-lima-lima-quatro-inmobiliaria
Entrega inmediata,52 a 69.50 m2 total,Departamentos,2 a 3 dormitorios,1 unidad disponible,Piso 6,2 dorms.,52.00 m²,Modelo B,"408,445",https://nexoinmobiliario.pe/proyecto/venta-de-departamento-2741-cor-tower-la-victoria-lima-lima-quatro-inmobiliaria
Entrega inmediata,52 a 69.50 m2 total,Departamentos,2 a 3 dormitorios,2 unidades disponibles,Pisos 21 y 22,3 dorms.,69.50 m²,Modelo C,"485,358",https://nexoinmobiliario.pe/proyecto/venta-de-departamento-2741-cor-tower-la-victoria-lima-lima-quatro-inmobiliaria
Entrega inmediata,52 a 69.50 m2 total,Departamentos,2 a 3 dormitorios,5 unidades disponibles,"Pisos 3, 5, 9, 12, 22",2 dorms.,55.70 m²,Modelo D,"375,873",https://nexoinmobiliario.pe/proyecto/venta-de-departamento-2741-cor-tower-la-victoria-lima-lima-quatro-inmobiliaria
Entrega inmediata,52 a 69.50 m2 total,Departamentos,2 a 3 dormitorios,6 unidades disponibles,Pisos 2 al 17,3 dorms.,66.00 m²,Modelo E,"457,265",https://nexoinmobiliario.pe/proyecto/venta-de-departamento-2741-cor-tower-la-victoria-lima-lima-quatro-inmobiliaria
Entrega inmediata,52 a 69.50 m2 total,Departamentos,2 a 3 dormitorios,8 unidades disponibles,Pisos 2 al 18,3 dorms.,61.00 m²,Modelo F,"394,818",https://nexoinmobiliario.pe/proyecto/venta-de-departamento-2741-cor-tower-la-victoria-lima-lima-quatro-inmobiliaria
30/06/2026,39.11 a 77.66 m2 total,Departamentos,1 a 3 dormitorios,2 unidades disponibles,Pisos 32 y 33,1 dorms.,39.11 m²,Modelo X01,"344,217",https://nexoinmobiliario.pe/proyecto/venta-de-departamento-2775-park-prado-la-victoria-lima-lima-gdc-inmobiliaria
30/06/2026,39.11 a 77.66 m2 total,Departamentos,1 a 3 dormitorios,15 unidades disponibles,Pisos 3 al 33,2 dorms.,57.84 m²,Modelo X02,"404,933",https://nexoinmobiliario.pe/proyecto/venta-de-departamento-2775-park-prado-la-victoria-lima-lima-gdc-inmobiliaria
30/06/2026,39.11 a 77.66 m2 total,Departamentos,1 a 3 dormitorios,13 unidades disponibles,Pisos 7 al 30,3 dorms.,70.45 m²,Modelo X04,"545,385",https://nexoinmobiliario.pe/proyecto/venta-de-departamento-2775-park-prado-la-victoria-lima-lima-gdc-inmobiliaria
30/06/2026,39.11 a 77.66 m2 total,Departamentos,1 a 3 dormitorios,7 unidades disponibles,Pisos 3 al 26,3 dorms.,72.54 m²,Modelo X05,"566,583",https://nexoinmobiliario.pe/proyecto/venta-de-departamento-2775-park-prado-la-victoria-lima-lima-gdc-inmobiliaria
30/06/2026,39.11 a 77.66 m2 total,Departamentos,1 a 3 dormitorios,2 unidades disponibles,Pisos 2 y 10,2 dorms.,62.03 m²,Modelo X06,"502,551",https://nexoinmobiliario.pe/proyecto/venta-de-departamento-2775-park-prado-la-victoria-lima-lima-gdc-inmobiliaria
30/06/2026,39.11 a 77.66 m2 total,Departamentos,1 a 3 dormitorios,21 unidades disponibles,Pisos 4 al 30,2 dorms.,54.92 m²,Modelo X07,"416,382",https://nexoinmobiliario.pe/proyecto/venta-de-departamento-2775-park-prado-la-victoria-lima-lima-gdc-inmobiliaria
Entrega inmediata,44.19 a 89.12 m2 total,Departamentos,1 a 3 dormitorios,4 unidades disponibles,"Pisos 11, 12, 16, 22",1 dorms.,44.48 m²,Modelo Tipo 1,"337,963",https://nexoinmobiliario.pe/proyecto/venta-de-departamento-2796-family-apartments-la-victoria-lima-lima-hl-desarrollos-inmobiliarios
Entrega inmediata,44.19 a 89.12 m2 total,Departamentos,1 a 3 dormitorios,4 unidades disponibles,"Pisos 2, 7, 18, 22",3 dorms.,68.61 m²,Modelo Tipo 3,"484,279",https://nexoinmobiliario.pe/proyecto/venta-de-departamento-2796-family-apartments-la-victoria-lima-lima-hl-desarrollos-inmobiliarios
Entrega inmediata,44.19 a 89.12 m2 total,Departamentos,1 a 3 dormitorios,2 unidades disponibles,Pisos 19 y 22,2 dorms.,54.59 m²,Modelo Tipo 4,"419,353",https://nexoinmobiliario.pe/proyecto/venta-de-departamento-2796-family-apartments-la-victoria-lima-lima-hl-desarrollos-inmobiliarios
Entrega inmediata,44.19 a 89.12 m2 total,Departamentos,1 a 3 dormitorios,2 unidades disponibles,Pisos 6 y 9,2 dorms.,47.88 m²,Modelo Tipo 9,"403,739",https://nexoinmobiliario.pe/proyecto/venta-de-departamento-2796-family-apartments-la-victoria-lima-lima-hl-desarrollos-inmobiliarios
Entrega inmediata,44.19 a 89.12 m2 total,Departamentos,1 a 3 dormitorios,1 unidad disponible,Piso 7,2 dorms.,44.19 m²,Modelo Tipo 11,"360,620",https://nexoinmobiliario.pe/proyecto/venta-de-departamento-2796-family-apartments-la-victoria-lima-lima-hl-desarrollos-inmobiliarios
Entrega inmediata,44.19 a 89.12 m2 total,Departamentos,1 a 3 dormitorios,3 unidades disponibles,"Pisos 19, 20, 22",2 dorms.,46.28 m²,Modelo Tipo 7,"366,340",https://nexoinmobiliario.pe/proyecto/venta-de-departamento-2796-family-apartments-la-victoria-lima-lima-hl-desarrollos-inmobiliarios
31/12/2025,38.31 a 61.17 m2 total,Departamentos,1 a 2 dormitorios,3 unidades disponibles,"Pisos 4, 5, 6",1 dorms.,39.07 m²,Modelo 1D1,"318,776",https://nexoinmobiliario.pe/proyecto/venta-de-departamento-2847-zendai-fase-1-la-victoria-lima-lima-grupo-lar
31/12/2025,38.31 a 61.17 m2 total,Departamentos,1 a 2 dormitorios,6 unidades disponibles,Pisos 2 al 13,1 dorms.,40.04 m²,Modelo 1D2,"319,459",https://nexoinmobiliario.pe/proyecto/venta-de-departamento-2847-zendai-fase-1-la-victoria-lima-lima-grupo-lar
31/12/2025,38.31 a 61.17 m2 total,Departamentos,1 a 2 dormitorios,8 unidades disponibles,Pisos 2 al 13,2 dorms.,51.00 m²,Modelo 2D6,"395,484",https://nexoinmobiliario.pe/proyecto/venta-de-departamento-2847-zendai-fase-1-la-victoria-lima-lima-grupo-lar
31/12/2025,38.31 a 61.17 m2 total,Departamentos,1 a 2 dormitorios,1 unidad disponible,Piso 22,2 dorms.,58.08 m²,Modelo 2D2,"445,185",https://nexoinmobiliario.pe/proyecto/venta-de-departamento-2847-zendai-fase-1-la-victoria-lima-lima-grupo-lar
31/12/2025,38.31 a 61.17 m2 total,Departamentos,1 a 2 dormitorios,1 unidad disponible,Piso 17,2 dorms.,61.17 m²,Modelo 2D3,"475,505",https://nexoinmobiliario.pe/proyecto/venta-de-departamento-2847-zendai-fase-1-la-victoria-lima-lima-grupo-lar
31/12/2025,38.31 a 61.17 m2 total,Departamentos,1 a 2 dormitorios,7 unidades disponibles,Pisos 17 al 27,2 dorms.,48.97 m²,Modelo 2D9,"368,299",https://nexoinmobiliario.pe/proyecto/venta-de-departamento-2847-zendai-fase-1-la-victoria-lima-lima-grupo-lar
Entrega inmediata,34.14 a 72.06 m2 total,Departamentos,1 a 2 dormitorios,8 unidades disponibles,Pisos 6 al 21,2 dorms.,71.11 m²,Modelo 9,"407,575",https://nexoinmobiliario.pe/proyecto/venta-de-departamento-2911-residencial-real-etapa-2-la-victoria-lima-lima-paz
Entrega inmediata,34.14 a 72.06 m2 total,Departamentos,1 a 2 dormitorios,1 unidad disponible,Piso 2,2 dorms.,67.43 m²,Modelo 10B,"430,459",https://nexoinmobiliario.pe/proyecto/venta-de-departamento-2911-residencial-real-etapa-2-la-victoria-lima-lima-paz
Entrega inmediata,34.14 a 72.06 m2 total,Departamentos,1 a 2 dormitorios,1 unidad disponible,Piso 2,1 dorms.,34.14 m²,Modelo 11,"246,139",https://nexoinmobiliario.pe/proyecto/venta-de-departamento-2911-residencial-real-etapa-2-la-victoria-lima-lima-paz
Entrega inmediata,34.14 a 72.06 m2 total,Departamentos,1 a 2 dormitorios,3 unidades disponibles,"Pisos 2, 8, 22",2 dorms.,65.40 m²,Modelo 12,"407,222",https://nexoinmobiliario.pe/proyecto/venta-de-departamento-2911-residencial-real-etapa-2-la-victoria-lima-lima-paz
Entrega inmediata,34.14 a 72.06 m2 total,Departamentos,1 a 2 dormitorios,4 unidades disponibles,"Pisos 2, 7, 8, 9",2 dorms.,65.88 m²,Modelo 13,"381,789",https://nexoinmobiliario.pe/proyecto/venta-de-departamento-2911-residencial-real-etapa-2-la-victoria-lima-lima-paz
Entrega inmediata,34.14 a 72.06 m2 total,Departamentos,1 a 2 dormitorios,1 unidad disponible,Piso 7,2 dorms.,53.70 m²,Modelo 14,"321,467",https://nexoinmobiliario.pe/proyecto/venta-de-departamento-2911-residencial-real-etapa-2-la-victoria-lima-lima-paz
31/07/2026,32.67 a 99.29 m2 total,Departamentos,1 a 3 dormitorios,1 unidad disponible,Piso,2 dorms.,84.76 m²,Modelo SS03,"531,000",https://nexoinmobiliario.pe/proyecto/venta-de-departamento-3119-hercelles-la-victoria-lima-lima-balance-grupo-inmobiliario
31/07/2026,32.67 a 99.29 m2 total,Departamentos,1 a 3 dormitorios,1 unidad disponible,Piso,2 dorms.,68.28 m²,Modelo SS04,"414,000",https://nexoinmobiliario.pe/proyecto/venta-de-departamento-3119-hercelles-la-victoria-lima-lima-balance-grupo-inmobiliario
31/07/2026,32.67 a 99.29 m2 total,Departamentos,1 a 3 dormitorios,1 unidad disponible,Piso,2 dorms.,80.44 m²,Modelo SS06,"441,000",https://nexoinmobiliario.pe/proyecto/venta-de-departamento-3119-hercelles-la-victoria-lima-lima-balance-grupo-inmobiliario
31/07/2026,32.67 a 99.29 m2 total,Departamentos,1 a 3 dormitorios,1 unidad disponible,Piso,2 dorms.,99.29 m²,Modelo SS07,"537,000",https://nexoinmobiliario.pe/proyecto/venta-de-departamento-3119-hercelles-la-victoria-lima-lima-balance-grupo-inmobiliario
31/07/2026,32.67 a 99.29 m2 total,Departamentos,1 a 3 dormitorios,5 unidades disponibles,"Pisos 1, 2, 5, 6, 7",3 dorms.,81.18 m²,Modelo X01,"554,000",https://nexoinmobiliario.pe/proyecto/venta-de-departamento-3119-hercelles-la-victoria-lima-lima-balance-grupo-inmobiliario
31/07/2026,32.67 a 99.29 m2 total,Departamentos,1 a 3 dormitorios,3 unidades disponibles,"Pisos 2, 3, 5",2 dorms.,60.06 m²,Modelo X02,"436,000",https://nexoinmobiliario.pe/proyecto/venta-de-departamento-3119-hercelles-la-victoria-lima-lima-balance-grupo-inmobiliario
31/03/2028,27.47 a 75.10 m2 total,Departamentos,1 a 3 dormitorios,19 unidades disponibles,Pisos 11 al 36,1 dorms.,53.03 m²,Modelo 1A,"331,804",https://nexoinmobiliario.pe/proyecto/venta-de-departamento-3470-catalina-sky-la-victoria-lima-lima-grupo-t-c
31/03/2028,27.47 a 75.10 m2 total,Departamentos,1 a 3 dormitorios,16 unidades disponibles,Pisos 15 al 36,2 dorms.,60.97 m²,Modelo 2A,"401,494",https://nexoinmobiliario.pe/proyecto/venta-de-departamento-3470-catalina-sky-la-victoria-lima-lima-grupo-t-c
31/03/2028,27.47 a 75.10 m2 total,Departamentos,1 a 3 dormitorios,20 unidades disponibles,Pisos 3 al 35,1 dorms.,27.47 m²,Modelo 4A,"234,761",https://nexoinmobiliario.pe/proyecto/venta-de-departamento-3470-catalina-sky-la-victoria-lima-lima-grupo-t-c
31/03/2028,27.47 a 75.10 m2 total,Departamentos,1 a 3 dormitorios,20 unidades disponibles,Pisos 4 al 36,1 dorms.,43.25 m²,Modelo 5A,"294,658",https://nexoinmobiliario.pe/proyecto/venta-de-departamento-3470-catalina-sky-la-victoria-lima-lima-grupo-t-c
31/03/2028,27.47 a 75.10 m2 total,Departamentos,1 a 3 dormitorios,32 unidades disponibles,Pisos 3 al 36,3 dorms.,72.52 m²,Modelo 6A,"441,660",https://nexoinmobiliario.pe/proyecto/venta-de-departamento-3470-catalina-sky-la-victoria-lima-lima-grupo-t-c
31/03/2028,27.47 a 75.10 m2 total,Departamentos,1 a 3 dormitorios,24 unidades disponibles,Pisos 4 al 36,1 dorms.,42.33 m²,Modelo 8A,"276,215",https://nexoinmobiliario.pe/proyecto/venta-de-departamento-3470-catalina-sky-la-victoria-lima-lima-grupo-t-c
31/01/2028,40.63 a 74.75 m2 total,Departamentos,1 a 3 dormitorios,29 unidades disponibles,Pisos 4 al 34,3 dorms.,74.75 m²,Modelo PINO-X01,"461,067",https://nexoinmobiliario.pe/proyecto/venta-de-departamento-3579-pino-la-victoria-lima-lima-abril-grupo-inmobiliario
31/01/2028,40.63 a 74.75 m2 total,Departamentos,1 a 3 dormitorios,28 unidades disponibles,Pisos 4 al 34,2 dorms.,61.45 m²,Modelo PINO-X03,"373,836",https://nexoinmobiliario.pe/proyecto/venta-de-departamento-3579-pino-la-victoria-lima-lima-abril-grupo-inmobiliario
31/01/2028,40.63 a 74.75 m2 total,Departamentos,1 a 3 dormitorios,24 unidades disponibles,Pisos 3 al 31,3 dorms.,66.01 m²,Modelo PINO-X07,"401,572",https://nexoinmobiliario.pe/proyecto/venta-de-departamento-3579-pino-la-victoria-lima-lima-abril-grupo-inmobiliario
31/01/2028,40.63 a 74.75 m2 total,Departamentos,1 a 3 dormitorios,25 unidades disponibles,Pisos 3 al 34,2 dorms.,50.60 m²,Modelo PINO-X11,"321,580",https://nexoinmobiliario.pe/proyecto/venta-de-departamento-3579-pino-la-victoria-lima-lima-abril-grupo-inmobiliario
31/01/2028,40.63 a 74.75 m2 total,Departamentos,1 a 3 dormitorios,28 unidades disponibles,Pisos 3 al 34,2 dorms.,51.28 m²,Modelo PINO-X17,"309,901",https://nexoinmobiliario.pe/proyecto/venta-de-departamento-3579-pino-la-victoria-lima-lima-abril-grupo-inmobiliario
31/01/2028,40.63 a 74.75 m2 total,Departamentos,1 a 3 dormitorios,22 unidades disponibles,Pisos 4 al 32,1 dorms.,40.63 m²,Modelo PINO-X18,"246,965",https://nexoinmobiliario.pe/proyecto/venta-de-departamento-3579-pino-la-victoria-lima-lima-abril-grupo-inmobiliario
31/12/2027,40 a 79.70 m2 total,Departamentos,1 a 3 dormitorios,9 unidades disponibles,Pisos 2 al 17,3 dorms.,73.70 m²,Modelo Tipo-X01-T2,"549,000",https://nexoinmobiliario.pe/proyecto/venta-de-departamento-3608-villaran-la-victoria-lima-lima-v-v-grupo-inmobiliario
31/12/2027,40 a 79.70 m2 total,Departamentos,1 a 3 dormitorios,1 unidad disponible,Piso 1,3 dorms.,70.10 m²,Modelo Tipo-102-T2,"449,000",https://nexoinmobiliario.pe/proyecto/venta-de-departamento-3608-villaran-la-victoria-lima-lima-v-v-grupo-inmobiliario
31/12/2027,40 a 79.70 m2 total,Departamentos,1 a 3 dormitorios,14 unidades disponibles,Pisos 2 al 17,3 dorms.,71.90 m²,Modelo Tipo-X02-T2,"547,000",https://nexoinmobiliario.pe/proyecto/venta-de-departamento-3608-villaran-la-victoria-lima-lima-v-v-grupo-inmobiliario
31/12/2027,40 a 79.70 m2 total,Departamentos,1 a 3 dormitorios,1 unidad disponible,Piso 1,1 dorms.,47.10 m²,Modelo Tipo-103-T2,"336,000",https://nexoinmobiliario.pe/proyecto/venta-de-departamento-3608-villaran-la-victoria-lima-lima-v-v-grupo-inmobiliario
31/12/2027,40 a 79.70 m2 total,Departamentos,1 a 3 dormitorios,13 unidades disponibles,Pisos 2 al 17,3 dorms.,71.30 m²,Modelo Tipo-X03-T2,"552,000",https://nexoinmobiliario.pe/proyecto/venta-de-departamento-3608-villaran-la-victoria-lima-lima-v-v-grupo-inmobiliario
31/12/2027,40 a 79.70 m2 total,Departamentos,1 a 3 dormitorios,1 unidad disponible,Piso 1,1 dorms.,53.30 m²,Modelo Tipo-104-T2,"335,000",https://nexoinmobiliario.pe/proyecto/venta-de-departamento-3608-villaran-la-victoria-lima-lima-v-v-grupo-inmobiliario
30/11/2027,41.35 a 87.82 m2 total,Departamentos,1 a 3 dormitorios,1 unidad disponible,Piso 1,2 dorms.,58.58 m²,Modelo X101,"381,800",https://nexoinmobiliario.pe/proyecto/venta-de-departamento-3640-560-place-la-victoria-lima-lima-noi-inmobiliaria
30/11/2027,41.35 a 87.82 m2 total,Departamentos,1 a 3 dormitorios,1 unidad disponible,Piso 1,3 dorms.,87.82 m²,Modelo X102,"546,800",https://nexoinmobiliario.pe/proyecto/venta-de-departamento-3640-560-place-la-victoria-lima-lima-noi-inmobiliaria
30/11/2027,41.35 a 87.82 m2 total,Departamentos,1 a 3 dormitorios,18 unidades disponibles,Pisos 2 al 22,1 dorms.,41.35 m²,Modelo X01,"282,800",https://nexoinmobiliario.pe/proyecto/venta-de-departamento-3640-560-place-la-victoria-lima-lima-noi-inmobiliaria
30/11/2027,41.35 a 87.82 m2 total,Departamentos,1 a 3 dormitorios,19 unidades disponibles,Pisos 3 al 22,3 dorms.,69.16 m²,Modelo X02,"434,800",https://nexoinmobiliario.pe/proyecto/venta-de-departamento-3640-560-place-la-victoria-lima-lima-noi-inmobiliaria
30/11/2027,41.35 a 87.82 m2 total,Departamentos,1 a 3 dormitorios,17 unidades disponibles,Pisos 3 al 22,2 dorms.,55.67 m²,Modelo X03,"374,800",https://nexoinmobiliario.pe/proyecto/venta-de-departamento-3640-560-place-la-victoria-lima-lima-noi-inmobiliaria
30/11/2027,41.35 a 87.82 m2 total,Departamentos,1 a 3 dormitorios,13 unidades disponibles,Pisos 2 al 22,2 dorms.,56.12 m²,Modelo X04,"377,800",https://nexoinmobiliario.pe/proyecto/venta-de-departamento-3640-560-place-la-victoria-lima-lima-noi-inmobiliaria
31/08/2027,40.12 a 142.37 m2 total,Departamentos,1 a 3 dormitorios,22 unidades disponibles,Pisos 3 al 26,1 dorms.,40.12 m²,Modelo C07.1,"269,000",https://nexoinmobiliario.pe/proyecto/venta-de-departamento-3661-elant-fase-3-la-victoria-lima-lima-grupo-lar
31/08/2027,40.12 a 142.37 m2 total,Departamentos,1 a 3 dormitorios,24 unidades disponibles,Pisos 3 al 28,2 dorms.,56.56 m²,Modelo C06.1,"393,771",https://nexoinmobiliario.pe/proyecto/venta-de-departamento-3661-elant-fase-3-la-victoria-lima-lima-grupo-lar
31/08/2027,40.12 a 142.37 m2 total,Departamentos,1 a 3 dormitorios,4 unidades disponibles,"Pisos 25, 26, 27, 28",3 dorms.,68.85 m²,Modelo C09,"458,475",https://nexoinmobiliario.pe/proyecto/venta-de-departamento-3661-elant-fase-3-la-victoria-lima-lima-grupo-lar
31/08/2027,40.12 a 142.37 m2 total,Departamentos,1 a 3 dormitorios,3 unidades disponibles,"Pisos 26, 27, 28",3 dorms.,64.10 m²,Modelo C08,"429,783",https://nexoinmobiliario.pe/proyecto/venta-de-departamento-3661-elant-fase-3-la-victoria-lima-lima-grupo-lar
31/08/2027,40.12 a 142.37 m2 total,Departamentos,1 a 3 dormitorios,3 unidades disponibles,"Pisos 25, 26, 28",2 dorms.,58.36 m²,Modelo C02.2,"406,841",https://nexoinmobiliario.pe/proyecto/venta-de-departamento-3661-elant-fase-3-la-victoria-lima-lima-grupo-lar
31/08/2027,40.12 a 142.37 m2 total,Departamentos,1 a 3 dormitorios,10 unidades disponibles,Pisos 19 al 28,3 dorms.,72.47 m²,Modelo C01.1,"477,336",https://nexoinmobiliario.pe/proyecto/venta-de-departamento-3661-elant-fase-3-la-victoria-lima-lima-grupo-lar
31/07/2027,40.30 a 105.40 m2 total,Departamentos,1 a 3 dormitorios,12 unidades disponibles,Pisos 3 al 17,2 dorms.,55.85 m²,Modelo 11,"377,400",https://nexoinmobiliario.pe/proyecto/venta-de-departamento-3665-fortiva-la-victoria-lima-lima-invent
31/07/2027,40.30 a 105.40 m2 total,Departamentos,1 a 3 dormitorios,13 unidades disponibles,Pisos 3 al 17,2 dorms.,47.47 m²,Modelo 10,"310,900",https://nexoinmobiliario.pe/proyecto/venta-de-departamento-3665-fortiva-la-victoria-lima-lima-invent
31/07/2027,40.30 a 105.40 m2 total,Departamentos,1 a 3 dormitorios,13 unidades disponibles,Pisos 3 al 17,1 dorms.,40.35 m²,Modelo 9,"291,600",https://nexoinmobiliario.pe/proyecto/venta-de-departamento-3665-fortiva-la-victoria-lima-lima-invent
31/07/2027,40.30 a 105.40 m2 total,Departamentos,1 a 3 dormitorios,12 unidades disponibles,Pisos 3 al 17,1 dorms.,40.30 m²,Modelo 8,"264,600",https://nexoinmobiliario.pe/proyecto/venta-de-departamento-3665-fortiva-la-victoria-lima-lima-invent
31/07/2027,40.30 a 105.40 m2 total,Departamentos,1 a 3 dormitorios,1 unidad disponible,Piso 17,3 dorms.,101.35 m²,Modelo 7-III,"551,700",https://nexoinmobiliario.pe/proyecto/venta-de-departamento-3665-fortiva-la-victoria-lima-lima-invent
31/07/2027,40.30 a 105.40 m2 total,Departamentos,1 a 3 dormitorios,14 unidades disponibles,Pisos 3 al 17,1 dorms.,46.16 m²,Modelo 6,"316,200",https://nexoinmobiliario.pe/proyecto/venta-de-departamento-3665-fortiva-la-victoria-lima-lima-invent
31/08/2027,40.03 a 62.63 m2 total,Departamentos,1 a 3 dormitorios,11 unidades disponibles,Pisos 3 al 14,1 dorms.,40.05 m²,Modelo Tipo X01,"263,283",https://nexoinmobiliario.pe/proyecto/venta-de-departamento-3746-capri-santa-catalina-la-victoria-lima-lima-proyec-inmobiliaria
31/08/2027,40.03 a 62.63 m2 total,Departamentos,1 a 3 dormitorios,11 unidades disponibles,Pisos 2 al 12,2 dorms.,49.19 m²,Modelo Tipo X02,"321,222",https://nexoinmobiliario.pe/proyecto/venta-de-departamento-3746-capri-santa-catalina-la-victoria-lima-lima-proyec-inmobiliaria
31/08/2027,40.03 a 62.63 m2 total,Departamentos,1 a 3 dormitorios,10 unidades disponibles,Pisos 2 al 11,2 dorms.,48.39 m²,Modelo Tipo X03,"316,014",https://nexoinmobiliario.pe/proyecto/venta-de-departamento-3746-capri-santa-catalina-la-victoria-lima-lima-proyec-inmobiliaria
31/08/2027,40.03 a 62.63 m2 total,Departamentos,1 a 3 dormitorios,4 unidades disponibles,"Pisos 6, 8, 9, 11",3 dorms.,57.06 m²,Modelo Tipo X04,"370,140",https://nexoinmobiliario.pe/proyecto/venta-de-departamento-3746-capri-santa-catalina-la-victoria-lima-lima-proyec-inmobiliaria
31/08/2027,40.03 a 62.63 m2 total,Departamentos,1 a 3 dormitorios,1 unidad disponible,Piso 2,1 dorms.,40.05 m²,Modelo Tipo 205,"278,721",https://nexoinmobiliario.pe/proyecto/venta-de-departamento-3746-capri-santa-catalina-la-victoria-lima-lima-proyec-inmobiliaria
31/08/2027,40.03 a 62.63 m2 total,Departamentos,1 a 3 dormitorios,9 unidades disponibles,Pisos 3 al 15,2 dorms.,48.90 m²,Modelo Tipo X06,"328,848",https://nexoinmobiliario.pe/proyecto/venta-de-departamento-3746-capri-santa-catalina-la-victoria-lima-lima-proyec-inmobiliaria
31/01/2028,40 a 65.37 m2 total,Departamentos,1 a 3 dormitorios,1 unidad disponible,Piso 2,2 dorms.,52.91 m²,Modelo Bloque A Flat 201,"405,100",https://nexoinmobiliario.pe/proyecto/venta-de-departamento-3776-v-n-la-victoria-lima-lima-casaideal-inmobiliaria
31/01/2028,40 a 65.37 m2 total,Departamentos,1 a 3 dormitorios,1 unidad disponible,Piso 16,3 dorms.,64.09 m²,Modelo Bloque A Flat Típico 01,"450,300",https://nexoinmobiliario.pe/proyecto/venta-de-departamento-3776-v-n-la-victoria-lima-lima-casaideal-inmobiliaria
31/01/2028,40 a 65.37 m2 total,Departamentos,1 a 3 dormitorios,7 unidades disponibles,Pisos 3 al 12,2 dorms.,52.53 m²,Modelo Bloque A Flat Típico 02,"383,600",https://nexoinmobiliario.pe/proyecto/venta-de-departamento-3776-v-n-la-victoria-lima-lima-casaideal-inmobiliaria
31/01/2028,40 a 65.37 m2 total,Departamentos,1 a 3 dormitorios,6 unidades disponibles,Pisos 2 al 12,1 dorms.,40.17 m²,Modelo Bloque A Flat Típico 03 y A202,"282,200",https://nexoinmobiliario.pe/proyecto/venta-de-departamento-3776-v-n-la-victoria-lima-lima-casaideal-inmobiliaria
31/01/2028,40 a 65.37 m2 total,Departamentos,1 a 3 dormitorios,16 unidades disponibles,Pisos 2 al 17,1 dorms.,40.02 m²,Modelo Bloque A Flat Típico 04 y A203,"257,200",https://nexoinmobiliario.pe/proyecto/venta-de-departamento-3776-v-n-la-victoria-lima-lima-casaideal-inmobiliaria
31/01/2028,40 a 65.37 m2 total,Departamentos,1 a 3 dormitorios,10 unidades disponibles,Pisos 3 al 17,3 dorms.,63.86 m²,Modelo Bloque A Flat Típico 05 y A204,"435,600",https://nexoinmobiliario.pe/proyecto/venta-de-departamento-3776-v-n-la-victoria-lima-lima-casaideal-inmobiliaria
31/08/2027,42.72 a 72.17 m2 total,Departamentos,1 a 3 dormitorios,1 unidad disponible,Piso 1,1 dorms.,42.72 m²,Modelo 101,"287,655",https://nexoinmobiliario.pe/proyecto/venta-de-departamento-3864-catalina-view-la-victoria-lima-lima-ghs-constructora
31/08/2027,42.72 a 72.17 m2 total,Departamentos,1 a 3 dormitorios,1 unidad disponible,Piso 1,2 dorms.,67.58 m²,Modelo 102,"452,786",https://nexoinmobiliario.pe/proyecto/venta-de-departamento-3864-catalina-view-la-victoria-lima-lima-ghs-constructora
31/08/2027,42.72 a 72.17 m2 total,Departamentos,1 a 3 dormitorios,1 unidad disponible,Piso 1,2 dorms.,47.56 m²,Modelo 103,"318,652",https://nexoinmobiliario.pe/proyecto/venta-de-departamento-3864-catalina-view-la-victoria-lima-lima-ghs-constructora
31/08/2027,42.72 a 72.17 m2 total,Departamentos,1 a 3 dormitorios,4 unidades disponibles,"Pisos 4, 5, 6, 7",3 dorms.,72.17 m²,Modelo 201-701,"493,210",https://nexoinmobiliario.pe/proyecto/venta-de-departamento-3864-catalina-view-la-victoria-lima-lima-ghs-constructora
31/08/2027,42.72 a 72.17 m2 total,Departamentos,1 a 3 dormitorios,6 unidades disponibles,Pisos 2 al 7,3 dorms.,68.85 m²,Modelo 202-702,"470,521",https://nexoinmobiliario.pe/proyecto/venta-de-departamento-3864-catalina-view-la-victoria-lima-lima-ghs-constructora
31/08/2027,42.72 a 72.17 m2 total,Departamentos,1 a 3 dormitorios,6 unidades disponibles,Pisos 2 al 7,2 dorms.,60.26 m²,Modelo 203-703,"408,991",https://nexoinmobiliario.pe/proyecto/venta-de-departamento-3864-catalina-view-la-victoria-lima-lima-ghs-constructora
31/08/2027,42.07 a 78.86 m2 total,Departamentos,1 a 3 dormitorios,17 unidades disponibles,Pisos 2 al 18,2 dorms.,53.64 m²,Modelo 2C1,"382,632",https://nexoinmobiliario.pe/proyecto/venta-de-departamento-3891-zendai-fase-2-la-victoria-lima-lima-grupo-lar
31/08/2027,42.07 a 78.86 m2 total,Departamentos,1 a 3 dormitorios,17 unidades disponibles,Pisos 2 al 18,1 dorms.,42.50 m²,Modelo 1C1,"300,278",https://nexoinmobiliario.pe/proyecto/venta-de-departamento-3891-zendai-fase-2-la-victoria-lima-lima-grupo-lar
31/08/2027,42.07 a 78.86 m2 total,Departamentos,1 a 3 dormitorios,16 unidades disponibles,Pisos 3 al 18,2 dorms.,53.81 m²,Modelo 2C2,"385,791",https://nexoinmobiliario.pe/proyecto/venta-de-departamento-3891-zendai-fase-2-la-victoria-lima-lima-grupo-lar
31/08/2027,42.07 a 78.86 m2 total,Departamentos,1 a 3 dormitorios,17 unidades disponibles,Pisos 2 al 18,1 dorms.,42.07 m²,Modelo 1C2,"290,171",https://nexoinmobiliario.pe/proyecto/venta-de-departamento-3891-zendai-fase-2-la-victoria-lima-lima-grupo-lar
31/08/2027,42.07 a 78.86 m2 total,Departamentos,1 a 3 dormitorios,16 unidades disponibles,Pisos 2 al 18,2 dorms.,55.64 m²,Modelo 2C3,"395,752",https://nexoinmobiliario.pe/proyecto/venta-de-departamento-3891-zendai-fase-2-la-victoria-lima-lima-grupo-lar
31/08/2027,42.07 a 78.86 m2 total,Departamentos,1 a 3 dormitorios,16 unidades disponibles,Pisos 2 al 18,2 dorms.,56.57 m²,Modelo 2C4,"401,824",https://nexoinmobiliario.pe/proyecto/venta-de-departamento-3891-zendai-fase-2-la-victoria-lima-lima-grupo-lar
31/03/2028,40.88 a 74.42 m2 total,Departamentos,1 a 3 dormitorios,1 unidad disponible,Piso 1,1 dorms.,50.14 m²,Modelo Tipo 107,"293,000",https://nexoinmobiliario.pe/proyecto/venta-de-departamento-3913-calia-park-santa-catalina-la-victoria-lima-lima-v-v-grupo-inmobiliario
31/03/2028,40.88 a 74.42 m2 total,Departamentos,1 a 3 dormitorios,1 unidad disponible,Piso 1,2 dorms.,61.75 m²,Modelo Tipo 105,"352,000",https://nexoinmobiliario.pe/proyecto/venta-de-departamento-3913-calia-park-santa-catalina-la-victoria-lima-lima-v-v-grupo-inmobiliario
31/03/2028,40.88 a 74.42 m2 total,Departamentos,1 a 3 dormitorios,1 unidad disponible,Piso 1,1 dorms.,44.26 m²,Modelo Tipo 102,"262,000",https://nexoinmobiliario.pe/proyecto/venta-de-departamento-3913-calia-park-santa-catalina-la-victoria-lima-lima-v-v-grupo-inmobiliario
31/03/2028,40.88 a 74.42 m2 total,Departamentos,1 a 3 dormitorios,1 unidad disponible,Piso 2,3 dorms.,56.44 m²,Modelo Tipo 208,"324,000",https://nexoinmobiliario.pe/proyecto/venta-de-departamento-3913-calia-park-santa-catalina-la-victoria-lima-lima-v-v-grupo-inmobiliario
31/03/2028,40.88 a 74.42 m2 total,Departamentos,1 a 3 dormitorios,3 unidades disponibles,"Pisos 2, 3, 4",3 dorms.,69.02 m²,Modelo Tipo X13-A,"365,000",https://nexoinmobiliario.pe/proyecto/venta-de-departamento-3913-calia-park-santa-catalina-la-victoria-lima-lima-v-v-grupo-inmobiliario
31/03/2028,40.88 a 74.42 m2 total,Departamentos,1 a 3 dormitorios,9 unidades disponibles,Pisos 5 al 14,3 dorms.,69.20 m²,Modelo Tipo X13-B,"352,000",https://nexoinmobiliario.pe/proyecto/venta-de-departamento-3913-calia-park-santa-catalina-la-victoria-lima-lima-v-v-grupo-inmobiliario
30/04/2028,41 a 136.23 m2 total,Departamentos,1 a 4 dormitorios,21 unidades disponibles,Pisos 3 al 25,3 dorms.,60.00 m²,Modelo 1,"307,481",https://nexoinmobiliario.pe/proyecto/venta-de-departamento-3956-capital-la-victoria-lima-lima-pisonay-inmobiliaria
30/04/2028,41 a 136.23 m2 total,Departamentos,1 a 4 dormitorios,24 unidades disponibles,Pisos 3 al 27,2 dorms.,52.87 m²,Modelo 2,"280,735",https://nexoinmobiliario.pe/proyecto/venta-de-departamento-3956-capital-la-victoria-lima-lima-pisonay-inmobiliaria
30/04/2028,41 a 136.23 m2 total,Departamentos,1 a 4 dormitorios,23 unidades disponibles,Pisos 3 al 27,1 dorms.,41.24 m²,Modelo 3,"226,682",https://nexoinmobiliario.pe/proyecto/venta-de-departamento-3956-capital-la-victoria-lima-lima-pisonay-inmobiliaria
30/04/2028,41 a 136.23 m2 total,Departamentos,1 a 4 dormitorios,22 unidades disponibles,Pisos 3 al 25,3 dorms.,78.50 m²,Modelo 4,"425,267",https://nexoinmobiliario.pe/proyecto/venta-de-departamento-3956-capital-la-victoria-lima-lima-pisonay-inmobiliaria
30/04/2028,41 a 136.23 m2 total,Departamentos,1 a 4 dormitorios,22 unidades disponibles,Pisos 3 al 25,3 dorms.,68.77 m²,Modelo 5,"359,066",https://nexoinmobiliario.pe/proyecto/venta-de-departamento-3956-capital-la-victoria-lima-lima-pisonay-inmobiliaria
30/04/2028,41 a 136.23 m2 total,Departamentos,1 a 4 dormitorios,24 unidades disponibles,Pisos 3 al 27,2 dorms.,53.54 m²,Modelo 6,"255,690",https://nexoinmobiliario.pe/proyecto/venta-de-departamento-3956-capital-la-victoria-lima-lima-pisonay-inmobiliaria
Entrega inmediata,51.71 a 57.85 m2 total,Departamentos,2 dormitorios,6 unidades disponibles,Pisos 5 al 11,2 dorms.,53.69 m²,Modelo T-6,"427,700",https://nexoinmobiliario.pe/proyecto/venta-de-departamento-1810-centric-dos-de-mayo-lince-lince-lima-lima-initalia
Entrega inmediata,51.71 a 57.85 m2 total,Departamentos,2 dormitorios,1 unidad disponible,Piso 17,2 dorms.,57.80 m²,Modelo T-1701,"499,600",https://nexoinmobiliario.pe/proyecto/venta-de-departamento-1810-centric-dos-de-mayo-lince-lince-lima-lima-initalia
Entrega inmediata,51.71 a 57.85 m2 total,Departamentos,2 dormitorios,1 unidad disponible,Piso 17,2 dorms.,57.85 m²,Modelo T-1703,"504,500",https://nexoinmobiliario.pe/proyecto/venta-de-departamento-1810-centric-dos-de-mayo-lince-lince-lima-lima-initalia
Entrega inmediata,51.71 a 57.85 m2 total,Departamentos,2 dormitorios,1 unidad disponible,Piso 17,2 dorms.,51.71 m²,Modelo T-1705,"447,100",https://nexoinmobiliario.pe/proyecto/venta-de-departamento-1810-centric-dos-de-mayo-lince-lince-lima-lima-initalia
Entrega inmediata,51.71 a 57.85 m2 total,Departamentos,2 dormitorios,1 unidad disponible,Piso 17,2 dorms.,51.71 m²,Modelo T-1706,"449,400",https://nexoinmobiliario.pe/proyecto/venta-de-departamento-1810-centric-dos-de-mayo-lince-lince-lima-lima-initalia
Entrega inmediata,51.71 a 57.85 m2 total,Departamentos,2 dormitorios,4 unidades disponibles,"Pisos 4, 5, 6, 7",2 dorms.,57.81 m²,Modelo T-3,"489,500",https://nexoinmobiliario.pe/proyecto/venta-de-departamento-1810-centric-dos-de-mayo-lince-lince-lima-lima-initalia
Entrega inmediata,57.27 a 65.29 m2 total,Departamentos,2 a 3 dormitorios,1 unidad disponible,Piso 16,3 dorms.,65.03 m²,Modelo X01,"560,000",https://nexoinmobiliario.pe/proyecto/venta-de-departamento-1991-esencial-lince-lima-lima-alerces-inmobiliaria
Entrega inmediata,57.27 a 65.29 m2 total,Departamentos,2 a 3 dormitorios,1 unidad disponible,Piso 18,2 dorms.,57.27 m²,Modelo X02,"519,000",https://nexoinmobiliario.pe/proyecto/venta-de-departamento-1991-esencial-lince-lima-lima-alerces-inmobiliaria
Entrega inmediata,57.27 a 65.29 m2 total,Departamentos,2 a 3 dormitorios,1 unidad disponible,Piso 15,2 dorms.,65.29 m²,Modelo X07,"556,000",https://nexoinmobiliario.pe/proyecto/venta-de-departamento-1991-esencial-lince-lima-lima-alerces-inmobiliaria
Entrega inmediata,55.25 a 129.26 m2 total,Departamentos,1 a 3 dormitorios,1 unidad disponible,Piso 1,2 dorms.,65.57 m²,Modelo TIPO F,"589,402",https://nexoinmobiliario.pe/proyecto/venta-de-departamento-2064-toscana-lince-lima-lima-toratto-grupo-inmobiliario
Entrega inmediata,55.25 a 129.26 m2 total,Departamentos,1 a 3 dormitorios,4 unidades disponibles,"Pisos 2, 3, 6, 7",3 dorms.,113.99 m²,Modelo TIPO K,"1,069,588",https://nexoinmobiliario.pe/proyecto/venta-de-departamento-2064-toscana-lince-lima-lima-toratto-grupo-inmobiliario
Entrega inmediata,55.25 a 129.26 m2 total,Departamentos,1 a 3 dormitorios,2 unidades disponibles,Pisos 5 y 7,3 dorms.,96.61 m²,Modelo TIPO L,"911,083",https://nexoinmobiliario.pe/proyecto/venta-de-departamento-2064-toscana-lince-lima-lima-toratto-grupo-inmobiliario
Entrega inmediata,55.25 a 129.26 m2 total,Departamentos,1 a 3 dormitorios,3 unidades disponibles,"Pisos 2, 3, 6",2 dorms.,62.57 m²,Modelo TIPO O,"534,974",https://nexoinmobiliario.pe/proyecto/venta-de-departamento-2064-toscana-lince-lima-lima-toratto-grupo-inmobiliario
Entrega inmediata,55.25 a 129.26 m2 total,Departamentos,1 a 3 dormitorios,4 unidades disponibles,"Pisos 2, 3, 6, 7",2 dorms.,62.57 m²,Modelo TIPO P,"564,974",https://nexoinmobiliario.pe/proyecto/venta-de-departamento-2064-toscana-lince-lima-lima-toratto-grupo-inmobiliario
Entrega inmediata,55.25 a 129.26 m2 total,Departamentos,1 a 3 dormitorios,2 unidades disponibles,Pisos 2 y 6,2 dorms.,55.32 m²,Modelo TIPO Q,"502,986",https://nexoinmobiliario.pe/proyecto/venta-de-departamento-2064-toscana-lince-lima-lima-toratto-grupo-inmobiliario
Entrega inmediata,63.04 a 147.16 m2 total,Departamentos,2 a 3 dormitorios,1 unidad disponible,Piso 2,2 dorms.,74.28 m²,Modelo TIPO F,"721,547",https://nexoinmobiliario.pe/proyecto/venta-de-departamento-2199-livorno-lince-lima-lima-toratto-grupo-inmobiliario
Entrega inmediata,63.04 a 147.16 m2 total,Departamentos,2 a 3 dormitorios,3 unidades disponibles,"Pisos 3, 4, 7",2 dorms.,74.28 m²,Modelo TIPO G,"721,547",https://nexoinmobiliario.pe/proyecto/venta-de-departamento-2199-livorno-lince-lima-lima-toratto-grupo-inmobiliario
Entrega inmediata,63.04 a 147.16 m2 total,Departamentos,2 a 3 dormitorios,2 unidades disponibles,Pisos 2 y 3,2 dorms.,63.04 m²,Modelo TIPO J,"538,992",https://nexoinmobiliario.pe/proyecto/venta-de-departamento-2199-livorno-lince-lima-lima-toratto-grupo-inmobiliario
Entrega inmediata,63.04 a 147.16 m2 total,Departamentos,2 a 3 dormitorios,1 unidad disponible,Piso 8,3 dorms.,147.16 m²,Modelo TIPO L,"1,043,926",https://nexoinmobiliario.pe/proyecto/venta-de-departamento-2199-livorno-lince-lima-lima-toratto-grupo-inmobiliario
Entrega inmediata,63.04 a 147.16 m2 total,Departamentos,2 a 3 dormitorios,1 unidad disponible,Piso 8,2 dorms.,76.79 m²,Modelo TIPO M,"637,578",https://nexoinmobiliario.pe/proyecto/venta-de-departamento-2199-livorno-lince-lima-lima-toratto-grupo-inmobiliario
Entrega inmediata,25.60 m2 total,Departamentos,1 dormitorios,1 unidad disponible,Piso 17,1 dorms.,25.60 m²,Modelo TIPO 11B,"211,850",https://nexoinmobiliario.pe/proyecto/venta-de-departamento-2334-vallejo-living-lince-lima-lima-grupo-t-c
Entrega inmediata,86.60 a 101.13 m2 total,Departamentos,3 dormitorios,2 unidades disponibles,Pisos 16 y 17,3 dorms.,86.60 m²,Modelo Tipo 2B,"229,490",https://nexoinmobiliario.pe/proyecto/venta-de-departamento-2351-liberty-one-lince-lima-lima-procity
Entrega inmediata,86.60 a 101.13 m2 total,Departamentos,3 dormitorios,4 unidades disponibles,"Pisos 6, 13, 15, 17",3 dorms.,96.46 m²,Modelo Tipo 1,"246,662",https://nexoinmobiliario.pe/proyecto/venta-de-departamento-2351-liberty-one-lince-lima-lima-procity
Entrega inmediata,86.60 a 101.13 m2 total,Departamentos,3 dormitorios,1 unidad disponible,Piso 20,3 dorms.,101.13 m²,Modelo 2001,"252,850",https://nexoinmobiliario.pe/proyecto/venta-de-departamento-2351-liberty-one-lince-lima-lima-procity
Entrega inmediata,86.60 a 101.13 m2 total,Departamentos,3 dormitorios,1 unidad disponible,Piso 20,3 dorms.,90.71 m²,Modelo 2004,"226,775",https://nexoinmobiliario.pe/proyecto/venta-de-departamento-2351-liberty-one-lince-lima-lima-procity
Entrega inmediata,63.78 a 126.46 m2 total,Departamentos,1 a 3 dormitorios,1 unidad disponible,Piso 2,2 dorms.,64.34 m²,Modelo TIPO O,"492,825",https://nexoinmobiliario.pe/proyecto/venta-de-departamento-2393-lombardia-lince-lima-lima-toratto-grupo-inmobiliario
Entrega inmediata,63.78 a 126.46 m2 total,Departamentos,1 a 3 dormitorios,1 unidad disponible,Piso 2,2 dorms.,64.65 m²,Modelo TIPO X,"484,490",https://nexoinmobiliario.pe/proyecto/venta-de-departamento-2393-lombardia-lince-lima-lima-toratto-grupo-inmobiliario
Entrega inmediata,63.78 a 126.46 m2 total,Departamentos,1 a 3 dormitorios,1 unidad disponible,Piso 2,2 dorms.,69.29 m²,Modelo TIPO Y,"493,839",https://nexoinmobiliario.pe/proyecto/venta-de-departamento-2393-lombardia-lince-lima-lima-toratto-grupo-inmobiliario
Entrega inmediata,63.78 a 126.46 m2 total,Departamentos,1 a 3 dormitorios,1 unidad disponible,Piso 10,3 dorms.,79.00 m²,Modelo TIPO A',"600,380",https://nexoinmobiliario.pe/proyecto/venta-de-departamento-2393-lombardia-lince-lima-lima-toratto-grupo-inmobiliario
Entrega inmediata,63.78 a 126.46 m2 total,Departamentos,1 a 3 dormitorios,4 unidades disponibles,"Pisos 6, 9, 10, 11",2 dorms.,64.13 m²,Modelo TIPO C',"493,019",https://nexoinmobiliario.pe/proyecto/venta-de-departamento-2393-lombardia-lince-lima-lima-toratto-grupo-inmobiliario
Entrega inmediata,63.78 a 126.46 m2 total,Departamentos,1 a 3 dormitorios,6 unidades disponibles,Pisos 3 al 11,2 dorms.,64.84 m²,Modelo TIPO D',"498,145",https://nexoinmobiliario.pe/proyecto/venta-de-departamento-2393-lombardia-lince-lima-lima-toratto-grupo-inmobiliario
Entrega inmediata,70.14 a 149.65 m2 total,Departamentos,3 dormitorios,1 unidad disponible,Piso 1,3 dorms.,82.20 m²,Modelo Piso 1 - 02,"543,060",https://nexoinmobiliario.pe/proyecto/venta-de-departamento-2624-villa-velarde-lince-lima-lima-grupo-caral
Entrega inmediata,70.14 a 149.65 m2 total,Departamentos,3 dormitorios,2 unidades disponibles,Pisos 12 y 13,3 dorms.,71.01 m²,Modelo X-03,"511,734",https://nexoinmobiliario.pe/proyecto/venta-de-departamento-2624-villa-velarde-lince-lima-lima-grupo-caral
Entrega inmediata,70.14 a 149.65 m2 total,Departamentos,3 dormitorios,3 unidades disponibles,"Pisos 9, 11, 13",3 dorms.,70.14 m²,Modelo X-04,"492,843",https://nexoinmobiliario.pe/proyecto/venta-de-departamento-2624-villa-velarde-lince-lima-lima-grupo-caral
Entrega inmediata,70.14 a 149.65 m2 total,Departamentos,3 dormitorios,1 unidad disponible,Piso 14,3 dorms.,77.38 m²,Modelo X-05,"582,084",https://nexoinmobiliario.pe/proyecto/venta-de-departamento-2624-villa-velarde-lince-lima-lima-grupo-caral
Entrega inmediata,70.14 a 149.65 m2 total,Departamentos,3 dormitorios,1 unidad disponible,Piso 13,3 dorms.,77.42 m²,Modelo X-08,"531,690",https://nexoinmobiliario.pe/proyecto/venta-de-departamento-2624-villa-velarde-lince-lima-lima-grupo-caral
Entrega inmediata,79.84 a 160.73 m2 total,Departamentos,3 dormitorios,1 unidad disponible,Piso 2,3 dorms.,80.09 m²,Modelo 201,"605,000",https://nexoinmobiliario.pe/proyecto/venta-de-departamento-2763-belisario-967-lince-lima-lima-grupo-sol
Entrega inmediata,79.84 a 160.73 m2 total,Departamentos,3 dormitorios,1 unidad disponible,Piso 3,3 dorms.,80.09 m²,Modelo 301,"605,000",https://nexoinmobiliario.pe/proyecto/venta-de-departamento-2763-belisario-967-lince-lima-lima-grupo-sol
Entrega inmediata,79.84 a 160.73 m2 total,Departamentos,3 dormitorios,1 unidad disponible,Piso 4,3 dorms.,80.09 m²,Modelo 401,"595,000",https://nexoinmobiliario.pe/proyecto/venta-de-departamento-2763-belisario-967-lince-lima-lima-grupo-sol
Entrega inmediata,79.84 a 160.73 m2 total,Departamentos,3 dormitorios,1 unidad disponible,Piso 2,3 dorms.,79.84 m²,Modelo 202,"615,000",https://nexoinmobiliario.pe/proyecto/venta-de-departamento-2763-belisario-967-lince-lima-lima-grupo-sol
Entrega inmediata,79.84 a 160.73 m2 total,Departamentos,3 dormitorios,1 unidad disponible,Piso 3,3 dorms.,79.84 m²,Modelo 302,"605,000",https://nexoinmobiliario.pe/proyecto/venta-de-departamento-2763-belisario-967-lince-lima-lima-grupo-sol
Entrega inmediata,79.84 a 160.73 m2 total,Departamentos,3 dormitorios,1 unidad disponible,Piso 12,3 dorms.,112.08 m²,Modelo 1203,"730,000",https://nexoinmobiliario.pe/proyecto/venta-de-departamento-2763-belisario-967-lince-lima-lima-grupo-sol
28/02/2026,40.64 a 69.14 m2 total,Departamentos,1 a 3 dormitorios,10 unidades disponibles,Pisos 7 al 17,3 dorms.,67.79 m²,Modelo TIPO 1,"520,000",https://nexoinmobiliario.pe/proyecto/venta-de-departamento-2815-tower-27-lince-lima-lima-triada
28/02/2026,40.64 a 69.14 m2 total,Departamentos,1 a 3 dormitorios,4 unidades disponibles,"Pisos 5, 7, 12, 14",3 dorms.,69.14 m²,Modelo TIPO 2,"560,000",https://nexoinmobiliario.pe/proyecto/venta-de-departamento-2815-tower-27-lince-lima-lima-triada
28/02/2026,40.64 a 69.14 m2 total,Departamentos,1 a 3 dormitorios,4 unidades disponibles,"Pisos 5, 6, 8, 14",1 dorms.,40.64 m²,Modelo TIPO 3,"333,000",https://nexoinmobiliario.pe/proyecto/venta-de-departamento-2815-tower-27-lince-lima-lima-triada
28/02/2026,40.64 a 69.14 m2 total,Departamentos,1 a 3 dormitorios,4 unidades disponibles,"Pisos 8, 11, 13, 15",2 dorms.,54.87 m²,Modelo TIPO 4,"440,000",https://nexoinmobiliario.pe/proyecto/venta-de-departamento-2815-tower-27-lince-lima-lima-triada
28/02/2026,49.39 a 95.72 m2 total,Departamentos,1 a 3 dormitorios,1 unidad disponible,Piso 4,3 dorms.,91.61 m²,Modelo T01,"900,600",https://nexoinmobiliario.pe/proyecto/venta-de-departamento-2955-parque-castilla-lince-lima-lima-efron-arquitectos
28/02/2026,49.39 a 95.72 m2 total,Departamentos,1 a 3 dormitorios,1 unidad disponible,Piso 13,2 dorms.,58.45 m²,Modelo T03,"560,500",https://nexoinmobiliario.pe/proyecto/venta-de-departamento-2955-parque-castilla-lince-lima-lima-efron-arquitectos
28/02/2026,49.39 a 95.72 m2 total,Departamentos,1 a 3 dormitorios,1 unidad disponible,Piso 11,1 dorms.,49.39 m²,Modelo T04,"422,750",https://nexoinmobiliario.pe/proyecto/venta-de-departamento-2955-parque-castilla-lince-lima-lima-efron-arquitectos
28/02/2026,49.39 a 95.72 m2 total,Departamentos,1 a 3 dormitorios,1 unidad disponible,Piso 16,2 dorms.,85.34 m²,Modelo X01,"679,250",https://nexoinmobiliario.pe/proyecto/venta-de-departamento-2955-parque-castilla-lince-lima-lima-efron-arquitectos
31/12/2026,35.53 a 119.26 m2 total,Departamentos,1 a 3 dormitorios,7 unidades disponibles,Pisos 2 al 12,1 dorms.,35.53 m²,Modelo TIPO 1,"291,000",https://nexoinmobiliario.pe/proyecto/venta-de-departamento-3009-checor-los-lirios-lince-lima-lima-checor-inmobiliaria
31/12/2026,35.53 a 119.26 m2 total,Departamentos,1 a 3 dormitorios,7 unidades disponibles,Pisos 3 al 16,2 dorms.,55.83 m²,Modelo TIPO 3,"401,000",https://nexoinmobiliario.pe/proyecto/venta-de-departamento-3009-checor-los-lirios-lince-lima-lima-checor-inmobiliaria
31/12/2026,35.53 a 119.26 m2 total,Departamentos,1 a 3 dormitorios,7 unidades disponibles,Pisos 2 al 10,2 dorms.,46.74 m²,Modelo TIPO 4,"354,000",https://nexoinmobiliario.pe/proyecto/venta-de-departamento-3009-checor-los-lirios-lince-lima-lima-checor-inmobiliaria
31/12/2026,35.53 a 119.26 m2 total,Departamentos,1 a 3 dormitorios,4 unidades disponibles,"Pisos 2, 3, 4, 5",2 dorms.,44.80 m²,Modelo TIPO 5,"342,000",https://nexoinmobiliario.pe/proyecto/venta-de-departamento-3009-checor-los-lirios-lince-lima-lima-checor-inmobiliaria
31/12/2026,35.53 a 119.26 m2 total,Departamentos,1 a 3 dormitorios,12 unidades disponibles,Pisos 3 al 15,2 dorms.,53.74 m²,Modelo TIPO 6,"369,000",https://nexoinmobiliario.pe/proyecto/venta-de-departamento-3009-checor-los-lirios-lince-lima-lima-checor-inmobiliaria
31/12/2026,35.53 a 119.26 m2 total,Departamentos,1 a 3 dormitorios,1 unidad disponible,Piso 16,2 dorms.,52.45 m²,Modelo 1606,"358,000",https://nexoinmobiliario.pe/proyecto/venta-de-departamento-3009-checor-los-lirios-lince-lima-lima-checor-inmobiliaria
Entrega inmediata,68.84 a 77 m2 total,Departamentos,2 a 3 dormitorios,3 unidades disponibles,"Pisos 7, 9, 10",3 dorms.,72.15 m²,Modelo TIPO T01,"569,925",https://nexoinmobiliario.pe/proyecto/venta-de-departamento-3045-residencial-casanova-lince-lima-lima-palace
Entrega inmediata,68.84 a 77 m2 total,Departamentos,2 a 3 dormitorios,1 unidad disponible,Piso 5,3 dorms.,68.84 m²,Modelo TIPO T02,"514,270",https://nexoinmobiliario.pe/proyecto/venta-de-departamento-3045-residencial-casanova-lince-lima-lima-palace
Entrega inmediata,68.84 a 77 m2 total,Departamentos,2 a 3 dormitorios,6 unidades disponibles,Pisos 4 al 9,3 dorms.,77.00 m²,Modelo TIPO T04,"596,650",https://nexoinmobiliario.pe/proyecto/venta-de-departamento-3045-residencial-casanova-lince-lima-lima-palace
Entrega inmediata,68.84 a 77 m2 total,Departamentos,2 a 3 dormitorios,4 unidades disponibles,"Pisos 2, 4, 5, 7",3 dorms.,73.63 m²,Modelo TIPO T05,"593,865",https://nexoinmobiliario.pe/proyecto/venta-de-departamento-3045-residencial-casanova-lince-lima-lima-palace
Entrega inmediata,68.84 a 77 m2 total,Departamentos,2 a 3 dormitorios,5 unidades disponibles,"Pisos 3, 4, 5, 8, 9",3 dorms.,77.00 m²,Modelo TIPO T06,"596,000",https://nexoinmobiliario.pe/proyecto/venta-de-departamento-3045-residencial-casanova-lince-lima-lima-palace
31/07/2026,56.91 a 68.45 m2 total,Departamentos,1 a 3 dormitorios,3 unidades disponibles,"Pisos 11, 13, 15",2 dorms.,56.91 m²,Modelo ORQ X01,"396,050",https://nexoinmobiliario.pe/proyecto/venta-de-departamento-3210-orquidea-lince-lima-lima-abril-grupo-inmobiliario
31/07/2026,56.91 a 68.45 m2 total,Departamentos,1 a 3 dormitorios,6 unidades disponibles,Pisos 9 al 15,3 dorms.,68.22 m²,Modelo ORQ X03,"469,462",https://nexoinmobiliario.pe/proyecto/venta-de-departamento-3210-orquidea-lince-lima-lima-abril-grupo-inmobiliario
Entrega inmediata,57.55 a 151.21 m2 total,Departamentos,1 a 3 dormitorios,2 unidades disponibles,Pisos 2 y 3,2 dorms.,57.55 m²,Modelo X03,"449,000",https://nexoinmobiliario.pe/proyecto/venta-de-departamento-3223-paseo-jazmines-lince-lima-lima-grupo-sol
Entrega inmediata,57.55 a 151.21 m2 total,Departamentos,1 a 3 dormitorios,1 unidad disponible,Piso 1,1 dorms.,87.71 m²,Modelo 101,"609,000",https://nexoinmobiliario.pe/proyecto/venta-de-departamento-3223-paseo-jazmines-lince-lima-lima-grupo-sol
31/12/2026,32.04 a 66.51 m2 total,Departamentos,1 a 3 dormitorios,3 unidades disponibles,"Pisos 13, 17, 19",2 dorms.,56.25 m²,Modelo X01,"548,653",https://nexoinmobiliario.pe/proyecto/venta-de-departamento-3326-masias-lince-lima-lima-ortiz-inmobiliaria
31/12/2026,32.04 a 66.51 m2 total,Departamentos,1 a 3 dormitorios,2 unidades disponibles,Pisos 4 y 9,1 dorms.,40.55 m²,Modelo X02,"525,431",https://nexoinmobiliario.pe/proyecto/venta-de-departamento-3326-masias-lince-lima-lima-ortiz-inmobiliaria
31/12/2026,32.04 a 66.51 m2 total,Departamentos,1 a 3 dormitorios,3 unidades disponibles,"Pisos 7, 16, 18",2 dorms.,66.51 m²,Modelo X03,"738,653",https://nexoinmobiliario.pe/proyecto/venta-de-departamento-3326-masias-lince-lima-lima-ortiz-inmobiliaria
31/12/2026,32.04 a 66.51 m2 total,Departamentos,1 a 3 dormitorios,3 unidades disponibles,"Pisos 8, 12, 18",2 dorms.,55.75 m²,Modelo X04,"548,653",https://nexoinmobiliario.pe/proyecto/venta-de-departamento-3326-masias-lince-lima-lima-ortiz-inmobiliaria
31/12/2026,32.04 a 66.51 m2 total,Departamentos,1 a 3 dormitorios,2 unidades disponibles,Pisos 8 y 19,2 dorms.,56.04 m²,Modelo X05,"548,653",https://nexoinmobiliario.pe/proyecto/venta-de-departamento-3326-masias-lince-lima-lima-ortiz-inmobiliaria
31/12/2026,32.04 a 66.51 m2 total,Departamentos,1 a 3 dormitorios,1 unidad disponible,Piso 8,1 dorms.,36.74 m²,Modelo X06,"421,986",https://nexoinmobiliario.pe/proyecto/venta-de-departamento-3326-masias-lince-lima-lima-ortiz-inmobiliaria
31/12/2026,26.69 a 67.91 m2 total,Departamentos,1 a 3 dormitorios,2 unidades disponibles,Pisos 3 y 4,3 dorms.,67.91 m²,Modelo Tipo 7 - 3 dorms,"448,000",https://nexoinmobiliario.pe/proyecto/venta-de-departamento-3363-slim-lince-lima-lima-grupo-tyc
31/12/2026,26.69 a 67.91 m2 total,Departamentos,1 a 3 dormitorios,13 unidades disponibles,Pisos 8 al 23,1 dorms.,51.37 m²,Modelo Tipo 8,"335,000",https://nexoinmobiliario.pe/proyecto/venta-de-departamento-3363-slim-lince-lima-lima-grupo-tyc
31/12/2026,26.69 a 67.91 m2 total,Departamentos,1 a 3 dormitorios,14 unidades disponibles,Pisos 5 al 23,2 dorms.,55.91 m²,Modelo Tipo 9,"348,000",https://nexoinmobiliario.pe/proyecto/venta-de-departamento-3363-slim-lince-lima-lima-grupo-tyc
31/12/2026,26.69 a 67.91 m2 total,Departamentos,1 a 3 dormitorios,6 unidades disponibles,Pisos 4 al 21,1 dorms.,44.21 m²,Modelo Tipo 10,"295,881",https://nexoinmobiliario.pe/proyecto/venta-de-departamento-3363-slim-lince-lima-lima-grupo-tyc
31/12/2026,26.69 a 67.91 m2 total,Departamentos,1 a 3 dormitorios,6 unidades disponibles,Pisos 6 al 13,1 dorms.,32.61 m²,Modelo Tipo 12,"293,000",https://nexoinmobiliario.pe/proyecto/venta-de-departamento-3363-slim-lince-lima-lima-grupo-tyc
31/12/2026,26.69 a 67.91 m2 total,Departamentos,1 a 3 dormitorios,16 unidades disponibles,Pisos 4 al 19,1 dorms.,29.05 m²,Modelo Tipo 1,"255,000",https://nexoinmobiliario.pe/proyecto/venta-de-departamento-3363-slim-lince-lima-lima-grupo-tyc
31/03/2026,46.87 a 144.84 m2 total,Departamentos,1 a 3 dormitorios,1 unidad disponible,Piso 2,1 dorms.,46.87 m²,Modelo 1A,"406,678",https://nexoinmobiliario.pe/proyecto/venta-de-departamento-3384-zentro-lince-lima-lima-central-inmobiliaria
31/03/2026,46.87 a 144.84 m2 total,Departamentos,1 a 3 dormitorios,1 unidad disponible,Piso 1,1 dorms.,61.96 m²,Modelo 1B,"490,044",https://nexoinmobiliario.pe/proyecto/venta-de-departamento-3384-zentro-lince-lima-lima-central-inmobiliaria
31/03/2026,46.87 a 144.84 m2 total,Departamentos,1 a 3 dormitorios,6 unidades disponibles,Pisos 6 al 14,3 dorms.,70.29 m²,Modelo 1,"533,996",https://nexoinmobiliario.pe/proyecto/venta-de-departamento-3384-zentro-lince-lima-lima-central-inmobiliaria
31/03/2026,46.87 a 144.84 m2 total,Departamentos,1 a 3 dormitorios,10 unidades disponibles,Pisos 2 al 13,3 dorms.,67.34 m²,Modelo 4,"487,171",https://nexoinmobiliario.pe/proyecto/venta-de-departamento-3384-zentro-lince-lima-lima-central-inmobiliaria
31/03/2026,46.87 a 144.84 m2 total,Departamentos,1 a 3 dormitorios,9 unidades disponibles,Pisos 3 al 14,3 dorms.,74.51 m²,Modelo 2,"564,854",https://nexoinmobiliario.pe/proyecto/venta-de-departamento-3384-zentro-lince-lima-lima-central-inmobiliaria
31/03/2026,46.87 a 144.84 m2 total,Departamentos,1 a 3 dormitorios,10 unidades disponibles,Pisos 2 al 15,2 dorms.,55.53 m²,Modelo 3,"415,651",https://nexoinmobiliario.pe/proyecto/venta-de-departamento-3384-zentro-lince-lima-lima-central-inmobiliaria
31/05/2027,37.93 a 66.73 m2 total,Departamentos,1 a 3 dormitorios,10 unidades disponibles,Pisos 2 al 20,3 dorms.,62.85 m²,Modelo TIPO 1 - SIN BALCÓN,"439,000",https://nexoinmobiliario.pe/proyecto/venta-de-departamento-3392-cross-lince-lima-lima-granadero-inmobiliaria
31/05/2027,37.93 a 66.73 m2 total,Departamentos,1 a 3 dormitorios,10 unidades disponibles,Pisos 2 al 21,2 dorms.,54.37 m²,Modelo TIPO 2 - SIN BALCÓN,"416,944",https://nexoinmobiliario.pe/proyecto/venta-de-departamento-3392-cross-lince-lima-lima-granadero-inmobiliaria
31/05/2027,37.93 a 66.73 m2 total,Departamentos,1 a 3 dormitorios,8 unidades disponibles,Pisos 4 al 20,3 dorms.,65.88 m²,Modelo TIPO 3 - SIN BALCÓN,"490,833",https://nexoinmobiliario.pe/proyecto/venta-de-departamento-3392-cross-lince-lima-lima-granadero-inmobiliaria
31/05/2027,37.93 a 66.73 m2 total,Departamentos,1 a 3 dormitorios,14 unidades disponibles,Pisos 3 al 20,2 dorms.,51.75 m²,Modelo TIPO 4,"401,111",https://nexoinmobiliario.pe/proyecto/venta-de-departamento-3392-cross-lince-lima-lima-granadero-inmobiliaria
31/05/2027,37.93 a 66.73 m2 total,Departamentos,1 a 3 dormitorios,12 unidades disponibles,Pisos 4 al 19,1 dorms.,37.93 m²,Modelo TIPO 5,"300,833",https://nexoinmobiliario.pe/proyecto/venta-de-departamento-3392-cross-lince-lima-lima-granadero-inmobiliaria
31/05/2027,37.93 a 66.73 m2 total,Departamentos,1 a 3 dormitorios,8 unidades disponibles,Pisos 3 al 19,3 dorms.,63.74 m²,Modelo TIPO 1 - CON BALCÓN,"482,389",https://nexoinmobiliario.pe/proyecto/venta-de-departamento-3392-cross-lince-lima-lima-granadero-inmobiliaria
31/12/2026,30.13 a 79.94 m2 total,Departamentos,1 a 3 dormitorios,1 unidad disponible,Piso 1,1 dorms.,56.53 m²,Modelo Tipo 1 P1,"461,772",https://nexoinmobiliario.pe/proyecto/venta-de-departamento-3429-viridian-lince-lima-lima-eureka
31/12/2026,30.13 a 79.94 m2 total,Departamentos,1 a 3 dormitorios,1 unidad disponible,Piso 1,1 dorms.,56.27 m²,Modelo Tipo 2 P1,"452,302",https://nexoinmobiliario.pe/proyecto/venta-de-departamento-3429-viridian-lince-lima-lima-eureka
31/12/2026,30.13 a 79.94 m2 total,Departamentos,1 a 3 dormitorios,1 unidad disponible,Piso 1,2 dorms.,79.94 m²,Modelo Tipo3 P1,"652,283",https://nexoinmobiliario.pe/proyecto/venta-de-departamento-3429-viridian-lince-lima-lima-eureka
31/12/2026,30.13 a 79.94 m2 total,Departamentos,1 a 3 dormitorios,7 unidades disponibles,Pisos 11 al 22,3 dorms.,69.21 m²,Modelo Tipo 1,"729,000",https://nexoinmobiliario.pe/proyecto/venta-de-departamento-3429-viridian-lince-lima-lima-eureka
31/12/2026,30.13 a 79.94 m2 total,Departamentos,1 a 3 dormitorios,14 unidades disponibles,Pisos 5 al 22,1 dorms.,30.13 m²,Modelo Tipo 2,"365,000",https://nexoinmobiliario.pe/proyecto/venta-de-departamento-3429-viridian-lince-lima-lima-eureka
31/12/2026,30.13 a 79.94 m2 total,Departamentos,1 a 3 dormitorios,14 unidades disponibles,Pisos 8 al 22,2 dorms.,55.68 m²,Modelo Tipo 3,"485,000",https://nexoinmobiliario.pe/proyecto/venta-de-departamento-3429-viridian-lince-lima-lima-eureka
31/07/2027,21.36 a 75.27 m2 total,Departamentos,1 a 2 dormitorios,20 unidades disponibles,Pisos 1 al 23,2 dorms.,56.62 m²,Modelo 9,"356,846",https://nexoinmobiliario.pe/proyecto/venta-de-departamento-3469-mural-lince-lince-lima-lima-grupo-t-c
31/07/2027,21.36 a 75.27 m2 total,Departamentos,1 a 2 dormitorios,5 unidades disponibles,"Pisos 1, 2, 3, 4, 6",1 dorms.,21.87 m²,Modelo 10,"205,540",https://nexoinmobiliario.pe/proyecto/venta-de-departamento-3469-mural-lince-lince-lima-lima-grupo-t-c
31/07/2027,21.36 a 75.27 m2 total,Departamentos,1 a 2 dormitorios,4 unidades disponibles,"Pisos 1, 2, 3, 4",1 dorms.,21.87 m²,Modelo 11,"206,246",https://nexoinmobiliario.pe/proyecto/venta-de-departamento-3469-mural-lince-lince-lima-lima-grupo-t-c
31/07/2027,21.36 a 75.27 m2 total,Departamentos,1 a 2 dormitorios,5 unidades disponibles,"Pisos 1, 2, 3, 4, 6",1 dorms.,21.90 m²,Modelo 12,"204,614",https://nexoinmobiliario.pe/proyecto/venta-de-departamento-3469-mural-lince-lince-lima-lima-grupo-t-c
31/07/2027,21.36 a 75.27 m2 total,Departamentos,1 a 2 dormitorios,8 unidades disponibles,Pisos 1 al 8,1 dorms.,48.49 m²,Modelo 13,"339,504",https://nexoinmobiliario.pe/proyecto/venta-de-departamento-3469-mural-lince-lince-lima-lima-grupo-t-c
31/07/2027,21.36 a 75.27 m2 total,Departamentos,1 a 2 dormitorios,1 unidad disponible,Piso 2,1 dorms.,27.52 m²,Modelo 16,"241,306",https://nexoinmobiliario.pe/proyecto/venta-de-departamento-3469-mural-lince-lince-lima-lima-grupo-t-c
29/02/2028,38.37 a 60.30 m2 total,Departamentos,1 a 2 dormitorios,9 unidades disponibles,Pisos 6 al 16,1 dorms.,38.37 m²,Modelo A7,"391,100",https://nexoinmobiliario.pe/proyecto/venta-de-departamento-3666-park-orquideas-lince-lima-lima-actual
29/02/2028,38.37 a 60.30 m2 total,Departamentos,1 a 2 dormitorios,11 unidades disponibles,Pisos 9 al 20,1 dorms.,39.00 m²,Modelo A1,"343,800",https://nexoinmobiliario.pe/proyecto/venta-de-departamento-3666-park-orquideas-lince-lima-lima-actual
29/02/2028,38.37 a 60.30 m2 total,Departamentos,1 a 2 dormitorios,11 unidades disponibles,Pisos 12 al 22,2 dorms.,47.53 m²,Modelo A2,"403,500",https://nexoinmobiliario.pe/proyecto/venta-de-departamento-3666-park-orquideas-lince-lima-lima-actual
29/02/2028,38.37 a 60.30 m2 total,Departamentos,1 a 2 dormitorios,3 unidades disponibles,"Pisos 13, 20, 22",2 dorms.,57.19 m²,Modelo A3,"545,500",https://nexoinmobiliario.pe/proyecto/venta-de-departamento-3666-park-orquideas-lince-lima-lima-actual
29/02/2028,38.37 a 60.30 m2 total,Departamentos,1 a 2 dormitorios,12 unidades disponibles,Pisos 3 al 22,1 dorms.,39.09 m²,Modelo A4,"382,500",https://nexoinmobiliario.pe/proyecto/venta-de-departamento-3666-park-orquideas-lince-lima-lima-actual
29/02/2028,38.37 a 60.30 m2 total,Departamentos,1 a 2 dormitorios,13 unidades disponibles,Pisos 4 al 22,1 dorms.,39.25 m²,Modelo A5,"384,000",https://nexoinmobiliario.pe/proyecto/venta-de-departamento-3666-park-orquideas-lince-lima-lima-actual
31/08/2026,48.18 a 143.33 m2 total,Departamentos,2 a 3 dormitorios,1 unidad disponible,Piso 1,3 dorms.,66.27 m²,Modelo DPTO 101,"489,000",https://nexoinmobiliario.pe/proyecto/venta-de-departamento-3677-beli-465-lince-lima-lima-grupo-sol
31/08/2026,48.18 a 143.33 m2 total,Departamentos,2 a 3 dormitorios,1 unidad disponible,Piso 1,2 dorms.,87.35 m²,Modelo DPTO 102,"624,000",https://nexoinmobiliario.pe/proyecto/venta-de-departamento-3677-beli-465-lince-lima-lima-grupo-sol
31/08/2026,48.18 a 143.33 m2 total,Departamentos,2 a 3 dormitorios,1 unidad disponible,Piso 1,3 dorms.,121.81 m²,Modelo DPTO 103,"829,000",https://nexoinmobiliario.pe/proyecto/venta-de-departamento-3677-beli-465-lince-lima-lima-grupo-sol
31/08/2026,48.18 a 143.33 m2 total,Departamentos,2 a 3 dormitorios,2 unidades disponibles,Pisos 2 y 4,3 dorms.,69.91 m²,Modelo TIPO X01B,"519,000",https://nexoinmobiliario.pe/proyecto/venta-de-departamento-3677-beli-465-lince-lima-lima-grupo-sol
31/08/2026,48.18 a 143.33 m2 total,Departamentos,2 a 3 dormitorios,2 unidades disponibles,Pisos 2 y 6,2 dorms.,48.18 m²,Modelo TIPO X02,"354,000",https://nexoinmobiliario.pe/proyecto/venta-de-departamento-3677-beli-465-lince-lima-lima-grupo-sol
31/08/2026,48.18 a 143.33 m2 total,Departamentos,2 a 3 dormitorios,2 unidades disponibles,Pisos 4 y 6,3 dorms.,70.93 m²,Modelo TIPO X03B,"510,000",https://nexoinmobiliario.pe/proyecto/venta-de-departamento-3677-beli-465-lince-lima-lima-grupo-sol
31/12/2027,40.75 a 105.50 m2 total,Departamentos,1 a 3 dormitorios,6 unidades disponibles,Pisos 3 al 10,3 dorms.,89.50 m²,Modelo DEPARTAMENTOS 401 AL 1001,"721,500",https://nexoinmobiliario.pe/proyecto/venta-de-departamento-3814-lumen-lince-lima-lima-urbalima
31/12/2027,40.75 a 105.50 m2 total,Departamentos,1 a 3 dormitorios,3 unidades disponibles,"Pisos 3, 5, 7",1 dorms.,41.25 m²,Modelo DEPARTAMENTO 702,"341,500",https://nexoinmobiliario.pe/proyecto/venta-de-departamento-3814-lumen-lince-lima-lima-urbalima
31/12/2027,40.75 a 105.50 m2 total,Departamentos,1 a 3 dormitorios,7 unidades disponibles,Pisos 3 al 9,2 dorms.,71.25 m²,Modelo DEPARTAMENTO 403 AL 903,"581,500",https://nexoinmobiliario.pe/proyecto/venta-de-departamento-3814-lumen-lince-lima-lima-urbalima
31/12/2027,40.75 a 105.50 m2 total,Departamentos,1 a 3 dormitorios,7 unidades disponibles,Pisos 3 al 9,1 dorms.,48.25 m²,Modelo DEPARTAMENTO 404 AL 1004,"396,500",https://nexoinmobiliario.pe/proyecto/venta-de-departamento-3814-lumen-lince-lima-lima-urbalima
31/12/2027,40.75 a 105.50 m2 total,Departamentos,1 a 3 dormitorios,7 unidades disponibles,Pisos 3 al 9,2 dorms.,71.25 m²,Modelo DEPARTAMENTO 405 AL 805,"581,500",https://nexoinmobiliario.pe/proyecto/venta-de-departamento-3814-lumen-lince-lima-lima-urbalima
31/12/2027,40.75 a 105.50 m2 total,Departamentos,1 a 3 dormitorios,8 unidades disponibles,Pisos 3 al 10,1 dorms.,41.25 m²,Modelo DEPARTAMENTO 506 AL 1006,"341,500",https://nexoinmobiliario.pe/proyecto/venta-de-departamento-3814-lumen-lince-lima-lima-urbalima
31/01/2028,26.46 a 80.04 m2 total,Departamentos,1 a 2 dormitorios,1 unidad disponible,Piso 2,1 dorms.,26.46 m²,Modelo TIPO X01,"218,000",https://nexoinmobiliario.pe/proyecto/venta-de-departamento-3823-nara-lince-lima-lima-alerces-inmobiliaria
31/01/2028,26.46 a 80.04 m2 total,Departamentos,1 a 2 dormitorios,13 unidades disponibles,Pisos 2 al 22,1 dorms.,40.10 m²,Modelo TIPO X02,"319,000",https://nexoinmobiliario.pe/proyecto/venta-de-departamento-3823-nara-lince-lima-lima-alerces-inmobiliaria
31/01/2028,26.46 a 80.04 m2 total,Departamentos,1 a 2 dormitorios,9 unidades disponibles,Pisos 2 al 20,1 dorms.,59.25 m²,Modelo TIPO X03,"426,000",https://nexoinmobiliario.pe/proyecto/venta-de-departamento-3823-nara-lince-lima-lima-alerces-inmobiliaria
31/01/2028,26.46 a 80.04 m2 total,Departamentos,1 a 2 dormitorios,5 unidades disponibles,"Pisos 15, 16, 17, 18, 19",1 dorms.,40.03 m²,Modelo TIPO X04,"295,000",https://nexoinmobiliario.pe/proyecto/venta-de-departamento-3823-nara-lince-lima-lima-alerces-inmobiliaria
31/01/2028,26.46 a 80.04 m2 total,Departamentos,1 a 2 dormitorios,8 unidades disponibles,Pisos 4 al 21,1 dorms.,40.01 m²,Modelo TIPO X05,"295,000",https://nexoinmobiliario.pe/proyecto/venta-de-departamento-3823-nara-lince-lima-lima-alerces-inmobiliaria
31/01/2028,26.46 a 80.04 m2 total,Departamentos,1 a 2 dormitorios,12 unidades disponibles,Pisos 3 al 21,1 dorms.,40.21 m²,Modelo TIPO X06,"297,000",https://nexoinmobiliario.pe/proyecto/venta-de-departamento-3823-nara-lince-lima-lima-alerces-inmobiliaria
31/10/2027,38.50 a 60 m2 total,Departamentos,1 a 2 dormitorios,16 unidades disponibles,Pisos 3 al 22,1 dorms.,58.75 m²,Modelo Tipo 1,"466,000",https://nexoinmobiliario.pe/proyecto/venta-de-departamento-3829-ciudaris-i-tuliv-lince-lima-lima-ciudaris
31/10/2027,38.50 a 60 m2 total,Departamentos,1 a 2 dormitorios,12 unidades disponibles,Pisos 3 al 22,1 dorms.,38.60 m²,Modelo Tipo 2,"366,000",https://nexoinmobiliario.pe/proyecto/venta-de-departamento-3829-ciudaris-i-tuliv-lince-lima-lima-ciudaris
31/10/2027,38.50 a 60 m2 total,Departamentos,1 a 2 dormitorios,14 unidades disponibles,Pisos 3 al 22,1 dorms.,41.45 m²,Modelo Tipo 4,"352,000",https://nexoinmobiliario.pe/proyecto/venta-de-departamento-3829-ciudaris-i-tuliv-lince-lima-lima-ciudaris
31/10/2027,38.50 a 60 m2 total,Departamentos,1 a 2 dormitorios,13 unidades disponibles,Pisos 3 al 23,1 dorms.,38.50 m²,Modelo Tipo 5,"334,000",https://nexoinmobiliario.pe/proyecto/venta-de-departamento-3829-ciudaris-i-tuliv-lince-lima-lima-ciudaris
31/10/2027,38.50 a 60 m2 total,Departamentos,1 a 2 dormitorios,13 unidades disponibles,Pisos 3 al 23,1 dorms.,57.05 m²,Modelo Tipo 6,"479,000",https://nexoinmobiliario.pe/proyecto/venta-de-departamento-3829-ciudaris-i-tuliv-lince-lima-lima-ciudaris
31/10/2027,38.50 a 60 m2 total,Departamentos,1 a 2 dormitorios,12 unidades disponibles,Pisos 3 al 22,2 dorms.,55.00 m²,Modelo Tipo 7,"466,000",https://nexoinmobiliario.pe/proyecto/venta-de-departamento-3829-ciudaris-i-tuliv-lince-lima-lima-ciudaris
06/06/2027,55.61 a 169.40 m2 total,Departamentos,2 a 4 dormitorios,1 unidad disponible,Piso 1,3 dorms.,55.61 m²,Modelo 101,"390,000",https://nexoinmobiliario.pe/proyecto/venta-de-departamento-3838-venecia-lince-lima-lima-maxx-grupo-inmobiliario
06/06/2027,55.61 a 169.40 m2 total,Departamentos,2 a 4 dormitorios,1 unidad disponible,Piso 1,3 dorms.,95.00 m²,Modelo 102,"575,000",https://nexoinmobiliario.pe/proyecto/venta-de-departamento-3838-venecia-lince-lima-lima-maxx-grupo-inmobiliario
06/06/2027,55.61 a 169.40 m2 total,Departamentos,2 a 4 dormitorios,1 unidad disponible,Piso 1,2 dorms.,88.57 m²,Modelo 103,"506,000",https://nexoinmobiliario.pe/proyecto/venta-de-departamento-3838-venecia-lince-lima-lima-maxx-grupo-inmobiliario
06/06/2027,55.61 a 169.40 m2 total,Departamentos,2 a 4 dormitorios,1 unidad disponible,Piso 1,3 dorms.,82.60 m²,Modelo 105,"477,000",https://nexoinmobiliario.pe/proyecto/venta-de-departamento-3838-venecia-lince-lima-lima-maxx-grupo-inmobiliario
06/06/2027,55.61 a 169.40 m2 total,Departamentos,2 a 4 dormitorios,6 unidades disponibles,Pisos 2 al 9,3 dorms.,78.00 m²,Modelo TIPO 1,"546,000",https://nexoinmobiliario.pe/proyecto/venta-de-departamento-3838-venecia-lince-lima-lima-maxx-grupo-inmobiliario
06/06/2027,55.61 a 169.40 m2 total,Departamentos,2 a 4 dormitorios,5 unidades disponibles,"Pisos 4, 5, 7, 8, 9",2 dorms.,83.42 m²,Modelo TIPO 2,"585,000",https://nexoinmobiliario.pe/proyecto/venta-de-departamento-3838-venecia-lince-lima-lima-maxx-grupo-inmobiliario
31/12/2026,36.43 a 110 m2 total,Departamentos,1 a 3 dormitorios,3 unidades disponibles,"Pisos 1, 8, 10",3 dorms.,73.53 m²,Modelo 4,"598,000",https://nexoinmobiliario.pe/proyecto/venta-de-departamento-3860-maio-lince-lima-lima-real-inmobiliaria
31/12/2026,36.43 a 110 m2 total,Departamentos,1 a 3 dormitorios,4 unidades disponibles,"Pisos 5, 6, 9, 10",2 dorms.,45.53 m²,Modelo 1,"329,000",https://nexoinmobiliario.pe/proyecto/venta-de-departamento-3860-maio-lince-lima-lima-real-inmobiliaria
31/12/2026,36.43 a 110 m2 total,Departamentos,1 a 3 dormitorios,5 unidades disponibles,"Pisos 3, 4, 8, 9, 10",2 dorms.,64.91 m²,Modelo 5,"488,000",https://nexoinmobiliario.pe/proyecto/venta-de-departamento-3860-maio-lince-lima-lima-real-inmobiliaria
31/12/2026,36.43 a 110 m2 total,Departamentos,1 a 3 dormitorios,9 unidades disponibles,Pisos 1 al 10,2 dorms.,50.75 m²,Modelo 2,"378,000",https://nexoinmobiliario.pe/proyecto/venta-de-departamento-3860-maio-lince-lima-lima-real-inmobiliaria
31/12/2026,36.43 a 110 m2 total,Departamentos,1 a 3 dormitorios,8 unidades disponibles,Pisos 1 al 10,1 dorms.,36.43 m²,Modelo 3,"262,000",https://nexoinmobiliario.pe/proyecto/venta-de-departamento-3860-maio-lince-lima-lima-real-inmobiliaria
31/12/2026,36.43 a 110 m2 total,Departamentos,1 a 3 dormitorios,1 unidad disponible,Piso 1,3 dorms.,110.00 m²,Modelo S01,"587,000",https://nexoinmobiliario.pe/proyecto/venta-de-departamento-3860-maio-lince-lima-lima-real-inmobiliaria
30/09/2027,36.50 a 69.92 m2 total,Departamentos,1 a 3 dormitorios,5 unidades disponibles,"Pisos 9, 12, 15, 18, 21",3 dorms.,69.92 m²,Modelo Tipo 1,"715,232",https://nexoinmobiliario.pe/proyecto/venta-de-departamento-3866-bloom-lince-lima-lima-edifica
30/09/2027,36.50 a 69.92 m2 total,Departamentos,1 a 3 dormitorios,2 unidades disponibles,Pisos 18 y 21,3 dorms.,69.60 m²,Modelo Tipo 2,"735,633",https://nexoinmobiliario.pe/proyecto/venta-de-departamento-3866-bloom-lince-lima-lima-edifica
30/09/2027,36.50 a 69.92 m2 total,Departamentos,1 a 3 dormitorios,1 unidad disponible,Piso 21,2 dorms.,60.15 m²,Modelo Tipo 3B,"611,170",https://nexoinmobiliario.pe/proyecto/venta-de-departamento-3866-bloom-lince-lima-lima-edifica
30/09/2027,36.50 a 69.92 m2 total,Departamentos,1 a 3 dormitorios,6 unidades disponibles,Pisos 3 al 18,2 dorms.,55.56 m²,Modelo Tipo 4,"531,683",https://nexoinmobiliario.pe/proyecto/venta-de-departamento-3866-bloom-lince-lima-lima-edifica
30/09/2027,36.50 a 69.92 m2 total,Departamentos,1 a 3 dormitorios,5 unidades disponibles,"Pisos 6, 9, 12, 18, 21",1 dorms.,40.39 m²,Modelo Tipo 5,"405,051",https://nexoinmobiliario.pe/proyecto/venta-de-departamento-3866-bloom-lince-lima-lima-edifica
30/09/2027,36.50 a 69.92 m2 total,Departamentos,1 a 3 dormitorios,6 unidades disponibles,Pisos 6 al 21,1 dorms.,40.28 m²,Modelo Tipo 6,"396,613",https://nexoinmobiliario.pe/proyecto/venta-de-departamento-3866-bloom-lince-lima-lima-edifica
30/11/2026,41.58 a 150.15 m2 total,Departamentos,1 a 3 dormitorios,6 unidades disponibles,Pisos 3 al 8,2 dorms.,62.90 m²,Modelo Tipo 02,"436,000",https://nexoinmobiliario.pe/proyecto/venta-de-departamento-3919-hub-lince-lima-lima-gratia-constructora
30/11/2026,41.58 a 150.15 m2 total,Departamentos,1 a 3 dormitorios,1 unidad disponible,Piso 2,3 dorms.,97.77 m²,Modelo Tipo 04,"575,000",https://nexoinmobiliario.pe/proyecto/venta-de-departamento-3919-hub-lince-lima-lima-gratia-constructora
30/11/2026,41.58 a 150.15 m2 total,Departamentos,1 a 3 dormitorios,1 unidad disponible,Piso 2,1 dorms.,57.47 m²,Modelo Tipo 05,"358,000",https://nexoinmobiliario.pe/proyecto/venta-de-departamento-3919-hub-lince-lima-lima-gratia-constructora
30/11/2026,41.58 a 150.15 m2 total,Departamentos,1 a 3 dormitorios,5 unidades disponibles,"Pisos 3, 4, 5, 6, 7",3 dorms.,75.49 m²,Modelo Tipo 03,"529,000",https://nexoinmobiliario.pe/proyecto/venta-de-departamento-3919-hub-lince-lima-lima-gratia-constructora
30/11/2026,41.58 a 150.15 m2 total,Departamentos,1 a 3 dormitorios,6 unidades disponibles,Pisos 3 al 8,1 dorms.,41.58 m²,Modelo Tipo 01,"292,000",https://nexoinmobiliario.pe/proyecto/venta-de-departamento-3919-hub-lince-lima-lima-gratia-constructora
30/09/2027,33.72 a 66.83 m2 total,Departamentos,1 a 2 dormitorios,1 unidad disponible,Piso 4,1 dorms.,34.97 m²,Modelo X04,"269,777",https://nexoinmobiliario.pe/proyecto/venta-de-departamento-3945-vizuale-3-lince-lima-lima-ortiz-inmobiliaria
30/09/2027,33.72 a 66.83 m2 total,Departamentos,1 a 2 dormitorios,22 unidades disponibles,Pisos 1 al 22,1 dorms.,33.72 m²,Modelo X05,"377,777",https://nexoinmobiliario.pe/proyecto/venta-de-departamento-3945-vizuale-3-lince-lima-lima-ortiz-inmobiliaria
30/09/2027,33.72 a 66.83 m2 total,Departamentos,1 a 2 dormitorios,22 unidades disponibles,Pisos 1 al 22,1 dorms.,46.49 m²,Modelo X06,"499,777",https://nexoinmobiliario.pe/proyecto/venta-de-departamento-3945-vizuale-3-lince-lima-lima-ortiz-inmobiliaria
30/09/2027,33.72 a 66.83 m2 total,Departamentos,1 a 2 dormitorios,20 unidades disponibles,Pisos 2 al 21,2 dorms.,64.72 m²,Modelo X01,"599,777",https://nexoinmobiliario.pe/proyecto/venta-de-departamento-3945-vizuale-3-lince-lima-lima-ortiz-inmobiliaria
31/10/2028,41.21 a 146.36 m2 total,Departamentos,1 a 3 dormitorios,1 unidad disponible,Piso 1,2 dorms.,57.73 m²,Modelo TIPO X1,"461,187",https://nexoinmobiliario.pe/proyecto/venta-de-departamento-3979-t23-lince-lima-lima-triada
31/10/2028,41.21 a 146.36 m2 total,Departamentos,1 a 3 dormitorios,1 unidad disponible,Piso 1,2 dorms.,59.49 m²,Modelo TIPO X2,"475,047",https://nexoinmobiliario.pe/proyecto/venta-de-departamento-3979-t23-lince-lima-lima-triada
31/10/2028,41.21 a 146.36 m2 total,Departamentos,1 a 3 dormitorios,15 unidades disponibles,Pisos 2 al 16,1 dorms.,41.21 m²,Modelo TIPO 1,"317,570",https://nexoinmobiliario.pe/proyecto/venta-de-departamento-3979-t23-lince-lima-lima-triada
31/10/2028,41.21 a 146.36 m2 total,Departamentos,1 a 3 dormitorios,15 unidades disponibles,Pisos 2 al 16,2 dorms.,58.47 m²,Modelo TIPO 2,"451,666",https://nexoinmobiliario.pe/proyecto/venta-de-departamento-3979-t23-lince-lima-lima-triada
31/10/2028,41.21 a 146.36 m2 total,Departamentos,1 a 3 dormitorios,15 unidades disponibles,Pisos 2 al 16,3 dorms.,73.18 m²,Modelo TIPO 3,"568,448",https://nexoinmobiliario.pe/proyecto/venta-de-departamento-3979-t23-lince-lima-lima-triada
31/10/2028,41.21 a 146.36 m2 total,Departamentos,1 a 3 dormitorios,16 unidades disponibles,Pisos 2 al 17,2 dorms.,57.04 m²,Modelo TIPO 4,"414,577",https://nexoinmobiliario.pe/proyecto/venta-de-departamento-3979-t23-lince-lima-lima-triada
Entrega inmediata,75.67 a 85.12 m2 total,Departamentos,3 dormitorios,2 unidades disponibles,Pisos 4 y 8,3 dorms.,75.78 m²,Modelo X01,"401,500",https://nexoinmobiliario.pe/proyecto/venta-de-departamento-2426-gran-olivo-etapa-1-los-olivos-lima-lima-lider
Entrega inmediata,75.67 a 85.12 m2 total,Departamentos,3 dormitorios,1 unidad disponible,Piso 4,3 dorms.,85.12 m²,Modelo X03,"450,400",https://nexoinmobiliario.pe/proyecto/venta-de-departamento-2426-gran-olivo-etapa-1-los-olivos-lima-lima-lider
Entrega inmediata,75.67 a 85.12 m2 total,Departamentos,3 dormitorios,7 unidades disponibles,Pisos 3 al 10,3 dorms.,78.10 m²,Modelo X04,"391,100",https://nexoinmobiliario.pe/proyecto/venta-de-departamento-2426-gran-olivo-etapa-1-los-olivos-lima-lima-lider
Entrega inmediata,75.67 a 85.12 m2 total,Departamentos,3 dormitorios,3 unidades disponibles,"Pisos 8, 10, 11",3 dorms.,75.67 m²,Modelo X09,"400,200",https://nexoinmobiliario.pe/proyecto/venta-de-departamento-2426-gran-olivo-etapa-1-los-olivos-lima-lima-lider
30/06/2026,60.84 a 99.48 m2 total,Departamentos,1 a 4 dormitorios,11 unidades disponibles,Pisos 2 al 13,2 dorms.,64.29 m²,Modelo X01,"324,900",https://nexoinmobiliario.pe/proyecto/venta-de-departamento-3245-gran-olivo-etapa-2-los-olivos-lima-lima-lider
30/06/2026,60.84 a 99.48 m2 total,Departamentos,1 a 4 dormitorios,11 unidades disponibles,Pisos 2 al 13,3 dorms.,77.58 m²,Modelo X02,"383,600",https://nexoinmobiliario.pe/proyecto/venta-de-departamento-3245-gran-olivo-etapa-2-los-olivos-lima-lima-lider
30/06/2026,60.84 a 99.48 m2 total,Departamentos,1 a 4 dormitorios,9 unidades disponibles,Pisos 2 al 20,3 dorms.,72.72 m²,Modelo X03,"342,100",https://nexoinmobiliario.pe/proyecto/venta-de-departamento-3245-gran-olivo-etapa-2-los-olivos-lima-lima-lider
30/06/2026,60.84 a 99.48 m2 total,Departamentos,1 a 4 dormitorios,16 unidades disponibles,Pisos 1 al 20,1 dorms.,63.24 m²,Modelo X04,"338,900",https://nexoinmobiliario.pe/proyecto/venta-de-departamento-3245-gran-olivo-etapa-2-los-olivos-lima-lima-lider
30/06/2026,60.84 a 99.48 m2 total,Departamentos,1 a 4 dormitorios,9 unidades disponibles,Pisos 5 al 20,3 dorms.,73.33 m²,Modelo X05,"349,200",https://nexoinmobiliario.pe/proyecto/venta-de-departamento-3245-gran-olivo-etapa-2-los-olivos-lima-lima-lider
30/06/2026,60.84 a 99.48 m2 total,Departamentos,1 a 4 dormitorios,8 unidades disponibles,Pisos 3 al 20,3 dorms.,74.09 m²,Modelo X06,"349,900",https://nexoinmobiliario.pe/proyecto/venta-de-departamento-3245-gran-olivo-etapa-2-los-olivos-lima-lima-lider
30/11/2026,54.72 a 112.41 m2 total,Departamentos,3 dormitorios,61 unidades disponibles,"Pisos 1, 3, 4, 5",3 dorms.,54.85 m²,Modelo TIPO 1,"82,473",https://nexoinmobiliario.pe/proyecto/venta-de-departamento-4022-valles-de-lurin-2-lurin-lima-lima-enacorp
30/11/2026,54.72 a 112.41 m2 total,Departamentos,3 dormitorios,102 unidades disponibles,"Pisos 1, 2, 3, 4, 5",3 dorms.,54.72 m²,Modelo TIPO 2,"82,473",https://nexoinmobiliario.pe/proyecto/venta-de-departamento-4022-valles-de-lurin-2-lurin-lima-lima-enacorp
Entrega inmediata,73 a 166.50 m2 total,Departamentos,3 dormitorios,2 unidades disponibles,Pisos 18 y 19,3 dorms.,80.00 m²,Modelo A1,"493,000",https://nexoinmobiliario.pe/proyecto/venta-de-departamento-1415-vista-brasil-magdalena-del-mar-lima-lima-grupo-mg
Entrega inmediata,73 a 166.50 m2 total,Departamentos,3 dormitorios,1 unidad disponible,Piso 20,3 dorms.,81.00 m²,Modelo A2,"499,000",https://nexoinmobiliario.pe/proyecto/venta-de-departamento-1415-vista-brasil-magdalena-del-mar-lima-lima-grupo-mg
Entrega inmediata,73 a 166.50 m2 total,Departamentos,3 dormitorios,4 unidades disponibles,"Pisos 2, 4, 6, 7",3 dorms.,73.00 m²,Modelo A3,"436,400",https://nexoinmobiliario.pe/proyecto/venta-de-departamento-1415-vista-brasil-magdalena-del-mar-lima-lima-grupo-mg
Entrega inmediata,73 a 166.50 m2 total,Departamentos,3 dormitorios,1 unidad disponible,Piso 3,3 dorms.,77.30 m²,Modelo B1,"484,530",https://nexoinmobiliario.pe/proyecto/venta-de-departamento-1415-vista-brasil-magdalena-del-mar-lima-lima-grupo-mg
Entrega inmediata,73 a 166.50 m2 total,Departamentos,3 dormitorios,3 unidades disponibles,"Pisos 5, 6, 8",3 dorms.,74.00 m²,Modelo B4,"464,400",https://nexoinmobiliario.pe/proyecto/venta-de-departamento-1415-vista-brasil-magdalena-del-mar-lima-lima-grupo-mg
Entrega inmediata,82.88 a 103.21 m2 total,Departamentos,3 dormitorios,1 unidad disponible,Piso 6,3 dorms.,102.90 m²,Modelo 1A,"867,000",https://nexoinmobiliario.pe/proyecto/venta-de-departamento-1654-aliaga-garden-magdalena-del-mar-lima-lima-evergran-grupo-inmobiliario
Entrega inmediata,82.88 a 103.21 m2 total,Departamentos,3 dormitorios,2 unidades disponibles,Pisos 14 y 17,3 dorms.,90.79 m²,Modelo 3A,"781,000",https://nexoinmobiliario.pe/proyecto/venta-de-departamento-1654-aliaga-garden-magdalena-del-mar-lima-lima-evergran-grupo-inmobiliario
Entrega inmediata,82.88 a 103.21 m2 total,Departamentos,3 dormitorios,10 unidades disponibles,Pisos 7 al 18,3 dorms.,102.68 m²,Modelo 4A,"860,000",https://nexoinmobiliario.pe/proyecto/venta-de-departamento-1654-aliaga-garden-magdalena-del-mar-lima-lima-evergran-grupo-inmobiliario
Entrega inmediata,82.88 a 103.21 m2 total,Departamentos,3 dormitorios,1 unidad disponible,Piso 18,3 dorms.,82.88 m²,Modelo 5A,"705,000",https://nexoinmobiliario.pe/proyecto/venta-de-departamento-1654-aliaga-garden-magdalena-del-mar-lima-lima-evergran-grupo-inmobiliario
Entrega inmediata,82.88 a 103.21 m2 total,Departamentos,3 dormitorios,2 unidades disponibles,Pisos 13 y 17,3 dorms.,90.65 m²,Modelo 6A - Piso Impar,"785,000",https://nexoinmobiliario.pe/proyecto/venta-de-departamento-1654-aliaga-garden-magdalena-del-mar-lima-lima-evergran-grupo-inmobiliario
Entrega inmediata,82.88 a 103.21 m2 total,Departamentos,3 dormitorios,1 unidad disponible,Piso 16,3 dorms.,83.26 m²,Modelo 9A,"707,998",https://nexoinmobiliario.pe/proyecto/venta-de-departamento-1654-aliaga-garden-magdalena-del-mar-lima-lima-evergran-grupo-inmobiliario
Entrega inmediata,52.79 a 127.93 m2 total,Departamentos,2 a 3 dormitorios,1 unidad disponible,Piso 13,2 dorms.,52.79 m²,Modelo TIPO 7,"429,837",https://nexoinmobiliario.pe/proyecto/venta-de-departamento-1914-nius-magdalena-del-mar-lima-lima-grupo-t-c
Entrega inmediata,52.79 a 127.93 m2 total,Departamentos,2 a 3 dormitorios,2 unidades disponibles,Pisos 9 y 25,2 dorms.,59.90 m²,Modelo TIPO 3,"480,778",https://nexoinmobiliario.pe/proyecto/venta-de-departamento-1914-nius-magdalena-del-mar-lima-lima-grupo-t-c
Entrega inmediata,52.79 a 127.93 m2 total,Departamentos,2 a 3 dormitorios,3 unidades disponibles,"Pisos 23, 24, 26",3 dorms.,103.38 m²,Modelo TIPO 1 B,"778,960",https://nexoinmobiliario.pe/proyecto/venta-de-departamento-1914-nius-magdalena-del-mar-lima-lima-grupo-t-c
Entrega inmediata,52.79 a 127.93 m2 total,Departamentos,2 a 3 dormitorios,1 unidad disponible,Piso 2,3 dorms.,115.55 m²,Modelo 201,"820,896",https://nexoinmobiliario.pe/proyecto/venta-de-departamento-1914-nius-magdalena-del-mar-lima-lima-grupo-t-c
Entrega inmediata,71.64 a 84.72 m2 total,Departamentos,3 dormitorios,2 unidades disponibles,Pisos 13 y 18,3 dorms.,84.16 m²,Modelo TIPO 1,"610,034",https://nexoinmobiliario.pe/proyecto/venta-de-departamento-1949-brasil-3395-magdalena-del-mar-lima-lima-evergran-grupo-inmobiliario
Entrega inmediata,71.64 a 84.72 m2 total,Departamentos,3 dormitorios,3 unidades disponibles,"Pisos 9, 18, 20",3 dorms.,78.64 m²,Modelo TIPO 3,"548,000",https://nexoinmobiliario.pe/proyecto/venta-de-departamento-1949-brasil-3395-magdalena-del-mar-lima-lima-evergran-grupo-inmobiliario
Entrega inmediata,71.64 a 84.72 m2 total,Departamentos,3 dormitorios,3 unidades disponibles,"Pisos 3, 12, 15",3 dorms.,71.64 m²,Modelo TIPO 5,"480,000",https://nexoinmobiliario.pe/proyecto/venta-de-departamento-1949-brasil-3395-magdalena-del-mar-lima-lima-evergran-grupo-inmobiliario
Entrega inmediata,58.94 a 75.24 m2 total,Departamentos,1 a 3 dormitorios,1 unidad disponible,Piso 15,3 dorms.,75.24 m²,Modelo 1A-T1,"475,000",https://nexoinmobiliario.pe/proyecto/venta-de-departamento-1977-maddy-magdalena-del-mar-lima-lima-icasa-inmobiliaria
Entrega inmediata,58.94 a 75.24 m2 total,Departamentos,1 a 3 dormitorios,1 unidad disponible,Piso 15,3 dorms.,71.22 m²,Modelo 3B-T1,"455,000",https://nexoinmobiliario.pe/proyecto/venta-de-departamento-1977-maddy-magdalena-del-mar-lima-lima-icasa-inmobiliaria
Entrega inmediata,58.94 a 75.24 m2 total,Departamentos,1 a 3 dormitorios,1 unidad disponible,Piso 1,1 dorms.,58.94 m²,Modelo 4A-T2,"370,000",https://nexoinmobiliario.pe/proyecto/venta-de-departamento-1977-maddy-magdalena-del-mar-lima-lima-icasa-inmobiliaria
Entrega inmediata,58.94 a 75.24 m2 total,Departamentos,1 a 3 dormitorios,3 unidades disponibles,"Pisos 3, 4, 5",1 dorms.,59.80 m²,Modelo 4B-T2,"370,000",https://nexoinmobiliario.pe/proyecto/venta-de-departamento-1977-maddy-magdalena-del-mar-lima-lima-icasa-inmobiliaria
Entrega inmediata,41.47 a 140.94 m2 total,Departamentos,1 a 3 dormitorios,1 unidad disponible,Piso 22,2 dorms.,57.35 m²,Modelo 6,"501,700",https://nexoinmobiliario.pe/proyecto/venta-de-departamento-2056-invent-juan-de-aliaga-magdalena-del-mar-lima-lima-invent
Entrega inmediata,41.47 a 140.94 m2 total,Departamentos,1 a 3 dormitorios,5 unidades disponibles,"Pisos 4, 5, 11, 12, 18",1 dorms.,41.47 m²,Modelo 4,"365,200",https://nexoinmobiliario.pe/proyecto/venta-de-departamento-2056-invent-juan-de-aliaga-magdalena-del-mar-lima-lima-invent
Entrega inmediata,41.47 a 140.94 m2 total,Departamentos,1 a 3 dormitorios,2 unidades disponibles,Pisos 20 y 21,3 dorms.,80.29 m²,Modelo 2-II,"718,900",https://nexoinmobiliario.pe/proyecto/venta-de-departamento-2056-invent-juan-de-aliaga-magdalena-del-mar-lima-lima-invent
Entrega inmediata,41.47 a 140.94 m2 total,Departamentos,1 a 3 dormitorios,1 unidad disponible,Piso 21,3 dorms.,82.75 m²,Modelo 1-I,"738,100",https://nexoinmobiliario.pe/proyecto/venta-de-departamento-2056-invent-juan-de-aliaga-magdalena-del-mar-lima-lima-invent
Entrega inmediata,41.47 a 140.94 m2 total,Departamentos,1 a 3 dormitorios,1 unidad disponible,Piso 19,3 dorms.,80.10 m²,Modelo 2-III,"717,100",https://nexoinmobiliario.pe/proyecto/venta-de-departamento-2056-invent-juan-de-aliaga-magdalena-del-mar-lima-lima-invent
Entrega inmediata,41.47 a 140.94 m2 total,Departamentos,1 a 3 dormitorios,1 unidad disponible,Piso 18,3 dorms.,93.24 m²,Modelo 7-V,"760,800",https://nexoinmobiliario.pe/proyecto/venta-de-departamento-2056-invent-juan-de-aliaga-magdalena-del-mar-lima-lima-invent
Entrega inmediata,59.55 a 85.17 m2 total,Departamentos,2 a 3 dormitorios,5 unidades disponibles,"Pisos 1, 3, 11, 12, 13",3 dorms.,85.17 m²,Modelo 3D -03,"575,157",https://nexoinmobiliario.pe/proyecto/venta-de-departamento-2306-villa-convivium-2-magdalena-del-mar-lima-lima-grupo-caral
Entrega inmediata,59.55 a 85.17 m2 total,Departamentos,2 a 3 dormitorios,6 unidades disponibles,Pisos 2 al 13,3 dorms.,77.54 m²,Modelo 3D - 02,"531,817",https://nexoinmobiliario.pe/proyecto/venta-de-departamento-2306-villa-convivium-2-magdalena-del-mar-lima-lima-grupo-caral
Entrega inmediata,59.55 a 85.17 m2 total,Departamentos,2 a 3 dormitorios,2 unidades disponibles,Pisos 2 y 10,2 dorms.,59.55 m²,Modelo 2D - 16,"440,712",https://nexoinmobiliario.pe/proyecto/venta-de-departamento-2306-villa-convivium-2-magdalena-del-mar-lima-lima-grupo-caral
30/12/2025,38.20 a 172.97 m2 total,Departamentos,1 a 3 dormitorios,2 unidades disponibles,Pisos 6 y 9,3 dorms.,86.91 m²,Modelo 3B,"769,500",https://nexoinmobiliario.pe/proyecto/venta-de-departamento-2476-eco-style-magdalena-del-mar-lima-lima-fundamenta
30/12/2025,38.20 a 172.97 m2 total,Departamentos,1 a 3 dormitorios,3 unidades disponibles,"Pisos 7, 8, 9",2 dorms.,70.84 m²,Modelo 6B,"631,025",https://nexoinmobiliario.pe/proyecto/venta-de-departamento-2476-eco-style-magdalena-del-mar-lima-lima-fundamenta
30/12/2025,38.20 a 172.97 m2 total,Departamentos,1 a 3 dormitorios,4 unidades disponibles,"Pisos 10, 11, 12, 15",3 dorms.,86.60 m²,Modelo 3C,"779,000",https://nexoinmobiliario.pe/proyecto/venta-de-departamento-2476-eco-style-magdalena-del-mar-lima-lima-fundamenta
30/12/2025,38.20 a 172.97 m2 total,Departamentos,1 a 3 dormitorios,2 unidades disponibles,Pisos 16 y 17,3 dorms.,86.29 m²,Modelo 3D,"779,000",https://nexoinmobiliario.pe/proyecto/venta-de-departamento-2476-eco-style-magdalena-del-mar-lima-lima-fundamenta
30/12/2025,38.20 a 172.97 m2 total,Departamentos,1 a 3 dormitorios,1 unidad disponible,Piso 19,2 dorms.,69.18 m²,Modelo 6D,"631,750",https://nexoinmobiliario.pe/proyecto/venta-de-departamento-2476-eco-style-magdalena-del-mar-lima-lima-fundamenta
30/12/2025,38.20 a 172.97 m2 total,Departamentos,1 a 3 dormitorios,1 unidad disponible,Piso 20,1 dorms.,38.20 m²,Modelo 1,"384,750",https://nexoinmobiliario.pe/proyecto/venta-de-departamento-2476-eco-style-magdalena-del-mar-lima-lima-fundamenta
31/10/2026,41.05 a 111.40 m2 total,Departamentos,1 a 3 dormitorios,3 unidades disponibles,"Pisos 3, 16, 17",3 dorms.,76.24 m²,Modelo X01,"570,275",https://nexoinmobiliario.pe/proyecto/venta-de-departamento-2494-proyecto-vanguardia-magdalena-del-mar-lima-lima-fai-inmobiliaria
31/10/2026,41.05 a 111.40 m2 total,Departamentos,1 a 3 dormitorios,3 unidades disponibles,"Pisos 7, 13, 14",1 dorms.,44.36 m²,Modelo X01 A,"356,211",https://nexoinmobiliario.pe/proyecto/venta-de-departamento-2494-proyecto-vanguardia-magdalena-del-mar-lima-lima-fai-inmobiliaria
31/10/2026,41.05 a 111.40 m2 total,Departamentos,1 a 3 dormitorios,1 unidad disponible,Piso 9,2 dorms.,75.07 m²,Modelo X01 FLEX,"578,039",https://nexoinmobiliario.pe/proyecto/venta-de-departamento-2494-proyecto-vanguardia-magdalena-del-mar-lima-lima-fai-inmobiliaria
31/10/2026,41.05 a 111.40 m2 total,Departamentos,1 a 3 dormitorios,1 unidad disponible,Piso 11,2 dorms.,75.07 m²,Modelo X01FLEX,"578,039",https://nexoinmobiliario.pe/proyecto/venta-de-departamento-2494-proyecto-vanguardia-magdalena-del-mar-lima-lima-fai-inmobiliaria
31/10/2026,41.05 a 111.40 m2 total,Departamentos,1 a 3 dormitorios,1 unidad disponible,Piso 4,2 dorms.,58.42 m²,Modelo X02,"481,965",https://nexoinmobiliario.pe/proyecto/venta-de-departamento-2494-proyecto-vanguardia-magdalena-del-mar-lima-lima-fai-inmobiliaria
31/10/2026,41.05 a 111.40 m2 total,Departamentos,1 a 3 dormitorios,4 unidades disponibles,"Pisos 7, 12, 13, 14",1 dorms.,48.41 m²,Modelo X02 A,"399,383",https://nexoinmobiliario.pe/proyecto/venta-de-departamento-2494-proyecto-vanguardia-magdalena-del-mar-lima-lima-fai-inmobiliaria
Entrega inmediata,50.54 a 84.35 m2 total,Departamentos,1 a 3 dormitorios,1 unidad disponible,Piso 22,1 dorms.,50.54 m²,Modelo 1.5 Dormitorio + Kitchenette,"507,900",https://nexoinmobiliario.pe/proyecto/venta-de-departamento-2653-concepto-style-magdalena-del-mar-lima-lima-imagina
Entrega inmediata,50.54 a 84.35 m2 total,Departamentos,1 a 3 dormitorios,3 unidades disponibles,"Pisos 17, 19, 20",2 dorms.,53.81 m²,Modelo 2 Dormitorios + Kitchenette,"518,800",https://nexoinmobiliario.pe/proyecto/venta-de-departamento-2653-concepto-style-magdalena-del-mar-lima-lima-imagina
Entrega inmediata,50.54 a 84.35 m2 total,Departamentos,1 a 3 dormitorios,4 unidades disponibles,"Pisos 11, 13, 20, 21",3 dorms.,74.09 m²,Modelo 3 Dormitorios + Cocina,"685,000",https://nexoinmobiliario.pe/proyecto/venta-de-departamento-2653-concepto-style-magdalena-del-mar-lima-lima-imagina
Entrega inmediata,24.51 a 63.30 m2 total,Departamentos,1 a 2 dormitorios,1 unidad disponible,Piso 1,1 dorms.,63.30 m²,Modelo TIPO 106,"489,000",https://nexoinmobiliario.pe/proyecto/venta-de-departamento-2708-be-magdalena-del-mar-lima-lima-san-charbel-edificaciones
Entrega inmediata,24.51 a 63.30 m2 total,Departamentos,1 a 2 dormitorios,1 unidad disponible,Piso 17,1 dorms.,27.34 m²,Modelo TIPO 3,"336,531",https://nexoinmobiliario.pe/proyecto/venta-de-departamento-2708-be-magdalena-del-mar-lima-lima-san-charbel-edificaciones
Entrega inmediata,24.51 a 63.30 m2 total,Departamentos,1 a 2 dormitorios,1 unidad disponible,Piso 20,1 dorms.,24.51 m²,Modelo TIPO 4,"291,162",https://nexoinmobiliario.pe/proyecto/venta-de-departamento-2708-be-magdalena-del-mar-lima-lima-san-charbel-edificaciones
Entrega inmediata,24.51 a 63.30 m2 total,Departamentos,1 a 2 dormitorios,1 unidad disponible,Piso 18,2 dorms.,42.86 m²,Modelo TIPO 5,"371,282",https://nexoinmobiliario.pe/proyecto/venta-de-departamento-2708-be-magdalena-del-mar-lima-lima-san-charbel-edificaciones
31/07/2026,39.93 a 83.10 m2 total,Departamentos,1 a 3 dormitorios,1 unidad disponible,Piso 2,1 dorms.,39.93 m²,Modelo 201,"402,000",https://nexoinmobiliario.pe/proyecto/venta-de-departamento-2819-aliaga-750-magdalena-del-mar-lima-lima-v-v-grupo-inmobiliario
31/07/2026,39.93 a 83.10 m2 total,Departamentos,1 a 3 dormitorios,1 unidad disponible,Piso 2,2 dorms.,70.15 m²,Modelo 206,"614,000",https://nexoinmobiliario.pe/proyecto/venta-de-departamento-2819-aliaga-750-magdalena-del-mar-lima-lima-v-v-grupo-inmobiliario
31/07/2026,39.93 a 83.10 m2 total,Departamentos,1 a 3 dormitorios,5 unidades disponibles,"Pisos 3, 13, 14, 16, 20",2 dorms.,60.18 m²,Modelo Tipo 1,"577,000",https://nexoinmobiliario.pe/proyecto/venta-de-departamento-2819-aliaga-750-magdalena-del-mar-lima-lima-v-v-grupo-inmobiliario
31/07/2026,39.93 a 83.10 m2 total,Departamentos,1 a 3 dormitorios,7 unidades disponibles,Pisos 12 al 25,3 dorms.,83.10 m²,Modelo Tipo 2,"811,000",https://nexoinmobiliario.pe/proyecto/venta-de-departamento-2819-aliaga-750-magdalena-del-mar-lima-lima-v-v-grupo-inmobiliario
31/07/2026,39.93 a 83.10 m2 total,Departamentos,1 a 3 dormitorios,7 unidades disponibles,Pisos 15 al 25,3 dorms.,81.89 m²,Modelo Tipo 3,"800,000",https://nexoinmobiliario.pe/proyecto/venta-de-departamento-2819-aliaga-750-magdalena-del-mar-lima-lima-v-v-grupo-inmobiliario
31/07/2026,39.93 a 83.10 m2 total,Departamentos,1 a 3 dormitorios,3 unidades disponibles,"Pisos 3, 24, 25",3 dorms.,78.15 m²,Modelo Tipo 4,"631,000",https://nexoinmobiliario.pe/proyecto/venta-de-departamento-2819-aliaga-750-magdalena-del-mar-lima-lima-v-v-grupo-inmobiliario
Entrega inmediata,33.42 a 91.87 m2 total,Departamentos,1 a 3 dormitorios,1 unidad disponible,Piso 3,2 dorms.,77.60 m²,Modelo 302,"477,624",https://nexoinmobiliario.pe/proyecto/venta-de-departamento-2830-entrenos-magdalena-del-mar-lima-lima-promsal
Entrega inmediata,33.42 a 91.87 m2 total,Departamentos,1 a 3 dormitorios,1 unidad disponible,Piso 3,2 dorms.,91.87 m²,Modelo 303,"520,019",https://nexoinmobiliario.pe/proyecto/venta-de-departamento-2830-entrenos-magdalena-del-mar-lima-lima-promsal
Entrega inmediata,33.42 a 91.87 m2 total,Departamentos,1 a 3 dormitorios,3 unidades disponibles,"Pisos 9, 12, 14",3 dorms.,70.55 m²,Modelo X1,"463,609",https://nexoinmobiliario.pe/proyecto/venta-de-departamento-2830-entrenos-magdalena-del-mar-lima-lima-promsal
Entrega inmediata,33.42 a 91.87 m2 total,Departamentos,1 a 3 dormitorios,3 unidades disponibles,"Pisos 5, 9, 10",2 dorms.,64.55 m²,Modelo X2,"453,690",https://nexoinmobiliario.pe/proyecto/venta-de-departamento-2830-entrenos-magdalena-del-mar-lima-lima-promsal
Entrega inmediata,33.42 a 91.87 m2 total,Departamentos,1 a 3 dormitorios,3 unidades disponibles,"Pisos 5, 6, 8",2 dorms.,59.89 m²,Modelo X3,"397,866",https://nexoinmobiliario.pe/proyecto/venta-de-departamento-2830-entrenos-magdalena-del-mar-lima-lima-promsal
Entrega inmediata,33.42 a 91.87 m2 total,Departamentos,1 a 3 dormitorios,5 unidades disponibles,"Pisos 6, 7, 8, 9, 11",3 dorms.,70.03 m²,Modelo X4,"438,622",https://nexoinmobiliario.pe/proyecto/venta-de-departamento-2830-entrenos-magdalena-del-mar-lima-lima-promsal
31/05/2025,84.52 a 107.85 m2 total,Departamentos,3 dormitorios,12 unidades disponibles,Pisos 10 al 22,3 dorms.,98.70 m²,Modelo X-01,"840,699",https://nexoinmobiliario.pe/proyecto/venta-de-departamento-2918-aliaga-garden-etapa-2-magdalena-del-mar-lima-lima-evergran-grupo-inmobiliario
31/05/2025,84.52 a 107.85 m2 total,Departamentos,3 dormitorios,10 unidades disponibles,Pisos 13 al 22,3 dorms.,101.83 m²,Modelo X-02,"893,368",https://nexoinmobiliario.pe/proyecto/venta-de-departamento-2918-aliaga-garden-etapa-2-magdalena-del-mar-lima-lima-evergran-grupo-inmobiliario
31/05/2025,84.52 a 107.85 m2 total,Departamentos,3 dormitorios,7 unidades disponibles,Pisos 9 al 21,3 dorms.,107.85 m²,Modelo X-03,"946,183",https://nexoinmobiliario.pe/proyecto/venta-de-departamento-2918-aliaga-garden-etapa-2-magdalena-del-mar-lima-lima-evergran-grupo-inmobiliario
31/05/2025,84.52 a 107.85 m2 total,Departamentos,3 dormitorios,1 unidad disponible,Piso 14,3 dorms.,94.27 m²,Modelo X-04,"819,683",https://nexoinmobiliario.pe/proyecto/venta-de-departamento-2918-aliaga-garden-etapa-2-magdalena-del-mar-lima-lima-evergran-grupo-inmobiliario
31/05/2025,84.52 a 107.85 m2 total,Departamentos,3 dormitorios,15 unidades disponibles,Pisos 7 al 22,3 dorms.,84.52 m²,Modelo X-06,"734,906",https://nexoinmobiliario.pe/proyecto/venta-de-departamento-2918-aliaga-garden-etapa-2-magdalena-del-mar-lima-lima-evergran-grupo-inmobiliario
31/01/2026,50.91 m2 total,Departamentos,2 dormitorios,1 unidad disponible,Piso 5,2 dorms.,50.91 m²,Modelo TIPO 2,"370,000",https://nexoinmobiliario.pe/proyecto/venta-de-departamento-2987-prado-1324-magdalena-del-mar-lima-lima-rb-grupo-inmobiliario
30/11/2026,40 a 73.65 m2 total,Departamentos,1 a 3 dormitorios,12 unidades disponibles,Pisos 6 al 20,3 dorms.,73.65 m²,Modelo X09,"547,929",https://nexoinmobiliario.pe/proyecto/venta-de-departamento-3171-unico-magdalena-magdalena-del-mar-lima-lima-gdc-inmobiliaria
30/11/2026,40 a 73.65 m2 total,Departamentos,1 a 3 dormitorios,8 unidades disponibles,Pisos 2 al 20,1 dorms.,40.00 m²,Modelo X02,"319,687",https://nexoinmobiliario.pe/proyecto/venta-de-departamento-3171-unico-magdalena-magdalena-del-mar-lima-lima-gdc-inmobiliaria
30/11/2026,40 a 73.65 m2 total,Departamentos,1 a 3 dormitorios,14 unidades disponibles,Pisos 2 al 20,2 dorms.,55.16 m²,Modelo X03,"446,915",https://nexoinmobiliario.pe/proyecto/venta-de-departamento-3171-unico-magdalena-magdalena-del-mar-lima-lima-gdc-inmobiliaria
30/11/2026,40 a 73.65 m2 total,Departamentos,1 a 3 dormitorios,12 unidades disponibles,Pisos 3 al 19,2 dorms.,68.76 m²,Modelo X04,"524,319",https://nexoinmobiliario.pe/proyecto/venta-de-departamento-3171-unico-magdalena-magdalena-del-mar-lima-lima-gdc-inmobiliaria
30/11/2026,40 a 73.65 m2 total,Departamentos,1 a 3 dormitorios,13 unidades disponibles,Pisos 4 al 20,2 dorms.,56.69 m²,Modelo X05,"425,293",https://nexoinmobiliario.pe/proyecto/venta-de-departamento-3171-unico-magdalena-magdalena-del-mar-lima-lima-gdc-inmobiliaria
30/11/2026,40 a 73.65 m2 total,Departamentos,1 a 3 dormitorios,8 unidades disponibles,Pisos 9 al 20,2 dorms.,51.87 m²,Modelo X06,"408,924",https://nexoinmobiliario.pe/proyecto/venta-de-departamento-3171-unico-magdalena-magdalena-del-mar-lima-lima-gdc-inmobiliaria
30/04/2027,40.98 a 136.27 m2 total,Departamentos,1 a 3 dormitorios,1 unidad disponible,Piso 1,2 dorms.,65.05 m²,Modelo X101,"575,000",https://nexoinmobiliario.pe/proyecto/venta-de-departamento-3180-mum-363-magdalena-del-mar-lima-lima-tale-inmobiliaria
30/04/2027,40.98 a 136.27 m2 total,Departamentos,1 a 3 dormitorios,1 unidad disponible,Piso 1,2 dorms.,65.51 m²,Modelo X102,"605,000",https://nexoinmobiliario.pe/proyecto/venta-de-departamento-3180-mum-363-magdalena-del-mar-lima-lima-tale-inmobiliaria
30/04/2027,40.98 a 136.27 m2 total,Departamentos,1 a 3 dormitorios,1 unidad disponible,Piso 1,3 dorms.,68.97 m²,Modelo X104,"568,000",https://nexoinmobiliario.pe/proyecto/venta-de-departamento-3180-mum-363-magdalena-del-mar-lima-lima-tale-inmobiliaria
30/04/2027,40.98 a 136.27 m2 total,Departamentos,1 a 3 dormitorios,1 unidad disponible,Piso 1,2 dorms.,64.71 m²,Modelo X105,"593,000",https://nexoinmobiliario.pe/proyecto/venta-de-departamento-3180-mum-363-magdalena-del-mar-lima-lima-tale-inmobiliaria
30/04/2027,40.98 a 136.27 m2 total,Departamentos,1 a 3 dormitorios,1 unidad disponible,Piso 1,2 dorms.,64.50 m²,Modelo X106,"527,000",https://nexoinmobiliario.pe/proyecto/venta-de-departamento-3180-mum-363-magdalena-del-mar-lima-lima-tale-inmobiliaria
30/04/2027,40.98 a 136.27 m2 total,Departamentos,1 a 3 dormitorios,1 unidad disponible,Piso 1,2 dorms.,62.33 m²,Modelo X108,"515,000",https://nexoinmobiliario.pe/proyecto/venta-de-departamento-3180-mum-363-magdalena-del-mar-lima-lima-tale-inmobiliaria
31/10/2026,54.63 a 77.22 m2 total,Departamentos,2 a 3 dormitorios,15 unidades disponibles,Pisos 2 al 20,3 dorms.,76.87 m²,Modelo TIPO 1,"524,393",https://nexoinmobiliario.pe/proyecto/venta-de-departamento-3233-arbora-magdalena-del-mar-lima-lima-lugano
31/10/2026,54.63 a 77.22 m2 total,Departamentos,2 a 3 dormitorios,7 unidades disponibles,Pisos 3 al 21,2 dorms.,56.42 m²,Modelo TIPO 2,"395,727",https://nexoinmobiliario.pe/proyecto/venta-de-departamento-3233-arbora-magdalena-del-mar-lima-lima-lugano
31/10/2026,54.63 a 77.22 m2 total,Departamentos,2 a 3 dormitorios,14 unidades disponibles,Pisos 3 al 22,3 dorms.,77.22 m²,Modelo TIPO 3,"509,590",https://nexoinmobiliario.pe/proyecto/venta-de-departamento-3233-arbora-magdalena-del-mar-lima-lima-lugano
31/10/2026,54.63 a 77.22 m2 total,Departamentos,2 a 3 dormitorios,5 unidades disponibles,"Pisos 2, 5, 15, 21, 22",2 dorms.,54.63 m²,Modelo TIPO 4,"393,378",https://nexoinmobiliario.pe/proyecto/venta-de-departamento-3233-arbora-magdalena-del-mar-lima-lima-lugano
31/10/2026,54.63 a 77.22 m2 total,Departamentos,2 a 3 dormitorios,15 unidades disponibles,Pisos 2 al 18,3 dorms.,67.76 m²,Modelo TIPO 5,"464,653",https://nexoinmobiliario.pe/proyecto/venta-de-departamento-3233-arbora-magdalena-del-mar-lima-lima-lugano
31/10/2026,54.63 a 77.22 m2 total,Departamentos,2 a 3 dormitorios,16 unidades disponibles,Pisos 2 al 20,3 dorms.,68.17 m²,Modelo TIPO 6,"460,055",https://nexoinmobiliario.pe/proyecto/venta-de-departamento-3233-arbora-magdalena-del-mar-lima-lima-lugano
31/05/2026,79.59 a 102.88 m2 total,Departamentos,3 dormitorios,3 unidades disponibles,"Pisos 2, 3, 4",3 dorms.,79.59 m²,Modelo TIPO R DPTO. DEL 204 AL 404,"641,694",https://nexoinmobiliario.pe/proyecto/venta-de-departamento-3274-magnolia-magdalena-del-mar-lima-lima-abril-grupo-inmobiliario
31/05/2026,79.59 a 102.88 m2 total,Departamentos,3 dormitorios,1 unidad disponible,Piso 15,3 dorms.,101.23 m²,Modelo TIPO Q DPTO 1503,"816,167",https://nexoinmobiliario.pe/proyecto/venta-de-departamento-3274-magnolia-magdalena-del-mar-lima-lima-abril-grupo-inmobiliario
31/12/2026,44.73 a 134.12 m2 total,Departamentos,1 a 3 dormitorios,14 unidades disponibles,Pisos 3 al 21,2 dorms.,71.99 m²,Modelo TIPO 1A,"594,000",https://nexoinmobiliario.pe/proyecto/venta-de-departamento-3399-top-life-juan-de-aliaga-magdalena-del-mar-lima-lima-val-grupo-inmobiliario
31/12/2026,44.73 a 134.12 m2 total,Departamentos,1 a 3 dormitorios,16 unidades disponibles,Pisos 2 al 17,1 dorms.,52.00 m²,Modelo TIPO 2A,"431,000",https://nexoinmobiliario.pe/proyecto/venta-de-departamento-3399-top-life-juan-de-aliaga-magdalena-del-mar-lima-lima-val-grupo-inmobiliario
31/12/2026,44.73 a 134.12 m2 total,Departamentos,1 a 3 dormitorios,15 unidades disponibles,Pisos 2 al 20,2 dorms.,49.93 m²,Modelo TIPO 3A,"439,000",https://nexoinmobiliario.pe/proyecto/venta-de-departamento-3399-top-life-juan-de-aliaga-magdalena-del-mar-lima-lima-val-grupo-inmobiliario
31/12/2026,44.73 a 134.12 m2 total,Departamentos,1 a 3 dormitorios,18 unidades disponibles,Pisos 2 al 22,2 dorms.,54.95 m²,Modelo TIPO 4A,"467,000",https://nexoinmobiliario.pe/proyecto/venta-de-departamento-3399-top-life-juan-de-aliaga-magdalena-del-mar-lima-lima-val-grupo-inmobiliario
31/12/2026,44.73 a 134.12 m2 total,Departamentos,1 a 3 dormitorios,1 unidad disponible,Piso 18,2 dorms.,53.12 m²,Modelo TIPO 3B,"429,000",https://nexoinmobiliario.pe/proyecto/venta-de-departamento-3399-top-life-juan-de-aliaga-magdalena-del-mar-lima-lima-val-grupo-inmobiliario
31/12/2026,44.73 a 134.12 m2 total,Departamentos,1 a 3 dormitorios,1 unidad disponible,Piso 18,2 dorms.,62.55 m²,Modelo TIPO 4B,"510,000",https://nexoinmobiliario.pe/proyecto/venta-de-departamento-3399-top-life-juan-de-aliaga-magdalena-del-mar-lima-lima-val-grupo-inmobiliario
31/03/2026,43.88 a 102.97 m2 total,Departamentos,1 a 3 dormitorios,1 unidad disponible,Piso 2,3 dorms.,72.23 m²,Modelo T 14A,"667,568",https://nexoinmobiliario.pe/proyecto/venta-de-departamento-3403-aliaga-442-magdalena-del-mar-lima-lima-vive-plm
31/03/2026,43.88 a 102.97 m2 total,Departamentos,1 a 3 dormitorios,1 unidad disponible,Piso 14,3 dorms.,71.17 m²,Modelo T 11B,"607,612",https://nexoinmobiliario.pe/proyecto/venta-de-departamento-3403-aliaga-442-magdalena-del-mar-lima-lima-vive-plm
31/03/2026,43.88 a 102.97 m2 total,Departamentos,1 a 3 dormitorios,7 unidades disponibles,Pisos 3 al 10,3 dorms.,71.89 m²,Modelo T 13,"596,364",https://nexoinmobiliario.pe/proyecto/venta-de-departamento-3403-aliaga-442-magdalena-del-mar-lima-lima-vive-plm
31/03/2026,43.88 a 102.97 m2 total,Departamentos,1 a 3 dormitorios,4 unidades disponibles,"Pisos 3, 5, 7, 9",3 dorms.,71.67 m²,Modelo T 12B,"594,692",https://nexoinmobiliario.pe/proyecto/venta-de-departamento-3403-aliaga-442-magdalena-del-mar-lima-lima-vive-plm
31/03/2026,43.88 a 102.97 m2 total,Departamentos,1 a 3 dormitorios,1 unidad disponible,Piso 3,3 dorms.,94.13 m²,Modelo T 17A,"854,812",https://nexoinmobiliario.pe/proyecto/venta-de-departamento-3403-aliaga-442-magdalena-del-mar-lima-lima-vive-plm
31/03/2026,43.88 a 102.97 m2 total,Departamentos,1 a 3 dormitorios,4 unidades disponibles,"Pisos 3, 5, 7, 9",3 dorms.,72.98 m²,Modelo T 11C,"604,648",https://nexoinmobiliario.pe/proyecto/venta-de-departamento-3403-aliaga-442-magdalena-del-mar-lima-lima-vive-plm
31/12/2026,42.65 a 155.35 m2 total,Departamentos,1 a 3 dormitorios,1 unidad disponible,Piso 2,1 dorms.,42.81 m²,Modelo TD-X03-201,"346,750",https://nexoinmobiliario.pe/proyecto/venta-de-departamento-3415-perez-walk-magdalena-del-mar-lima-lima-fortem-gestora-inmobiliaria
31/12/2026,42.65 a 155.35 m2 total,Departamentos,1 a 3 dormitorios,4 unidades disponibles,"Pisos 10, 11, 12, 13",1 dorms.,43.02 m²,Modelo TD-X03-1,"356,250",https://nexoinmobiliario.pe/proyecto/venta-de-departamento-3415-perez-walk-magdalena-del-mar-lima-lima-fortem-gestora-inmobiliaria
31/12/2026,42.65 a 155.35 m2 total,Departamentos,1 a 3 dormitorios,3 unidades disponibles,"Pisos 14, 16, 17",1 dorms.,42.65 m²,Modelo TD-X03-2,"361,000",https://nexoinmobiliario.pe/proyecto/venta-de-departamento-3415-perez-walk-magdalena-del-mar-lima-lima-fortem-gestora-inmobiliaria
31/12/2026,42.65 a 155.35 m2 total,Departamentos,1 a 3 dormitorios,1 unidad disponible,Piso 2,3 dorms.,80.90 m²,Modelo TD-X04-202,"637,165",https://nexoinmobiliario.pe/proyecto/venta-de-departamento-3415-perez-walk-magdalena-del-mar-lima-lima-fortem-gestora-inmobiliaria
31/12/2026,42.65 a 155.35 m2 total,Departamentos,1 a 3 dormitorios,1 unidad disponible,Piso 20,2 dorms.,65.91 m²,Modelo TD-X05-2,"504,735",https://nexoinmobiliario.pe/proyecto/venta-de-departamento-3415-perez-walk-magdalena-del-mar-lima-lima-fortem-gestora-inmobiliaria
31/12/2026,42.65 a 155.35 m2 total,Departamentos,1 a 3 dormitorios,1 unidad disponible,Piso 1,1 dorms.,71.91 m²,Modelo TD-X01,"481,650",https://nexoinmobiliario.pe/proyecto/venta-de-departamento-3415-perez-walk-magdalena-del-mar-lima-lima-fortem-gestora-inmobiliaria
31/12/2026,37.09 a 54.59 m2 total,Departamentos,1 a 2 dormitorios,1 unidad disponible,Piso 1,1 dorms.,38.28 m²,Modelo 2A,"365,000",https://nexoinmobiliario.pe/proyecto/venta-de-departamento-3426-eco-style-etapa-2-magdalena-del-mar-lima-lima-fundamenta
31/12/2026,37.09 a 54.59 m2 total,Departamentos,1 a 2 dormitorios,1 unidad disponible,Piso 1,1 dorms.,38.51 m²,Modelo 3A,"359,200",https://nexoinmobiliario.pe/proyecto/venta-de-departamento-3426-eco-style-etapa-2-magdalena-del-mar-lima-lima-fundamenta
31/12/2026,37.09 a 54.59 m2 total,Departamentos,1 a 2 dormitorios,4 unidades disponibles,"Pisos 3, 7, 8, 9",2 dorms.,53.13 m²,Modelo 1,"507,493",https://nexoinmobiliario.pe/proyecto/venta-de-departamento-3426-eco-style-etapa-2-magdalena-del-mar-lima-lima-fundamenta
31/12/2026,37.09 a 54.59 m2 total,Departamentos,1 a 2 dormitorios,12 unidades disponibles,Pisos 2 al 17,1 dorms.,37.09 m²,Modelo 2,"380,000",https://nexoinmobiliario.pe/proyecto/venta-de-departamento-3426-eco-style-etapa-2-magdalena-del-mar-lima-lima-fundamenta
31/12/2026,37.09 a 54.59 m2 total,Departamentos,1 a 2 dormitorios,13 unidades disponibles,Pisos 3 al 15,1 dorms.,49.07 m²,Modelo 3,"444,394",https://nexoinmobiliario.pe/proyecto/venta-de-departamento-3426-eco-style-etapa-2-magdalena-del-mar-lima-lima-fundamenta
31/12/2026,37.09 a 54.59 m2 total,Departamentos,1 a 2 dormitorios,3 unidades disponibles,"Pisos 4, 6, 7",1 dorms.,39.78 m²,Modelo 4,"375,000",https://nexoinmobiliario.pe/proyecto/venta-de-departamento-3426-eco-style-etapa-2-magdalena-del-mar-lima-lima-fundamenta
30/11/2026,42.27 a 141 m2 total,Departamentos,1 a 4 dormitorios,5 unidades disponibles,"Pisos 5, 6, 7, 8, 10",3 dorms.,75.36 m²,Modelo X01,"477,100",https://nexoinmobiliario.pe/proyecto/venta-de-departamento-3482-landart-magdalena-del-mar-lima-lima-beca-inmobiliaria
30/11/2026,42.27 a 141 m2 total,Departamentos,1 a 4 dormitorios,9 unidades disponibles,Pisos 2 al 10,3 dorms.,75.00 m²,Modelo X02,"475,000",https://nexoinmobiliario.pe/proyecto/venta-de-departamento-3482-landart-magdalena-del-mar-lima-lima-beca-inmobiliaria
30/11/2026,42.27 a 141 m2 total,Departamentos,1 a 4 dormitorios,8 unidades disponibles,Pisos 3 al 11,2 dorms.,57.81 m²,Modelo X04,"362,000",https://nexoinmobiliario.pe/proyecto/venta-de-departamento-3482-landart-magdalena-del-mar-lima-lima-beca-inmobiliaria
30/11/2026,42.27 a 141 m2 total,Departamentos,1 a 4 dormitorios,1 unidad disponible,Piso 1,1 dorms.,42.27 m²,Modelo T1,"315,800",https://nexoinmobiliario.pe/proyecto/venta-de-departamento-3482-landart-magdalena-del-mar-lima-lima-beca-inmobiliaria
30/11/2026,42.27 a 141 m2 total,Departamentos,1 a 4 dormitorios,1 unidad disponible,Piso 12,3 dorms.,70.00 m²,Modelo T7,"451,500",https://nexoinmobiliario.pe/proyecto/venta-de-departamento-3482-landart-magdalena-del-mar-lima-lima-beca-inmobiliaria
30/11/2026,42.27 a 141 m2 total,Departamentos,1 a 4 dormitorios,3 unidades disponibles,"Pisos 11, 12, 13",3 dorms.,70.25 m²,Modelo T2,"447,000",https://nexoinmobiliario.pe/proyecto/venta-de-departamento-3482-landart-magdalena-del-mar-lima-lima-beca-inmobiliaria
15/03/2027,51.25 a 112 m2 total,Departamentos,1 a 3 dormitorios,5 unidades disponibles,"Pisos 2, 5, 8, 13, 17",1 dorms.,51.25 m²,Modelo Tipo 1,"446,119",https://nexoinmobiliario.pe/proyecto/venta-de-departamento-3539-delamar-magdalena-del-mar-lima-lima-franco-grupo-inmobiliario
15/03/2027,51.25 a 112 m2 total,Departamentos,1 a 3 dormitorios,3 unidades disponibles,"Pisos 3, 5, 8",3 dorms.,83.30 m²,Modelo Tipo 4,"705,375",https://nexoinmobiliario.pe/proyecto/venta-de-departamento-3539-delamar-magdalena-del-mar-lima-lima-franco-grupo-inmobiliario
15/03/2027,51.25 a 112 m2 total,Departamentos,1 a 3 dormitorios,3 unidades disponibles,"Pisos 3, 6, 11",2 dorms.,60.70 m²,Modelo Tipo 5,"488,400",https://nexoinmobiliario.pe/proyecto/venta-de-departamento-3539-delamar-magdalena-del-mar-lima-lima-franco-grupo-inmobiliario
15/03/2027,51.25 a 112 m2 total,Departamentos,1 a 3 dormitorios,4 unidades disponibles,"Pisos 2, 5, 7, 11",2 dorms.,57.80 m²,Modelo Tipo 6,"424,000",https://nexoinmobiliario.pe/proyecto/venta-de-departamento-3539-delamar-magdalena-del-mar-lima-lima-franco-grupo-inmobiliario
15/03/2027,51.25 a 112 m2 total,Departamentos,1 a 3 dormitorios,3 unidades disponibles,"Pisos 3, 4, 11",2 dorms.,62.90 m²,Modelo Tipo 7,"506,550",https://nexoinmobiliario.pe/proyecto/venta-de-departamento-3539-delamar-magdalena-del-mar-lima-lima-franco-grupo-inmobiliario
15/03/2027,51.25 a 112 m2 total,Departamentos,1 a 3 dormitorios,1 unidad disponible,Piso 2,3 dorms.,92.75 m²,Modelo Tipo 2A,"824,381",https://nexoinmobiliario.pe/proyecto/venta-de-departamento-3539-delamar-magdalena-del-mar-lima-lima-franco-grupo-inmobiliario
31/03/2027,42.66 a 71.94 m2 total,Departamentos,1 a 3 dormitorios,9 unidades disponibles,Pisos 2 al 10,3 dorms.,69.89 m²,Modelo TIPO 1,"447,000",https://nexoinmobiliario.pe/proyecto/venta-de-departamento-3544-lumina-magdalena-del-mar-lima-lima-rb-grupo-inmobiliario
31/03/2027,42.66 a 71.94 m2 total,Departamentos,1 a 3 dormitorios,9 unidades disponibles,Pisos 2 al 10,3 dorms.,71.94 m²,Modelo TIPO 2,"461,000",https://nexoinmobiliario.pe/proyecto/venta-de-departamento-3544-lumina-magdalena-del-mar-lima-lima-rb-grupo-inmobiliario
31/03/2027,42.66 a 71.94 m2 total,Departamentos,1 a 3 dormitorios,9 unidades disponibles,Pisos 2 al 10,2 dorms.,62.40 m²,Modelo TIPO 3,"399,000",https://nexoinmobiliario.pe/proyecto/venta-de-departamento-3544-lumina-magdalena-del-mar-lima-lima-rb-grupo-inmobiliario
31/03/2027,42.66 a 71.94 m2 total,Departamentos,1 a 3 dormitorios,8 unidades disponibles,Pisos 3 al 10,1 dorms.,42.66 m²,Modelo TIPO 4,"244,600",https://nexoinmobiliario.pe/proyecto/venta-de-departamento-3544-lumina-magdalena-del-mar-lima-lima-rb-grupo-inmobiliario
01/12/2027,21.77 a 46.36 m2 total,Departamentos,1 a 2 dormitorios,5 unidades disponibles,"Pisos 3, 5, 7, 8, 9",1 dorms.,25.46 m²,Modelo TIPO 1,"263,280",https://nexoinmobiliario.pe/proyecto/venta-de-departamento-3607-free-magdalena-del-mar-lima-lima-san-charbel-edificaciones
01/12/2027,21.77 a 46.36 m2 total,Departamentos,1 a 2 dormitorios,5 unidades disponibles,"Pisos 5, 6, 13, 20, 21",2 dorms.,46.36 m²,Modelo TIPO 3,"398,120",https://nexoinmobiliario.pe/proyecto/venta-de-departamento-3607-free-magdalena-del-mar-lima-lima-san-charbel-edificaciones
01/12/2027,21.77 a 46.36 m2 total,Departamentos,1 a 2 dormitorios,3 unidades disponibles,"Pisos 4, 5, 12",1 dorms.,26.59 m²,Modelo TIPO 4,"276,141",https://nexoinmobiliario.pe/proyecto/venta-de-departamento-3607-free-magdalena-del-mar-lima-lima-san-charbel-edificaciones
01/12/2027,21.77 a 46.36 m2 total,Departamentos,1 a 2 dormitorios,2 unidades disponibles,Pisos 6 y 7,1 dorms.,32.79 m²,Modelo TIPO 5,"292,463",https://nexoinmobiliario.pe/proyecto/venta-de-departamento-3607-free-magdalena-del-mar-lima-lima-san-charbel-edificaciones
01/12/2027,21.77 a 46.36 m2 total,Departamentos,1 a 2 dormitorios,3 unidades disponibles,"Pisos 5, 6, 7",1 dorms.,31.51 m²,Modelo TIPO 6,"269,203",https://nexoinmobiliario.pe/proyecto/venta-de-departamento-3607-free-magdalena-del-mar-lima-lima-san-charbel-edificaciones
01/12/2027,21.77 a 46.36 m2 total,Departamentos,1 a 2 dormitorios,1 unidad disponible,Piso 10,2 dorms.,42.71 m²,Modelo TIPO 2,"360,702",https://nexoinmobiliario.pe/proyecto/venta-de-departamento-3607-free-magdalena-del-mar-lima-lima-san-charbel-edificaciones
31/12/2026,40 a 75.71 m2 total,Departamentos,1 a 3 dormitorios,5 unidades disponibles,"Pisos 2, 3, 4, 5, 7",3 dorms.,67.02 m²,Modelo TIPO 1,"450,500",https://nexoinmobiliario.pe/proyecto/venta-de-departamento-3634-kaia-magdalena-del-mar-lima-lima-inizia-inmobiliaria
31/12/2026,40 a 75.71 m2 total,Departamentos,1 a 3 dormitorios,3 unidades disponibles,"Pisos 5, 9, 11",2 dorms.,54.88 m²,Modelo TIPO 2,"372,000",https://nexoinmobiliario.pe/proyecto/venta-de-departamento-3634-kaia-magdalena-del-mar-lima-lima-inizia-inmobiliaria
31/12/2026,40 a 75.71 m2 total,Departamentos,1 a 3 dormitorios,6 unidades disponibles,Pisos 3 al 10,1 dorms.,40.00 m²,Modelo TIPO 3,"256,000",https://nexoinmobiliario.pe/proyecto/venta-de-departamento-3634-kaia-magdalena-del-mar-lima-lima-inizia-inmobiliaria
31/12/2026,40 a 75.71 m2 total,Departamentos,1 a 3 dormitorios,1 unidad disponible,Piso 2,1 dorms.,50.91 m²,Modelo TIPO 5,"288,000",https://nexoinmobiliario.pe/proyecto/venta-de-departamento-3634-kaia-magdalena-del-mar-lima-lima-inizia-inmobiliaria
31/12/2026,40 a 75.71 m2 total,Departamentos,1 a 3 dormitorios,1 unidad disponible,Piso 2,3 dorms.,70.65 m²,Modelo TIPO 6,"494,000",https://nexoinmobiliario.pe/proyecto/venta-de-departamento-3634-kaia-magdalena-del-mar-lima-lima-inizia-inmobiliaria
30/10/2026,57 a 77 m2 total,Departamentos,2 a 3 dormitorios,8 unidades disponibles,Pisos 3 al 11,3 dorms.,66.00 m²,Modelo TIPO 1,"589,000",https://nexoinmobiliario.pe/proyecto/venta-de-departamento-3635-itaca-magdalena-del-mar-lima-lima-ifi-inmobiliaria
30/10/2026,57 a 77 m2 total,Departamentos,2 a 3 dormitorios,6 unidades disponibles,Pisos 2 al 12,3 dorms.,74.00 m²,Modelo TIPO 2,"639,000",https://nexoinmobiliario.pe/proyecto/venta-de-departamento-3635-itaca-magdalena-del-mar-lima-lima-ifi-inmobiliaria
30/10/2026,57 a 77 m2 total,Departamentos,2 a 3 dormitorios,1 unidad disponible,Piso 1,3 dorms.,77.00 m²,Modelo TIPO 2A,"603,000",https://nexoinmobiliario.pe/proyecto/venta-de-departamento-3635-itaca-magdalena-del-mar-lima-lima-ifi-inmobiliaria
30/10/2026,57 a 77 m2 total,Departamentos,2 a 3 dormitorios,1 unidad disponible,Piso 6,2 dorms.,60.00 m²,Modelo TIPO 4,"535,000",https://nexoinmobiliario.pe/proyecto/venta-de-departamento-3635-itaca-magdalena-del-mar-lima-lima-ifi-inmobiliaria
30/10/2026,57 a 77 m2 total,Departamentos,2 a 3 dormitorios,5 unidades disponibles,"Pisos 3, 5, 7, 9, 11",2 dorms.,57.00 m²,Modelo TIPO 4C,"511,000",https://nexoinmobiliario.pe/proyecto/venta-de-departamento-3635-itaca-magdalena-del-mar-lima-lima-ifi-inmobiliaria
31/12/2026,35.39 a 71.63 m2 total,Departamentos,1 a 3 dormitorios,9 unidades disponibles,Pisos 1 al 12,1 dorms.,38.60 m²,Modelo Tipo B,"251,499",https://nexoinmobiliario.pe/proyecto/venta-de-departamento-3664-catleya-magdalena-del-mar-lima-lima-abril-grupo-inmobiliario
31/12/2026,35.39 a 71.63 m2 total,Departamentos,1 a 3 dormitorios,11 unidades disponibles,Pisos 1 al 11,1 dorms.,38.18 m²,Modelo Tipo C,"248,763",https://nexoinmobiliario.pe/proyecto/venta-de-departamento-3664-catleya-magdalena-del-mar-lima-lima-abril-grupo-inmobiliario
31/12/2026,35.39 a 71.63 m2 total,Departamentos,1 a 3 dormitorios,11 unidades disponibles,Pisos 2 al 16,2 dorms.,53.88 m²,Modelo Tipo D,"351,056",https://nexoinmobiliario.pe/proyecto/venta-de-departamento-3664-catleya-magdalena-del-mar-lima-lima-abril-grupo-inmobiliario
31/12/2026,35.39 a 71.63 m2 total,Departamentos,1 a 3 dormitorios,1 unidad disponible,Piso 8,2 dorms.,53.67 m²,Modelo Tipo H,"349,688",https://nexoinmobiliario.pe/proyecto/venta-de-departamento-3664-catleya-magdalena-del-mar-lima-lima-abril-grupo-inmobiliario
31/12/2026,35.39 a 71.63 m2 total,Departamentos,1 a 3 dormitorios,15 unidades disponibles,Pisos 2 al 16,2 dorms.,54.20 m²,Modelo Tipo I,"353,141",https://nexoinmobiliario.pe/proyecto/venta-de-departamento-3664-catleya-magdalena-del-mar-lima-lima-abril-grupo-inmobiliario
31/12/2026,35.39 a 71.63 m2 total,Departamentos,1 a 3 dormitorios,12 unidades disponibles,Pisos 3 al 17,3 dorms.,69.87 m²,Modelo Tipo J,"473,767",https://nexoinmobiliario.pe/proyecto/venta-de-departamento-3664-catleya-magdalena-del-mar-lima-lima-abril-grupo-inmobiliario
31/12/2026,45.95 a 132.45 m2 total,Departamentos,2 a 4 dormitorios,1 unidad disponible,Piso 2,2 dorms.,55.55 m²,Modelo TIPO 7A,"304,576",https://nexoinmobiliario.pe/proyecto/venta-de-departamento-3687-millennium-magdalena-magdalena-del-mar-lima-lima-hl-desarrollos-inmobiliarios
31/12/2026,45.95 a 132.45 m2 total,Departamentos,2 a 4 dormitorios,10 unidades disponibles,Pisos 2 al 11,2 dorms.,54.05 m²,Modelo TIPO 8,"323,013",https://nexoinmobiliario.pe/proyecto/venta-de-departamento-3687-millennium-magdalena-magdalena-del-mar-lima-lima-hl-desarrollos-inmobiliarios
31/12/2026,45.95 a 132.45 m2 total,Departamentos,2 a 4 dormitorios,8 unidades disponibles,Pisos 3 al 11,2 dorms.,56.00 m²,Modelo TIPO 6,"342,166",https://nexoinmobiliario.pe/proyecto/venta-de-departamento-3687-millennium-magdalena-magdalena-del-mar-lima-lima-hl-desarrollos-inmobiliarios
31/12/2026,45.95 a 132.45 m2 total,Departamentos,2 a 4 dormitorios,3 unidades disponibles,"Pisos 8, 9, 10",3 dorms.,77.70 m²,Modelo TIPO 1,"455,244",https://nexoinmobiliario.pe/proyecto/venta-de-departamento-3687-millennium-magdalena-magdalena-del-mar-lima-lima-hl-desarrollos-inmobiliarios
31/12/2026,45.95 a 132.45 m2 total,Departamentos,2 a 4 dormitorios,4 unidades disponibles,"Pisos 4, 5, 7, 8",2 dorms.,48.40 m²,Modelo TIPO 2,"307,882",https://nexoinmobiliario.pe/proyecto/venta-de-departamento-3687-millennium-magdalena-magdalena-del-mar-lima-lima-hl-desarrollos-inmobiliarios
31/12/2026,45.95 a 132.45 m2 total,Departamentos,2 a 4 dormitorios,5 unidades disponibles,"Pisos 3, 7, 8, 9, 11",3 dorms.,66.15 m²,Modelo TIPO 3,"398,646",https://nexoinmobiliario.pe/proyecto/venta-de-departamento-3687-millennium-magdalena-magdalena-del-mar-lima-lima-hl-desarrollos-inmobiliarios
30/09/2027,37.04 a 106.74 m2 total,Departamentos,1 a 3 dormitorios,4 unidades disponibles,"Pisos 2, 11, 12, 13",1 dorms.,37.72 m²,Modelo X01-A,"304,129",https://nexoinmobiliario.pe/proyecto/venta-de-departamento-3729-bilancia-magdalena-del-mar-lima-lima-urbana-perú
30/09/2027,37.04 a 106.74 m2 total,Departamentos,1 a 3 dormitorios,4 unidades disponibles,"Pisos 9, 10, 11, 13",1 dorms.,50.42 m²,Modelo X02-A,"402,542",https://nexoinmobiliario.pe/proyecto/venta-de-departamento-3729-bilancia-magdalena-del-mar-lima-lima-urbana-perú
30/09/2027,37.04 a 106.74 m2 total,Departamentos,1 a 3 dormitorios,8 unidades disponibles,Pisos 2 al 13,1 dorms.,49.53 m²,Modelo X03-A,"366,969",https://nexoinmobiliario.pe/proyecto/venta-de-departamento-3729-bilancia-magdalena-del-mar-lima-lima-urbana-perú
30/09/2027,37.04 a 106.74 m2 total,Departamentos,1 a 3 dormitorios,4 unidades disponibles,"Pisos 8, 10, 11, 12",2 dorms.,60.31 m²,Modelo X04-A,"499,606",https://nexoinmobiliario.pe/proyecto/venta-de-departamento-3729-bilancia-magdalena-del-mar-lima-lima-urbana-perú
30/09/2027,37.04 a 106.74 m2 total,Departamentos,1 a 3 dormitorios,1 unidad disponible,Piso 1,1 dorms.,58.63 m²,Modelo 101-B,"407,406",https://nexoinmobiliario.pe/proyecto/venta-de-departamento-3729-bilancia-magdalena-del-mar-lima-lima-urbana-perú
30/09/2027,37.04 a 106.74 m2 total,Departamentos,1 a 3 dormitorios,1 unidad disponible,Piso 1,1 dorms.,49.11 m²,Modelo 103-B,"327,044",https://nexoinmobiliario.pe/proyecto/venta-de-departamento-3729-bilancia-magdalena-del-mar-lima-lima-urbana-perú
30/06/2027,40.68 a 153.43 m2 total,Departamentos,1 a 3 dormitorios,5 unidades disponibles,"Pisos 2, 4, 6, 7, 8",2 dorms.,57.11 m²,Modelo TIPO 1A,"514,300",https://nexoinmobiliario.pe/proyecto/venta-de-departamento-3745-edem-magdalena-del-mar-lima-lima-senda
30/06/2027,40.68 a 153.43 m2 total,Departamentos,1 a 3 dormitorios,6 unidades disponibles,Pisos 1 al 8,3 dorms.,78.04 m²,Modelo TIPO 2A,"660,900",https://nexoinmobiliario.pe/proyecto/venta-de-departamento-3745-edem-magdalena-del-mar-lima-lima-senda
30/06/2027,40.68 a 153.43 m2 total,Departamentos,1 a 3 dormitorios,5 unidades disponibles,"Pisos 2, 4, 5, 7, 8",3 dorms.,69.02 m²,Modelo TIPO 3A,"657,800",https://nexoinmobiliario.pe/proyecto/venta-de-departamento-3745-edem-magdalena-del-mar-lima-lima-senda
30/06/2027,40.68 a 153.43 m2 total,Departamentos,1 a 3 dormitorios,3 unidades disponibles,"Pisos 2, 6, 9",3 dorms.,79.18 m²,Modelo TIPO 4A,"746,100",https://nexoinmobiliario.pe/proyecto/venta-de-departamento-3745-edem-magdalena-del-mar-lima-lima-senda
30/06/2027,40.68 a 153.43 m2 total,Departamentos,1 a 3 dormitorios,6 unidades disponibles,Pisos 1 al 8,3 dorms.,72.06 m²,Modelo TIPO 10A,"629,200",https://nexoinmobiliario.pe/proyecto/venta-de-departamento-3745-edem-magdalena-del-mar-lima-lima-senda
30/06/2027,40.68 a 153.43 m2 total,Departamentos,1 a 3 dormitorios,6 unidades disponibles,Pisos 2 al 9,3 dorms.,67.77 m²,Modelo TIPO 5A,"638,100",https://nexoinmobiliario.pe/proyecto/venta-de-departamento-3745-edem-magdalena-del-mar-lima-lima-senda
30/11/2027,45.63 a 109.92 m2 total,Departamentos,1 a 3 dormitorios,1 unidad disponible,Piso 1,3 dorms.,73.74 m²,Modelo Flat 101,"563,000",https://nexoinmobiliario.pe/proyecto/venta-de-departamento-3836-altive-magdalena-del-mar-lima-lima-madrid-inmobiliaria
30/11/2027,45.63 a 109.92 m2 total,Departamentos,1 a 3 dormitorios,1 unidad disponible,Piso 1,2 dorms.,69.61 m²,Modelo Flat 104,"512,000",https://nexoinmobiliario.pe/proyecto/venta-de-departamento-3836-altive-magdalena-del-mar-lima-lima-madrid-inmobiliaria
30/11/2027,45.63 a 109.92 m2 total,Departamentos,1 a 3 dormitorios,10 unidades disponibles,Pisos 1 al 15,2 dorms.,55.04 m²,Modelo Flat Típico 08,"403,000",https://nexoinmobiliario.pe/proyecto/venta-de-departamento-3836-altive-magdalena-del-mar-lima-lima-madrid-inmobiliaria
30/11/2027,45.63 a 109.92 m2 total,Departamentos,1 a 3 dormitorios,9 unidades disponibles,Pisos 1 al 17,2 dorms.,52.58 m²,Modelo Flat Típico 09,"407,000",https://nexoinmobiliario.pe/proyecto/venta-de-departamento-3836-altive-magdalena-del-mar-lima-lima-madrid-inmobiliaria
30/11/2027,45.63 a 109.92 m2 total,Departamentos,1 a 3 dormitorios,9 unidades disponibles,Pisos 2 al 17,3 dorms.,76.51 m²,Modelo Flat Típico 02,"583,000",https://nexoinmobiliario.pe/proyecto/venta-de-departamento-3836-altive-magdalena-del-mar-lima-lima-madrid-inmobiliaria
30/11/2027,45.63 a 109.92 m2 total,Departamentos,1 a 3 dormitorios,1 unidad disponible,Piso 2,3 dorms.,72.94 m²,Modelo Flat 203,"561,000",https://nexoinmobiliario.pe/proyecto/venta-de-departamento-3836-altive-magdalena-del-mar-lima-lima-madrid-inmobiliaria
31/05/2027,44.42 a 115.89 m2 total,Departamentos,1 a 3 dormitorios,1 unidad disponible,Piso 1,2 dorms.,76.62 m²,Modelo TIPO 4A,"537,000",https://nexoinmobiliario.pe/proyecto/venta-de-departamento-3878-creta-magdalena-del-mar-lima-lima-ifi-inmobiliaria
31/05/2027,44.42 a 115.89 m2 total,Departamentos,1 a 3 dormitorios,1 unidad disponible,Piso 1,2 dorms.,77.76 m²,Modelo TIPO 5A,"533,000",https://nexoinmobiliario.pe/proyecto/venta-de-departamento-3878-creta-magdalena-del-mar-lima-lima-ifi-inmobiliaria
31/05/2027,44.42 a 115.89 m2 total,Departamentos,1 a 3 dormitorios,4 unidades disponibles,"Pisos 2, 4, 6, 8",3 dorms.,68.02 m²,Modelo TIPO 1,"543,000",https://nexoinmobiliario.pe/proyecto/venta-de-departamento-3878-creta-magdalena-del-mar-lima-lima-ifi-inmobiliaria
31/05/2027,44.42 a 115.89 m2 total,Departamentos,1 a 3 dormitorios,4 unidades disponibles,"Pisos 2, 4, 6, 8",3 dorms.,79.86 m²,Modelo TIPO 2,"607,000",https://nexoinmobiliario.pe/proyecto/venta-de-departamento-3878-creta-magdalena-del-mar-lima-lima-ifi-inmobiliaria
31/05/2027,44.42 a 115.89 m2 total,Departamentos,1 a 3 dormitorios,10 unidades disponibles,Pisos 2 al 11,1 dorms.,44.42 m²,Modelo TIPO 3,"337,000",https://nexoinmobiliario.pe/proyecto/venta-de-departamento-3878-creta-magdalena-del-mar-lima-lima-ifi-inmobiliaria
31/05/2027,44.42 a 115.89 m2 total,Departamentos,1 a 3 dormitorios,10 unidades disponibles,Pisos 2 al 11,2 dorms.,57.17 m²,Modelo TIPO 4,"435,000",https://nexoinmobiliario.pe/proyecto/venta-de-departamento-3878-creta-magdalena-del-mar-lima-lima-ifi-inmobiliaria
30/09/2027,45.65 a 99.44 m2 total,Departamentos,2 a 3 dormitorios,1 unidad disponible,Piso 2,2 dorms.,69.33 m²,Modelo TIPO 1A,"423,245",https://nexoinmobiliario.pe/proyecto/venta-de-departamento-3909-malena-family-apartments-magdalena-del-mar-lima-lima-hl-desarrollos-inmobiliarios
30/09/2027,45.65 a 99.44 m2 total,Departamentos,2 a 3 dormitorios,13 unidades disponibles,Pisos 2 al 18,2 dorms.,45.65 m²,Modelo TIPO 2,"309,603",https://nexoinmobiliario.pe/proyecto/venta-de-departamento-3909-malena-family-apartments-magdalena-del-mar-lima-lima-hl-desarrollos-inmobiliarios
30/09/2027,45.65 a 99.44 m2 total,Departamentos,2 a 3 dormitorios,17 unidades disponibles,Pisos 2 al 18,2 dorms.,48.98 m²,Modelo TIPO 3,"338,713",https://nexoinmobiliario.pe/proyecto/venta-de-departamento-3909-malena-family-apartments-magdalena-del-mar-lima-lima-hl-desarrollos-inmobiliarios
30/09/2027,45.65 a 99.44 m2 total,Departamentos,2 a 3 dormitorios,10 unidades disponibles,Pisos 2 al 13,2 dorms.,49.81 m²,Modelo TIPO 4,"337,816",https://nexoinmobiliario.pe/proyecto/venta-de-departamento-3909-malena-family-apartments-magdalena-del-mar-lima-lima-hl-desarrollos-inmobiliarios
30/09/2027,45.65 a 99.44 m2 total,Departamentos,2 a 3 dormitorios,12 unidades disponibles,Pisos 2 al 13,2 dorms.,55.29 m²,Modelo TIPO 5,"355,752",https://nexoinmobiliario.pe/proyecto/venta-de-departamento-3909-malena-family-apartments-magdalena-del-mar-lima-lima-hl-desarrollos-inmobiliarios
30/09/2027,45.65 a 99.44 m2 total,Departamentos,2 a 3 dormitorios,9 unidades disponibles,Pisos 3 al 11,2 dorms.,58.99 m²,Modelo TIPO 1,"369,301",https://nexoinmobiliario.pe/proyecto/venta-de-departamento-3909-malena-family-apartments-magdalena-del-mar-lima-lima-hl-desarrollos-inmobiliarios
31/05/2028,27.31 a 99.44 m2 total,Departamentos,1 a 3 dormitorios,1 unidad disponible,Piso 1,2 dorms.,67.34 m²,Modelo X101,"421,000",https://nexoinmobiliario.pe/proyecto/venta-de-departamento-3990-zentra-magdalena-del-mar-lima-lima-make-inmobiliaria
31/05/2028,27.31 a 99.44 m2 total,Departamentos,1 a 3 dormitorios,1 unidad disponible,Piso 1,3 dorms.,91.30 m²,Modelo X102,"593,000",https://nexoinmobiliario.pe/proyecto/venta-de-departamento-3990-zentra-magdalena-del-mar-lima-lima-make-inmobiliaria
31/05/2028,27.31 a 99.44 m2 total,Departamentos,1 a 3 dormitorios,1 unidad disponible,Piso 1,2 dorms.,68.54 m²,Modelo X103,"457,000",https://nexoinmobiliario.pe/proyecto/venta-de-departamento-3990-zentra-magdalena-del-mar-lima-lima-make-inmobiliaria
31/05/2028,27.31 a 99.44 m2 total,Departamentos,1 a 3 dormitorios,1 unidad disponible,Piso 1,3 dorms.,99.44 m²,Modelo X104,"607,000",https://nexoinmobiliario.pe/proyecto/venta-de-departamento-3990-zentra-magdalena-del-mar-lima-lima-make-inmobiliaria
31/05/2028,27.31 a 99.44 m2 total,Departamentos,1 a 3 dormitorios,11 unidades disponibles,Pisos 2 al 12,2 dorms.,54.66 m²,Modelo X01,"407,000",https://nexoinmobiliario.pe/proyecto/venta-de-departamento-3990-zentra-magdalena-del-mar-lima-lima-make-inmobiliaria
31/05/2028,27.31 a 99.44 m2 total,Departamentos,1 a 3 dormitorios,14 unidades disponibles,Pisos 2 al 15,3 dorms.,69.23 m²,Modelo X03,"512,000",https://nexoinmobiliario.pe/proyecto/venta-de-departamento-3990-zentra-magdalena-del-mar-lima-lima-make-inmobiliaria
31/07/2028,40 a 77 m2 total,Departamentos,1 a 3 dormitorios,1 unidad disponible,Piso 1,2 dorms.,73.50 m²,Modelo TIPO 106,"432,927",https://nexoinmobiliario.pe/proyecto/venta-de-departamento-3998-edificio-magda-magdalena-del-mar-lima-lima-la-venturosa
31/07/2028,40 a 77 m2 total,Departamentos,1 a 3 dormitorios,1 unidad disponible,Piso 2,1 dorms.,46.50 m²,Modelo TIPO 201,"354,436",https://nexoinmobiliario.pe/proyecto/venta-de-departamento-3998-edificio-magda-magdalena-del-mar-lima-lima-la-venturosa
31/07/2028,40 a 77 m2 total,Departamentos,1 a 3 dormitorios,1 unidad disponible,Piso 2,1 dorms.,47.00 m²,Modelo TIPO 202,"356,464",https://nexoinmobiliario.pe/proyecto/venta-de-departamento-3998-edificio-magda-magdalena-del-mar-lima-lima-la-venturosa
31/07/2028,40 a 77 m2 total,Departamentos,1 a 3 dormitorios,1 unidad disponible,Piso 2,2 dorms.,50.00 m²,Modelo TIPO 203,"369,145",https://nexoinmobiliario.pe/proyecto/venta-de-departamento-3998-edificio-magda-magdalena-del-mar-lima-lima-la-venturosa
31/07/2028,40 a 77 m2 total,Departamentos,1 a 3 dormitorios,8 unidades disponibles,Pisos 2 al 10,2 dorms.,53.00 m²,Modelo TIPO X04,"365,624",https://nexoinmobiliario.pe/proyecto/venta-de-departamento-3998-edificio-magda-magdalena-del-mar-lima-lima-la-venturosa
31/07/2028,40 a 77 m2 total,Departamentos,1 a 3 dormitorios,15 unidades disponibles,Pisos 2 al 16,2 dorms.,51.00 m²,Modelo TIPO X05,"350,568",https://nexoinmobiliario.pe/proyecto/venta-de-departamento-3998-edificio-magda-magdalena-del-mar-lima-lima-la-venturosa
21/01/2028,40 a 80.83 m2 total,Departamentos,1 a 3 dormitorios,4 unidades disponibles,"Pisos 2, 7, 8, 9",1 dorms.,43.02 m²,Modelo B9,"397,700",https://nexoinmobiliario.pe/proyecto/venta-de-departamento-4007-salaverry-i-magdalena-del-mar-lima-lima-actual
21/01/2028,40 a 80.83 m2 total,Departamentos,1 a 3 dormitorios,3 unidades disponibles,"Pisos 4, 8, 10",2 dorms.,65.14 m²,Modelo A1,"585,800",https://nexoinmobiliario.pe/proyecto/venta-de-departamento-4007-salaverry-i-magdalena-del-mar-lima-lima-actual
21/01/2028,40 a 80.83 m2 total,Departamentos,1 a 3 dormitorios,7 unidades disponibles,Pisos 2 al 10,2 dorms.,56.01 m²,Modelo A10,"490,900",https://nexoinmobiliario.pe/proyecto/venta-de-departamento-4007-salaverry-i-magdalena-del-mar-lima-lima-actual
21/01/2028,40 a 80.83 m2 total,Departamentos,1 a 3 dormitorios,3 unidades disponibles,"Pisos 4, 7, 8",1 dorms.,40.10 m²,Modelo A2,"377,100",https://nexoinmobiliario.pe/proyecto/venta-de-departamento-4007-salaverry-i-magdalena-del-mar-lima-lima-actual
21/01/2028,40 a 80.83 m2 total,Departamentos,1 a 3 dormitorios,2 unidades disponibles,Pisos 3 y 10,1 dorms.,40.08 m²,Modelo A3,"378,600",https://nexoinmobiliario.pe/proyecto/venta-de-departamento-4007-salaverry-i-magdalena-del-mar-lima-lima-actual
21/01/2028,40 a 80.83 m2 total,Departamentos,1 a 3 dormitorios,3 unidades disponibles,"Pisos 3, 9, 10",2 dorms.,58.47 m²,Modelo A4,"509,000",https://nexoinmobiliario.pe/proyecto/venta-de-departamento-4007-salaverry-i-magdalena-del-mar-lima-lima-actual
31/12/2027,45.50 a 105.80 m2 total,Departamentos,1 a 3 dormitorios,1 unidad disponible,Piso 1,1 dorms.,50.70 m²,Modelo B 101,"360,000",https://nexoinmobiliario.pe/proyecto/venta-de-departamento-4010-tinto-magdalena-del-mar-lima-lima-avenir-grupo-inmobiliario
31/12/2027,45.50 a 105.80 m2 total,Departamentos,1 a 3 dormitorios,1 unidad disponible,Piso 1,3 dorms.,87.20 m²,Modelo B 103,"560,000",https://nexoinmobiliario.pe/proyecto/venta-de-departamento-4010-tinto-magdalena-del-mar-lima-lima-avenir-grupo-inmobiliario
31/12/2027,45.50 a 105.80 m2 total,Departamentos,1 a 3 dormitorios,9 unidades disponibles,Pisos 3 al 11,3 dorms.,75.50 m²,Modelo A X01,"560,000",https://nexoinmobiliario.pe/proyecto/venta-de-departamento-4010-tinto-magdalena-del-mar-lima-lima-avenir-grupo-inmobiliario
31/12/2027,45.50 a 105.80 m2 total,Departamentos,1 a 3 dormitorios,9 unidades disponibles,Pisos 3 al 11,2 dorms.,56.80 m²,Modelo A X02,"440,000",https://nexoinmobiliario.pe/proyecto/venta-de-departamento-4010-tinto-magdalena-del-mar-lima-lima-avenir-grupo-inmobiliario
31/12/2027,45.50 a 105.80 m2 total,Departamentos,1 a 3 dormitorios,8 unidades disponibles,Pisos 3 al 10,1 dorms.,45.80 m²,Modelo A X03,"370,000",https://nexoinmobiliario.pe/proyecto/venta-de-departamento-4010-tinto-magdalena-del-mar-lima-lima-avenir-grupo-inmobiliario
31/12/2027,45.50 a 105.80 m2 total,Departamentos,1 a 3 dormitorios,9 unidades disponibles,Pisos 2 al 10,1 dorms.,45.50 m²,Modelo A X04,"290,000",https://nexoinmobiliario.pe/proyecto/venta-de-departamento-4010-tinto-magdalena-del-mar-lima-lima-avenir-grupo-inmobiliario
Entrega inmediata,71.11 a 138.02 m2 total,Departamentos,2 a 3 dormitorios,1 unidad disponible,Piso 2,3 dorms.,80.97 m²,Modelo 201,"475,000",https://nexoinmobiliario.pe/proyecto/venta-de-departamento-2037-pueblo-libre-pueblo-libre-lima-lima-ee-inmobiliaria
Entrega inmediata,71.11 a 138.02 m2 total,Departamentos,2 a 3 dormitorios,1 unidad disponible,Piso 10,3 dorms.,77.33 m²,Modelo 1001,"465,000",https://nexoinmobiliario.pe/proyecto/venta-de-departamento-2037-pueblo-libre-pueblo-libre-lima-lima-ee-inmobiliaria
Entrega inmediata,71.11 a 138.02 m2 total,Departamentos,2 a 3 dormitorios,1 unidad disponible,Piso 11,2 dorms.,71.11 m²,Modelo 1102,"425,000",https://nexoinmobiliario.pe/proyecto/venta-de-departamento-2037-pueblo-libre-pueblo-libre-lima-lima-ee-inmobiliaria
Entrega inmediata,62.85 a 77.01 m2 total,Departamentos,2 dormitorios,2 unidades disponibles,Pisos 24 y 27,2 dorms.,62.85 m²,Modelo 1,"465,014",https://nexoinmobiliario.pe/proyecto/venta-de-departamento-2216-savia-pueblo-libre-lima-lima-paz
Entrega inmediata,62.85 a 77.01 m2 total,Departamentos,2 dormitorios,2 unidades disponibles,Pisos 24 y 26,2 dorms.,73.72 m²,Modelo 4,"519,269",https://nexoinmobiliario.pe/proyecto/venta-de-departamento-2216-savia-pueblo-libre-lima-lima-paz
Entrega inmediata,62.85 a 77.01 m2 total,Departamentos,2 dormitorios,7 unidades disponibles,Pisos 17 al 25,2 dorms.,64.12 m²,Modelo 6,"462,343",https://nexoinmobiliario.pe/proyecto/venta-de-departamento-2216-savia-pueblo-libre-lima-lima-paz
Entrega inmediata,62.85 a 77.01 m2 total,Departamentos,2 dormitorios,4 unidades disponibles,"Pisos 16, 17, 19, 21",2 dorms.,71.15 m²,Modelo 8,"501,524",https://nexoinmobiliario.pe/proyecto/venta-de-departamento-2216-savia-pueblo-libre-lima-lima-paz
Entrega inmediata,62.85 a 77.01 m2 total,Departamentos,2 dormitorios,5 unidades disponibles,"Pisos 13, 15, 16, 19, 21",2 dorms.,76.21 m²,Modelo 2,"575,232",https://nexoinmobiliario.pe/proyecto/venta-de-departamento-2216-savia-pueblo-libre-lima-lima-paz
Entrega inmediata,62.85 a 77.01 m2 total,Departamentos,2 dormitorios,4 unidades disponibles,"Pisos 11, 21, 25, 27",2 dorms.,76.68 m²,Modelo 3,"540,541",https://nexoinmobiliario.pe/proyecto/venta-de-departamento-2216-savia-pueblo-libre-lima-lima-paz
