fecha,medidas,tipo,dormitorios,disponible,piso,dormitorios_cont,area,modelo,divisa,precio,proyecto_link
29/02/2028,64 a 168.77 m2 total,Departamentos,1 a 2 dormitorios,1 unidad disponible,Piso 2,2 dorms.,100.59 m²,Modelo 201,Soles,"844,255",https://nexoinmobiliario.pe/proyecto/venta-de-departamento-3753-larco-1036-atemporal-flats-miraflores-miraflores-lima-lima-libre-inmobiliaria
29/02/2028,64 a 168.77 m2 total,Departamentos,1 a 2 dormitorios,1 unidad disponible,Piso 2,2 dorms.,161.96 m²,Modelo 202,Soles,"1,082,945",https://nexoinmobiliario.pe/proyecto/venta-de-departamento-3753-larco-1036-atemporal-flats-miraflores-miraflores-lima-lima-libre-inmobiliaria
29/02/2028,64 a 168.77 m2 total,Departamentos,1 a 2 dormitorios,2 unidades disponibles,Pisos 11 y 13,1 dorms.,64.00 m²,Modelo X01,Soles,"689,959",https://nexoinmobiliario.pe/proyecto/venta-de-departamento-3753-larco-1036-atemporal-flats-miraflores-miraflores-lima-lima-libre-inmobiliaria
29/02/2028,64 a 168.77 m2 total,Departamentos,1 a 2 dormitorios,2 unidades disponibles,Pisos 11 y 13,2 dorms.,88.12 m²,Modelo X02,Soles,"898,121",https://nexoinmobiliario.pe/proyecto/venta-de-departamento-3753-larco-1036-atemporal-flats-miraflores-miraflores-lima-lima-libre-inmobiliaria
29/02/2028,64 a 168.77 m2 total,Departamentos,1 a 2 dormitorios,9 unidades disponibles,Pisos 3 al 14,2 dorms.,87.73 m²,Modelo X03,Soles,"779,549",https://nexoinmobiliario.pe/proyecto/venta-de-departamento-3753-larco-1036-atemporal-flats-miraflores-miraflores-lima-lima-libre-inmobiliaria
31/12/2027,61 a 110 m2 total,Departamentos,1 a 3 dormitorios,1 unidad disponible,Piso 1,2 dorms.,110.00 m²,Modelo B-2a,Soles,"903,002",https://nexoinmobiliario.pe/proyecto/venta-de-departamento-3755-pardo-664-miraflores-lima-lima-morada
31/12/2027,61 a 110 m2 total,Departamentos,1 a 3 dormitorios,9 unidades disponibles,Pisos 3 al 18,2 dorms.,63.00 m²,Modelo A-2,Soles,"613,577",https://nexoinmobiliario.pe/proyecto/venta-de-departamento-3755-pardo-664-miraflores-lima-lima-morada
31/12/2027,61 a 110 m2 total,Departamentos,1 a 3 dormitorios,12 unidades disponibles,Pisos 3 al 21,2 dorms.,75.00 m²,Modelo B-1,Soles,"725,504",https://nexoinmobiliario.pe/proyecto/venta-de-departamento-3755-pardo-664-miraflores-lima-lima-morada
31/12/2027,61 a 110 m2 total,Departamentos,1 a 3 dormitorios,9 unidades disponibles,Pisos 2 al 21,2 dorms.,63.00 m²,Modelo B-3,Soles,"607,746",https://nexoinmobiliario.pe/proyecto/venta-de-departamento-3755-pardo-664-miraflores-lima-lima-morada
31/12/2027,61 a 110 m2 total,Departamentos,1 a 3 dormitorios,1 unidad disponible,Piso 3,1 dorms.,73.00 m²,Modelo A-1a,Soles,"673,021",https://nexoinmobiliario.pe/proyecto/venta-de-departamento-3755-pardo-664-miraflores-lima-lima-morada
31/12/2027,61 a 110 m2 total,Departamentos,1 a 3 dormitorios,8 unidades disponibles,Pisos 3 al 18,2 dorms.,61.00 m²,Modelo A-3,Soles,"604,069",https://nexoinmobiliario.pe/proyecto/venta-de-departamento-3755-pardo-664-miraflores-lima-lima-morada
Entrega inmediata,68 m2 total,Departamentos,1 dormitorios,1 unidad disponible,Piso 3,1 dorms.,68.00 m²,Modelo 304,Dólares,"207,601",https://nexoinmobiliario.pe/proyecto/venta-de-departamento-3773-arica-1090-miraflores-lima-lima-morada
31/12/2027,68.08 a 220.88 m2 total,Departamentos,1 a 3 dormitorios,1 unidad disponible,Piso,1 dorms.,144.23 m²,Modelo SS01,Soles,"833,872",https://nexoinmobiliario.pe/proyecto/venta-de-departamento-3780-torre-luxor-miraflores-lima-lima-inhouse
31/12/2027,68.08 a 220.88 m2 total,Departamentos,1 a 3 dormitorios,1 unidad disponible,Piso,1 dorms.,115.77 m²,Modelo SS02,Soles,"677,362",https://nexoinmobiliario.pe/proyecto/venta-de-departamento-3780-torre-luxor-miraflores-lima-lima-inhouse
31/12/2027,68.08 a 220.88 m2 total,Departamentos,1 a 3 dormitorios,1 unidad disponible,Piso 1,1 dorms.,68.08 m²,Modelo 102,Soles,"493,131",https://nexoinmobiliario.pe/proyecto/venta-de-departamento-3780-torre-luxor-miraflores-lima-lima-inhouse
31/12/2027,68.08 a 220.88 m2 total,Departamentos,1 a 3 dormitorios,7 unidades disponibles,Pisos 1 al 13,2 dorms.,100.74 m²,Modelo Tipo 4A,Soles,"668,348",https://nexoinmobiliario.pe/proyecto/venta-de-departamento-3780-torre-luxor-miraflores-lima-lima-inhouse
31/12/2027,68.08 a 220.88 m2 total,Departamentos,1 a 3 dormitorios,5 unidades disponibles,"Pisos 2, 3, 4, 6, 8",1 dorms.,71.15 m²,Modelo Tipo 5,Soles,"576,758",https://nexoinmobiliario.pe/proyecto/venta-de-departamento-3780-torre-luxor-miraflores-lima-lima-inhouse
31/12/2027,68.08 a 220.88 m2 total,Departamentos,1 a 3 dormitorios,4 unidades disponibles,"Pisos 3, 7, 11, 15",2 dorms.,101.60 m²,Modelo Tipo 6A,Soles,"684,485",https://nexoinmobiliario.pe/proyecto/venta-de-departamento-3780-torre-luxor-miraflores-lima-lima-inhouse
15/03/2027,62.12 a 136.43 m2 total,Departamentos,1 a 3 dormitorios,6 unidades disponibles,Pisos 2 al 11,2 dorms.,65.64 m²,Modelo X01,Soles,"608,811",https://nexoinmobiliario.pe/proyecto/venta-de-departamento-3787-barrio-verde-2-miraflores-lima-lima-belgica-edificaciones
15/03/2027,62.12 a 136.43 m2 total,Departamentos,1 a 3 dormitorios,1 unidad disponible,Piso 3,2 dorms.,72.02 m²,Modelo X02I,Soles,"718,400",https://nexoinmobiliario.pe/proyecto/venta-de-departamento-3787-barrio-verde-2-miraflores-lima-lima-belgica-edificaciones
15/03/2027,62.12 a 136.43 m2 total,Departamentos,1 a 3 dormitorios,1 unidad disponible,Piso 4,2 dorms.,72.02 m²,Modelo X02P,Soles,"718,400",https://nexoinmobiliario.pe/proyecto/venta-de-departamento-3787-barrio-verde-2-miraflores-lima-lima-belgica-edificaciones
15/03/2027,62.12 a 136.43 m2 total,Departamentos,1 a 3 dormitorios,3 unidades disponibles,"Pisos 3, 5, 7",2 dorms.,75.69 m²,Modelo X03I,Soles,"755,008",https://nexoinmobiliario.pe/proyecto/venta-de-departamento-3787-barrio-verde-2-miraflores-lima-lima-belgica-edificaciones
15/03/2027,62.12 a 136.43 m2 total,Departamentos,1 a 3 dormitorios,4 unidades disponibles,"Pisos 2, 4, 6, 8",2 dorms.,75.69 m²,Modelo X03P,Soles,"755,008",https://nexoinmobiliario.pe/proyecto/venta-de-departamento-3787-barrio-verde-2-miraflores-lima-lima-belgica-edificaciones
15/03/2027,62.12 a 136.43 m2 total,Departamentos,1 a 3 dormitorios,3 unidades disponibles,"Pisos 3, 9, 11",1 dorms.,72.11 m²,Modelo X05I,Soles,"681,440",https://nexoinmobiliario.pe/proyecto/venta-de-departamento-3787-barrio-verde-2-miraflores-lima-lima-belgica-edificaciones
31/07/2027,76.95 a 141.97 m2 total,Departamentos,1 a 3 dormitorios,1 unidad disponible,Piso 2,3 dorms.,105.86 m²,Modelo X022,Soles,"1,008,045",https://nexoinmobiliario.pe/proyecto/venta-de-departamento-3788-tempus-la-paz-miraflores-lima-lima-tempus-inmobiliaria
31/07/2027,76.95 a 141.97 m2 total,Departamentos,1 a 3 dormitorios,1 unidad disponible,Piso 2,2 dorms.,95.69 m²,Modelo X032,Soles,"950,190",https://nexoinmobiliario.pe/proyecto/venta-de-departamento-3788-tempus-la-paz-miraflores-lima-lima-tempus-inmobiliaria
31/07/2027,76.95 a 141.97 m2 total,Departamentos,1 a 3 dormitorios,1 unidad disponible,Piso 2,3 dorms.,99.81 m²,Modelo X042,Soles,"1,005,860",https://nexoinmobiliario.pe/proyecto/venta-de-departamento-3788-tempus-la-paz-miraflores-lima-lima-tempus-inmobiliaria
31/07/2027,76.95 a 141.97 m2 total,Departamentos,1 a 3 dormitorios,1 unidad disponible,Piso 2,3 dorms.,137.62 m²,Modelo X052,Soles,"1,371,610",https://nexoinmobiliario.pe/proyecto/venta-de-departamento-3788-tempus-la-paz-miraflores-lima-lima-tempus-inmobiliaria
31/07/2027,76.95 a 141.97 m2 total,Departamentos,1 a 3 dormitorios,5 unidades disponibles,"Pisos 4, 5, 6, 7, 8",3 dorms.,87.84 m²,Modelo X01,Soles,"810,445",https://nexoinmobiliario.pe/proyecto/venta-de-departamento-3788-tempus-la-paz-miraflores-lima-lima-tempus-inmobiliaria
31/07/2027,76.95 a 141.97 m2 total,Departamentos,1 a 3 dormitorios,6 unidades disponibles,Pisos 3 al 8,3 dorms.,105.86 m²,Modelo X02,Soles,"1,027,615",https://nexoinmobiliario.pe/proyecto/venta-de-departamento-3788-tempus-la-paz-miraflores-lima-lima-tempus-inmobiliaria
30/06/2028,76 a 225.07 m2 total,Departamentos,1 a 3 dormitorios,1 unidad disponible,Piso 1,2 dorms.,79.45 m²,Modelo X101,Dólares,"466,000",https://nexoinmobiliario.pe/proyecto/venta-de-departamento-3824-the-wave-miraflores-lima-lima-tale-inmobiliaria
30/06/2028,76 a 225.07 m2 total,Departamentos,1 a 3 dormitorios,1 unidad disponible,Piso 1,2 dorms.,80.00 m²,Modelo X102,Dólares,"463,000",https://nexoinmobiliario.pe/proyecto/venta-de-departamento-3824-the-wave-miraflores-lima-lima-tale-inmobiliaria
30/06/2028,76 a 225.07 m2 total,Departamentos,1 a 3 dormitorios,1 unidad disponible,Piso 2,2 dorms.,104.26 m²,Modelo X201,Dólares,"596,000",https://nexoinmobiliario.pe/proyecto/venta-de-departamento-3824-the-wave-miraflores-lima-lima-tale-inmobiliaria
30/06/2028,76 a 225.07 m2 total,Departamentos,1 a 3 dormitorios,1 unidad disponible,Piso 2,3 dorms.,137.49 m²,Modelo X202,Dólares,"770,000",https://nexoinmobiliario.pe/proyecto/venta-de-departamento-3824-the-wave-miraflores-lima-lima-tale-inmobiliaria
30/06/2028,76 a 225.07 m2 total,Departamentos,1 a 3 dormitorios,1 unidad disponible,Piso 2,2 dorms.,110.94 m²,Modelo X204,Dólares,"645,000",https://nexoinmobiliario.pe/proyecto/venta-de-departamento-3824-the-wave-miraflores-lima-lima-tale-inmobiliaria
30/06/2028,76 a 225.07 m2 total,Departamentos,1 a 3 dormitorios,1 unidad disponible,Piso 2,3 dorms.,130.26 m²,Modelo X205,Dólares,"624,000",https://nexoinmobiliario.pe/proyecto/venta-de-departamento-3824-the-wave-miraflores-lima-lima-tale-inmobiliaria
30/12/2027,64 a 219.54 m2 total,Departamentos,2 a 3 dormitorios,6 unidades disponibles,Pisos 2 al 7,2 dorms.,64.00 m²,Modelo X01 FLEX,Soles,"518,092",https://nexoinmobiliario.pe/proyecto/venta-de-departamento-3828-eccolo-miraflores-lima-lima-valico
30/12/2027,64 a 219.54 m2 total,Departamentos,2 a 3 dormitorios,4 unidades disponibles,"Pisos 3, 5, 6, 7",2 dorms.,64.34 m²,Modelo X02 FLEX,Soles,"531,770",https://nexoinmobiliario.pe/proyecto/venta-de-departamento-3828-eccolo-miraflores-lima-lima-valico
30/12/2027,64 a 219.54 m2 total,Departamentos,2 a 3 dormitorios,6 unidades disponibles,Pisos 2 al 7,2 dorms.,64.82 m²,Modelo X03 FLEX,Soles,"523,422",https://nexoinmobiliario.pe/proyecto/venta-de-departamento-3828-eccolo-miraflores-lima-lima-valico
30/12/2027,64 a 219.54 m2 total,Departamentos,2 a 3 dormitorios,5 unidades disponibles,"Pisos 3, 4, 5, 6, 7",3 dorms.,91.84 m²,Modelo X04 FLEX,Soles,"708,633",https://nexoinmobiliario.pe/proyecto/venta-de-departamento-3828-eccolo-miraflores-lima-lima-valico
30/12/2027,64 a 219.54 m2 total,Departamentos,2 a 3 dormitorios,4 unidades disponibles,"Pisos 5, 6, 7, 8",3 dorms.,88.03 m²,Modelo X06 FLEX,Soles,"702,479",https://nexoinmobiliario.pe/proyecto/venta-de-departamento-3828-eccolo-miraflores-lima-lima-valico
30/12/2027,64 a 219.54 m2 total,Departamentos,2 a 3 dormitorios,5 unidades disponibles,"Pisos 3, 4, 6, 7, 8",3 dorms.,91.02 m²,Modelo X07 FLEX,Soles,"717,693",https://nexoinmobiliario.pe/proyecto/venta-de-departamento-3828-eccolo-miraflores-lima-lima-valico
30/09/2028,61.11 a 110.34 m2 total,Departamentos,2 a 3 dormitorios,1 unidad disponible,Piso 1,3 dorms.,81.80 m²,Modelo S01A,Soles,"795,000",https://nexoinmobiliario.pe/proyecto/venta-de-departamento-3898-twins-miraflores-lima-lima-conforta-inmobiliaria
30/09/2028,61.11 a 110.34 m2 total,Departamentos,2 a 3 dormitorios,1 unidad disponible,Piso 1,3 dorms.,81.94 m²,Modelo X101,Soles,"741,000",https://nexoinmobiliario.pe/proyecto/venta-de-departamento-3898-twins-miraflores-lima-lima-conforta-inmobiliaria
30/09/2028,61.11 a 110.34 m2 total,Departamentos,2 a 3 dormitorios,10 unidades disponibles,Pisos 2 al 11,2 dorms.,61.11 m²,Modelo FLAT X01,Soles,"609,000",https://nexoinmobiliario.pe/proyecto/venta-de-departamento-3898-twins-miraflores-lima-lima-conforta-inmobiliaria
30/09/2028,61.11 a 110.34 m2 total,Departamentos,2 a 3 dormitorios,17 unidades disponibles,Pisos 2 al 11,3 dorms.,73.37 m²,Modelo FLAT X02,Soles,"670,000",https://nexoinmobiliario.pe/proyecto/venta-de-departamento-3898-twins-miraflores-lima-lima-conforta-inmobiliaria
30/09/2028,61.11 a 110.34 m2 total,Departamentos,2 a 3 dormitorios,11 unidades disponibles,Pisos 2 al 11,2 dorms.,61.75 m²,Modelo FLAT X03,Soles,"600,000",https://nexoinmobiliario.pe/proyecto/venta-de-departamento-3898-twins-miraflores-lima-lima-conforta-inmobiliaria
30/09/2028,61.11 a 110.34 m2 total,Departamentos,2 a 3 dormitorios,17 unidades disponibles,Pisos 2 al 12,2 dorms.,68.68 m²,Modelo FLAT X04,Soles,"616,000",https://nexoinmobiliario.pe/proyecto/venta-de-departamento-3898-twins-miraflores-lima-lima-conforta-inmobiliaria
30/07/2027,68.72 a 203.12 m2 total,Departamentos,2 a 3 dormitorios,1 unidad disponible,Piso 1,3 dorms.,112.43 m²,Modelo 1,Dólares,"294,786",https://nexoinmobiliario.pe/proyecto/venta-de-departamento-3970-samuel-marquez-231-miraflores-lima-lima-2k-inmobiliaria
30/07/2027,68.72 a 203.12 m2 total,Departamentos,2 a 3 dormitorios,1 unidad disponible,Piso 1,3 dorms.,203.12 m²,Modelo 2,Dólares,"426,729",https://nexoinmobiliario.pe/proyecto/venta-de-departamento-3970-samuel-marquez-231-miraflores-lima-lima-2k-inmobiliaria
30/07/2027,68.72 a 203.12 m2 total,Departamentos,2 a 3 dormitorios,3 unidades disponibles,"Pisos 4, 5, 8",3 dorms.,83.84 m²,Modelo X01,Dólares,"214,000",https://nexoinmobiliario.pe/proyecto/venta-de-departamento-3970-samuel-marquez-231-miraflores-lima-lima-2k-inmobiliaria
30/07/2027,68.72 a 203.12 m2 total,Departamentos,2 a 3 dormitorios,4 unidades disponibles,"Pisos 2, 3, 7, 8",3 dorms.,82.51 m²,Modelo X02,Dólares,"208,750",https://nexoinmobiliario.pe/proyecto/venta-de-departamento-3970-samuel-marquez-231-miraflores-lima-lima-2k-inmobiliaria
30/07/2027,68.72 a 203.12 m2 total,Departamentos,2 a 3 dormitorios,4 unidades disponibles,"Pisos 2, 4, 6, 8",2 dorms.,83.98 m²,Modelo X03,Dólares,"212,469",https://nexoinmobiliario.pe/proyecto/venta-de-departamento-3970-samuel-marquez-231-miraflores-lima-lima-2k-inmobiliaria
30/07/2027,68.72 a 203.12 m2 total,Departamentos,2 a 3 dormitorios,4 unidades disponibles,"Pisos 3, 5, 7, 9",2 dorms.,68.72 m²,Modelo Y03/X04,Dólares,"175,336",https://nexoinmobiliario.pe/proyecto/venta-de-departamento-3970-samuel-marquez-231-miraflores-lima-lima-2k-inmobiliaria
31/05/2028,81.88 a 161.64 m2 total,Departamentos,1 a 3 dormitorios,1 unidad disponible,Piso 2,1 dorms.,85.25 m²,Modelo 1A,Soles,"714,000",https://nexoinmobiliario.pe/proyecto/venta-de-departamento-3978-lima-15-miraflores-lima-lima-paz
31/05/2028,81.88 a 161.64 m2 total,Departamentos,1 a 3 dormitorios,5 unidades disponibles,"Pisos 2, 4, 8, 9, 10",2 dorms.,101.38 m²,Modelo 2,Soles,"883,000",https://nexoinmobiliario.pe/proyecto/venta-de-departamento-3978-lima-15-miraflores-lima-lima-paz
31/05/2028,81.88 a 161.64 m2 total,Departamentos,1 a 3 dormitorios,7 unidades disponibles,Pisos 2 al 10,2 dorms.,100.24 m²,Modelo 3,Soles,"935,000",https://nexoinmobiliario.pe/proyecto/venta-de-departamento-3978-lima-15-miraflores-lima-lima-paz
31/05/2028,81.88 a 161.64 m2 total,Departamentos,1 a 3 dormitorios,7 unidades disponibles,Pisos 2 al 10,2 dorms.,100.24 m²,Modelo 4,Soles,"935,000",https://nexoinmobiliario.pe/proyecto/venta-de-departamento-3978-lima-15-miraflores-lima-lima-paz
31/05/2028,81.88 a 161.64 m2 total,Departamentos,1 a 3 dormitorios,1 unidad disponible,Piso 2,1 dorms.,103.12 m²,Modelo 6A,Soles,"784,000",https://nexoinmobiliario.pe/proyecto/venta-de-departamento-3978-lima-15-miraflores-lima-lima-paz
31/05/2028,81.88 a 161.64 m2 total,Departamentos,1 a 3 dormitorios,1 unidad disponible,Piso 2,1 dorms.,157.05 m²,Modelo 7A,Soles,"1,092,000",https://nexoinmobiliario.pe/proyecto/venta-de-departamento-3978-lima-15-miraflores-lima-lima-paz
01/03/2028,60 a 142 m2 total,Departamentos,2 a 4 dormitorios,7 unidades disponibles,Pisos 2 al 9,3 dorms.,86.00 m²,Modelo X02,Soles,"830,000",https://nexoinmobiliario.pe/proyecto/venta-de-departamento-3981-versia-miraflores-lima-lima-cantabria
01/03/2028,60 a 142 m2 total,Departamentos,2 a 4 dormitorios,6 unidades disponibles,Pisos 2 al 8,3 dorms.,89.00 m²,Modelo X03,Soles,"830,000",https://nexoinmobiliario.pe/proyecto/venta-de-departamento-3981-versia-miraflores-lima-lima-cantabria
01/03/2028,60 a 142 m2 total,Departamentos,2 a 4 dormitorios,7 unidades disponibles,Pisos 2 al 9,2 dorms.,61.00 m²,Modelo X04,Soles,"600,000",https://nexoinmobiliario.pe/proyecto/venta-de-departamento-3981-versia-miraflores-lima-lima-cantabria
01/03/2028,60 a 142 m2 total,Departamentos,2 a 4 dormitorios,4 unidades disponibles,"Pisos 3, 6, 8, 9",3 dorms.,98.00 m²,Modelo X01,Soles,"990,000",https://nexoinmobiliario.pe/proyecto/venta-de-departamento-3981-versia-miraflores-lima-lima-cantabria
01/03/2028,60 a 142 m2 total,Departamentos,2 a 4 dormitorios,6 unidades disponibles,Pisos 2 al 8,2 dorms.,61.00 m²,Modelo X05,Soles,"600,000",https://nexoinmobiliario.pe/proyecto/venta-de-departamento-3981-versia-miraflores-lima-lima-cantabria
01/03/2028,60 a 142 m2 total,Departamentos,2 a 4 dormitorios,6 unidades disponibles,Pisos 2 al 8,2 dorms.,61.00 m²,Modelo X06,Soles,"600,000",https://nexoinmobiliario.pe/proyecto/venta-de-departamento-3981-versia-miraflores-lima-lima-cantabria
27/07/2028,61.51 a 126.10 m2 total,Departamentos,2 a 3 dormitorios,1 unidad disponible,Piso 1,3 dorms.,76.62 m²,Modelo X101,Soles,"612,000",https://nexoinmobiliario.pe/proyecto/venta-de-departamento-4028-lyra-miraflores-lima-lima-make-inmobiliaria
27/07/2028,61.51 a 126.10 m2 total,Departamentos,2 a 3 dormitorios,1 unidad disponible,Piso 1,2 dorms.,61.86 m²,Modelo X102,Soles,"528,000",https://nexoinmobiliario.pe/proyecto/venta-de-departamento-4028-lyra-miraflores-lima-lima-make-inmobiliaria
27/07/2028,61.51 a 126.10 m2 total,Departamentos,2 a 3 dormitorios,1 unidad disponible,Piso 1,3 dorms.,74.69 m²,Modelo X103,Soles,"600,000",https://nexoinmobiliario.pe/proyecto/venta-de-departamento-4028-lyra-miraflores-lima-lima-make-inmobiliaria
27/07/2028,61.51 a 126.10 m2 total,Departamentos,2 a 3 dormitorios,1 unidad disponible,Piso 2,3 dorms.,79.52 m²,Modelo X201,Soles,"637,000",https://nexoinmobiliario.pe/proyecto/venta-de-departamento-4028-lyra-miraflores-lima-lima-make-inmobiliaria
27/07/2028,61.51 a 126.10 m2 total,Departamentos,2 a 3 dormitorios,1 unidad disponible,Piso 2,3 dorms.,82.05 m²,Modelo X202,Soles,"672,000",https://nexoinmobiliario.pe/proyecto/venta-de-departamento-4028-lyra-miraflores-lima-lima-make-inmobiliaria
27/07/2028,61.51 a 126.10 m2 total,Departamentos,2 a 3 dormitorios,1 unidad disponible,Piso 2,3 dorms.,80.58 m²,Modelo X205,Soles,"649,000",https://nexoinmobiliario.pe/proyecto/venta-de-departamento-4028-lyra-miraflores-lima-lima-make-inmobiliaria
31/07/2027,65 a 193.38 m2 total,Departamentos,2 a 4 dormitorios,1 unidad disponible,Piso 1,3 dorms.,108.22 m²,Modelo Dpto. 101,Dólares,"247,000",https://nexoinmobiliario.pe/proyecto/venta-de-departamento-4035-oslo-apartments-miraflores-lima-lima-ee-inmobiliaria
31/07/2027,65 a 193.38 m2 total,Departamentos,2 a 4 dormitorios,5 unidades disponibles,"Pisos 2, 3, 4, 5, 7",2 dorms.,95.73 m²,Modelo Tipo 01,Dólares,"244,500",https://nexoinmobiliario.pe/proyecto/venta-de-departamento-4035-oslo-apartments-miraflores-lima-lima-ee-inmobiliaria
31/07/2027,65 a 193.38 m2 total,Departamentos,2 a 4 dormitorios,5 unidades disponibles,"Pisos 2, 3, 4, 5, 6",2 dorms.,95.69 m²,Modelo Tipo 02,Dólares,"244,500",https://nexoinmobiliario.pe/proyecto/venta-de-departamento-4035-oslo-apartments-miraflores-lima-lima-ee-inmobiliaria
31/07/2027,65 a 193.38 m2 total,Departamentos,2 a 4 dormitorios,6 unidades disponibles,Pisos 2 al 7,2 dorms.,89.37 m²,Modelo Tipo 03,Dólares,"220,500",https://nexoinmobiliario.pe/proyecto/venta-de-departamento-4035-oslo-apartments-miraflores-lima-lima-ee-inmobiliaria
31/07/2027,65 a 193.38 m2 total,Departamentos,2 a 4 dormitorios,6 unidades disponibles,Pisos 2 al 7,2 dorms.,90.00 m²,Modelo Tipo 04,Dólares,"222,500",https://nexoinmobiliario.pe/proyecto/venta-de-departamento-4035-oslo-apartments-miraflores-lima-lima-ee-inmobiliaria
31/07/2027,65 a 193.38 m2 total,Departamentos,2 a 4 dormitorios,5 unidades disponibles,"Pisos 2, 3, 5, 6, 7",2 dorms.,65.00 m²,Modelo Tipo 05,Dólares,"169,500",https://nexoinmobiliario.pe/proyecto/venta-de-departamento-4035-oslo-apartments-miraflores-lima-lima-ee-inmobiliaria
30/09/2027,121.19 a 337.79 m2 total,Departamentos,3 dormitorios,1 unidad disponible,Piso 1,3 dorms.,282.08 m²,Modelo A,Soles,"2,138,000",https://nexoinmobiliario.pe/proyecto/venta-de-departamento-4045-almendra-miraflores-lima-lima-mohëm-inmobiliaria
30/09/2027,121.19 a 337.79 m2 total,Departamentos,3 dormitorios,3 unidades disponibles,"Pisos 2, 3, 4",3 dorms.,169.33 m²,Modelo B,Soles,"1,710,000",https://nexoinmobiliario.pe/proyecto/venta-de-departamento-4045-almendra-miraflores-lima-lima-mohëm-inmobiliaria
30/09/2027,121.19 a 337.79 m2 total,Departamentos,3 dormitorios,1 unidad disponible,Piso 2,3 dorms.,121.19 m²,Modelo C,Soles,"1,300,000",https://nexoinmobiliario.pe/proyecto/venta-de-departamento-4045-almendra-miraflores-lima-lima-mohëm-inmobiliaria
30/06/2028,60.05 a 74.84 m2 total,Departamentos,2 a 3 dormitorios,1 unidad disponible,Piso 4,2 dorms.,68.70 m²,Modelo Tipo A2,Soles,"772,390",https://nexoinmobiliario.pe/proyecto/venta-de-departamento-4069-legacy-miraflores-lima-lima-edifica
30/06/2028,60.05 a 74.84 m2 total,Departamentos,2 a 3 dormitorios,1 unidad disponible,Piso 12,3 dorms.,70.19 m²,Modelo Tipo A3,Soles,"806,307",https://nexoinmobiliario.pe/proyecto/venta-de-departamento-4069-legacy-miraflores-lima-lima-edifica
30/06/2028,60.05 a 74.84 m2 total,Departamentos,2 a 3 dormitorios,1 unidad disponible,Piso 4,2 dorms.,68.92 m²,Modelo Tipo A4,Soles,"769,959",https://nexoinmobiliario.pe/proyecto/venta-de-departamento-4069-legacy-miraflores-lima-lima-edifica
30/06/2028,60.05 a 74.84 m2 total,Departamentos,2 a 3 dormitorios,4 unidades disponibles,"Pisos 5, 7, 10, 12",2 dorms.,61.34 m²,Modelo Tipo A7,Soles,"666,972",https://nexoinmobiliario.pe/proyecto/venta-de-departamento-4069-legacy-miraflores-lima-lima-edifica
30/06/2028,60.05 a 74.84 m2 total,Departamentos,2 a 3 dormitorios,3 unidades disponibles,"Pisos 10, 12, 15",3 dorms.,74.84 m²,Modelo Tipo A8,Soles,"730,471",https://nexoinmobiliario.pe/proyecto/venta-de-departamento-4069-legacy-miraflores-lima-lima-edifica
30/06/2028,60.05 a 74.84 m2 total,Departamentos,2 a 3 dormitorios,1 unidad disponible,Piso 15,2 dorms.,63.46 m²,Modelo Tipo B1,Soles,"637,299",https://nexoinmobiliario.pe/proyecto/venta-de-departamento-4069-legacy-miraflores-lima-lima-edifica
08/05/2028,64.97 a 172.85 m2 total,Departamentos,2 a 3 dormitorios,1 unidad disponible,Piso 1,2 dorms.,103.90 m²,Modelo Modelo 1A,Soles,"717,000",https://nexoinmobiliario.pe/proyecto/venta-de-departamento-4088-albamar-move-miraflores-lima-lima-albamar-grupo-inmobiliario
08/05/2028,64.97 a 172.85 m2 total,Departamentos,2 a 3 dormitorios,7 unidades disponibles,Pisos 2 al 9,2 dorms.,68.67 m²,Modelo Modelo 1,Soles,"565,500",https://nexoinmobiliario.pe/proyecto/venta-de-departamento-4088-albamar-move-miraflores-lima-lima-albamar-grupo-inmobiliario
08/05/2028,64.97 a 172.85 m2 total,Departamentos,2 a 3 dormitorios,5 unidades disponibles,"Pisos 10, 11, 12, 13, 16",2 dorms.,68.26 m²,Modelo Modelo 1B,Soles,"593,400",https://nexoinmobiliario.pe/proyecto/venta-de-departamento-4088-albamar-move-miraflores-lima-lima-albamar-grupo-inmobiliario
08/05/2028,64.97 a 172.85 m2 total,Departamentos,2 a 3 dormitorios,5 unidades disponibles,"Pisos 17, 18, 19, 20, 21",2 dorms.,84.08 m²,Modelo Modelo 1C,Soles,"735,000",https://nexoinmobiliario.pe/proyecto/venta-de-departamento-4088-albamar-move-miraflores-lima-lima-albamar-grupo-inmobiliario
08/05/2028,64.97 a 172.85 m2 total,Departamentos,2 a 3 dormitorios,5 unidades disponibles,"Pisos 3, 4, 5, 8, 9",2 dorms.,65.68 m²,Modelo Modelo 2,Soles,"620,900",https://nexoinmobiliario.pe/proyecto/venta-de-departamento-4088-albamar-move-miraflores-lima-lima-albamar-grupo-inmobiliario
08/05/2028,64.97 a 172.85 m2 total,Departamentos,2 a 3 dormitorios,5 unidades disponibles,"Pisos 11, 13, 14, 15, 16",2 dorms.,64.97 m²,Modelo Modelo 2B,Soles,"638,000",https://nexoinmobiliario.pe/proyecto/venta-de-departamento-4088-albamar-move-miraflores-lima-lima-albamar-grupo-inmobiliario
31/12/2027,80.15 a 163.58 m2 total,Departamentos,2 a 3 dormitorios,1 unidad disponible,Piso 1,3 dorms.,131.04 m²,Modelo Tipo 1,Soles,"1,032,800",https://nexoinmobiliario.pe/proyecto/venta-de-departamento-4099-ancora-miraflores-lima-lima-beca-inmobiliaria
31/12/2027,80.15 a 163.58 m2 total,Departamentos,2 a 3 dormitorios,1 unidad disponible,Piso 1,3 dorms.,157.31 m²,Modelo Tipo 2,Soles,"1,050,268",https://nexoinmobiliario.pe/proyecto/venta-de-departamento-4099-ancora-miraflores-lima-lima-beca-inmobiliaria
31/12/2027,80.15 a 163.58 m2 total,Departamentos,2 a 3 dormitorios,1 unidad disponible,Piso 2,2 dorms.,80.15 m²,Modelo Tipo 3,Soles,"721,275",https://nexoinmobiliario.pe/proyecto/venta-de-departamento-4099-ancora-miraflores-lima-lima-beca-inmobiliaria
31/12/2027,80.15 a 163.58 m2 total,Departamentos,2 a 3 dormitorios,7 unidades disponibles,Pisos 2 al 8,3 dorms.,80.40 m²,Modelo Tipo 5,Soles,"723,400",https://nexoinmobiliario.pe/proyecto/venta-de-departamento-4099-ancora-miraflores-lima-lima-beca-inmobiliaria
31/12/2027,80.15 a 163.58 m2 total,Departamentos,2 a 3 dormitorios,4 unidades disponibles,"Pisos 3, 4, 6, 7",3 dorms.,116.50 m²,Modelo Tipo 6,Soles,"1,030,250",https://nexoinmobiliario.pe/proyecto/venta-de-departamento-4099-ancora-miraflores-lima-lima-beca-inmobiliaria
31/12/2027,80.15 a 163.58 m2 total,Departamentos,2 a 3 dormitorios,4 unidades disponibles,"Pisos 3, 4, 6, 7",3 dorms.,116.92 m²,Modelo Tipo 7,Soles,"1,033,820",https://nexoinmobiliario.pe/proyecto/venta-de-departamento-4099-ancora-miraflores-lima-lima-beca-inmobiliaria
30/06/2027,116.80 a 263.55 m2 total,Departamentos,2 a 3 dormitorios,1 unidad disponible,Piso 2,2 dorms.,116.80 m²,Modelo 201,Soles,"1,142,007",https://nexoinmobiliario.pe/proyecto/venta-de-departamento-4109-parque-gladiolos-miraflores-lima-lima-orizzonte-grupo-inmobiliario
30/06/2028,68.03 a 172.89 m2 total,Departamentos,1 a 2 dormitorios,1 unidad disponible,Piso 1,1 dorms.,120.74 m²,Modelo 101,Soles,"904,000",https://nexoinmobiliario.pe/proyecto/venta-de-departamento-4118-apartamentos-essenziale-miraflores-miraflores-lima-lima-inverplus
30/06/2028,68.03 a 172.89 m2 total,Departamentos,1 a 2 dormitorios,1 unidad disponible,Piso 1,2 dorms.,158.94 m²,Modelo 102,Soles,"1,174,000",https://nexoinmobiliario.pe/proyecto/venta-de-departamento-4118-apartamentos-essenziale-miraflores-miraflores-lima-lima-inverplus
30/06/2028,68.03 a 172.89 m2 total,Departamentos,1 a 2 dormitorios,1 unidad disponible,Piso 1,1 dorms.,134.31 m²,Modelo 103,Soles,"987,000",https://nexoinmobiliario.pe/proyecto/venta-de-departamento-4118-apartamentos-essenziale-miraflores-miraflores-lima-lima-inverplus
30/06/2028,68.03 a 172.89 m2 total,Departamentos,1 a 2 dormitorios,8 unidades disponibles,Pisos 2 al 10,1 dorms.,69.69 m²,Modelo TIPO 1,Soles,"572,000",https://nexoinmobiliario.pe/proyecto/venta-de-departamento-4118-apartamentos-essenziale-miraflores-miraflores-lima-lima-inverplus
30/06/2028,68.03 a 172.89 m2 total,Departamentos,1 a 2 dormitorios,9 unidades disponibles,Pisos 2 al 10,2 dorms.,87.16 m²,Modelo TIPO 2,Soles,"719,000",https://nexoinmobiliario.pe/proyecto/venta-de-departamento-4118-apartamentos-essenziale-miraflores-miraflores-lima-lima-inverplus
30/06/2028,68.03 a 172.89 m2 total,Departamentos,1 a 2 dormitorios,8 unidades disponibles,Pisos 2 al 9,1 dorms.,68.03 m²,Modelo TIPO 3,Soles,"566,000",https://nexoinmobiliario.pe/proyecto/venta-de-departamento-4118-apartamentos-essenziale-miraflores-miraflores-lima-lima-inverplus
31/10/2026,79.59 a 105.36 m2 total,Departamentos,2 a 3 dormitorios,1 unidad disponible,Piso 1,2 dorms.,95.10 m²,Modelo Tipo 5,Soles,"937,686",https://nexoinmobiliario.pe/proyecto/venta-de-departamento-4135-mirahome-miraflores-lima-lima-cambrils
31/10/2026,79.59 a 105.36 m2 total,Departamentos,2 a 3 dormitorios,1 unidad disponible,Piso 1,2 dorms.,97.46 m²,Modelo Tipo 6,Soles,"914,175",https://nexoinmobiliario.pe/proyecto/venta-de-departamento-4135-mirahome-miraflores-lima-lima-cambrils
31/10/2026,79.59 a 105.36 m2 total,Departamentos,2 a 3 dormitorios,1 unidad disponible,Piso 13,2 dorms.,79.59 m²,Modelo Tipo 2,Soles,"838,879",https://nexoinmobiliario.pe/proyecto/venta-de-departamento-4135-mirahome-miraflores-lima-lima-cambrils
31/10/2026,79.59 a 105.36 m2 total,Departamentos,2 a 3 dormitorios,4 unidades disponibles,"Pisos 3, 4, 7, 9",3 dorms.,105.36 m²,Modelo Tipo 3,Soles,"1,038,850",https://nexoinmobiliario.pe/proyecto/venta-de-departamento-4135-mirahome-miraflores-lima-lima-cambrils
31/10/2026,79.59 a 105.36 m2 total,Departamentos,2 a 3 dormitorios,7 unidades disponibles,Pisos 4 al 12,2 dorms.,93.28 m²,Modelo Tipo 1,Soles,"919,741",https://nexoinmobiliario.pe/proyecto/venta-de-departamento-4135-mirahome-miraflores-lima-lima-cambrils
31/10/2026,79.59 a 105.36 m2 total,Departamentos,2 a 3 dormitorios,1 unidad disponible,Piso 11,2 dorms.,93.70 m²,Modelo Tipo 7,Soles,"923,882",https://nexoinmobiliario.pe/proyecto/venta-de-departamento-4135-mirahome-miraflores-lima-lima-cambrils
31/12/2027,80.01 a 136.99 m2 total,Departamentos,1 a 3 dormitorios,1 unidad disponible,Piso 1,1 dorms.,136.99 m²,Modelo TIPO 1B,Soles,"1,086,317",https://nexoinmobiliario.pe/proyecto/venta-de-departamento-4153-vivienne-by-vive-miraflores-lima-lima-vive-plm
31/12/2027,80.01 a 136.99 m2 total,Departamentos,1 a 3 dormitorios,1 unidad disponible,Piso 1,1 dorms.,128.93 m²,Modelo TIPO 2B,Soles,"999,939",https://nexoinmobiliario.pe/proyecto/venta-de-departamento-4153-vivienne-by-vive-miraflores-lima-lima-vive-plm
31/12/2027,80.01 a 136.99 m2 total,Departamentos,1 a 3 dormitorios,1 unidad disponible,Piso 1,1 dorms.,99.51 m²,Modelo TIPO 3B,Soles,"839,360",https://nexoinmobiliario.pe/proyecto/venta-de-departamento-4153-vivienne-by-vive-miraflores-lima-lima-vive-plm
31/12/2027,80.01 a 136.99 m2 total,Departamentos,1 a 3 dormitorios,5 unidades disponibles,"Pisos 2, 4, 6, 8, 10",2 dorms.,100.00 m²,Modelo TIPO 1,Soles,"910,000",https://nexoinmobiliario.pe/proyecto/venta-de-departamento-4153-vivienne-by-vive-miraflores-lima-lima-vive-plm
31/12/2027,80.01 a 136.99 m2 total,Departamentos,1 a 3 dormitorios,5 unidades disponibles,"Pisos 2, 4, 6, 8, 10",1 dorms.,80.49 m²,Modelo TIPO 2,Soles,"740,184",https://nexoinmobiliario.pe/proyecto/venta-de-departamento-4153-vivienne-by-vive-miraflores-lima-lima-vive-plm
31/12/2027,80.01 a 136.99 m2 total,Departamentos,1 a 3 dormitorios,4 unidades disponibles,"Pisos 2, 4, 6, 8",2 dorms.,100.98 m²,Modelo TIPO 3,Soles,"915,779",https://nexoinmobiliario.pe/proyecto/venta-de-departamento-4153-vivienne-by-vive-miraflores-lima-lima-vive-plm
31/03/2028,70.30 a 141.80 m2 total,Departamentos,1 a 2 dormitorios,1 unidad disponible,Piso 1,1 dorms.,114.40 m²,Modelo SS02,Soles,"662,419",https://nexoinmobiliario.pe/proyecto/venta-de-departamento-4154-sienna-miraflores-lima-lima-inhouse
31/03/2028,70.30 a 141.80 m2 total,Departamentos,1 a 2 dormitorios,1 unidad disponible,Piso 1,2 dorms.,108.60 m²,Modelo SS03,Soles,"631,276",https://nexoinmobiliario.pe/proyecto/venta-de-departamento-4154-sienna-miraflores-lima-lima-inhouse
31/03/2028,70.30 a 141.80 m2 total,Departamentos,1 a 2 dormitorios,1 unidad disponible,Piso 1,2 dorms.,109.00 m²,Modelo 101,Soles,"784,198",https://nexoinmobiliario.pe/proyecto/venta-de-departamento-4154-sienna-miraflores-lima-lima-inhouse
31/03/2028,70.30 a 141.80 m2 total,Departamentos,1 a 2 dormitorios,1 unidad disponible,Piso 1,2 dorms.,83.90 m²,Modelo 103,Soles,"627,160",https://nexoinmobiliario.pe/proyecto/venta-de-departamento-4154-sienna-miraflores-lima-lima-inhouse
31/03/2028,70.30 a 141.80 m2 total,Departamentos,1 a 2 dormitorios,1 unidad disponible,Piso 1,2 dorms.,87.10 m²,Modelo 104,Soles,"619,149",https://nexoinmobiliario.pe/proyecto/venta-de-departamento-4154-sienna-miraflores-lima-lima-inhouse
31/03/2028,70.30 a 141.80 m2 total,Departamentos,1 a 2 dormitorios,1 unidad disponible,Piso 5,2 dorms.,80.40 m²,Modelo X1,Soles,"672,993",https://nexoinmobiliario.pe/proyecto/venta-de-departamento-4154-sienna-miraflores-lima-lima-inhouse
31/12/2028,80.60 a 187.32 m2 total,Departamentos,1 a 3 dormitorios,1 unidad disponible,Piso 1,2 dorms.,99.18 m²,Modelo SS03,Soles,"827,410",https://nexoinmobiliario.pe/proyecto/venta-de-departamento-4155-chacaltana-361-miraflores-lima-lima-frontera
31/12/2028,80.60 a 187.32 m2 total,Departamentos,1 a 3 dormitorios,1 unidad disponible,Piso 1,3 dorms.,187.32 m²,Modelo SS02,Soles,"1,372,550",https://nexoinmobiliario.pe/proyecto/venta-de-departamento-4155-chacaltana-361-miraflores-lima-lima-frontera
31/12/2028,80.60 a 187.32 m2 total,Departamentos,1 a 3 dormitorios,1 unidad disponible,Piso 1,2 dorms.,135.93 m²,Modelo SS01,Soles,"1,088,340",https://nexoinmobiliario.pe/proyecto/venta-de-departamento-4155-chacaltana-361-miraflores-lima-lima-frontera
31/12/2028,80.60 a 187.32 m2 total,Departamentos,1 a 3 dormitorios,1 unidad disponible,Piso 1,2 dorms.,80.61 m²,Modelo 103,Soles,"756,600",https://nexoinmobiliario.pe/proyecto/venta-de-departamento-4155-chacaltana-361-miraflores-lima-lima-frontera
31/12/2028,80.60 a 187.32 m2 total,Departamentos,1 a 3 dormitorios,1 unidad disponible,Piso 1,3 dorms.,111.09 m²,Modelo 102,Soles,"1,042,750",https://nexoinmobiliario.pe/proyecto/venta-de-departamento-4155-chacaltana-361-miraflores-lima-lima-frontera
31/12/2028,80.60 a 187.32 m2 total,Departamentos,1 a 3 dormitorios,1 unidad disponible,Piso 1,2 dorms.,110.67 m²,Modelo 101,Soles,"1,038,870",https://nexoinmobiliario.pe/proyecto/venta-de-departamento-4155-chacaltana-361-miraflores-lima-lima-frontera
01/01/2028,86.20 a 257.70 m2 total,Departamentos,1 a 3 dormitorios,1 unidad disponible,Piso 1,3 dorms.,170.20 m²,Modelo 1-C,Soles,"1,418,000",https://nexoinmobiliario.pe/proyecto/venta-de-departamento-4172-cordova-miraflores-lima-lima-verdant-inmobiliaria
01/01/2028,86.20 a 257.70 m2 total,Departamentos,1 a 3 dormitorios,1 unidad disponible,Piso 1,1 dorms.,158.80 m²,Modelo 4-B,Soles,"990,000",https://nexoinmobiliario.pe/proyecto/venta-de-departamento-4172-cordova-miraflores-lima-lima-verdant-inmobiliaria
01/01/2028,86.20 a 257.70 m2 total,Departamentos,1 a 3 dormitorios,4 unidades disponibles,"Pisos 3, 4, 5, 6",1 dorms.,90.10 m²,Modelo 4-A,Soles,"795,000",https://nexoinmobiliario.pe/proyecto/venta-de-departamento-4172-cordova-miraflores-lima-lima-verdant-inmobiliaria
01/01/2028,86.20 a 257.70 m2 total,Departamentos,1 a 3 dormitorios,5 unidades disponibles,"Pisos 3, 4, 5, 6, 7",1 dorms.,86.20 m²,Modelo 5-A,Soles,"757,000",https://nexoinmobiliario.pe/proyecto/venta-de-departamento-4172-cordova-miraflores-lima-lima-verdant-inmobiliaria
01/01/2028,86.20 a 257.70 m2 total,Departamentos,1 a 3 dormitorios,3 unidades disponibles,"Pisos 3, 5, 7",2 dorms.,129.00 m²,Modelo 1-A,Soles,"1,069,000",https://nexoinmobiliario.pe/proyecto/venta-de-departamento-4172-cordova-miraflores-lima-lima-verdant-inmobiliaria
01/01/2028,86.20 a 257.70 m2 total,Departamentos,1 a 3 dormitorios,1 unidad disponible,Piso 4,2 dorms.,130.00 m²,Modelo 3-C,Soles,"1,145,000",https://nexoinmobiliario.pe/proyecto/venta-de-departamento-4172-cordova-miraflores-lima-lima-verdant-inmobiliaria
31/08/2028,81 a 172 m2 total,Departamentos,2 a 3 dormitorios,1 unidad disponible,Piso 1,2 dorms.,142.00 m²,Modelo Flat 101,Dólares,"420,000",https://nexoinmobiliario.pe/proyecto/venta-de-departamento-4196-merino-190-miraflores-lima-lima-aurora-grupo-inmobiliario
31/08/2028,81 a 172 m2 total,Departamentos,2 a 3 dormitorios,1 unidad disponible,Piso 1,2 dorms.,170.00 m²,Modelo Flat 102,Dólares,"490,000",https://nexoinmobiliario.pe/proyecto/venta-de-departamento-4196-merino-190-miraflores-lima-lima-aurora-grupo-inmobiliario
31/08/2028,81 a 172 m2 total,Departamentos,2 a 3 dormitorios,1 unidad disponible,Piso 2,2 dorms.,116.00 m²,Modelo Flat 202,Dólares,"370,000",https://nexoinmobiliario.pe/proyecto/venta-de-departamento-4196-merino-190-miraflores-lima-lima-aurora-grupo-inmobiliario
31/08/2028,81 a 172 m2 total,Departamentos,2 a 3 dormitorios,2 unidades disponibles,Pisos 3 y 4,2 dorms.,85.00 m²,Modelo Tipo 01,Dólares,"259,000",https://nexoinmobiliario.pe/proyecto/venta-de-departamento-4196-merino-190-miraflores-lima-lima-aurora-grupo-inmobiliario
31/08/2028,81 a 172 m2 total,Departamentos,2 a 3 dormitorios,2 unidades disponibles,Pisos 3 y 4,2 dorms.,82.00 m²,Modelo Tipo 02,Dólares,"260,000",https://nexoinmobiliario.pe/proyecto/venta-de-departamento-4196-merino-190-miraflores-lima-lima-aurora-grupo-inmobiliario
31/08/2028,81 a 172 m2 total,Departamentos,2 a 3 dormitorios,2 unidades disponibles,Pisos 3 y 4,2 dorms.,83.00 m²,Modelo Tipo 03,Dólares,"260,000",https://nexoinmobiliario.pe/proyecto/venta-de-departamento-4196-merino-190-miraflores-lima-lima-aurora-grupo-inmobiliario
30/12/2027,81.69 a 255.58 m2 total,Departamentos,2 a 3 dormitorios,3 unidades disponibles,"Pisos 2, 3, 5",2 dorms.,90.76 m²,Modelo Tipo 01,Dólares,"265,927",https://nexoinmobiliario.pe/proyecto/venta-de-departamento-4199-independencia-teruel-miraflores-lima-lima-cc17
30/12/2027,81.69 a 255.58 m2 total,Departamentos,2 a 3 dormitorios,4 unidades disponibles,"Pisos 2, 3, 4, 5",3 dorms.,123.20 m²,Modelo Tipo 02,Dólares,"360,976",https://nexoinmobiliario.pe/proyecto/venta-de-departamento-4199-independencia-teruel-miraflores-lima-lima-cc17
30/12/2027,81.69 a 255.58 m2 total,Departamentos,2 a 3 dormitorios,5 unidades disponibles,"Pisos 2, 3, 4, 5, 6",3 dorms.,110.59 m²,Modelo Tipo 03,Dólares,"324,029",https://nexoinmobiliario.pe/proyecto/venta-de-departamento-4199-independencia-teruel-miraflores-lima-lima-cc17
30/12/2027,81.69 a 255.58 m2 total,Departamentos,2 a 3 dormitorios,4 unidades disponibles,"Pisos 2, 3, 4, 5",2 dorms.,89.30 m²,Modelo Tipo 04,Dólares,"261,649",https://nexoinmobiliario.pe/proyecto/venta-de-departamento-4199-independencia-teruel-miraflores-lima-lima-cc17
30/12/2027,81.69 a 255.58 m2 total,Departamentos,2 a 3 dormitorios,4 unidades disponibles,"Pisos 2, 3, 4, 5",2 dorms.,81.69 m²,Modelo Tipo 05,Dólares,"239,352",https://nexoinmobiliario.pe/proyecto/venta-de-departamento-4199-independencia-teruel-miraflores-lima-lima-cc17
31/07/2027,55 a 97 m2 total,Departamentos,2 a 3 dormitorios,3 unidades disponibles,"Pisos 11, 12, 13",2 dorms.,92.00 m²,Modelo Z03,Soles,"790,250",https://nexoinmobiliario.pe/proyecto/venta-de-departamento-4214-proyecto-menta-miraflores-lima-lima-galeon-inmobiliaria
31/07/2027,55 a 97 m2 total,Departamentos,2 a 3 dormitorios,3 unidades disponibles,"Pisos 11, 12, 13",2 dorms.,97.00 m²,Modelo Z04,Soles,"832,655",https://nexoinmobiliario.pe/proyecto/venta-de-departamento-4214-proyecto-menta-miraflores-lima-lima-galeon-inmobiliaria
31/07/2027,55 a 97 m2 total,Departamentos,2 a 3 dormitorios,1 unidad disponible,Piso 2,2 dorms.,63.00 m²,Modelo 206,Soles,"512,930",https://nexoinmobiliario.pe/proyecto/venta-de-departamento-4214-proyecto-menta-miraflores-lima-lima-galeon-inmobiliaria
31/07/2027,55 a 97 m2 total,Departamentos,2 a 3 dormitorios,2 unidades disponibles,Pisos 5 y 6,2 dorms.,59.00 m²,Modelo X01,Soles,"578,200",https://nexoinmobiliario.pe/proyecto/venta-de-departamento-4214-proyecto-menta-miraflores-lima-lima-galeon-inmobiliaria
31/07/2027,55 a 97 m2 total,Departamentos,2 a 3 dormitorios,4 unidades disponibles,"Pisos 2, 5, 6, 7",2 dorms.,55.00 m²,Modelo X02,Soles,"539,000",https://nexoinmobiliario.pe/proyecto/venta-de-departamento-4214-proyecto-menta-miraflores-lima-lima-galeon-inmobiliaria
31/07/2027,55 a 97 m2 total,Departamentos,2 a 3 dormitorios,3 unidades disponibles,"Pisos 5, 6, 7",2 dorms.,59.00 m²,Modelo X04,Soles,"565,975",https://nexoinmobiliario.pe/proyecto/venta-de-departamento-4214-proyecto-menta-miraflores-lima-lima-galeon-inmobiliaria
30/06/2028,86 a 191 m2 total,Departamentos,2 a 3 dormitorios,1 unidad disponible,Piso 2,2 dorms.,86.00 m²,Modelo Flat 201,Dólares,"295,000",https://nexoinmobiliario.pe/proyecto/venta-de-departamento-4222-san-fernando-455-miraflores-lima-lima-aurora-grupo-inmobiliario
30/06/2028,86 a 191 m2 total,Departamentos,2 a 3 dormitorios,3 unidades disponibles,"Pisos 3, 4, 5",3 dorms.,127.00 m²,Modelo X01,Dólares,"435,000",https://nexoinmobiliario.pe/proyecto/venta-de-departamento-4222-san-fernando-455-miraflores-lima-lima-aurora-grupo-inmobiliario
30/06/2028,86 a 191 m2 total,Departamentos,2 a 3 dormitorios,3 unidades disponibles,"Pisos 3, 6, 7",3 dorms.,150.00 m²,Modelo X02,Dólares,"505,000",https://nexoinmobiliario.pe/proyecto/venta-de-departamento-4222-san-fernando-455-miraflores-lima-lima-aurora-grupo-inmobiliario
31/10/2026,97.55 a 192.34 m2 total,Departamentos,3 dormitorios,1 unidad disponible,Piso 7,3 dorms.,100.17 m²,Modelo X01,Dólares,"251,500",https://nexoinmobiliario.pe/proyecto/venta-de-departamento-4234-killa-miraflores-lima-lima-becamm-inversiones-sac
31/10/2026,97.55 a 192.34 m2 total,Departamentos,3 dormitorios,6 unidades disponibles,Pisos 3 al 9,3 dorms.,97.55 m²,Modelo X03,Dólares,"221,000",https://nexoinmobiliario.pe/proyecto/venta-de-departamento-4234-killa-miraflores-lima-lima-becamm-inversiones-sac
30/11/2027,68.01 a 154.82 m2 total,Departamentos,1 a 3 dormitorios,10 unidades disponibles,Pisos 2 al 11,3 dorms.,103.51 m²,Modelo X01,Soles,"779,174",https://nexoinmobiliario.pe/proyecto/venta-de-departamento-4238-palacios-406-miraflores-lima-lima-nopal-inmobiliaria---raices-para-habitar
30/11/2027,68.01 a 154.82 m2 total,Departamentos,1 a 3 dormitorios,5 unidades disponibles,"Pisos 2, 3, 5, 9, 10",3 dorms.,97.84 m²,Modelo X02,Soles,"756,080",https://nexoinmobiliario.pe/proyecto/venta-de-departamento-4238-palacios-406-miraflores-lima-lima-nopal-inmobiliaria---raices-para-habitar
30/11/2027,68.01 a 154.82 m2 total,Departamentos,1 a 3 dormitorios,5 unidades disponibles,"Pisos 6, 7, 8, 10, 11",1 dorms.,68.01 m²,Modelo X03,Soles,"621,343",https://nexoinmobiliario.pe/proyecto/venta-de-departamento-4238-palacios-406-miraflores-lima-lima-nopal-inmobiliaria---raices-para-habitar
30/11/2027,68.01 a 154.82 m2 total,Departamentos,1 a 3 dormitorios,9 unidades disponibles,Pisos 2 al 11,1 dorms.,81.61 m²,Modelo X04,Soles,"637,195",https://nexoinmobiliario.pe/proyecto/venta-de-departamento-4238-palacios-406-miraflores-lima-lima-nopal-inmobiliaria---raices-para-habitar
31/12/2026,64.41 a 75.74 m2 total,Departamentos,1 a 2 dormitorios,1 unidad disponible,Piso 1,2 dorms.,75.74 m²,Modelo X01,Soles,"661,271",https://nexoinmobiliario.pe/proyecto/venta-de-departamento-4256-melgar-440-miraflores-lima-lima-nopal-inmobiliaria---raices-para-habitar
31/12/2026,64.41 a 75.74 m2 total,Departamentos,1 a 2 dormitorios,1 unidad disponible,Piso 1,2 dorms.,68.12 m²,Modelo X02,Soles,"594,742",https://nexoinmobiliario.pe/proyecto/venta-de-departamento-4256-melgar-440-miraflores-lima-lima-nopal-inmobiliaria---raices-para-habitar
31/12/2026,64.41 a 75.74 m2 total,Departamentos,1 a 2 dormitorios,5 unidades disponibles,"Pisos 1, 4, 5, 6, 7",1 dorms.,65.17 m²,Modelo X03,Soles,"568,986",https://nexoinmobiliario.pe/proyecto/venta-de-departamento-4256-melgar-440-miraflores-lima-lima-nopal-inmobiliaria---raices-para-habitar
31/12/2026,64.41 a 75.74 m2 total,Departamentos,1 a 2 dormitorios,5 unidades disponibles,"Pisos 2, 3, 5, 6, 7",1 dorms.,64.41 m²,Modelo X04,Soles,"565,163",https://nexoinmobiliario.pe/proyecto/venta-de-departamento-4256-melgar-440-miraflores-lima-lima-nopal-inmobiliaria---raices-para-habitar
30/06/2028,81.56 a 211.10 m2 total,Departamentos,2 a 3 dormitorios,9 unidades disponibles,Pisos 2 al 10,2 dorms.,81.56 m²,Modelo X01,Soles,"623,934",https://nexoinmobiliario.pe/proyecto/venta-de-departamento-4261-montero-200-miraflores-lima-lima-valor-futuro
30/06/2028,81.56 a 211.10 m2 total,Departamentos,2 a 3 dormitorios,9 unidades disponibles,Pisos 2 al 10,3 dorms.,122.06 m²,Modelo X02,Soles,"834,890",https://nexoinmobiliario.pe/proyecto/venta-de-departamento-4261-montero-200-miraflores-lima-lima-valor-futuro
30/06/2028,81.56 a 211.10 m2 total,Departamentos,2 a 3 dormitorios,10 unidades disponibles,Pisos 2 al 11,3 dorms.,89.04 m²,Modelo X03,Soles,"689,170",https://nexoinmobiliario.pe/proyecto/venta-de-departamento-4261-montero-200-miraflores-lima-lima-valor-futuro
30/06/2028,81.56 a 211.10 m2 total,Departamentos,2 a 3 dormitorios,10 unidades disponibles,Pisos 2 al 11,3 dorms.,111.00 m²,Modelo X04,Soles,"799,200",https://nexoinmobiliario.pe/proyecto/venta-de-departamento-4261-montero-200-miraflores-lima-lima-valor-futuro
30/06/2028,81.56 a 211.10 m2 total,Departamentos,2 a 3 dormitorios,1 unidad disponible,Piso 1,3 dorms.,134.96 m²,Modelo Flat con terraza 101,Soles,"830,502",https://nexoinmobiliario.pe/proyecto/venta-de-departamento-4261-montero-200-miraflores-lima-lima-valor-futuro
30/06/2028,81.56 a 211.10 m2 total,Departamentos,2 a 3 dormitorios,1 unidad disponible,Piso 1,3 dorms.,103.17 m²,Modelo Flat con terraza 102,Soles,"695,743",https://nexoinmobiliario.pe/proyecto/venta-de-departamento-4261-montero-200-miraflores-lima-lima-valor-futuro
31/12/2027,83 a 190.16 m2 total,Departamentos,2 a 4 dormitorios,11 unidades disponibles,Pisos 3 al 17,3 dorms.,83.00 m²,Modelo TIPO 1,Soles,"753,500",https://nexoinmobiliario.pe/proyecto/venta-de-departamento-4269-florencia-miraflores-lima-lima-tectonica-grupo-inmobiliario
31/12/2027,83 a 190.16 m2 total,Departamentos,2 a 4 dormitorios,8 unidades disponibles,Pisos 3 al 16,3 dorms.,96.00 m²,Modelo TIPO 3,Soles,"892,500",https://nexoinmobiliario.pe/proyecto/venta-de-departamento-4269-florencia-miraflores-lima-lima-tectonica-grupo-inmobiliario
31/12/2027,83 a 190.16 m2 total,Departamentos,2 a 4 dormitorios,1 unidad disponible,Piso 1,2 dorms.,136.26 m²,Modelo TIPO 4,Soles,"979,000",https://nexoinmobiliario.pe/proyecto/venta-de-departamento-4269-florencia-miraflores-lima-lima-tectonica-grupo-inmobiliario
31/12/2029,70 a 179 m2 total,Departamentos,1 a 3 dormitorios,9 unidades disponibles,Pisos 3 al 11,2 dorms.,82.00 m²,Modelo X01,Dólares,"240,000",https://nexoinmobiliario.pe/proyecto/venta-de-departamento-4288-palace-700-miraflores-lima-lima-maxx-grupo-inmobiliario
31/12/2029,70 a 179 m2 total,Departamentos,1 a 3 dormitorios,8 unidades disponibles,Pisos 3 al 10,2 dorms.,85.00 m²,Modelo X02,Dólares,"250,000",https://nexoinmobiliario.pe/proyecto/venta-de-departamento-4288-palace-700-miraflores-lima-lima-maxx-grupo-inmobiliario
31/12/2029,70 a 179 m2 total,Departamentos,1 a 3 dormitorios,8 unidades disponibles,Pisos 3 al 10,1 dorms.,71.00 m²,Modelo X03,Dólares,"216,286",https://nexoinmobiliario.pe/proyecto/venta-de-departamento-4288-palace-700-miraflores-lima-lima-maxx-grupo-inmobiliario
31/12/2029,70 a 179 m2 total,Departamentos,1 a 3 dormitorios,8 unidades disponibles,Pisos 3 al 10,2 dorms.,85.00 m²,Modelo X04,Dólares,"248,571",https://nexoinmobiliario.pe/proyecto/venta-de-departamento-4288-palace-700-miraflores-lima-lima-maxx-grupo-inmobiliario
31/12/2029,70 a 179 m2 total,Departamentos,1 a 3 dormitorios,1 unidad disponible,Piso 11,1 dorms.,70.00 m²,Modelo A TIPICO(1103),Dólares,"251,200",https://nexoinmobiliario.pe/proyecto/venta-de-departamento-4288-palace-700-miraflores-lima-lima-maxx-grupo-inmobiliario
31/12/2029,70 a 179 m2 total,Departamentos,1 a 3 dormitorios,1 unidad disponible,Piso 11,2 dorms.,80.00 m²,Modelo A TIPICO(1104),Dólares,"278,771",https://nexoinmobiliario.pe/proyecto/venta-de-departamento-4288-palace-700-miraflores-lima-lima-maxx-grupo-inmobiliario
27/03/2028,82.64 a 237.18 m2 total,Departamentos,2 a 3 dormitorios,1 unidad disponible,Piso 1,2 dorms.,182.06 m²,Modelo Tipo 1,Dólares,"395,702",https://nexoinmobiliario.pe/proyecto/venta-de-departamento-4309-arias-arag-ez-miraflores-lima-lima-inversiones-palomar
27/03/2028,82.64 a 237.18 m2 total,Departamentos,2 a 3 dormitorios,1 unidad disponible,Piso 2,3 dorms.,120.09 m²,Modelo Tipo 2,Dólares,"312,324",https://nexoinmobiliario.pe/proyecto/venta-de-departamento-4309-arias-arag-ez-miraflores-lima-lima-inversiones-palomar
27/03/2028,82.64 a 237.18 m2 total,Departamentos,2 a 3 dormitorios,5 unidades disponibles,"Pisos 3, 4, 5, 6, 7",2 dorms.,82.64 m²,Modelo Tipo 3,Dólares,"221,310",https://nexoinmobiliario.pe/proyecto/venta-de-departamento-4309-arias-arag-ez-miraflores-lima-lima-inversiones-palomar
27/03/2028,82.64 a 237.18 m2 total,Departamentos,2 a 3 dormitorios,4 unidades disponibles,"Pisos 3, 4, 5, 6",3 dorms.,120.09 m²,Modelo Tipo 4,Dólares,"318,509",https://nexoinmobiliario.pe/proyecto/venta-de-departamento-4309-arias-arag-ez-miraflores-lima-lima-inversiones-palomar
30/11/2028,55.13 a 78.41 m2 total,Departamentos,1 a 2 dormitorios,19 unidades disponibles,Pisos 2 al 20,1 dorms.,57.22 m²,Modelo C,Soles,"543,500",https://nexoinmobiliario.pe/proyecto/venta-de-departamento-4323-quatro-la-paz-miraflores-lima-lima-quatro-inmobiliaria
30/11/2028,55.13 a 78.41 m2 total,Departamentos,1 a 2 dormitorios,19 unidades disponibles,Pisos 2 al 20,1 dorms.,55.13 m²,Modelo D,Soles,"539,900",https://nexoinmobiliario.pe/proyecto/venta-de-departamento-4323-quatro-la-paz-miraflores-lima-lima-quatro-inmobiliaria
30/11/2028,55.13 a 78.41 m2 total,Departamentos,1 a 2 dormitorios,19 unidades disponibles,Pisos 2 al 20,1 dorms.,58.03 m²,Modelo E,Soles,"548,900",https://nexoinmobiliario.pe/proyecto/venta-de-departamento-4323-quatro-la-paz-miraflores-lima-lima-quatro-inmobiliaria
30/11/2028,55.13 a 78.41 m2 total,Departamentos,1 a 2 dormitorios,14 unidades disponibles,Pisos 2 al 15,1 dorms.,55.71 m²,Modelo F,Soles,"538,500",https://nexoinmobiliario.pe/proyecto/venta-de-departamento-4323-quatro-la-paz-miraflores-lima-lima-quatro-inmobiliaria
30/11/2028,55.13 a 78.41 m2 total,Departamentos,1 a 2 dormitorios,19 unidades disponibles,Pisos 2 al 20,2 dorms.,75.57 m²,Modelo J,Soles,"707,500",https://nexoinmobiliario.pe/proyecto/venta-de-departamento-4323-quatro-la-paz-miraflores-lima-lima-quatro-inmobiliaria
30/11/2028,55.13 a 78.41 m2 total,Departamentos,1 a 2 dormitorios,7 unidades disponibles,Pisos 3 al 9,1 dorms.,56.54 m²,Modelo G,Soles,"557,500",https://nexoinmobiliario.pe/proyecto/venta-de-departamento-4323-quatro-la-paz-miraflores-lima-lima-quatro-inmobiliaria
31/12/2025,55.56 a 57.47 m2 total,Departamentos,2 dormitorios,3 unidades disponibles,"Pisos 18, 19, 20",2 dorms.,55.56 m²,Modelo Dpto. 3,Soles,"323,970",https://nexoinmobiliario.pe/proyecto/venta-de-departamento-3395-las-lomas-residencial-ecoamigable-rimac-lima-lima-besco
31/12/2025,55.56 a 57.47 m2 total,Departamentos,2 dormitorios,3 unidades disponibles,"Pisos 18, 19, 20",2 dorms.,57.19 m²,Modelo Dpto. 8,Soles,"349,290",https://nexoinmobiliario.pe/proyecto/venta-de-departamento-3395-las-lomas-residencial-ecoamigable-rimac-lima-lima-besco
31/12/2025,55.56 a 57.47 m2 total,Departamentos,2 dormitorios,5 unidades disponibles,"Pisos 16, 17, 18, 19, 20",2 dorms.,55.77 m²,Modelo Dpto. 02,Soles,"323,690",https://nexoinmobiliario.pe/proyecto/venta-de-departamento-3395-las-lomas-residencial-ecoamigable-rimac-lima-lima-besco
31/12/2025,55.56 a 57.47 m2 total,Departamentos,2 dormitorios,4 unidades disponibles,"Pisos 16, 17, 19, 20",2 dorms.,57.47 m²,Modelo Dpto. 1,Soles,"343,790",https://nexoinmobiliario.pe/proyecto/venta-de-departamento-3395-las-lomas-residencial-ecoamigable-rimac-lima-lima-besco
31/12/2026,65 a 141 m2 total,Departamentos,3 dormitorios,2 unidades disponibles,Piso 1,3 dorms.,65.00 m²,Modelo ETAPA 5 - TORRE 5 - FLAT - Tipo 2b,Soles,"317,600",https://nexoinmobiliario.pe/proyecto/venta-de-departamento-3791-pradera-del-rimac-etapa-5-rimac-lima-lima-besco
31/12/2026,65 a 141 m2 total,Departamentos,3 dormitorios,2 unidades disponibles,Piso 1,3 dorms.,72.00 m²,Modelo ETAPA 5 - TORRE 5 - FLAT - Tipo 1b,Soles,"361,500",https://nexoinmobiliario.pe/proyecto/venta-de-departamento-3791-pradera-del-rimac-etapa-5-rimac-lima-lima-besco
31/12/2026,65 a 141 m2 total,Departamentos,3 dormitorios,68 unidades disponibles,Pisos 1 al 19,3 dorms.,72.00 m²,Modelo ETAPA 5 - TORRE 5 - FLAT - Tipo 1,Soles,"296,300",https://nexoinmobiliario.pe/proyecto/venta-de-departamento-3791-pradera-del-rimac-etapa-5-rimac-lima-lima-besco
31/12/2026,65 a 141 m2 total,Departamentos,3 dormitorios,2 unidades disponibles,Piso 1,3 dorms.,65.00 m²,Modelo ETAPA 5 - TORRE 5 - FLAT - Tipo 3b,Soles,"306,400",https://nexoinmobiliario.pe/proyecto/venta-de-departamento-3791-pradera-del-rimac-etapa-5-rimac-lima-lima-besco
31/12/2026,65 a 141 m2 total,Departamentos,3 dormitorios,27 unidades disponibles,Pisos 2 al 17,3 dorms.,65.00 m²,Modelo ETAPA 5 - TORRE 5 - FLAT - Tipo 2,Soles,"271,000",https://nexoinmobiliario.pe/proyecto/venta-de-departamento-3791-pradera-del-rimac-etapa-5-rimac-lima-lima-besco
31/12/2026,65 a 141 m2 total,Departamentos,3 dormitorios,24 unidades disponibles,Pisos 2 al 13,3 dorms.,65.00 m²,Modelo ETAPA 5 - TORRE 5 - FLAT - Tipo 3,Soles,"271,000",https://nexoinmobiliario.pe/proyecto/venta-de-departamento-3791-pradera-del-rimac-etapa-5-rimac-lima-lima-besco
Entrega inmediata,55.32 a 139.92 m2 total,Departamentos,2 a 3 dormitorios,1 unidad disponible,Piso 9,2 dorms.,55.36 m²,Modelo Tipo 10,Soles,"412,000",https://nexoinmobiliario.pe/proyecto/venta-de-departamento-3310-miramar-etapa-iii-san-bartolo-lima-lima-grupo-santa-maria
Entrega inmediata,55.32 a 139.92 m2 total,Departamentos,2 a 3 dormitorios,5 unidades disponibles,"Pisos 3, 5, 6, 7, 8",3 dorms.,66.85 m²,Modelo Tipo 9,Soles,"471,000",https://nexoinmobiliario.pe/proyecto/venta-de-departamento-3310-miramar-etapa-iii-san-bartolo-lima-lima-grupo-santa-maria
Entrega inmediata,55.32 a 139.92 m2 total,Departamentos,2 a 3 dormitorios,4 unidades disponibles,"Pisos 2, 6, 7, 8",2 dorms.,56.68 m²,Modelo Tipo 8,Soles,"396,000",https://nexoinmobiliario.pe/proyecto/venta-de-departamento-3310-miramar-etapa-iii-san-bartolo-lima-lima-grupo-santa-maria
Entrega inmediata,55.32 a 139.92 m2 total,Departamentos,2 a 3 dormitorios,3 unidades disponibles,"Pisos 2, 4, 8",3 dorms.,69.85 m²,Modelo Tipo 7,Soles,"484,000",https://nexoinmobiliario.pe/proyecto/venta-de-departamento-3310-miramar-etapa-iii-san-bartolo-lima-lima-grupo-santa-maria
Entrega inmediata,55.32 a 139.92 m2 total,Departamentos,2 a 3 dormitorios,6 unidades disponibles,Pisos 2 al 7,3 dorms.,72.43 m²,Modelo Tipo 6,Soles,"505,000",https://nexoinmobiliario.pe/proyecto/venta-de-departamento-3310-miramar-etapa-iii-san-bartolo-lima-lima-grupo-santa-maria
Entrega inmediata,55.32 a 139.92 m2 total,Departamentos,2 a 3 dormitorios,5 unidades disponibles,"Pisos 2, 3, 4, 5, 6",3 dorms.,72.44 m²,Modelo Tipo 5,Soles,"510,000",https://nexoinmobiliario.pe/proyecto/venta-de-departamento-3310-miramar-etapa-iii-san-bartolo-lima-lima-grupo-santa-maria
31/07/2027,47.59 a 70.61 m2 total,Departamentos,1 a 2 dormitorios,1 unidad disponible,Piso 1,2 dorms.,70.61 m²,Modelo TIPO 101,Soles,"423,660",https://nexoinmobiliario.pe/proyecto/venta-de-departamento-4119-salina-san-bartolo-lima-lima-reyna-inmobiliaria
31/07/2027,47.59 a 70.61 m2 total,Departamentos,1 a 2 dormitorios,1 unidad disponible,Piso 1,1 dorms.,59.26 m²,Modelo TIPO 102,Soles,"355,560",https://nexoinmobiliario.pe/proyecto/venta-de-departamento-4119-salina-san-bartolo-lima-lima-reyna-inmobiliaria
31/07/2027,47.59 a 70.61 m2 total,Departamentos,1 a 2 dormitorios,5 unidades disponibles,"Pisos 2, 3, 4, 6, 7",2 dorms.,48.40 m²,Modelo TIPO X01,Soles,"290,400",https://nexoinmobiliario.pe/proyecto/venta-de-departamento-4119-salina-san-bartolo-lima-lima-reyna-inmobiliaria
31/07/2027,47.59 a 70.61 m2 total,Departamentos,1 a 2 dormitorios,5 unidades disponibles,"Pisos 2, 3, 4, 5, 6",2 dorms.,47.59 m²,Modelo TIPO X02,Soles,"285,540",https://nexoinmobiliario.pe/proyecto/venta-de-departamento-4119-salina-san-bartolo-lima-lima-reyna-inmobiliaria
31/07/2027,47.59 a 70.61 m2 total,Departamentos,1 a 2 dormitorios,2 unidades disponibles,Pisos 2 y 3,2 dorms.,52.36 m²,Modelo TIPO X03,Soles,"316,778",https://nexoinmobiliario.pe/proyecto/venta-de-departamento-4119-salina-san-bartolo-lima-lima-reyna-inmobiliaria
31/07/2027,47.59 a 70.61 m2 total,Departamentos,1 a 2 dormitorios,6 unidades disponibles,Pisos 2 al 8,2 dorms.,53.17 m²,Modelo TIPO X04,Soles,"328,757",https://nexoinmobiliario.pe/proyecto/venta-de-departamento-4119-salina-san-bartolo-lima-lima-reyna-inmobiliaria
Entrega inmediata,120.60 a 120.72 m2 total,Departamentos,3 dormitorios,3 unidades disponibles,"Pisos 2, 5, 7",3 dorms.,120.60 m²,Modelo TIPO B,Soles,"1,013,133",https://nexoinmobiliario.pe/proyecto/venta-de-departamento-2150-giardini-san-borja-lima-lima-grupo-inmobiliario-s-m
Entrega inmediata,120.60 a 120.72 m2 total,Departamentos,3 dormitorios,1 unidad disponible,Piso 4,3 dorms.,120.72 m²,Modelo TIPO C,Soles,"1,118,169",https://nexoinmobiliario.pe/proyecto/venta-de-departamento-2150-giardini-san-borja-lima-lima-grupo-inmobiliario-s-m
30/09/2026,55.42 a 91.16 m2 total,Departamentos,1 a 3 dormitorios,5 unidades disponibles,"Pisos 7, 11, 13, 14, 15",3 dorms.,70.26 m²,Modelo 11,Soles,"506,379",https://nexoinmobiliario.pe/proyecto/venta-de-departamento-2297-roof-garden-barrenechea-san-borja-lima-lima-evergran-grupo-inmobiliario
30/09/2026,55.42 a 91.16 m2 total,Departamentos,1 a 3 dormitorios,10 unidades disponibles,Pisos 6 al 15,3 dorms.,70.33 m²,Modelo 12,Soles,"494,815",https://nexoinmobiliario.pe/proyecto/venta-de-departamento-2297-roof-garden-barrenechea-san-borja-lima-lima-evergran-grupo-inmobiliario
30/09/2026,55.42 a 91.16 m2 total,Departamentos,1 a 3 dormitorios,1 unidad disponible,Piso 15,3 dorms.,69.10 m²,Modelo 13,Soles,"486,160",https://nexoinmobiliario.pe/proyecto/venta-de-departamento-2297-roof-garden-barrenechea-san-borja-lima-lima-evergran-grupo-inmobiliario
30/09/2026,55.42 a 91.16 m2 total,Departamentos,1 a 3 dormitorios,9 unidades disponibles,Pisos 5 al 15,3 dorms.,69.32 m²,Modelo 14,Soles,"495,560",https://nexoinmobiliario.pe/proyecto/venta-de-departamento-2297-roof-garden-barrenechea-san-borja-lima-lima-evergran-grupo-inmobiliario
30/09/2026,55.42 a 91.16 m2 total,Departamentos,1 a 3 dormitorios,9 unidades disponibles,Pisos 6 al 15,3 dorms.,68.63 m²,Modelo 15,Soles,"490,627",https://nexoinmobiliario.pe/proyecto/venta-de-departamento-2297-roof-garden-barrenechea-san-borja-lima-lima-evergran-grupo-inmobiliario
30/09/2026,55.42 a 91.16 m2 total,Departamentos,1 a 3 dormitorios,7 unidades disponibles,Pisos 2 al 15,3 dorms.,68.16 m²,Modelo 16,Soles,"487,270",https://nexoinmobiliario.pe/proyecto/venta-de-departamento-2297-roof-garden-barrenechea-san-borja-lima-lima-evergran-grupo-inmobiliario
25/05/2027,39.01 a 77.68 m2 total,Departamentos,1 a 3 dormitorios,9 unidades disponibles,Pisos 13 al 25,3 dorms.,73.54 m²,Modelo T1-X02,Soles,"630,000",https://nexoinmobiliario.pe/proyecto/venta-de-departamento-2877-torre-tale-primavera-etapa-i-san-borja-lima-lima-tale-inmobiliaria
25/05/2027,39.01 a 77.68 m2 total,Departamentos,1 a 3 dormitorios,12 unidades disponibles,Pisos 8 al 25,3 dorms.,70.03 m²,Modelo T2-X02,Soles,"581,000",https://nexoinmobiliario.pe/proyecto/venta-de-departamento-2877-torre-tale-primavera-etapa-i-san-borja-lima-lima-tale-inmobiliaria
25/05/2027,39.01 a 77.68 m2 total,Departamentos,1 a 3 dormitorios,9 unidades disponibles,Pisos 4 al 25,1 dorms.,42.99 m²,Modelo T2-X03,Soles,"381,000",https://nexoinmobiliario.pe/proyecto/venta-de-departamento-2877-torre-tale-primavera-etapa-i-san-borja-lima-lima-tale-inmobiliaria
25/05/2027,39.01 a 77.68 m2 total,Departamentos,1 a 3 dormitorios,18 unidades disponibles,Pisos 5 al 25,3 dorms.,75.89 m²,Modelo T1-X01,Soles,"599,000",https://nexoinmobiliario.pe/proyecto/venta-de-departamento-2877-torre-tale-primavera-etapa-i-san-borja-lima-lima-tale-inmobiliaria
25/05/2027,39.01 a 77.68 m2 total,Departamentos,1 a 3 dormitorios,11 unidades disponibles,Pisos 10 al 25,3 dorms.,70.06 m²,Modelo T1-X03,Soles,"568,000",https://nexoinmobiliario.pe/proyecto/venta-de-departamento-2877-torre-tale-primavera-etapa-i-san-borja-lima-lima-tale-inmobiliaria
25/05/2027,39.01 a 77.68 m2 total,Departamentos,1 a 3 dormitorios,8 unidades disponibles,Pisos 17 al 25,3 dorms.,71.48 m²,Modelo T1-X04,Soles,"614,000",https://nexoinmobiliario.pe/proyecto/venta-de-departamento-2877-torre-tale-primavera-etapa-i-san-borja-lima-lima-tale-inmobiliaria
Entrega inmediata,72.63 a 119.46 m2 total,Departamentos,2 a 3 dormitorios,1 unidad disponible,Piso 1,2 dorms.,72.63 m²,Modelo 1 -I,Soles,"646,670",https://nexoinmobiliario.pe/proyecto/venta-de-departamento-2905-bravo-san-borja-san-borja-lima-lima-grupo-mg
Entrega inmediata,72.63 a 119.46 m2 total,Departamentos,2 a 3 dormitorios,1 unidad disponible,Piso 2,3 dorms.,119.46 m²,Modelo 5 -I,Soles,"907,900",https://nexoinmobiliario.pe/proyecto/venta-de-departamento-2905-bravo-san-borja-san-borja-lima-lima-grupo-mg
Entrega inmediata,72.63 a 119.46 m2 total,Departamentos,2 a 3 dormitorios,4 unidades disponibles,"Pisos 4, 5, 6, 7",3 dorms.,88.77 m²,Modelo 5,Soles,"779,100",https://nexoinmobiliario.pe/proyecto/venta-de-departamento-2905-bravo-san-borja-san-borja-lima-lima-grupo-mg
Entrega inmediata,72.63 a 119.46 m2 total,Departamentos,2 a 3 dormitorios,1 unidad disponible,Piso 9,3 dorms.,84.36 m²,Modelo 5 -II,Soles,"742,905",https://nexoinmobiliario.pe/proyecto/venta-de-departamento-2905-bravo-san-borja-san-borja-lima-lima-grupo-mg
Entrega inmediata,76.09 a 254.47 m2 total,Departamentos,3 a 5 dormitorios,2 unidades disponibles,Piso 3,3 dorms.,76.09 m²,Modelo TIPO K,Dólares,"190,000",https://nexoinmobiliario.pe/proyecto/venta-de-departamento-3167-hometown-condominio-san-borja-lima-lima-esparq-eom
Entrega inmediata,76.09 a 254.47 m2 total,Departamentos,3 a 5 dormitorios,2 unidades disponibles,Piso 3,3 dorms.,77.20 m²,Modelo TIPO L,Dólares,"190,000",https://nexoinmobiliario.pe/proyecto/venta-de-departamento-3167-hometown-condominio-san-borja-lima-lima-esparq-eom
Entrega inmediata,76.09 a 254.47 m2 total,Departamentos,3 a 5 dormitorios,1 unidad disponible,Piso 3,3 dorms.,107.10 m²,Modelo TORRE P TIPO 1,Dólares,"273,000",https://nexoinmobiliario.pe/proyecto/venta-de-departamento-3167-hometown-condominio-san-borja-lima-lima-esparq-eom
Entrega inmediata,76.09 a 254.47 m2 total,Departamentos,3 a 5 dormitorios,2 unidades disponibles,Pisos 2 y 3,3 dorms.,122.55 m²,Modelo TORRE P TIPO 2,Dólares,"283,000",https://nexoinmobiliario.pe/proyecto/venta-de-departamento-3167-hometown-condominio-san-borja-lima-lima-esparq-eom
Entrega inmediata,76.09 a 254.47 m2 total,Departamentos,3 a 5 dormitorios,1 unidad disponible,Piso 1,3 dorms.,131.45 m²,Modelo P JARDIN TIPO 4,Dólares,"279,000",https://nexoinmobiliario.pe/proyecto/venta-de-departamento-3167-hometown-condominio-san-borja-lima-lima-esparq-eom
Entrega inmediata,76.09 a 254.47 m2 total,Departamentos,3 a 5 dormitorios,1 unidad disponible,Piso 1,3 dorms.,165.65 m²,Modelo M JARDIN TIPO 11,Dólares,"330,000",https://nexoinmobiliario.pe/proyecto/venta-de-departamento-3167-hometown-condominio-san-borja-lima-lima-esparq-eom
31/12/2026,50.06 a 67.45 m2 total,Departamentos,1 a 3 dormitorios,6 unidades disponibles,Pisos 8 al 21,2 dorms.,60.05 m²,Modelo X01,Soles,"490,228",https://nexoinmobiliario.pe/proyecto/venta-de-departamento-3394-vision-prado-san-borja-lima-lima-inmovision
31/12/2026,50.06 a 67.45 m2 total,Departamentos,1 a 3 dormitorios,2 unidades disponibles,Pisos 19 y 20,3 dorms.,67.45 m²,Modelo X02,Soles,"564,232",https://nexoinmobiliario.pe/proyecto/venta-de-departamento-3394-vision-prado-san-borja-lima-lima-inmovision
31/12/2026,50.06 a 67.45 m2 total,Departamentos,1 a 3 dormitorios,4 unidades disponibles,"Pisos 2, 3, 4, 7",1 dorms.,50.23 m²,Modelo X03-I,Soles,"420,183",https://nexoinmobiliario.pe/proyecto/venta-de-departamento-3394-vision-prado-san-borja-lima-lima-inmovision
31/12/2026,50.06 a 67.45 m2 total,Departamentos,1 a 3 dormitorios,7 unidades disponibles,Pisos 10 al 21,1 dorms.,50.06 m²,Modelo X03-S,Soles,"422,693",https://nexoinmobiliario.pe/proyecto/venta-de-departamento-3394-vision-prado-san-borja-lima-lima-inmovision
31/12/2026,50.06 a 67.45 m2 total,Departamentos,1 a 3 dormitorios,5 unidades disponibles,"Pisos 2, 3, 4, 5, 6",2 dorms.,64.05 m²,Modelo X04-I,Soles,"527,872",https://nexoinmobiliario.pe/proyecto/venta-de-departamento-3394-vision-prado-san-borja-lima-lima-inmovision
31/12/2026,50.06 a 67.45 m2 total,Departamentos,1 a 3 dormitorios,6 unidades disponibles,Pisos 13 al 21,2 dorms.,63.63 m²,Modelo X04-S,Soles,"520,529",https://nexoinmobiliario.pe/proyecto/venta-de-departamento-3394-vision-prado-san-borja-lima-lima-inmovision
27/02/2027,90 a 144.90 m2 total,Departamentos,3 dormitorios,1 unidad disponible,Piso,3 dorms.,144.90 m²,Modelo SS03,Soles,"932,875",https://nexoinmobiliario.pe/proyecto/venta-de-departamento-3735-prad-san-borja-lima-lima-art-inmobiliaria
27/02/2027,90 a 144.90 m2 total,Departamentos,3 dormitorios,1 unidad disponible,Piso 1,3 dorms.,90.90 m²,Modelo 104,Soles,"791,500",https://nexoinmobiliario.pe/proyecto/venta-de-departamento-3735-prad-san-borja-lima-lima-art-inmobiliaria
27/02/2027,90 a 144.90 m2 total,Departamentos,3 dormitorios,1 unidad disponible,Piso 1,3 dorms.,90.00 m²,Modelo 105,Soles,"726,875",https://nexoinmobiliario.pe/proyecto/venta-de-departamento-3735-prad-san-borja-lima-lima-art-inmobiliaria
27/02/2027,90 a 144.90 m2 total,Departamentos,3 dormitorios,1 unidad disponible,Piso 1,3 dorms.,94.20 m²,Modelo 106,Soles,"740,750",https://nexoinmobiliario.pe/proyecto/venta-de-departamento-3735-prad-san-borja-lima-lima-art-inmobiliaria
27/02/2027,90 a 144.90 m2 total,Departamentos,3 dormitorios,1 unidad disponible,Piso 8,3 dorms.,91.00 m²,Modelo TIPO 02-PISO PAR,Soles,0,https://nexoinmobiliario.pe/proyecto/venta-de-departamento-3735-prad-san-borja-lima-lima-art-inmobiliaria
27/02/2027,90 a 144.90 m2 total,Departamentos,3 dormitorios,2 unidades disponibles,Pisos 4 y 6,3 dorms.,90.00 m²,Modelo TIPO 05-PISO PAR,Soles,"747,750",https://nexoinmobiliario.pe/proyecto/venta-de-departamento-3735-prad-san-borja-lima-lima-art-inmobiliaria
30/01/2027,120 a 217.82 m2 total,Departamentos,2 a 3 dormitorios,1 unidad disponible,Piso 2,3 dorms.,123.81 m²,Modelo Tipo X01,Soles,"1,263,400",https://nexoinmobiliario.pe/proyecto/venta-de-departamento-3744-rafael-san-borja-lima-lima-inmgenio
30/01/2027,120 a 217.82 m2 total,Departamentos,2 a 3 dormitorios,1 unidad disponible,Piso 3,3 dorms.,120.00 m²,Modelo Tipo X03,Soles,"1,010,100",https://nexoinmobiliario.pe/proyecto/venta-de-departamento-3744-rafael-san-borja-lima-lima-inmgenio
01/08/2027,90.02 a 180.28 m2 total,Departamentos,3 a 4 dormitorios,1 unidad disponible,Piso,3 dorms.,138.85 m²,Modelo FLAT S01,Soles,"1,035,577",https://nexoinmobiliario.pe/proyecto/venta-de-departamento-3851-san-borja-sur-1170-san-borja-lima-lima-qolono-inmobiliaria
01/08/2027,90.02 a 180.28 m2 total,Departamentos,3 a 4 dormitorios,1 unidad disponible,Piso 1,3 dorms.,90.33 m²,Modelo FLAT 102,Soles,"759,797",https://nexoinmobiliario.pe/proyecto/venta-de-departamento-3851-san-borja-sur-1170-san-borja-lima-lima-qolono-inmobiliaria
01/08/2027,90.02 a 180.28 m2 total,Departamentos,3 a 4 dormitorios,1 unidad disponible,Piso 1,3 dorms.,90.02 m²,Modelo FLAT 103,Soles,"759,544",https://nexoinmobiliario.pe/proyecto/venta-de-departamento-3851-san-borja-sur-1170-san-borja-lima-lima-qolono-inmobiliaria
01/08/2027,90.02 a 180.28 m2 total,Departamentos,3 a 4 dormitorios,2 unidades disponibles,Pisos 7 y 8,3 dorms.,108.17 m²,Modelo TIPICO X01,Soles,"902,543",https://nexoinmobiliario.pe/proyecto/venta-de-departamento-3851-san-borja-sur-1170-san-borja-lima-lima-qolono-inmobiliaria
01/08/2027,90.02 a 180.28 m2 total,Departamentos,3 a 4 dormitorios,3 unidades disponibles,"Pisos 6, 7, 8",3 dorms.,103.30 m²,Modelo TIPICO X03,Soles,"871,594",https://nexoinmobiliario.pe/proyecto/venta-de-departamento-3851-san-borja-sur-1170-san-borja-lima-lima-qolono-inmobiliaria
01/08/2027,90.02 a 180.28 m2 total,Departamentos,3 a 4 dormitorios,5 unidades disponibles,"Pisos 5, 6, 7, 8, 9",3 dorms.,90.25 m²,Modelo TIPICO X04,Soles,"752,008",https://nexoinmobiliario.pe/proyecto/venta-de-departamento-3851-san-borja-sur-1170-san-borja-lima-lima-qolono-inmobiliaria
31/05/2027,89.40 a 90.31 m2 total,Departamentos,3 dormitorios,3 unidades disponibles,Pisos 2 y 3,3 dorms.,90.02 m²,Modelo TIPO 1,Soles,"779,428",https://nexoinmobiliario.pe/proyecto/venta-de-departamento-3906-seika-san-borja-lima-lima-odima-inmobiliaria
31/05/2027,89.40 a 90.31 m2 total,Departamentos,3 dormitorios,1 unidad disponible,Piso 2,3 dorms.,89.40 m²,Modelo TIPO 3,Soles,"775,010",https://nexoinmobiliario.pe/proyecto/venta-de-departamento-3906-seika-san-borja-lima-lima-odima-inmobiliaria
31/05/2027,89.40 a 90.31 m2 total,Departamentos,3 dormitorios,2 unidades disponibles,Pisos 2 y 3,3 dorms.,90.31 m²,Modelo TIPO 4,Soles,"766,687",https://nexoinmobiliario.pe/proyecto/venta-de-departamento-3906-seika-san-borja-lima-lima-odima-inmobiliaria
30/06/2027,124.27 a 251.60 m2 total,Departamentos,3 a 4 dormitorios,1 unidad disponible,Piso 1,3 dorms.,158.21 m²,Modelo Tipo 101,Soles,"1,445,200",https://nexoinmobiliario.pe/proyecto/venta-de-departamento-3951-andalucia-san-borja-lima-lima-inmgenio
30/06/2027,124.27 a 251.60 m2 total,Departamentos,3 a 4 dormitorios,1 unidad disponible,Piso 2,3 dorms.,125.84 m²,Modelo Tipo X01,Soles,"1,302,600",https://nexoinmobiliario.pe/proyecto/venta-de-departamento-3951-andalucia-san-borja-lima-lima-inmgenio
30/06/2027,124.27 a 251.60 m2 total,Departamentos,3 a 4 dormitorios,1 unidad disponible,Piso 2,3 dorms.,124.27 m²,Modelo Tipo X04,Soles,"1,206,500",https://nexoinmobiliario.pe/proyecto/venta-de-departamento-3951-andalucia-san-borja-lima-lima-inmgenio
30/06/2027,124.27 a 251.60 m2 total,Departamentos,3 a 4 dormitorios,3 unidades disponibles,"Pisos 2, 4, 5",3 dorms.,126.03 m²,Modelo Tipo X05,Soles,"1,116,800",https://nexoinmobiliario.pe/proyecto/venta-de-departamento-3951-andalucia-san-borja-lima-lima-inmgenio
29/02/2028,18.50 a 60 m2 total,Oficinas,N/A,1 unidad disponible,Piso,N/A,18.50 m²,Modelo SS02,Soles,"297,140",https://nexoinmobiliario.pe/proyecto/venta-de-oficina-3987-edificio-oficinas-boutique-primavera-medic-san-borja-lima-lima-la-venturosa
29/02/2028,18.50 a 60 m2 total,Oficinas,N/A,1 unidad disponible,Piso,N/A,26.00 m²,Modelo SS03,Soles,"438,392",https://nexoinmobiliario.pe/proyecto/venta-de-oficina-3987-edificio-oficinas-boutique-primavera-medic-san-borja-lima-lima-la-venturosa
29/02/2028,18.50 a 60 m2 total,Oficinas,N/A,1 unidad disponible,Piso,N/A,32.50 m²,Modelo SS04,Soles,"459,951",https://nexoinmobiliario.pe/proyecto/venta-de-oficina-3987-edificio-oficinas-boutique-primavera-medic-san-borja-lima-lima-la-venturosa
29/02/2028,18.50 a 60 m2 total,Oficinas,N/A,1 unidad disponible,Piso,N/A,60.00 m²,Modelo SS07,Soles,"821,136",https://nexoinmobiliario.pe/proyecto/venta-de-oficina-3987-edificio-oficinas-boutique-primavera-medic-san-borja-lima-lima-la-venturosa
29/02/2028,18.50 a 60 m2 total,Oficinas,N/A,4 unidades disponibles,"Pisos 2, 3, 4, 5",N/A,22.50 m²,Modelo X01,Soles,"355,359",https://nexoinmobiliario.pe/proyecto/venta-de-oficina-3987-edificio-oficinas-boutique-primavera-medic-san-borja-lima-lima-la-venturosa
29/02/2028,18.50 a 60 m2 total,Oficinas,N/A,3 unidades disponibles,"Pisos 3, 4, 5",N/A,26.00 m²,Modelo X02,Soles,"412,488",https://nexoinmobiliario.pe/proyecto/venta-de-oficina-3987-edificio-oficinas-boutique-primavera-medic-san-borja-lima-lima-la-venturosa
29/02/2028,18.50 a 60 m2 total,Oficinas,N/A,3 unidades disponibles,"Pisos 2, 4, 5",N/A,20.00 m²,Modelo X03,Soles,"322,792",https://nexoinmobiliario.pe/proyecto/venta-de-oficina-3987-edificio-oficinas-boutique-primavera-medic-san-borja-lima-lima-la-venturosa
29/02/2028,18.50 a 60 m2 total,Oficinas,N/A,4 unidades disponibles,"Pisos 2, 3, 4, 5",N/A,20.50 m²,Modelo X04,Soles,"330,151",https://nexoinmobiliario.pe/proyecto/venta-de-oficina-3987-edificio-oficinas-boutique-primavera-medic-san-borja-lima-lima-la-venturosa
29/02/2028,18.50 a 60 m2 total,Oficinas,N/A,4 unidades disponibles,"Pisos 2, 3, 4, 5",N/A,20.50 m²,Modelo X05,Soles,"330,451",https://nexoinmobiliario.pe/proyecto/venta-de-oficina-3987-edificio-oficinas-boutique-primavera-medic-san-borja-lima-lima-la-venturosa
29/02/2028,18.50 a 60 m2 total,Oficinas,N/A,3 unidades disponibles,"Pisos 2, 4, 5",N/A,25.50 m²,Modelo X06,Soles,"408,552",https://nexoinmobiliario.pe/proyecto/venta-de-oficina-3987-edificio-oficinas-boutique-primavera-medic-san-borja-lima-lima-la-venturosa
29/02/2028,18.50 a 60 m2 total,Oficinas,N/A,3 unidades disponibles,"Pisos 3, 4, 5",N/A,27.50 m²,Modelo X07,Soles,"434,195",https://nexoinmobiliario.pe/proyecto/venta-de-oficina-3987-edificio-oficinas-boutique-primavera-medic-san-borja-lima-lima-la-venturosa
29/02/2028,18.50 a 60 m2 total,Oficinas,N/A,4 unidades disponibles,"Pisos 2, 3, 4, 5",N/A,22.50 m²,Modelo X08,Soles,"358,497",https://nexoinmobiliario.pe/proyecto/venta-de-oficina-3987-edificio-oficinas-boutique-primavera-medic-san-borja-lima-lima-la-venturosa
29/02/2028,18.50 a 60 m2 total,Oficinas,N/A,3 unidades disponibles,"Pisos 3, 4, 5",N/A,38.50 m²,Modelo X09,Soles,"606,102",https://nexoinmobiliario.pe/proyecto/venta-de-oficina-3987-edificio-oficinas-boutique-primavera-medic-san-borja-lima-lima-la-venturosa
29/02/2028,18.50 a 60 m2 total,Oficinas,N/A,1 unidad disponible,Piso 5,N/A,24.00 m²,Modelo X11-A,Soles,"392,314",https://nexoinmobiliario.pe/proyecto/venta-de-oficina-3987-edificio-oficinas-boutique-primavera-medic-san-borja-lima-lima-la-venturosa
29/02/2028,18.50 a 60 m2 total,Oficinas,N/A,3 unidades disponibles,"Pisos 3, 4, 5",N/A,25.00 m²,Modelo X12-B,Soles,"399,978",https://nexoinmobiliario.pe/proyecto/venta-de-oficina-3987-edificio-oficinas-boutique-primavera-medic-san-borja-lima-lima-la-venturosa
29/02/2028,18.50 a 60 m2 total,Oficinas,N/A,2 unidades disponibles,Pisos 3 y 5,N/A,24.00 m²,Modelo X13-A,Soles,"381,131",https://nexoinmobiliario.pe/proyecto/venta-de-oficina-3987-edificio-oficinas-boutique-primavera-medic-san-borja-lima-lima-la-venturosa
29/02/2028,18.50 a 60 m2 total,Oficinas,N/A,1 unidad disponible,Piso 5,N/A,30.50 m²,Modelo X14-A,Soles,"492,516",https://nexoinmobiliario.pe/proyecto/venta-de-oficina-3987-edificio-oficinas-boutique-primavera-medic-san-borja-lima-lima-la-venturosa
29/02/2028,18.50 a 60 m2 total,Oficinas,N/A,1 unidad disponible,Piso 5,N/A,18.50 m²,Modelo X15,Soles,"299,159",https://nexoinmobiliario.pe/proyecto/venta-de-oficina-3987-edificio-oficinas-boutique-primavera-medic-san-borja-lima-lima-la-venturosa
29/02/2028,18.50 a 60 m2 total,Oficinas,N/A,1 unidad disponible,Piso 4,N/A,28.00 m²,Modelo X10-B,Soles,"447,031",https://nexoinmobiliario.pe/proyecto/venta-de-oficina-3987-edificio-oficinas-boutique-primavera-medic-san-borja-lima-lima-la-venturosa
29/02/2028,18.50 a 60 m2 total,Oficinas,N/A,1 unidad disponible,Piso 4,N/A,24.00 m²,Modelo X11-B,Soles,"391,208",https://nexoinmobiliario.pe/proyecto/venta-de-oficina-3987-edificio-oficinas-boutique-primavera-medic-san-borja-lima-lima-la-venturosa
29/02/2028,18.50 a 60 m2 total,Oficinas,N/A,1 unidad disponible,Piso 4,N/A,24.00 m²,Modelo X13-B,Soles,"390,896",https://nexoinmobiliario.pe/proyecto/venta-de-oficina-3987-edificio-oficinas-boutique-primavera-medic-san-borja-lima-lima-la-venturosa
29/02/2028,18.50 a 60 m2 total,Oficinas,N/A,1 unidad disponible,Piso 4,N/A,30.50 m²,Modelo X14-B,Soles,"491,113",https://nexoinmobiliario.pe/proyecto/venta-de-oficina-3987-edificio-oficinas-boutique-primavera-medic-san-borja-lima-lima-la-venturosa
01/09/2027,90.10 a 231.53 m2 total,Departamentos,2 a 4 dormitorios,1 unidad disponible,Piso 1,3 dorms.,167.70 m²,Modelo SS02,Soles,"1,118,173",https://nexoinmobiliario.pe/proyecto/venta-de-departamento-4015-veronese-san-borja-lima-lima-inhouse
01/09/2027,90.10 a 231.53 m2 total,Departamentos,2 a 4 dormitorios,1 unidad disponible,Piso 1,3 dorms.,100.20 m²,Modelo x03A,Soles,"851,296",https://nexoinmobiliario.pe/proyecto/venta-de-departamento-4015-veronese-san-borja-lima-lima-inhouse
01/09/2027,90.10 a 231.53 m2 total,Departamentos,2 a 4 dormitorios,1 unidad disponible,Piso 2,3 dorms.,90.10 m²,Modelo x04,Soles,"818,464",https://nexoinmobiliario.pe/proyecto/venta-de-departamento-4015-veronese-san-borja-lima-lima-inhouse
01/09/2027,90.10 a 231.53 m2 total,Departamentos,2 a 4 dormitorios,4 unidades disponibles,"Pisos 1, 2, 3, 4",2 dorms.,90.10 m²,Modelo x05,Soles,"698,378",https://nexoinmobiliario.pe/proyecto/venta-de-departamento-4015-veronese-san-borja-lima-lima-inhouse
01/09/2027,90.10 a 231.53 m2 total,Departamentos,2 a 4 dormitorios,2 unidades disponibles,Pisos 2 y 4,3 dorms.,91.90 m²,Modelo x06,Soles,"800,932",https://nexoinmobiliario.pe/proyecto/venta-de-departamento-4015-veronese-san-borja-lima-lima-inhouse
01/09/2027,90.10 a 231.53 m2 total,Departamentos,2 a 4 dormitorios,1 unidad disponible,Piso 2,3 dorms.,103.20 m²,Modelo x03B,Soles,"951,160",https://nexoinmobiliario.pe/proyecto/venta-de-departamento-4015-veronese-san-borja-lima-lima-inhouse
30/09/2027,92.27 a 183.51 m2 total,Departamentos,3 a 4 dormitorios,4 unidades disponibles,"Pisos 2, 3, 4, 5",3 dorms.,92.27 m²,Modelo TIPO 1,Soles,"742,000",https://nexoinmobiliario.pe/proyecto/venta-de-departamento-4032-lumiere-san-borja-lima-lima-domun-inmobiliaria
30/09/2027,92.27 a 183.51 m2 total,Departamentos,3 a 4 dormitorios,4 unidades disponibles,"Pisos 2, 3, 4, 5",3 dorms.,92.87 m²,Modelo TIPO 2,Soles,"746,000",https://nexoinmobiliario.pe/proyecto/venta-de-departamento-4032-lumiere-san-borja-lima-lima-domun-inmobiliaria
30/09/2027,92.27 a 183.51 m2 total,Departamentos,3 a 4 dormitorios,4 unidades disponibles,"Pisos 2, 3, 4, 5",3 dorms.,93.59 m²,Modelo TIPO 3,Soles,"728,000",https://nexoinmobiliario.pe/proyecto/venta-de-departamento-4032-lumiere-san-borja-lima-lima-domun-inmobiliaria
30/11/2027,94.30 a 194.63 m2 total,Departamentos,3 dormitorios,3 unidades disponibles,"Pisos 2, 3, 4",3 dorms.,118.28 m²,Modelo Tipo X01,Soles,"1,050,000",https://nexoinmobiliario.pe/proyecto/venta-de-departamento-4046-alonso-san-borja-lima-lima-inmgenio
30/11/2027,94.30 a 194.63 m2 total,Departamentos,3 dormitorios,1 unidad disponible,Piso 2,3 dorms.,105.35 m²,Modelo Tipo X03,Soles,"919,000",https://nexoinmobiliario.pe/proyecto/venta-de-departamento-4046-alonso-san-borja-lima-lima-inmgenio
30/11/2027,94.30 a 194.63 m2 total,Departamentos,3 dormitorios,2 unidades disponibles,Pisos 3 y 4,3 dorms.,94.30 m²,Modelo Tipo X04,Soles,"808,000",https://nexoinmobiliario.pe/proyecto/venta-de-departamento-4046-alonso-san-borja-lima-lima-inmgenio
01/08/2027,88.87 a 199.37 m2 total,Departamentos,3 a 4 dormitorios,3 unidades disponibles,"Pisos 2, 3, 5",3 dorms.,88.87 m²,Modelo Tipo 01,Soles,"723,000",https://nexoinmobiliario.pe/proyecto/venta-de-departamento-4054-dimora-park-san-borja-lima-lima-domun-inmobiliaria
01/08/2027,88.87 a 199.37 m2 total,Departamentos,3 a 4 dormitorios,3 unidades disponibles,"Pisos 2, 3, 4",3 dorms.,98.87 m²,Modelo Tipo 03,Soles,"799,000",https://nexoinmobiliario.pe/proyecto/venta-de-departamento-4054-dimora-park-san-borja-lima-lima-domun-inmobiliaria
31/10/2027,120 a 237.52 m2 total,Departamentos,3 dormitorios,1 unidad disponible,Piso 1,3 dorms.,138.55 m²,Modelo 103,Dólares,"286,005",https://nexoinmobiliario.pe/proyecto/venta-de-departamento-4163-requerdo-san-borja-lima-lima-conforta-inmobiliaria
31/10/2027,120 a 237.52 m2 total,Departamentos,3 dormitorios,2 unidades disponibles,Pisos 2 y 3,3 dorms.,120.00 m²,Modelo TIPO X01,Dólares,"291,312",https://nexoinmobiliario.pe/proyecto/venta-de-departamento-4163-requerdo-san-borja-lima-lima-conforta-inmobiliaria
31/10/2027,120 a 237.52 m2 total,Departamentos,3 dormitorios,1 unidad disponible,Piso 2,3 dorms.,120.00 m²,Modelo TIPO X02,Dólares,"291,312",https://nexoinmobiliario.pe/proyecto/venta-de-departamento-4163-requerdo-san-borja-lima-lima-conforta-inmobiliaria
31/10/2027,120 a 237.52 m2 total,Departamentos,3 dormitorios,2 unidades disponibles,Pisos 2 y 3,3 dorms.,120.03 m²,Modelo TIPO X03,Dólares,"265,674",https://nexoinmobiliario.pe/proyecto/venta-de-departamento-4163-requerdo-san-borja-lima-lima-conforta-inmobiliaria
31/10/2027,120 a 237.52 m2 total,Departamentos,3 dormitorios,1 unidad disponible,Piso 2,3 dorms.,120.03 m²,Modelo TIPO X04,Dólares,"265,674",https://nexoinmobiliario.pe/proyecto/venta-de-departamento-4163-requerdo-san-borja-lima-lima-conforta-inmobiliaria
31/10/2027,119.41 a 263.77 m2 total,Departamentos,3 dormitorios,1 unidad disponible,Piso 1,3 dorms.,142.04 m²,Modelo FLAT 002,Dólares,"296,000",https://nexoinmobiliario.pe/proyecto/venta-de-departamento-4193-astete-garden-san-borja-lima-lima-conforta-inmobiliaria
31/10/2027,119.41 a 263.77 m2 total,Departamentos,3 dormitorios,1 unidad disponible,Piso 1,3 dorms.,121.33 m²,Modelo FLAT 101,Dólares,"293,000",https://nexoinmobiliario.pe/proyecto/venta-de-departamento-4193-astete-garden-san-borja-lima-lima-conforta-inmobiliaria
31/10/2027,119.41 a 263.77 m2 total,Departamentos,3 dormitorios,3 unidades disponibles,"Pisos 1, 2, 3",3 dorms.,119.41 m²,Modelo X03,Dólares,"277,000",https://nexoinmobiliario.pe/proyecto/venta-de-departamento-4193-astete-garden-san-borja-lima-lima-conforta-inmobiliaria
30/04/2028,90.01 a 94.32 m2 total,Departamentos,3 dormitorios,1 unidad disponible,Piso 1,3 dorms.,94.32 m²,Modelo 103A,Soles,"801,000",https://nexoinmobiliario.pe/proyecto/venta-de-departamento-4212-alvia-san-borja-lima-lima-madrid-inmobiliaria
30/04/2028,90.01 a 94.32 m2 total,Departamentos,3 dormitorios,1 unidad disponible,Piso 9,3 dorms.,90.06 m²,Modelo FLAT TÍPICO 1A,Soles,"845,000",https://nexoinmobiliario.pe/proyecto/venta-de-departamento-4212-alvia-san-borja-lima-lima-madrid-inmobiliaria
30/04/2028,90.01 a 94.32 m2 total,Departamentos,3 dormitorios,2 unidades disponibles,Pisos 2 y 9,3 dorms.,90.02 m²,Modelo FLAT TÍPICO 2A,Soles,"819,000",https://nexoinmobiliario.pe/proyecto/venta-de-departamento-4212-alvia-san-borja-lima-lima-madrid-inmobiliaria
30/04/2028,90.01 a 94.32 m2 total,Departamentos,3 dormitorios,5 unidades disponibles,"Pisos 2, 3, 4, 6, 9",3 dorms.,90.01 m²,Modelo FLAT TÍPICO 3A,Soles,"730,000",https://nexoinmobiliario.pe/proyecto/venta-de-departamento-4212-alvia-san-borja-lima-lima-madrid-inmobiliaria
30/04/2028,90.01 a 94.32 m2 total,Departamentos,3 dormitorios,2 unidades disponibles,Pisos 3 y 7,3 dorms.,90.60 m²,Modelo FLAT TÍPICO 4A,Soles,"725,000",https://nexoinmobiliario.pe/proyecto/venta-de-departamento-4212-alvia-san-borja-lima-lima-madrid-inmobiliaria
30/04/2028,90.01 a 94.32 m2 total,Departamentos,3 dormitorios,5 unidades disponibles,"Pisos 2, 4, 5, 6, 10",3 dorms.,90.08 m²,Modelo FLAT TÍPICO 5A,Soles,"728,000",https://nexoinmobiliario.pe/proyecto/venta-de-departamento-4212-alvia-san-borja-lima-lima-madrid-inmobiliaria
Entrega inmediata,61.24 a 75.41 m2 total,Departamentos,2 dormitorios,12 unidades disponibles,Pisos 2 al 27,2 dorms.,61.24 m²,Modelo Tipo 2,Soles,"647,000",https://nexoinmobiliario.pe/proyecto/venta-de-departamento-2077-canaval-185-san-isidro-lima-lima-senda
Entrega inmediata,61.24 a 75.41 m2 total,Departamentos,2 dormitorios,2 unidades disponibles,Pisos 22 y 23,2 dorms.,65.79 m²,Modelo Tipo 4,Soles,"748,900",https://nexoinmobiliario.pe/proyecto/venta-de-departamento-2077-canaval-185-san-isidro-lima-lima-senda
Entrega inmediata,61.24 a 75.41 m2 total,Departamentos,2 dormitorios,2 unidades disponibles,Pisos 16 y 18,2 dorms.,75.01 m²,Modelo Tipo 7,Soles,"757,900",https://nexoinmobiliario.pe/proyecto/venta-de-departamento-2077-canaval-185-san-isidro-lima-lima-senda
31/03/2027,39.81 a 82.41 m2 total,Departamentos,1 a 2 dormitorios,4 unidades disponibles,"Pisos 17, 18, 19, 20",1 dorms.,56.29 m²,Modelo Tipo 12,Soles,"406,519",https://nexoinmobiliario.pe/proyecto/venta-de-departamento-2192-tree-san-isidro-san-isidro-lima-lima-grupo-t-c
31/03/2027,39.81 a 82.41 m2 total,Departamentos,1 a 2 dormitorios,4 unidades disponibles,"Pisos 16, 17, 18, 19",1 dorms.,53.87 m²,Modelo Tipo 13,Soles,"407,686",https://nexoinmobiliario.pe/proyecto/venta-de-departamento-2192-tree-san-isidro-san-isidro-lima-lima-grupo-t-c
31/03/2027,39.81 a 82.41 m2 total,Departamentos,1 a 2 dormitorios,1 unidad disponible,Piso 2,1 dorms.,46.62 m²,Modelo OF. TIPO 4,Soles,"439,217",https://nexoinmobiliario.pe/proyecto/venta-de-departamento-2192-tree-san-isidro-san-isidro-lima-lima-grupo-t-c
31/03/2027,39.81 a 82.41 m2 total,Departamentos,1 a 2 dormitorios,5 unidades disponibles,"Pisos 5, 6, 7, 8, 19",1 dorms.,47.16 m²,Modelo Tipo 5,Soles,"368,653",https://nexoinmobiliario.pe/proyecto/venta-de-departamento-2192-tree-san-isidro-san-isidro-lima-lima-grupo-t-c
31/03/2027,39.81 a 82.41 m2 total,Departamentos,1 a 2 dormitorios,18 unidades disponibles,Pisos 8 al 29,2 dorms.,81.58 m²,Modelo Tipo 8,Soles,"663,142",https://nexoinmobiliario.pe/proyecto/venta-de-departamento-2192-tree-san-isidro-san-isidro-lima-lima-grupo-t-c
31/03/2027,39.81 a 82.41 m2 total,Departamentos,1 a 2 dormitorios,24 unidades disponibles,Pisos 3 al 33,1 dorms.,53.96 m²,Modelo Tipo 9,Soles,"345,562",https://nexoinmobiliario.pe/proyecto/venta-de-departamento-2192-tree-san-isidro-san-isidro-lima-lima-grupo-t-c
Entrega inmediata,45.01 a 73.53 m2 total,Departamentos,1 a 2 dormitorios,3 unidades disponibles,"Pisos 13, 15, 27",2 dorms.,62.52 m²,Modelo TIPO 1,Soles,"627,100",https://nexoinmobiliario.pe/proyecto/venta-de-departamento-2264-all-san-isidro-san-isidro-lima-lima-senda
Entrega inmediata,45.01 a 73.53 m2 total,Departamentos,1 a 2 dormitorios,5 unidades disponibles,"Pisos 21, 28, 29, 30, 32",2 dorms.,60.73 m²,Modelo TIPO 10,Soles,"628,500",https://nexoinmobiliario.pe/proyecto/venta-de-departamento-2264-all-san-isidro-san-isidro-lima-lima-senda
Entrega inmediata,45.01 a 73.53 m2 total,Departamentos,1 a 2 dormitorios,5 unidades disponibles,"Pisos 4, 7, 9, 31, 32",2 dorms.,60.00 m²,Modelo TIPO 2,Soles,"664,700",https://nexoinmobiliario.pe/proyecto/venta-de-departamento-2264-all-san-isidro-san-isidro-lima-lima-senda
Entrega inmediata,45.01 a 73.53 m2 total,Departamentos,1 a 2 dormitorios,9 unidades disponibles,Pisos 2 al 19,1 dorms.,45.01 m²,Modelo TIPO 3,Soles,"502,300",https://nexoinmobiliario.pe/proyecto/venta-de-departamento-2264-all-san-isidro-san-isidro-lima-lima-senda
Entrega inmediata,45.01 a 73.53 m2 total,Departamentos,1 a 2 dormitorios,13 unidades disponibles,Pisos 2 al 27,2 dorms.,72.90 m²,Modelo TIPO 4,Soles,"822,100",https://nexoinmobiliario.pe/proyecto/venta-de-departamento-2264-all-san-isidro-san-isidro-lima-lima-senda
Entrega inmediata,45.01 a 73.53 m2 total,Departamentos,1 a 2 dormitorios,1 unidad disponible,Piso 2,1 dorms.,46.10 m²,Modelo TIPO 5,Soles,"472,500",https://nexoinmobiliario.pe/proyecto/venta-de-departamento-2264-all-san-isidro-san-isidro-lima-lima-senda
31/03/2027,45.67 a 80.51 m2 total,Departamentos,1 a 3 dormitorios,10 unidades disponibles,Pisos 3 al 12,1 dorms.,53.55 m²,Modelo TIPO 5A,Soles,"396,207",https://nexoinmobiliario.pe/proyecto/venta-de-departamento-2661-palm-living-san-isidro-lima-lima-grupo-t-c
31/03/2027,45.67 a 80.51 m2 total,Departamentos,1 a 3 dormitorios,8 unidades disponibles,Pisos 4 al 13,1 dorms.,45.67 m²,Modelo TIPO 1A,Soles,"377,265",https://nexoinmobiliario.pe/proyecto/venta-de-departamento-2661-palm-living-san-isidro-lima-lima-grupo-t-c
31/03/2027,45.67 a 80.51 m2 total,Departamentos,1 a 3 dormitorios,5 unidades disponibles,"Pisos 3, 4, 5, 6, 7",2 dorms.,70.80 m²,Modelo TIPO 2,Soles,"663,797",https://nexoinmobiliario.pe/proyecto/venta-de-departamento-2661-palm-living-san-isidro-lima-lima-grupo-t-c
31/03/2027,45.67 a 80.51 m2 total,Departamentos,1 a 3 dormitorios,1 unidad disponible,Piso 33,2 dorms.,58.87 m²,Modelo TIPO 3,Soles,"543,187",https://nexoinmobiliario.pe/proyecto/venta-de-departamento-2661-palm-living-san-isidro-lima-lima-grupo-t-c
31/03/2027,45.67 a 80.51 m2 total,Departamentos,1 a 3 dormitorios,1 unidad disponible,Piso 3,2 dorms.,79.99 m²,Modelo TIPO 4,Soles,"710,758",https://nexoinmobiliario.pe/proyecto/venta-de-departamento-2661-palm-living-san-isidro-lima-lima-grupo-t-c
31/03/2027,45.67 a 80.51 m2 total,Departamentos,1 a 3 dormitorios,1 unidad disponible,Piso 4,2 dorms.,53.11 m²,Modelo TIPO 10B,Soles,"461,577",https://nexoinmobiliario.pe/proyecto/venta-de-departamento-2661-palm-living-san-isidro-lima-lima-grupo-t-c
31/08/2026,40 a 88 m2 total,Departamentos,1 a 3 dormitorios,1 unidad disponible,Piso 16,2 dorms.,58.00 m²,Modelo F2,Soles,"505,900",https://nexoinmobiliario.pe/proyecto/venta-de-departamento-2695-blue-san-isidro-lima-lima-cresiente
31/08/2026,40 a 88 m2 total,Departamentos,1 a 3 dormitorios,1 unidad disponible,Piso 25,1 dorms.,44.00 m²,Modelo A,Soles,"469,900",https://nexoinmobiliario.pe/proyecto/venta-de-departamento-2695-blue-san-isidro-lima-lima-cresiente
31/08/2026,40 a 88 m2 total,Departamentos,1 a 3 dormitorios,1 unidad disponible,Piso 17,2 dorms.,60.00 m²,Modelo B,Soles,"565,900",https://nexoinmobiliario.pe/proyecto/venta-de-departamento-2695-blue-san-isidro-lima-lima-cresiente
31/08/2026,40 a 88 m2 total,Departamentos,1 a 3 dormitorios,1 unidad disponible,Piso 9,3 dorms.,74.00 m²,Modelo C,Soles,"665,900",https://nexoinmobiliario.pe/proyecto/venta-de-departamento-2695-blue-san-isidro-lima-lima-cresiente
31/08/2026,40 a 88 m2 total,Departamentos,1 a 3 dormitorios,1 unidad disponible,Piso 16,2 dorms.,59.00 m²,Modelo D,Soles,"529,900",https://nexoinmobiliario.pe/proyecto/venta-de-departamento-2695-blue-san-isidro-lima-lima-cresiente
31/08/2026,40 a 88 m2 total,Departamentos,1 a 3 dormitorios,1 unidad disponible,Piso 21,3 dorms.,88.00 m²,Modelo E,Soles,"729,900",https://nexoinmobiliario.pe/proyecto/venta-de-departamento-2695-blue-san-isidro-lima-lima-cresiente
Entrega inmediata,43.68 a 89.08 m2 total,Departamentos,1 a 2 dormitorios,1 unidad disponible,Piso 2,1 dorms.,50.81 m²,Modelo Tipo 201,Soles,"496,000",https://nexoinmobiliario.pe/proyecto/venta-de-departamento-2745-salaverry-2431-san-isidro-lima-lima-v-v-grupo-inmobiliario
Entrega inmediata,43.68 a 89.08 m2 total,Departamentos,1 a 2 dormitorios,3 unidades disponibles,"Pisos 4, 6, 14",1 dorms.,43.68 m²,Modelo Tipo X03,Soles,"409,000",https://nexoinmobiliario.pe/proyecto/venta-de-departamento-2745-salaverry-2431-san-isidro-lima-lima-v-v-grupo-inmobiliario
Entrega inmediata,43.68 a 89.08 m2 total,Departamentos,1 a 2 dormitorios,1 unidad disponible,Piso 4,2 dorms.,56.25 m²,Modelo Tipo X06,Soles,"540,000",https://nexoinmobiliario.pe/proyecto/venta-de-departamento-2745-salaverry-2431-san-isidro-lima-lima-v-v-grupo-inmobiliario
Entrega inmediata,43.68 a 89.08 m2 total,Departamentos,1 a 2 dormitorios,1 unidad disponible,Piso 2,2 dorms.,56.21 m²,Modelo Tipo X07,Soles,"555,000",https://nexoinmobiliario.pe/proyecto/venta-de-departamento-2745-salaverry-2431-san-isidro-lima-lima-v-v-grupo-inmobiliario
Entrega inmediata,43.68 a 89.08 m2 total,Departamentos,1 a 2 dormitorios,2 unidades disponibles,Pisos 6 y 23,2 dorms.,56.96 m²,Modelo Tipo X08,Soles,"524,000",https://nexoinmobiliario.pe/proyecto/venta-de-departamento-2745-salaverry-2431-san-isidro-lima-lima-v-v-grupo-inmobiliario
Entrega inmediata,43.68 a 89.08 m2 total,Departamentos,1 a 2 dormitorios,1 unidad disponible,Piso 28,2 dorms.,89.08 m²,Modelo Tipo X10,Soles,"826,000",https://nexoinmobiliario.pe/proyecto/venta-de-departamento-2745-salaverry-2431-san-isidro-lima-lima-v-v-grupo-inmobiliario
30/03/2027,56.25 a 119.50 m2 total,Departamentos,1 a 3 dormitorios,1 unidad disponible,Piso 18,2 dorms.,56.50 m²,Modelo 1802,Soles,"493,000",https://nexoinmobiliario.pe/proyecto/venta-de-departamento-2855-visum-san-isidro-lima-lima-urbalima
30/03/2027,56.25 a 119.50 m2 total,Departamentos,1 a 3 dormitorios,1 unidad disponible,Piso 6,2 dorms.,56.25 m²,Modelo 601,Soles,"488,000",https://nexoinmobiliario.pe/proyecto/venta-de-departamento-2855-visum-san-isidro-lima-lima-urbalima
30/03/2027,56.25 a 119.50 m2 total,Departamentos,1 a 3 dormitorios,1 unidad disponible,Piso 2,2 dorms.,84.50 m²,Modelo 204,Soles,"743,000",https://nexoinmobiliario.pe/proyecto/venta-de-departamento-2855-visum-san-isidro-lima-lima-urbalima
30/03/2027,56.25 a 119.50 m2 total,Departamentos,1 a 3 dormitorios,1 unidad disponible,Piso 9,3 dorms.,100.00 m²,Modelo 903,Soles,"833,300",https://nexoinmobiliario.pe/proyecto/venta-de-departamento-2855-visum-san-isidro-lima-lima-urbalima
30/03/2027,56.25 a 119.50 m2 total,Departamentos,1 a 3 dormitorios,1 unidad disponible,Piso 12,3 dorms.,119.50 m²,Modelo 1204,Soles,"996,000",https://nexoinmobiliario.pe/proyecto/venta-de-departamento-2855-visum-san-isidro-lima-lima-urbalima
30/03/2027,56.25 a 119.50 m2 total,Departamentos,1 a 3 dormitorios,1 unidad disponible,Piso 21,1 dorms.,60.00 m²,Modelo 2104,Soles,"533,000",https://nexoinmobiliario.pe/proyecto/venta-de-departamento-2855-visum-san-isidro-lima-lima-urbalima
30/04/2027,25.10 a 71.60 m2 total,Departamentos,1 a 3 dormitorios,11 unidades disponibles,Pisos 3 al 19,3 dorms.,69.10 m²,Modelo Tipo 1,Soles,"565,000",https://nexoinmobiliario.pe/proyecto/venta-de-departamento-2957-luup-san-isidro-lima-lima-cantabria
30/04/2027,25.10 a 71.60 m2 total,Departamentos,1 a 3 dormitorios,1 unidad disponible,Piso 11,3 dorms.,71.60 m²,Modelo Tipo 10,Soles,"570,000",https://nexoinmobiliario.pe/proyecto/venta-de-departamento-2957-luup-san-isidro-lima-lima-cantabria
30/04/2027,25.10 a 71.60 m2 total,Departamentos,1 a 3 dormitorios,4 unidades disponibles,"Pisos 15, 18, 21, 22",3 dorms.,71.45 m²,Modelo Tipo 12,Soles,"570,000",https://nexoinmobiliario.pe/proyecto/venta-de-departamento-2957-luup-san-isidro-lima-lima-cantabria
30/04/2027,25.10 a 71.60 m2 total,Departamentos,1 a 3 dormitorios,2 unidades disponibles,Pisos 14 y 18,1 dorms.,25.10 m²,Modelo Tipo 14,Soles,"330,000",https://nexoinmobiliario.pe/proyecto/venta-de-departamento-2957-luup-san-isidro-lima-lima-cantabria
30/04/2027,25.10 a 71.60 m2 total,Departamentos,1 a 3 dormitorios,7 unidades disponibles,Pisos 4 al 11,2 dorms.,55.50 m²,Modelo Tipo 2,Soles,"500,000",https://nexoinmobiliario.pe/proyecto/venta-de-departamento-2957-luup-san-isidro-lima-lima-cantabria
30/04/2027,25.10 a 71.60 m2 total,Departamentos,1 a 3 dormitorios,9 unidades disponibles,Pisos 3 al 22,2 dorms.,56.60 m²,Modelo Tipo 3,Soles,"500,000",https://nexoinmobiliario.pe/proyecto/venta-de-departamento-2957-luup-san-isidro-lima-lima-cantabria
30/10/2026,33.07 a 100.87 m2 total,Departamentos,1 a 3 dormitorios,1 unidad disponible,Piso 1,2 dorms.,66.44 m²,Modelo 101,Soles,"658,905",https://nexoinmobiliario.pe/proyecto/venta-de-departamento-2998-preminenza-san-isidro-lima-lima-urbana-perú
30/10/2026,33.07 a 100.87 m2 total,Departamentos,1 a 3 dormitorios,7 unidades disponibles,Pisos 5 al 14,1 dorms.,33.07 m²,Modelo X01,Soles,"362,979",https://nexoinmobiliario.pe/proyecto/venta-de-departamento-2998-preminenza-san-isidro-lima-lima-urbana-perú
30/10/2026,33.07 a 100.87 m2 total,Departamentos,1 a 3 dormitorios,5 unidades disponibles,"Pisos 2, 5, 7, 11, 13",3 dorms.,66.41 m²,Modelo X03,Soles,"700,755",https://nexoinmobiliario.pe/proyecto/venta-de-departamento-2998-preminenza-san-isidro-lima-lima-urbana-perú
30/10/2026,33.07 a 100.87 m2 total,Departamentos,1 a 3 dormitorios,6 unidades disponibles,Pisos 5 al 17,3 dorms.,66.41 m²,Modelo X08,Soles,"707,637",https://nexoinmobiliario.pe/proyecto/venta-de-departamento-2998-preminenza-san-isidro-lima-lima-urbana-perú
30/10/2026,33.07 a 100.87 m2 total,Departamentos,1 a 3 dormitorios,3 unidades disponibles,"Pisos 2, 4, 5",2 dorms.,48.44 m²,Modelo X09,Soles,"534,285",https://nexoinmobiliario.pe/proyecto/venta-de-departamento-2998-preminenza-san-isidro-lima-lima-urbana-perú
30/10/2026,33.07 a 100.87 m2 total,Departamentos,1 a 3 dormitorios,12 unidades disponibles,Pisos 3 al 14,1 dorms.,33.41 m²,Modelo X10,Soles,"363,072",https://nexoinmobiliario.pe/proyecto/venta-de-departamento-2998-preminenza-san-isidro-lima-lima-urbana-perú
31/10/2026,43.24 a 80.26 m2 total,Departamentos,1 a 3 dormitorios,6 unidades disponibles,Pisos 16 al 21,1 dorms.,43.24 m²,Modelo TIPO 1,Soles,"425,000",https://nexoinmobiliario.pe/proyecto/venta-de-departamento-3240-alba-san-isidro-lima-lima-zafira-inmobiliaria
31/10/2026,43.24 a 80.26 m2 total,Departamentos,1 a 3 dormitorios,1 unidad disponible,Piso 19,2 dorms.,60.06 m²,Modelo TIPO X02,Dólares,"198,000",https://nexoinmobiliario.pe/proyecto/venta-de-departamento-3240-alba-san-isidro-lima-lima-zafira-inmobiliaria
31/10/2026,43.24 a 80.26 m2 total,Departamentos,1 a 3 dormitorios,4 unidades disponibles,"Pisos 16, 17, 18, 19",3 dorms.,80.26 m²,Modelo TIPO 4,Dólares,"226,000",https://nexoinmobiliario.pe/proyecto/venta-de-departamento-3240-alba-san-isidro-lima-lima-zafira-inmobiliaria
31/07/2026,85 a 191.18 m2 total,Departamentos,3 dormitorios,5 unidades disponibles,"Pisos 5, 6, 7, 10, 11",3 dorms.,85.00 m²,Modelo Flat Típico 01,Soles,"754,000",https://nexoinmobiliario.pe/proyecto/venta-de-departamento-3257-central-site-san-isidro-lima-lima-madrid-inmobiliaria
31/07/2026,85 a 191.18 m2 total,Departamentos,3 dormitorios,3 unidades disponibles,"Pisos 6, 8, 9",3 dorms.,97.83 m²,Modelo Flat Típico 02,Soles,"929,000",https://nexoinmobiliario.pe/proyecto/venta-de-departamento-3257-central-site-san-isidro-lima-lima-madrid-inmobiliaria
30/11/2026,57.19 a 69.98 m2 total,Departamentos,1 a 2 dormitorios,4 unidades disponibles,"Pisos 4, 5, 6, 10",2 dorms.,57.90 m²,Modelo 5A,Soles,"474,650",https://nexoinmobiliario.pe/proyecto/venta-de-departamento-3323-aramburu-living-san-isidro-lima-lima-grupo-t-c
30/11/2026,57.19 a 69.98 m2 total,Departamentos,1 a 2 dormitorios,1 unidad disponible,Piso 1,1 dorms.,69.98 m²,Modelo 6A,Soles,"460,464",https://nexoinmobiliario.pe/proyecto/venta-de-departamento-3323-aramburu-living-san-isidro-lima-lima-grupo-t-c
30/11/2026,57.19 a 69.98 m2 total,Departamentos,1 a 2 dormitorios,2 unidades disponibles,Pisos 3 y 4,1 dorms.,57.19 m²,Modelo 7B,Soles,"437,894",https://nexoinmobiliario.pe/proyecto/venta-de-departamento-3323-aramburu-living-san-isidro-lima-lima-grupo-t-c
30/11/2026,57.19 a 69.98 m2 total,Departamentos,1 a 2 dormitorios,2 unidades disponibles,Pisos 3 y 4,1 dorms.,57.19 m²,Modelo 8B,Soles,"437,894",https://nexoinmobiliario.pe/proyecto/venta-de-departamento-3323-aramburu-living-san-isidro-lima-lima-grupo-t-c
30/11/2026,57.19 a 69.98 m2 total,Departamentos,1 a 2 dormitorios,4 unidades disponibles,"Pisos 4, 6, 7, 8",2 dorms.,58.46 m²,Modelo 10A,Soles,"469,642",https://nexoinmobiliario.pe/proyecto/venta-de-departamento-3323-aramburu-living-san-isidro-lima-lima-grupo-t-c
31/07/2027,40.27 a 81.59 m2 total,Departamentos,1 a 2 dormitorios,1 unidad disponible,Piso 4,1 dorms.,40.69 m²,Modelo 2,Soles,"556,301",https://nexoinmobiliario.pe/proyecto/venta-de-departamento-3338-empire-san-isidro-lima-lima-redbay-inmobiliaria
31/07/2027,40.27 a 81.59 m2 total,Departamentos,1 a 2 dormitorios,3 unidades disponibles,"Pisos 2, 3, 6",1 dorms.,40.85 m²,Modelo 3,Soles,"570,739",https://nexoinmobiliario.pe/proyecto/venta-de-departamento-3338-empire-san-isidro-lima-lima-redbay-inmobiliaria
31/07/2027,40.27 a 81.59 m2 total,Departamentos,1 a 2 dormitorios,4 unidades disponibles,"Pisos 2, 3, 4, 5",1 dorms.,40.85 m²,Modelo 4,Soles,"544,709",https://nexoinmobiliario.pe/proyecto/venta-de-departamento-3338-empire-san-isidro-lima-lima-redbay-inmobiliaria
31/07/2027,40.27 a 81.59 m2 total,Departamentos,1 a 2 dormitorios,2 unidades disponibles,Pisos 2 y 8,1 dorms.,40.85 m²,Modelo 5,Soles,"540,739",https://nexoinmobiliario.pe/proyecto/venta-de-departamento-3338-empire-san-isidro-lima-lima-redbay-inmobiliaria
31/07/2027,40.27 a 81.59 m2 total,Departamentos,1 a 2 dormitorios,2 unidades disponibles,Pisos 2 y 3,1 dorms.,40.27 m²,Modelo 6,Soles,"573,864",https://nexoinmobiliario.pe/proyecto/venta-de-departamento-3338-empire-san-isidro-lima-lima-redbay-inmobiliaria
31/07/2027,40.27 a 81.59 m2 total,Departamentos,1 a 2 dormitorios,2 unidades disponibles,Pisos 2 y 3,1 dorms.,41.92 m²,Modelo 7,Soles,"591,982",https://nexoinmobiliario.pe/proyecto/venta-de-departamento-3338-empire-san-isidro-lima-lima-redbay-inmobiliaria
31/08/2026,45.35 a 79.09 m2 total,Departamentos,1 a 2 dormitorios,9 unidades disponibles,Pisos 5 al 11,1 dorms.,45.35 m²,Modelo TIPO 1A,Soles,"378,000",https://nexoinmobiliario.pe/proyecto/venta-de-departamento-3370-suma-los-geranios-124-san-isidro-lima-lima-grupo-dicon
31/08/2026,45.35 a 79.09 m2 total,Departamentos,1 a 2 dormitorios,1 unidad disponible,Piso 12,1 dorms.,51.44 m²,Modelo TIPO 1B,Soles,"419,882",https://nexoinmobiliario.pe/proyecto/venta-de-departamento-3370-suma-los-geranios-124-san-isidro-lima-lima-grupo-dicon
31/08/2026,45.35 a 79.09 m2 total,Departamentos,1 a 2 dormitorios,1 unidad disponible,Piso 14,1 dorms.,54.18 m²,Modelo TIPO 2C,Soles,"467,000",https://nexoinmobiliario.pe/proyecto/venta-de-departamento-3370-suma-los-geranios-124-san-isidro-lima-lima-grupo-dicon
31/08/2026,45.35 a 79.09 m2 total,Departamentos,1 a 2 dormitorios,8 unidades disponibles,Pisos 3 al 16,2 dorms.,63.48 m²,Modelo TIPO 2E,Soles,"542,000",https://nexoinmobiliario.pe/proyecto/venta-de-departamento-3370-suma-los-geranios-124-san-isidro-lima-lima-grupo-dicon
31/08/2026,45.35 a 79.09 m2 total,Departamentos,1 a 2 dormitorios,1 unidad disponible,Piso 10,2 dorms.,70.63 m²,Modelo TIPO 3 FAMILY,Soles,"613,000",https://nexoinmobiliario.pe/proyecto/venta-de-departamento-3370-suma-los-geranios-124-san-isidro-lima-lima-grupo-dicon
31/08/2026,45.35 a 79.09 m2 total,Departamentos,1 a 2 dormitorios,4 unidades disponibles,"Pisos 5, 6, 8, 9",2 dorms.,73.54 m²,Modelo TIPO 3B,Soles,"659,000",https://nexoinmobiliario.pe/proyecto/venta-de-departamento-3370-suma-los-geranios-124-san-isidro-lima-lima-grupo-dicon
25/06/2027,40.63 a 94.94 m2 total,Departamentos,1 a 3 dormitorios,6 unidades disponibles,Pisos 2 al 9,3 dorms.,94.41 m²,Modelo TIPO 1,Soles,"929,000",https://nexoinmobiliario.pe/proyecto/venta-de-departamento-3378-altavista-aranibar-san-isidro-lima-lima-tale-inmobiliaria
25/06/2027,40.63 a 94.94 m2 total,Departamentos,1 a 3 dormitorios,4 unidades disponibles,"Pisos 2, 3, 12, 14",2 dorms.,63.87 m²,Modelo TIPO 2,Soles,"759,000",https://nexoinmobiliario.pe/proyecto/venta-de-departamento-3378-altavista-aranibar-san-isidro-lima-lima-tale-inmobiliaria
25/06/2027,40.63 a 94.94 m2 total,Departamentos,1 a 3 dormitorios,5 unidades disponibles,"Pisos 2, 13, 15, 20, 22",1 dorms.,40.63 m²,Modelo TIPO 3,Soles,"482,000",https://nexoinmobiliario.pe/proyecto/venta-de-departamento-3378-altavista-aranibar-san-isidro-lima-lima-tale-inmobiliaria
25/06/2027,40.63 a 94.94 m2 total,Departamentos,1 a 3 dormitorios,1 unidad disponible,Piso 2,2 dorms.,65.59 m²,Modelo X204,Soles,"520,000",https://nexoinmobiliario.pe/proyecto/venta-de-departamento-3378-altavista-aranibar-san-isidro-lima-lima-tale-inmobiliaria
25/06/2027,40.63 a 94.94 m2 total,Departamentos,1 a 3 dormitorios,7 unidades disponibles,Pisos 5 al 22,3 dorms.,75.86 m²,Modelo TIPO 7,Soles,"609,000",https://nexoinmobiliario.pe/proyecto/venta-de-departamento-3378-altavista-aranibar-san-isidro-lima-lima-tale-inmobiliaria
25/06/2027,40.63 a 94.94 m2 total,Departamentos,1 a 3 dormitorios,1 unidad disponible,Piso 3,1 dorms.,47.56 m²,Modelo X304,Soles,"519,000",https://nexoinmobiliario.pe/proyecto/venta-de-departamento-3378-altavista-aranibar-san-isidro-lima-lima-tale-inmobiliaria
30/12/2026,150 a 200.06 m2 total,Departamentos,3 dormitorios,1 unidad disponible,Piso 5,3 dorms.,200.06 m²,Modelo X04,Soles,"2,245,592",https://nexoinmobiliario.pe/proyecto/venta-de-departamento-3437-aster-basadre-san-isidro-lima-lima-aster-homes
30/12/2026,150 a 200.06 m2 total,Departamentos,3 dormitorios,1 unidad disponible,Piso 4,3 dorms.,150.00 m²,Modelo X08,Dólares,"512,776",https://nexoinmobiliario.pe/proyecto/venta-de-departamento-3437-aster-basadre-san-isidro-lima-lima-aster-homes
31/10/2026,96.66 a 222.52 m2 total,Departamentos,1 a 3 dormitorios,1 unidad disponible,Piso 1,1 dorms.,96.66 m²,Modelo TIPO 3,Dólares,"280,500",https://nexoinmobiliario.pe/proyecto/venta-de-departamento-3450-inara-san-isidro-lima-lima-zafira-inmobiliaria
31/10/2026,96.66 a 222.52 m2 total,Departamentos,1 a 3 dormitorios,1 unidad disponible,Piso 2,2 dorms.,120.08 m²,Modelo TIPO 4,Dólares,"372,500",https://nexoinmobiliario.pe/proyecto/venta-de-departamento-3450-inara-san-isidro-lima-lima-zafira-inmobiliaria
31/10/2026,96.66 a 222.52 m2 total,Departamentos,1 a 3 dormitorios,1 unidad disponible,Piso 2,3 dorms.,171.24 m²,Modelo TIPO 6,Dólares,"512,500",https://nexoinmobiliario.pe/proyecto/venta-de-departamento-3450-inara-san-isidro-lima-lima-zafira-inmobiliaria
30/06/2028,40.59 a 283.48 m2 total,Departamentos,1 a 3 dormitorios,1 unidad disponible,Piso 1,1 dorms.,90.87 m²,Modelo X112,Dólares,"256,000",https://nexoinmobiliario.pe/proyecto/venta-de-departamento-3462-santo-toribio-san-isidro-lima-lima-tale-inmobiliaria
30/06/2028,40.59 a 283.48 m2 total,Departamentos,1 a 3 dormitorios,1 unidad disponible,Piso 1,1 dorms.,87.40 m²,Modelo X113,Dólares,"259,000",https://nexoinmobiliario.pe/proyecto/venta-de-departamento-3462-santo-toribio-san-isidro-lima-lima-tale-inmobiliaria
30/06/2028,40.59 a 283.48 m2 total,Departamentos,1 a 3 dormitorios,1 unidad disponible,Piso 2,1 dorms.,40.59 m²,Modelo X203,Dólares,"150,000",https://nexoinmobiliario.pe/proyecto/venta-de-departamento-3462-santo-toribio-san-isidro-lima-lima-tale-inmobiliaria
30/06/2028,40.59 a 283.48 m2 total,Departamentos,1 a 3 dormitorios,1 unidad disponible,Piso 2,1 dorms.,45.12 m²,Modelo X204,Dólares,"165,000",https://nexoinmobiliario.pe/proyecto/venta-de-departamento-3462-santo-toribio-san-isidro-lima-lima-tale-inmobiliaria
30/06/2028,40.59 a 283.48 m2 total,Departamentos,1 a 3 dormitorios,1 unidad disponible,Piso 2,1 dorms.,44.30 m²,Modelo X205,Dólares,"151,000",https://nexoinmobiliario.pe/proyecto/venta-de-departamento-3462-santo-toribio-san-isidro-lima-lima-tale-inmobiliaria
30/06/2028,40.59 a 283.48 m2 total,Departamentos,1 a 3 dormitorios,1 unidad disponible,Piso 2,1 dorms.,52.92 m²,Modelo X206,Dólares,"165,000",https://nexoinmobiliario.pe/proyecto/venta-de-departamento-3462-santo-toribio-san-isidro-lima-lima-tale-inmobiliaria
31/12/2026,74.84 a 115.32 m2 total,Departamentos,1 a 2 dormitorios,1 unidad disponible,Piso 10,2 dorms.,85.45 m²,Modelo Tipo 1 C,Soles,"757,780",https://nexoinmobiliario.pe/proyecto/venta-de-departamento-3475-oliva-san-isidro-lima-lima-maas-inmobiliaria
31/12/2026,74.84 a 115.32 m2 total,Departamentos,1 a 2 dormitorios,6 unidades disponibles,Pisos 9 al 14,2 dorms.,85.60 m²,Modelo Tipo 2 B,Soles,"700,883",https://nexoinmobiliario.pe/proyecto/venta-de-departamento-3475-oliva-san-isidro-lima-lima-maas-inmobiliaria
31/12/2026,74.84 a 115.32 m2 total,Departamentos,1 a 2 dormitorios,1 unidad disponible,Piso 14,2 dorms.,85.45 m²,Modelo Tipo 1 D,Soles,"765,282",https://nexoinmobiliario.pe/proyecto/venta-de-departamento-3475-oliva-san-isidro-lima-lima-maas-inmobiliaria
31/12/2026,74.84 a 115.32 m2 total,Departamentos,1 a 2 dormitorios,4 unidades disponibles,"Pisos 5, 6, 7, 8",2 dorms.,85.60 m²,Modelo Tipo 2 A,Soles,"696,242",https://nexoinmobiliario.pe/proyecto/venta-de-departamento-3475-oliva-san-isidro-lima-lima-maas-inmobiliaria
31/12/2026,74.84 a 115.32 m2 total,Departamentos,1 a 2 dormitorios,2 unidades disponibles,Pisos 8 y 12,1 dorms.,74.84 m²,Modelo Tipo 3 B,Soles,"633,146",https://nexoinmobiliario.pe/proyecto/venta-de-departamento-3475-oliva-san-isidro-lima-lima-maas-inmobiliaria
31/12/2026,74.84 a 115.32 m2 total,Departamentos,1 a 2 dormitorios,3 unidades disponibles,"Pisos 5, 7, 8",2 dorms.,85.45 m²,Modelo Tipo 1 B,Soles,"760,508",https://nexoinmobiliario.pe/proyecto/venta-de-departamento-3475-oliva-san-isidro-lima-lima-maas-inmobiliaria
28/02/2027,127.32 a 251.04 m2 total,Departamentos,3 dormitorios,1 unidad disponible,Piso 2,3 dorms.,127.80 m²,Modelo 1,Dólares,"425,000",https://nexoinmobiliario.pe/proyecto/venta-de-departamento-3502-eterna-san-isidro-lima-lima-zafira-inmobiliaria
28/02/2027,127.32 a 251.04 m2 total,Departamentos,3 dormitorios,1 unidad disponible,Piso 6,3 dorms.,127.32 m²,Modelo 3,Dólares,"460,000",https://nexoinmobiliario.pe/proyecto/venta-de-departamento-3502-eterna-san-isidro-lima-lima-zafira-inmobiliaria
28/02/2027,127.32 a 251.04 m2 total,Departamentos,3 dormitorios,1 unidad disponible,Piso 3,3 dorms.,152.00 m²,Modelo 4,Dólares,"520,000",https://nexoinmobiliario.pe/proyecto/venta-de-departamento-3502-eterna-san-isidro-lima-lima-zafira-inmobiliaria
31/05/2027,127.21 a 249.76 m2 total,Departamentos,2 a 3 dormitorios,1 unidad disponible,Piso 1,3 dorms.,213.07 m²,Modelo X01,Soles,"1,688,192",https://nexoinmobiliario.pe/proyecto/venta-de-departamento-3591-casa-del-parque-san-isidro-lima-lima-gdc-inmobiliaria
31/05/2027,127.21 a 249.76 m2 total,Departamentos,2 a 3 dormitorios,2 unidades disponibles,Pisos 5 y 6,3 dorms.,130.98 m²,Modelo X03,Soles,"1,216,376",https://nexoinmobiliario.pe/proyecto/venta-de-departamento-3591-casa-del-parque-san-isidro-lima-lima-gdc-inmobiliaria
31/05/2027,127.21 a 249.76 m2 total,Departamentos,2 a 3 dormitorios,2 unidades disponibles,Pisos 2 y 5,2 dorms.,127.21 m²,Modelo X04,Soles,"1,228,631",https://nexoinmobiliario.pe/proyecto/venta-de-departamento-3591-casa-del-parque-san-isidro-lima-lima-gdc-inmobiliaria
31/01/2027,91.14 a 138.13 m2 total,Departamentos,2 a 3 dormitorios,2 unidades disponibles,Pisos 5 y 6,2 dorms.,117.54 m²,Modelo TIPO 2,Dólares,"361,000",https://nexoinmobiliario.pe/proyecto/venta-de-departamento-3667-nativa-san-isidro-lima-lima-zafira-inmobiliaria
31/01/2027,91.14 a 138.13 m2 total,Departamentos,2 a 3 dormitorios,1 unidad disponible,Piso 5,3 dorms.,138.13 m²,Modelo TIPO 3,Dólares,"411,000",https://nexoinmobiliario.pe/proyecto/venta-de-departamento-3667-nativa-san-isidro-lima-lima-zafira-inmobiliaria
30/03/2027,103.50 a 218 m2 total,Departamentos,1 a 2 dormitorios,1 unidad disponible,Piso 1,2 dorms.,218.00 m²,Modelo C,Dólares,"445,000",https://nexoinmobiliario.pe/proyecto/venta-de-departamento-3798-parque-acosta-131-san-isidro-lima-lima-praga-desarrollo-inmobiliario
30/06/2028,37.81 a 79.34 m2 total,Departamentos,1 a 3 dormitorios,1 unidad disponible,Piso 4,1 dorms.,40.68 m²,"Modelo X06-03, 04",Soles,"298,000",https://nexoinmobiliario.pe/proyecto/venta-de-departamento-3825-aramburu-park-san-isidro-lima-lima-tale-inmobiliaria
30/06/2028,37.81 a 79.34 m2 total,Departamentos,1 a 3 dormitorios,1 unidad disponible,Piso 3,1 dorms.,40.94 m²,"Modelo X07-03, 04",Soles,"340,000",https://nexoinmobiliario.pe/proyecto/venta-de-departamento-3825-aramburu-park-san-isidro-lima-lima-tale-inmobiliaria
30/06/2028,37.81 a 79.34 m2 total,Departamentos,1 a 3 dormitorios,1 unidad disponible,Piso 3,1 dorms.,46.75 m²,"Modelo X08-03, 04",Soles,"402,000",https://nexoinmobiliario.pe/proyecto/venta-de-departamento-3825-aramburu-park-san-isidro-lima-lima-tale-inmobiliaria
30/06/2028,37.81 a 79.34 m2 total,Departamentos,1 a 3 dormitorios,1 unidad disponible,Piso 3,1 dorms.,38.85 m²,"Modelo X10- 03, 04",Soles,"376,000",https://nexoinmobiliario.pe/proyecto/venta-de-departamento-3825-aramburu-park-san-isidro-lima-lima-tale-inmobiliaria
30/06/2028,37.81 a 79.34 m2 total,Departamentos,1 a 3 dormitorios,1 unidad disponible,Piso 5,2 dorms.,60.49 m²,Modelo X505,Soles,"531,000",https://nexoinmobiliario.pe/proyecto/venta-de-departamento-3825-aramburu-park-san-isidro-lima-lima-tale-inmobiliaria
30/06/2028,37.81 a 79.34 m2 total,Departamentos,1 a 3 dormitorios,1 unidad disponible,Piso 6,2 dorms.,60.63 m²,Modelo X604,Soles,"498,000",https://nexoinmobiliario.pe/proyecto/venta-de-departamento-3825-aramburu-park-san-isidro-lima-lima-tale-inmobiliaria
30/09/2028,42.08 a 108.47 m2 total,Departamentos,1 a 3 dormitorios,1 unidad disponible,Piso 2,1 dorms.,47.44 m²,Modelo X204,Soles,"443,000",https://nexoinmobiliario.pe/proyecto/venta-de-departamento-3835-salaverry-district-san-isidro-lima-lima-tale-inmobiliaria
30/09/2028,42.08 a 108.47 m2 total,Departamentos,1 a 3 dormitorios,1 unidad disponible,Piso 2,2 dorms.,57.10 m²,Modelo X206,Soles,"547,000",https://nexoinmobiliario.pe/proyecto/venta-de-departamento-3835-salaverry-district-san-isidro-lima-lima-tale-inmobiliaria
30/09/2028,42.08 a 108.47 m2 total,Departamentos,1 a 3 dormitorios,1 unidad disponible,Piso 2,1 dorms.,43.40 m²,Modelo X207,Soles,"393,000",https://nexoinmobiliario.pe/proyecto/venta-de-departamento-3835-salaverry-district-san-isidro-lima-lima-tale-inmobiliaria
30/09/2028,42.08 a 108.47 m2 total,Departamentos,1 a 3 dormitorios,1 unidad disponible,Piso 2,1 dorms.,43.80 m²,Modelo X208,Soles,"390,000",https://nexoinmobiliario.pe/proyecto/venta-de-departamento-3835-salaverry-district-san-isidro-lima-lima-tale-inmobiliaria
30/09/2028,42.08 a 108.47 m2 total,Departamentos,1 a 3 dormitorios,1 unidad disponible,Piso 11,3 dorms.,92.07 m²,Modelo X01-P03AL11,Soles,"880,000",https://nexoinmobiliario.pe/proyecto/venta-de-departamento-3835-salaverry-district-san-isidro-lima-lima-tale-inmobiliaria
30/09/2028,42.08 a 108.47 m2 total,Departamentos,1 a 3 dormitorios,6 unidades disponibles,Pisos 3 al 11,2 dorms.,58.03 m²,Modelo X02-P03AL11,Soles,"563,000",https://nexoinmobiliario.pe/proyecto/venta-de-departamento-3835-salaverry-district-san-isidro-lima-lima-tale-inmobiliaria
31/12/2027,60 a 122.20 m2 total,Departamentos,1 a 3 dormitorios,6 unidades disponibles,Pisos 14 al 21,1 dorms.,60.00 m²,Modelo Tipo 1,Soles,"694,672",https://nexoinmobiliario.pe/proyecto/venta-de-departamento-3852-ascent-san-isidro-lima-lima-edifica
31/12/2027,60 a 122.20 m2 total,Departamentos,1 a 3 dormitorios,7 unidades disponibles,Pisos 15 al 21,1 dorms.,60.08 m²,Modelo Tipo 2,Soles,"702,486",https://nexoinmobiliario.pe/proyecto/venta-de-departamento-3852-ascent-san-isidro-lima-lima-edifica
31/12/2027,60 a 122.20 m2 total,Departamentos,1 a 3 dormitorios,2 unidades disponibles,Pisos 12 y 14,3 dorms.,80.02 m²,Modelo Tipo 4,Soles,"788,262",https://nexoinmobiliario.pe/proyecto/venta-de-departamento-3852-ascent-san-isidro-lima-lima-edifica
31/12/2027,60 a 122.20 m2 total,Departamentos,1 a 3 dormitorios,6 unidades disponibles,Pisos 7 al 19,2 dorms.,60.28 m²,Modelo Tipo 5,Soles,"778,064",https://nexoinmobiliario.pe/proyecto/venta-de-departamento-3852-ascent-san-isidro-lima-lima-edifica
31/12/2027,60 a 122.20 m2 total,Departamentos,1 a 3 dormitorios,10 unidades disponibles,Pisos 13 al 22,3 dorms.,80.00 m²,Modelo Tipo 6,Soles,"887,209",https://nexoinmobiliario.pe/proyecto/venta-de-departamento-3852-ascent-san-isidro-lima-lima-edifica
31/12/2027,60 a 122.20 m2 total,Departamentos,1 a 3 dormitorios,7 unidades disponibles,Pisos 16 al 22,3 dorms.,80.00 m²,Modelo Tipo 7,Soles,"895,212",https://nexoinmobiliario.pe/proyecto/venta-de-departamento-3852-ascent-san-isidro-lima-lima-edifica
01/12/2026,70.19 a 242.38 m2 total,Departamentos,1 a 4 dormitorios,1 unidad disponible,Piso 1,2 dorms.,131.88 m²,Modelo 101,Dólares,"335,200",https://nexoinmobiliario.pe/proyecto/venta-de-departamento-3863-los-tucanes-san-isidro-lima-lima-rosiam
01/12/2026,70.19 a 242.38 m2 total,Departamentos,1 a 4 dormitorios,1 unidad disponible,Piso 1,3 dorms.,154.83 m²,Modelo 102,Dólares,"403,500",https://nexoinmobiliario.pe/proyecto/venta-de-departamento-3863-los-tucanes-san-isidro-lima-lima-rosiam
01/12/2026,70.19 a 242.38 m2 total,Departamentos,1 a 4 dormitorios,1 unidad disponible,Piso 2,3 dorms.,116.75 m²,Modelo 201,Dólares,"323,500",https://nexoinmobiliario.pe/proyecto/venta-de-departamento-3863-los-tucanes-san-isidro-lima-lima-rosiam
01/12/2026,70.19 a 242.38 m2 total,Departamentos,1 a 4 dormitorios,1 unidad disponible,Piso 2,3 dorms.,116.83 m²,Modelo 202,Dólares,"324,100",https://nexoinmobiliario.pe/proyecto/venta-de-departamento-3863-los-tucanes-san-isidro-lima-lima-rosiam
01/12/2026,70.19 a 242.38 m2 total,Departamentos,1 a 4 dormitorios,1 unidad disponible,Piso 2,2 dorms.,93.49 m²,Modelo 203,Dólares,"262,200",https://nexoinmobiliario.pe/proyecto/venta-de-departamento-3863-los-tucanes-san-isidro-lima-lima-rosiam
01/12/2026,70.19 a 242.38 m2 total,Departamentos,1 a 4 dormitorios,1 unidad disponible,Piso 3,3 dorms.,116.75 m²,Modelo 301,Dólares,"325,500",https://nexoinmobiliario.pe/proyecto/venta-de-departamento-3863-los-tucanes-san-isidro-lima-lima-rosiam
31/12/2027,80 a 255.17 m2 total,Departamentos,1 a 3 dormitorios,1 unidad disponible,Piso 1,2 dorms.,197.00 m²,Modelo A5,Soles,"1,426,000",https://nexoinmobiliario.pe/proyecto/venta-de-departamento-3940-matiz-san-isidro-lima-lima-paz
31/12/2027,80 a 255.17 m2 total,Departamentos,1 a 3 dormitorios,1 unidad disponible,Piso 1,2 dorms.,110.78 m²,Modelo A6,Soles,"1,039,000",https://nexoinmobiliario.pe/proyecto/venta-de-departamento-3940-matiz-san-isidro-lima-lima-paz
31/12/2027,80 a 255.17 m2 total,Departamentos,1 a 3 dormitorios,1 unidad disponible,Piso 1,2 dorms.,110.06 m²,Modelo A7,Soles,"1,052,000",https://nexoinmobiliario.pe/proyecto/venta-de-departamento-3940-matiz-san-isidro-lima-lima-paz
31/12/2027,80 a 255.17 m2 total,Departamentos,1 a 3 dormitorios,1 unidad disponible,Piso 1,3 dorms.,219.29 m²,Modelo B5,Soles,"1,637,000",https://nexoinmobiliario.pe/proyecto/venta-de-departamento-3940-matiz-san-isidro-lima-lima-paz
31/12/2027,80 a 255.17 m2 total,Departamentos,1 a 3 dormitorios,1 unidad disponible,Piso 1,2 dorms.,110.00 m²,Modelo B6,Soles,"1,031,000",https://nexoinmobiliario.pe/proyecto/venta-de-departamento-3940-matiz-san-isidro-lima-lima-paz
31/12/2027,80 a 255.17 m2 total,Departamentos,1 a 3 dormitorios,1 unidad disponible,Piso 1,2 dorms.,110.00 m²,Modelo B7,Soles,"1,031,000",https://nexoinmobiliario.pe/proyecto/venta-de-departamento-3940-matiz-san-isidro-lima-lima-paz
30/09/2028,48.63 a 76.57 m2 total,Departamentos,2 a 3 dormitorios,1 unidad disponible,Piso 1,2 dorms.,61.62 m²,Modelo 8A,Soles,"470,169",https://nexoinmobiliario.pe/proyecto/venta-de-departamento-3975-the-summit-san-isidro-lima-lima-grupo-t-c
30/09/2028,48.63 a 76.57 m2 total,Departamentos,2 a 3 dormitorios,1 unidad disponible,Piso 1,2 dorms.,70.20 m²,Modelo 9A,Soles,"532,334",https://nexoinmobiliario.pe/proyecto/venta-de-departamento-3975-the-summit-san-isidro-lima-lima-grupo-t-c
30/09/2028,48.63 a 76.57 m2 total,Departamentos,2 a 3 dormitorios,10 unidades disponibles,Pisos 2 al 19,2 dorms.,48.63 m²,Modelo 1A,Soles,"390,016",https://nexoinmobiliario.pe/proyecto/venta-de-departamento-3975-the-summit-san-isidro-lima-lima-grupo-t-c
30/09/2028,48.63 a 76.57 m2 total,Departamentos,2 a 3 dormitorios,5 unidades disponibles,"Pisos 2, 10, 11, 12, 13",2 dorms.,54.34 m²,Modelo 2A,Soles,"441,445",https://nexoinmobiliario.pe/proyecto/venta-de-departamento-3975-the-summit-san-isidro-lima-lima-grupo-t-c
30/09/2028,48.63 a 76.57 m2 total,Departamentos,2 a 3 dormitorios,2 unidades disponibles,Pisos 2 y 3,3 dorms.,70.73 m²,Modelo 7A,Soles,"585,014",https://nexoinmobiliario.pe/proyecto/venta-de-departamento-3975-the-summit-san-isidro-lima-lima-grupo-t-c
30/09/2028,48.63 a 76.57 m2 total,Departamentos,2 a 3 dormitorios,13 unidades disponibles,Pisos 2 al 20,2 dorms.,57.59 m²,Modelo 4A,Soles,"475,545",https://nexoinmobiliario.pe/proyecto/venta-de-departamento-3975-the-summit-san-isidro-lima-lima-grupo-t-c
31/07/2028,80.32 a 137.39 m2 total,Departamentos,1 a 3 dormitorios,16 unidades disponibles,Pisos 2 al 17,3 dorms.,137.39 m²,Modelo X01,Soles,"1,230,000",https://nexoinmobiliario.pe/proyecto/venta-de-departamento-3976-west-prado-san-isidro-lima-lima-cantabria
31/07/2028,80.32 a 137.39 m2 total,Departamentos,1 a 3 dormitorios,16 unidades disponibles,Pisos 2 al 17,3 dorms.,130.57 m²,Modelo X02,Soles,"1,230,000",https://nexoinmobiliario.pe/proyecto/venta-de-departamento-3976-west-prado-san-isidro-lima-lima-cantabria
31/07/2028,80.32 a 137.39 m2 total,Departamentos,1 a 3 dormitorios,15 unidades disponibles,Pisos 2 al 17,3 dorms.,130.80 m²,Modelo X03,Soles,"1,230,000",https://nexoinmobiliario.pe/proyecto/venta-de-departamento-3976-west-prado-san-isidro-lima-lima-cantabria
31/07/2028,80.32 a 137.39 m2 total,Departamentos,1 a 3 dormitorios,14 unidades disponibles,Pisos 3 al 17,1 dorms.,80.32 m²,Modelo X04,Soles,"780,000",https://nexoinmobiliario.pe/proyecto/venta-de-departamento-3976-west-prado-san-isidro-lima-lima-cantabria
31/07/2028,80.32 a 137.39 m2 total,Departamentos,1 a 3 dormitorios,15 unidades disponibles,Pisos 2 al 17,2 dorms.,110.56 m²,Modelo X05,Soles,"990,000",https://nexoinmobiliario.pe/proyecto/venta-de-departamento-3976-west-prado-san-isidro-lima-lima-cantabria
31/07/2028,36.08 a 63.33 m2 total,Departamentos,1 a 2 dormitorios,30 unidades disponibles,Pisos 6 al 37,1 dorms.,45.48 m²,Modelo 1A,Soles,"469,868",https://nexoinmobiliario.pe/proyecto/venta-de-departamento-3986-the-brickell-tower-san-isidro-lima-lima-invent-inmobiliaria
31/07/2028,36.08 a 63.33 m2 total,Departamentos,1 a 2 dormitorios,32 unidades disponibles,Pisos 6 al 37,1 dorms.,45.16 m²,Modelo X04-A,Soles,"468,212",https://nexoinmobiliario.pe/proyecto/venta-de-departamento-3986-the-brickell-tower-san-isidro-lima-lima-invent-inmobiliaria
31/07/2028,36.08 a 63.33 m2 total,Departamentos,1 a 2 dormitorios,25 unidades disponibles,Pisos 5 al 33,1 dorms.,44.46 m²,Modelo X05-A,Soles,"437,671",https://nexoinmobiliario.pe/proyecto/venta-de-departamento-3986-the-brickell-tower-san-isidro-lima-lima-invent-inmobiliaria
31/07/2028,36.08 a 63.33 m2 total,Departamentos,1 a 2 dormitorios,30 unidades disponibles,Pisos 5 al 37,1 dorms.,44.57 m²,Modelo X06-A,Soles,"433,944",https://nexoinmobiliario.pe/proyecto/venta-de-departamento-3986-the-brickell-tower-san-isidro-lima-lima-invent-inmobiliaria
31/07/2028,36.08 a 63.33 m2 total,Departamentos,1 a 2 dormitorios,31 unidades disponibles,Pisos 5 al 37,1 dorms.,36.08 m²,Modelo X07-A,Soles,"368,720",https://nexoinmobiliario.pe/proyecto/venta-de-departamento-3986-the-brickell-tower-san-isidro-lima-lima-invent-inmobiliaria
31/07/2028,36.08 a 63.33 m2 total,Departamentos,1 a 2 dormitorios,30 unidades disponibles,Pisos 5 al 37,1 dorms.,40.20 m²,Modelo X08-A,Soles,"401,849",https://nexoinmobiliario.pe/proyecto/venta-de-departamento-3986-the-brickell-tower-san-isidro-lima-lima-invent-inmobiliaria
31/12/2028,26.49 a 75.42 m2 total,Departamentos,1 a 3 dormitorios,11 unidades disponibles,Pisos 2 al 28,1 dorms.,26.55 m²,Modelo 1A,Soles,"238,329",https://nexoinmobiliario.pe/proyecto/venta-de-departamento-4048-prado-harmony-san-isidro-lima-lima-grupo-t-c
31/12/2028,26.49 a 75.42 m2 total,Departamentos,1 a 3 dormitorios,23 unidades disponibles,Pisos 2 al 33,2 dorms.,59.34 m²,Modelo 2A,Soles,"461,268",https://nexoinmobiliario.pe/proyecto/venta-de-departamento-4048-prado-harmony-san-isidro-lima-lima-grupo-t-c
31/12/2028,26.49 a 75.42 m2 total,Departamentos,1 a 3 dormitorios,29 unidades disponibles,Pisos 3 al 33,2 dorms.,59.34 m²,Modelo 3A,Soles,"496,659",https://nexoinmobiliario.pe/proyecto/venta-de-departamento-4048-prado-harmony-san-isidro-lima-lima-grupo-t-c
31/12/2028,26.49 a 75.42 m2 total,Departamentos,1 a 3 dormitorios,21 unidades disponibles,Pisos 3 al 33,1 dorms.,26.49 m²,Modelo 4A,Soles,"242,652",https://nexoinmobiliario.pe/proyecto/venta-de-departamento-4048-prado-harmony-san-isidro-lima-lima-grupo-t-c
31/12/2028,26.49 a 75.42 m2 total,Departamentos,1 a 3 dormitorios,27 unidades disponibles,Pisos 3 al 33,1 dorms.,38.39 m²,Modelo 5A,Soles,"329,690",https://nexoinmobiliario.pe/proyecto/venta-de-departamento-4048-prado-harmony-san-isidro-lima-lima-grupo-t-c
31/12/2028,26.49 a 75.42 m2 total,Departamentos,1 a 3 dormitorios,1 unidad disponible,Piso 2,2 dorms.,53.61 m²,Modelo 6C,Soles,"471,029",https://nexoinmobiliario.pe/proyecto/venta-de-departamento-4048-prado-harmony-san-isidro-lima-lima-grupo-t-c
31/12/2028,80.14 a 264 m2 total,Departamentos,2 a 3 dormitorios,1 unidad disponible,Piso 1,3 dorms.,165.00 m²,Modelo X-13,Soles,"1,395,665",https://nexoinmobiliario.pe/proyecto/venta-de-departamento-4056-javier-prado-oeste-2168-san-isidro-lima-lima-morada
31/12/2028,80.14 a 264 m2 total,Departamentos,2 a 3 dormitorios,10 unidades disponibles,Pisos 2 al 13,3 dorms.,134.31 m²,Modelo X-01,Soles,"1,265,720",https://nexoinmobiliario.pe/proyecto/venta-de-departamento-4056-javier-prado-oeste-2168-san-isidro-lima-lima-morada
31/12/2028,80.14 a 264 m2 total,Departamentos,2 a 3 dormitorios,10 unidades disponibles,Pisos 2 al 13,3 dorms.,130.13 m²,Modelo X-03,Soles,"1,235,810",https://nexoinmobiliario.pe/proyecto/venta-de-departamento-4056-javier-prado-oeste-2168-san-isidro-lima-lima-morada
31/12/2028,80.14 a 264 m2 total,Departamentos,2 a 3 dormitorios,13 unidades disponibles,Pisos 2 al 16,3 dorms.,110.30 m²,Modelo X-04,Soles,"1,026,781",https://nexoinmobiliario.pe/proyecto/venta-de-departamento-4056-javier-prado-oeste-2168-san-isidro-lima-lima-morada
31/12/2028,80.14 a 264 m2 total,Departamentos,2 a 3 dormitorios,4 unidades disponibles,"Pisos 3, 4, 5, 7",2 dorms.,80.14 m²,Modelo X-05,Soles,"786,932",https://nexoinmobiliario.pe/proyecto/venta-de-departamento-4056-javier-prado-oeste-2168-san-isidro-lima-lima-morada
31/12/2028,80.14 a 264 m2 total,Departamentos,2 a 3 dormitorios,1 unidad disponible,Piso 14,3 dorms.,134.31 m²,Modelo X-07,Soles,"1,304,940",https://nexoinmobiliario.pe/proyecto/venta-de-departamento-4056-javier-prado-oeste-2168-san-isidro-lima-lima-morada
31/12/2028,99.91 a 416.17 m2 total,Departamentos,2 a 5 dormitorios,1 unidad disponible,Piso 1,3 dorms.,150.23 m²,Modelo 101,Dólares,"388,000",https://nexoinmobiliario.pe/proyecto/venta-de-departamento-4139-raices-san-isidro-lima-lima-zafira-inmobiliaria
31/12/2028,99.91 a 416.17 m2 total,Departamentos,2 a 5 dormitorios,1 unidad disponible,Piso 1,4 dorms.,241.62 m²,Modelo 102,Dólares,"669,000",https://nexoinmobiliario.pe/proyecto/venta-de-departamento-4139-raices-san-isidro-lima-lima-zafira-inmobiliaria
31/12/2028,99.91 a 416.17 m2 total,Departamentos,2 a 5 dormitorios,1 unidad disponible,Piso 1,4 dorms.,224.93 m²,Modelo 103,Dólares,"603,000",https://nexoinmobiliario.pe/proyecto/venta-de-departamento-4139-raices-san-isidro-lima-lima-zafira-inmobiliaria
31/12/2028,99.91 a 416.17 m2 total,Departamentos,2 a 5 dormitorios,5 unidades disponibles,"Pisos 2, 3, 4, 8, 9",2 dorms.,99.91 m²,Modelo 1,Dólares,"274,000",https://nexoinmobiliario.pe/proyecto/venta-de-departamento-4139-raices-san-isidro-lima-lima-zafira-inmobiliaria
31/12/2028,99.91 a 416.17 m2 total,Departamentos,2 a 5 dormitorios,4 unidades disponibles,"Pisos 2, 4, 6, 8",3 dorms.,158.73 m²,Modelo 2A,Dólares,"426,000",https://nexoinmobiliario.pe/proyecto/venta-de-departamento-4139-raices-san-isidro-lima-lima-zafira-inmobiliaria
31/12/2028,99.91 a 416.17 m2 total,Departamentos,2 a 5 dormitorios,1 unidad disponible,Piso 2,3 dorms.,174.13 m²,Modelo 3A,Dólares,"442,000",https://nexoinmobiliario.pe/proyecto/venta-de-departamento-4139-raices-san-isidro-lima-lima-zafira-inmobiliaria
30/09/2029,44.58 a 78.29 m2 total,Departamentos,1 a 3 dormitorios,13 unidades disponibles,Pisos 11 al 23,1 dorms.,46.84 m²,Modelo 1A,Soles,"335,879",https://nexoinmobiliario.pe/proyecto/venta-de-departamento-4268-vertyce-san-isidro-lima-lima-grupo-t-c
30/09/2029,44.58 a 78.29 m2 total,Departamentos,1 a 3 dormitorios,13 unidades disponibles,Pisos 11 al 23,3 dorms.,76.66 m²,Modelo 12,Soles,"547,577",https://nexoinmobiliario.pe/proyecto/venta-de-departamento-4268-vertyce-san-isidro-lima-lima-grupo-t-c
30/09/2029,44.58 a 78.29 m2 total,Departamentos,1 a 3 dormitorios,13 unidades disponibles,Pisos 11 al 23,2 dorms.,60.79 m²,Modelo 13,Soles,"435,912",https://nexoinmobiliario.pe/proyecto/venta-de-departamento-4268-vertyce-san-isidro-lima-lima-grupo-t-c
30/09/2029,44.58 a 78.29 m2 total,Departamentos,1 a 3 dormitorios,8 unidades disponibles,Pisos 16 al 23,1 dorms.,44.58 m²,Modelo 5A,Soles,"332,088",https://nexoinmobiliario.pe/proyecto/venta-de-departamento-4268-vertyce-san-isidro-lima-lima-grupo-t-c
30/09/2029,44.58 a 78.29 m2 total,Departamentos,1 a 3 dormitorios,13 unidades disponibles,Pisos 11 al 23,3 dorms.,78.29 m²,Modelo 6A,Soles,"560,855",https://nexoinmobiliario.pe/proyecto/venta-de-departamento-4268-vertyce-san-isidro-lima-lima-grupo-t-c
30/09/2029,44.58 a 78.29 m2 total,Departamentos,1 a 3 dormitorios,22 unidades disponibles,Pisos 11 al 32,2 dorms.,60.32 m²,Modelo 7,Soles,"429,182",https://nexoinmobiliario.pe/proyecto/venta-de-departamento-4268-vertyce-san-isidro-lima-lima-grupo-t-c
30/09/2029,25.40 a 92.98 m2 total,Oficinas,- dorms.,5 unidades disponibles,"Pisos 4, 5, 6, 7, 8",N/A,92.98 m²,Modelo 7,Soles,"887,665",https://nexoinmobiliario.pe/proyecto/venta-de-oficina-4279-vertyce-oficinas-san-isidro-lima-lima-grupo-t-c
30/09/2029,25.40 a 92.98 m2 total,Oficinas,- dorms.,5 unidades disponibles,"Pisos 4, 5, 6, 7, 8",N/A,40.99 m²,Modelo 8,Soles,"384,578",https://nexoinmobiliario.pe/proyecto/venta-de-oficina-4279-vertyce-oficinas-san-isidro-lima-lima-grupo-t-c
30/09/2029,25.40 a 92.98 m2 total,Oficinas,- dorms.,5 unidades disponibles,"Pisos 4, 5, 6, 7, 8",N/A,30.69 m²,Modelo 9,Soles,"282,890",https://nexoinmobiliario.pe/proyecto/venta-de-oficina-4279-vertyce-oficinas-san-isidro-lima-lima-grupo-t-c
30/09/2029,25.40 a 92.98 m2 total,Oficinas,- dorms.,5 unidades disponibles,"Pisos 4, 5, 6, 7, 8",N/A,63.98 m²,Modelo 1,Soles,"610,808",https://nexoinmobiliario.pe/proyecto/venta-de-oficina-4279-vertyce-oficinas-san-isidro-lima-lima-grupo-t-c
30/09/2029,25.40 a 92.98 m2 total,Oficinas,- dorms.,5 unidades disponibles,"Pisos 4, 5, 6, 7, 8",N/A,25.40 m²,Modelo 2,Soles,"259,213",https://nexoinmobiliario.pe/proyecto/venta-de-oficina-4279-vertyce-oficinas-san-isidro-lima-lima-grupo-t-c
30/09/2029,25.40 a 92.98 m2 total,Oficinas,- dorms.,5 unidades disponibles,"Pisos 4, 5, 6, 7, 8",N/A,28.44 m²,Modelo 3,Soles,"290,238",https://nexoinmobiliario.pe/proyecto/venta-de-oficina-4279-vertyce-oficinas-san-isidro-lima-lima-grupo-t-c
30/09/2029,25.40 a 92.98 m2 total,Oficinas,- dorms.,5 unidades disponibles,"Pisos 4, 5, 6, 7, 8",N/A,33.30 m²,Modelo 4,Soles,"334,353",https://nexoinmobiliario.pe/proyecto/venta-de-oficina-4279-vertyce-oficinas-san-isidro-lima-lima-grupo-t-c
30/09/2029,25.40 a 92.98 m2 total,Oficinas,- dorms.,4 unidades disponibles,"Pisos 5, 6, 7, 8",N/A,37.66 m²,Modelo 5,Soles,"375,031",https://nexoinmobiliario.pe/proyecto/venta-de-oficina-4279-vertyce-oficinas-san-isidro-lima-lima-grupo-t-c
30/09/2029,25.40 a 92.98 m2 total,Oficinas,- dorms.,5 unidades disponibles,"Pisos 4, 5, 6, 7, 8",N/A,39.87 m²,Modelo 6,Soles,"400,320",https://nexoinmobiliario.pe/proyecto/venta-de-oficina-4279-vertyce-oficinas-san-isidro-lima-lima-grupo-t-c
30/09/2029,25.40 a 92.98 m2 total,Oficinas,- dorms.,5 unidades disponibles,"Pisos 4, 5, 6, 7, 8",N/A,35.02 m²,Modelo 10,Soles,"328,567",https://nexoinmobiliario.pe/proyecto/venta-de-oficina-4279-vertyce-oficinas-san-isidro-lima-lima-grupo-t-c
30/09/2029,25.40 a 92.98 m2 total,Oficinas,- dorms.,5 unidades disponibles,"Pisos 4, 5, 6, 7, 8",N/A,51.30 m²,Modelo 11,Soles,"481,309",https://nexoinmobiliario.pe/proyecto/venta-de-oficina-4279-vertyce-oficinas-san-isidro-lima-lima-grupo-t-c
30/09/2029,25.40 a 92.98 m2 total,Oficinas,- dorms.,4 unidades disponibles,"Pisos 5, 6, 7, 8",N/A,61.85 m²,Modelo 12,Soles,"537,024",https://nexoinmobiliario.pe/proyecto/venta-de-oficina-4279-vertyce-oficinas-san-isidro-lima-lima-grupo-t-c
30/09/2029,25.40 a 92.98 m2 total,Oficinas,- dorms.,4 unidades disponibles,"Pisos 5, 6, 7, 8",N/A,47.90 m²,Modelo 13,Soles,"431,669",https://nexoinmobiliario.pe/proyecto/venta-de-oficina-4279-vertyce-oficinas-san-isidro-lima-lima-grupo-t-c
30/11/2026,64.88 a 74.52 m2 total,Departamentos,3 dormitorios,1 unidad disponible,Piso 1,3 dorms.,65.62 m²,Modelo ETAPA 3 - TORRE 3 - FLAT - Tipo 1- P1,Soles,"315,600",https://nexoinmobiliario.pe/proyecto/venta-de-departamento-3848-los-parques-de-san-juan-torre-3-san-juan-de-lurigancho-lima-lima-besco
30/11/2026,64.88 a 74.52 m2 total,Departamentos,3 dormitorios,1 unidad disponible,Piso 1,3 dorms.,64.91 m²,Modelo ETAPA 3 - TORRE 3 - FLAT - Tipo 2- P1,Soles,"315,500",https://nexoinmobiliario.pe/proyecto/venta-de-departamento-3848-los-parques-de-san-juan-torre-3-san-juan-de-lurigancho-lima-lima-besco
30/11/2026,64.88 a 74.52 m2 total,Departamentos,3 dormitorios,1 unidad disponible,Piso 1,3 dorms.,74.52 m²,Modelo ETAPA 3 - TORRE 3 - FLAT - Tipo 9- P1,Soles,"382,200",https://nexoinmobiliario.pe/proyecto/venta-de-departamento-3848-los-parques-de-san-juan-torre-3-san-juan-de-lurigancho-lima-lima-besco
30/11/2026,64.88 a 74.52 m2 total,Departamentos,3 dormitorios,1 unidad disponible,Piso 1,3 dorms.,74.52 m²,Modelo ETAPA 3 - TORRE 3 - FLAT - Tipo 10- P1,Soles,"360,700",https://nexoinmobiliario.pe/proyecto/venta-de-departamento-3848-los-parques-de-san-juan-torre-3-san-juan-de-lurigancho-lima-lima-besco
30/11/2026,64.88 a 74.52 m2 total,Departamentos,3 dormitorios,1 unidad disponible,Piso 1,3 dorms.,64.91 m²,Modelo ETAPA 3 - TORRE 3 - FLAT - Tipo 11- P1,Soles,"315,500",https://nexoinmobiliario.pe/proyecto/venta-de-departamento-3848-los-parques-de-san-juan-torre-3-san-juan-de-lurigancho-lima-lima-besco
30/11/2026,64.88 a 74.52 m2 total,Departamentos,3 dormitorios,1 unidad disponible,Piso 8,3 dorms.,64.91 m²,Modelo ETAPA 3 - TORRE 3 - FLAT - Tipo 2,Soles,"287,300",https://nexoinmobiliario.pe/proyecto/venta-de-departamento-3848-los-parques-de-san-juan-torre-3-san-juan-de-lurigancho-lima-lima-besco
