fecha,medidas,tipo,dormitorios,disponible,piso,dormitorios_cont,area,modelo,precio,proyecto_link
01/12/2026,70.19 a 245.07 m2 total,Departamentos,1 a 4 dormitorios,1 unidad disponible,Piso 1,2 dorms.,131.88 m²,Modelo 101,"335,200",https://nexoinmobiliario.pe/proyecto/venta-de-departamento-3863-los-tucanes-san-isidro-lima-lima-rosiam
01/12/2026,70.19 a 245.07 m2 total,Departamentos,1 a 4 dormitorios,1 unidad disponible,Piso 1,3 dorms.,154.83 m²,Modelo 102,"403,500",https://nexoinmobiliario.pe/proyecto/venta-de-departamento-3863-los-tucanes-san-isidro-lima-lima-rosiam
01/12/2026,70.19 a 245.07 m2 total,Departamentos,1 a 4 dormitorios,1 unidad disponible,Piso 2,3 dorms.,116.75 m²,Modelo 201,"323,500",https://nexoinmobiliario.pe/proyecto/venta-de-departamento-3863-los-tucanes-san-isidro-lima-lima-rosiam
01/12/2026,70.19 a 245.07 m2 total,Departamentos,1 a 4 dormitorios,1 unidad disponible,Piso 2,3 dorms.,116.83 m²,Modelo 202,"324,100",https://nexoinmobiliario.pe/proyecto/venta-de-departamento-3863-los-tucanes-san-isidro-lima-lima-rosiam
01/12/2026,70.19 a 245.07 m2 total,Departamentos,1 a 4 dormitorios,1 unidad disponible,Piso 2,2 dorms.,93.49 m²,Modelo 203,"262,200",https://nexoinmobiliario.pe/proyecto/venta-de-departamento-3863-los-tucanes-san-isidro-lima-lima-rosiam
01/12/2026,70.19 a 245.07 m2 total,Departamentos,1 a 4 dormitorios,1 unidad disponible,Piso 3,3 dorms.,116.75 m²,Modelo 301,"325,500",https://nexoinmobiliario.pe/proyecto/venta-de-departamento-3863-los-tucanes-san-isidro-lima-lima-rosiam
31/12/2027,80 a 255.17 m2 total,Departamentos,1 a 3 dormitorios,1 unidad disponible,Piso 1,2 dorms.,197.00 m²,Modelo A5,"1,384,644",https://nexoinmobiliario.pe/proyecto/venta-de-departamento-3940-matiz-san-isidro-lima-lima-paz
31/12/2027,80 a 255.17 m2 total,Departamentos,1 a 3 dormitorios,1 unidad disponible,Piso 1,2 dorms.,110.78 m²,Modelo A6,"1,008,098",https://nexoinmobiliario.pe/proyecto/venta-de-departamento-3940-matiz-san-isidro-lima-lima-paz
31/12/2027,80 a 255.17 m2 total,Departamentos,1 a 3 dormitorios,1 unidad disponible,Piso 1,2 dorms.,110.06 m²,Modelo A7,"1,001,546",https://nexoinmobiliario.pe/proyecto/venta-de-departamento-3940-matiz-san-isidro-lima-lima-paz
31/12/2027,80 a 255.17 m2 total,Departamentos,1 a 3 dormitorios,1 unidad disponible,Piso 1,1 dorms.,99.12 m²,Modelo B1A,"814,912",https://nexoinmobiliario.pe/proyecto/venta-de-departamento-3940-matiz-san-isidro-lima-lima-paz
31/12/2027,80 a 255.17 m2 total,Departamentos,1 a 3 dormitorios,1 unidad disponible,Piso 1,3 dorms.,219.29 m²,Modelo B5,"1,589,452",https://nexoinmobiliario.pe/proyecto/venta-de-departamento-3940-matiz-san-isidro-lima-lima-paz
31/12/2027,80 a 255.17 m2 total,Departamentos,1 a 3 dormitorios,1 unidad disponible,Piso 1,2 dorms.,110.00 m²,Modelo B6,"1,001,000",https://nexoinmobiliario.pe/proyecto/venta-de-departamento-3940-matiz-san-isidro-lima-lima-paz
31/03/2028,48.63 a 111.94 m2 total,Departamentos,2 a 3 dormitorios,1 unidad disponible,Piso 1,2 dorms.,61.62 m²,Modelo 8A,"470,169",https://nexoinmobiliario.pe/proyecto/venta-de-departamento-3975-the-summit-san-isidro-lima-lima-grupo-t-c
31/03/2028,48.63 a 111.94 m2 total,Departamentos,2 a 3 dormitorios,1 unidad disponible,Piso 1,2 dorms.,70.20 m²,Modelo 9A,"532,334",https://nexoinmobiliario.pe/proyecto/venta-de-departamento-3975-the-summit-san-isidro-lima-lima-grupo-t-c
31/03/2028,48.63 a 111.94 m2 total,Departamentos,2 a 3 dormitorios,1 unidad disponible,Piso 1,3 dorms.,111.94 m²,Modelo 10A,"770,512",https://nexoinmobiliario.pe/proyecto/venta-de-departamento-3975-the-summit-san-isidro-lima-lima-grupo-t-c
31/03/2028,48.63 a 111.94 m2 total,Departamentos,2 a 3 dormitorios,16 unidades disponibles,Pisos 2 al 20,2 dorms.,48.63 m²,Modelo 1A,"385,318",https://nexoinmobiliario.pe/proyecto/venta-de-departamento-3975-the-summit-san-isidro-lima-lima-grupo-t-c
31/03/2028,48.63 a 111.94 m2 total,Departamentos,2 a 3 dormitorios,16 unidades disponibles,Pisos 2 al 20,2 dorms.,54.34 m²,Modelo 2A,"426,999",https://nexoinmobiliario.pe/proyecto/venta-de-departamento-3975-the-summit-san-isidro-lima-lima-grupo-t-c
31/03/2028,48.63 a 111.94 m2 total,Departamentos,2 a 3 dormitorios,3 unidades disponibles,"Pisos 2, 3, 4",3 dorms.,70.73 m²,Modelo 7A,"578,181",https://nexoinmobiliario.pe/proyecto/venta-de-departamento-3975-the-summit-san-isidro-lima-lima-grupo-t-c
31/05/2028,80 a 141.94 m2 total,Departamentos,1 a 3 dormitorios,1 unidad disponible,Piso 1,3 dorms.,141.94 m²,Modelo 101,"1,400,000",https://nexoinmobiliario.pe/proyecto/venta-de-departamento-3976-west-prado-san-isidro-lima-lima-cantabria
31/05/2028,80 a 141.94 m2 total,Departamentos,1 a 3 dormitorios,1 unidad disponible,Piso 1,1 dorms.,80.00 m²,Modelo 102,"760,000",https://nexoinmobiliario.pe/proyecto/venta-de-departamento-3976-west-prado-san-isidro-lima-lima-cantabria
31/05/2028,80 a 141.94 m2 total,Departamentos,1 a 3 dormitorios,1 unidad disponible,Piso 1,2 dorms.,110.87 m²,Modelo 103,"1,100,000",https://nexoinmobiliario.pe/proyecto/venta-de-departamento-3976-west-prado-san-isidro-lima-lima-cantabria
31/05/2028,80 a 141.94 m2 total,Departamentos,1 a 3 dormitorios,16 unidades disponibles,Pisos 2 al 17,3 dorms.,137.39 m²,Modelo X01,"1,270,000",https://nexoinmobiliario.pe/proyecto/venta-de-departamento-3976-west-prado-san-isidro-lima-lima-cantabria
31/05/2028,80 a 141.94 m2 total,Departamentos,1 a 3 dormitorios,16 unidades disponibles,Pisos 2 al 17,3 dorms.,130.57 m²,Modelo X02,"1,250,000",https://nexoinmobiliario.pe/proyecto/venta-de-departamento-3976-west-prado-san-isidro-lima-lima-cantabria
31/05/2028,80 a 141.94 m2 total,Departamentos,1 a 3 dormitorios,16 unidades disponibles,Pisos 2 al 17,3 dorms.,130.80 m²,Modelo X03,"1,220,000",https://nexoinmobiliario.pe/proyecto/venta-de-departamento-3976-west-prado-san-isidro-lima-lima-cantabria
31/07/2028,36.08 a 63.33 m2 total,Departamentos,1 a 2 dormitorios,33 unidades disponibles,Pisos 5 al 37,1 dorms.,45.48 m²,Modelo 1A,"450,000",https://nexoinmobiliario.pe/proyecto/venta-de-departamento-3986-the-brickell-tower-san-isidro-lima-lima-invent
31/07/2028,36.08 a 63.33 m2 total,Departamentos,1 a 2 dormitorios,32 unidades disponibles,Pisos 6 al 37,1 dorms.,45.16 m²,Modelo X04-A,"447,400",https://nexoinmobiliario.pe/proyecto/venta-de-departamento-3986-the-brickell-tower-san-isidro-lima-lima-invent
31/07/2028,36.08 a 63.33 m2 total,Departamentos,1 a 2 dormitorios,33 unidades disponibles,Pisos 5 al 37,1 dorms.,44.46 m²,Modelo X05-A,"434,700",https://nexoinmobiliario.pe/proyecto/venta-de-departamento-3986-the-brickell-tower-san-isidro-lima-lima-invent
31/07/2028,36.08 a 63.33 m2 total,Departamentos,1 a 2 dormitorios,33 unidades disponibles,Pisos 5 al 37,1 dorms.,44.57 m²,Modelo X06-A,"384,400",https://nexoinmobiliario.pe/proyecto/venta-de-departamento-3986-the-brickell-tower-san-isidro-lima-lima-invent
31/07/2028,36.08 a 63.33 m2 total,Departamentos,1 a 2 dormitorios,33 unidades disponibles,Pisos 5 al 37,1 dorms.,36.08 m²,Modelo X07-A,"361,100",https://nexoinmobiliario.pe/proyecto/venta-de-departamento-3986-the-brickell-tower-san-isidro-lima-lima-invent
31/07/2028,36.08 a 63.33 m2 total,Departamentos,1 a 2 dormitorios,31 unidades disponibles,Pisos 5 al 37,1 dorms.,40.20 m²,Modelo X08-A,"397,800",https://nexoinmobiliario.pe/proyecto/venta-de-departamento-3986-the-brickell-tower-san-isidro-lima-lima-invent
31/12/2026,71.59 a 150.14 m2 total,Departamentos,2 a 3 dormitorios,1 unidad disponible,Piso 1,3 dorms.,126.03 m²,Modelo XS01,"992,000",https://nexoinmobiliario.pe/proyecto/venta-de-departamento-4008-parque-bustamante-san-isidro-lima-lima-lander-grupo-inmobiliario
31/12/2026,71.59 a 150.14 m2 total,Departamentos,2 a 3 dormitorios,1 unidad disponible,Piso 1,3 dorms.,121.26 m²,Modelo XS02,"989,000",https://nexoinmobiliario.pe/proyecto/venta-de-departamento-4008-parque-bustamante-san-isidro-lima-lima-lander-grupo-inmobiliario
31/12/2026,71.59 a 150.14 m2 total,Departamentos,2 a 3 dormitorios,3 unidades disponibles,"Pisos 5, 6, 7",3 dorms.,110.04 m²,Modelo X03,"1,073,000",https://nexoinmobiliario.pe/proyecto/venta-de-departamento-4008-parque-bustamante-san-isidro-lima-lima-lander-grupo-inmobiliario
31/12/2026,71.59 a 150.14 m2 total,Departamentos,2 a 3 dormitorios,1 unidad disponible,Piso 5,3 dorms.,91.55 m²,Modelo X02,"865,000",https://nexoinmobiliario.pe/proyecto/venta-de-departamento-4008-parque-bustamante-san-isidro-lima-lima-lander-grupo-inmobiliario
31/12/2026,71.59 a 150.14 m2 total,Departamentos,2 a 3 dormitorios,3 unidades disponibles,"Pisos 3, 4, 5",3 dorms.,91.30 m²,Modelo X01,"852,000",https://nexoinmobiliario.pe/proyecto/venta-de-departamento-4008-parque-bustamante-san-isidro-lima-lima-lander-grupo-inmobiliario
31/12/2026,71.59 a 150.14 m2 total,Departamentos,2 a 3 dormitorios,2 unidades disponibles,Pisos 6 y 7,3 dorms.,110.00 m²,Modelo X04,"1,037,000",https://nexoinmobiliario.pe/proyecto/venta-de-departamento-4008-parque-bustamante-san-isidro-lima-lima-lander-grupo-inmobiliario
31/03/2027,97.24 a 203.34 m2 total,Departamentos,2 a 3 dormitorios,4 unidades disponibles,"Pisos 2, 3, 4, 5",3 dorms.,121.95 m²,Modelo F1,"302,579",https://nexoinmobiliario.pe/proyecto/venta-de-departamento-4009-san-isidro-one-san-isidro-lima-lima-lima-in
31/03/2027,97.24 a 203.34 m2 total,Departamentos,2 a 3 dormitorios,5 unidades disponibles,"Pisos 2, 3, 4, 5, 6",3 dorms.,152.49 m²,Modelo F2,"378,355",https://nexoinmobiliario.pe/proyecto/venta-de-departamento-4009-san-isidro-one-san-isidro-lima-lima-lima-in
31/03/2027,97.24 a 203.34 m2 total,Departamentos,2 a 3 dormitorios,1 unidad disponible,Piso 7,3 dorms.,170.57 m²,Modelo F3,"423,214",https://nexoinmobiliario.pe/proyecto/venta-de-departamento-4009-san-isidro-one-san-isidro-lima-lima-lima-in
31/12/2028,26.49 a 75.42 m2 total,Departamentos,1 a 3 dormitorios,32 unidades disponibles,Pisos 2 al 33,1 dorms.,26.55 m²,Modelo 1A,"213,100",https://nexoinmobiliario.pe/proyecto/venta-de-departamento-4048-prado-harmony-san-isidro-lima-lima-grupo-t-c
31/12/2028,26.49 a 75.42 m2 total,Departamentos,1 a 3 dormitorios,32 unidades disponibles,Pisos 2 al 33,2 dorms.,59.34 m²,Modelo 2A,"452,043",https://nexoinmobiliario.pe/proyecto/venta-de-departamento-4048-prado-harmony-san-isidro-lima-lima-grupo-t-c
31/12/2028,26.49 a 75.42 m2 total,Departamentos,1 a 3 dormitorios,32 unidades disponibles,Pisos 2 al 33,2 dorms.,59.34 m²,Modelo 3A,"486,726",https://nexoinmobiliario.pe/proyecto/venta-de-departamento-4048-prado-harmony-san-isidro-lima-lima-grupo-t-c
31/12/2028,26.49 a 75.42 m2 total,Departamentos,1 a 3 dormitorios,32 unidades disponibles,Pisos 2 al 33,1 dorms.,26.49 m²,Modelo 4A,"228,489",https://nexoinmobiliario.pe/proyecto/venta-de-departamento-4048-prado-harmony-san-isidro-lima-lima-grupo-t-c
31/12/2028,26.49 a 75.42 m2 total,Departamentos,1 a 3 dormitorios,32 unidades disponibles,Pisos 2 al 33,1 dorms.,38.39 m²,Modelo 5A,"320,104",https://nexoinmobiliario.pe/proyecto/venta-de-departamento-4048-prado-harmony-san-isidro-lima-lima-grupo-t-c
31/12/2028,26.49 a 75.42 m2 total,Departamentos,1 a 3 dormitorios,1 unidad disponible,Piso 2,2 dorms.,53.61 m²,Modelo 6C,"471,029",https://nexoinmobiliario.pe/proyecto/venta-de-departamento-4048-prado-harmony-san-isidro-lima-lima-grupo-t-c
31/12/2026,53.14 a 71.33 m2 total,Departamentos,2 a 3 dormitorios,33 unidades disponibles,Pisos 1 al 14,3 dorms.,61.51 m²,Modelo 3D,"336,294",https://nexoinmobiliario.pe/proyecto/venta-de-departamento-3812-gran-parque-las-flores-etapa-2-san-juan-de-lurigancho-lima-lima-los-portales-departamentos
31/12/2026,53.14 a 71.33 m2 total,Departamentos,2 a 3 dormitorios,4 unidades disponibles,"Pisos 4, 6, 10, 14",3 dorms.,71.33 m²,Modelo 3D+S,"402,570",https://nexoinmobiliario.pe/proyecto/venta-de-departamento-3812-gran-parque-las-flores-etapa-2-san-juan-de-lurigancho-lima-lima-los-portales-departamentos
31/12/2026,53.14 a 71.33 m2 total,Departamentos,2 a 3 dormitorios,7 unidades disponibles,Pisos 1 al 7,2 dorms.,53.14 m²,Modelo 2D,"322,320",https://nexoinmobiliario.pe/proyecto/venta-de-departamento-3812-gran-parque-las-flores-etapa-2-san-juan-de-lurigancho-lima-lima-los-portales-departamentos
30/11/2026,64.88 a 141.19 m2 total,Departamentos,3 a 4 dormitorios,1 unidad disponible,Piso 1,3 dorms.,65.62 m²,Modelo ETAPA 3 - TORRE 3 - FLAT - Tipo 1- P1,"310,600",https://nexoinmobiliario.pe/proyecto/venta-de-departamento-3848-los-parques-de-san-juan-torre-3-san-juan-de-lurigancho-lima-lima-besco
30/11/2026,64.88 a 141.19 m2 total,Departamentos,3 a 4 dormitorios,1 unidad disponible,Piso 1,3 dorms.,64.91 m²,Modelo ETAPA 3 - TORRE 3 - FLAT - Tipo 2- P1,"310,500",https://nexoinmobiliario.pe/proyecto/venta-de-departamento-3848-los-parques-de-san-juan-torre-3-san-juan-de-lurigancho-lima-lima-besco
30/11/2026,64.88 a 141.19 m2 total,Departamentos,3 a 4 dormitorios,1 unidad disponible,Piso 1,3 dorms.,64.88 m²,Modelo ETAPA 3 - TORRE 3 - FLAT - Tipo 5- P1,"322,150",https://nexoinmobiliario.pe/proyecto/venta-de-departamento-3848-los-parques-de-san-juan-torre-3-san-juan-de-lurigancho-lima-lima-besco
30/11/2026,64.88 a 141.19 m2 total,Departamentos,3 a 4 dormitorios,1 unidad disponible,Piso 1,3 dorms.,65.76 m²,Modelo ETAPA 3 - TORRE 3 - FLAT - Tipo 6- P1,"323,150",https://nexoinmobiliario.pe/proyecto/venta-de-departamento-3848-los-parques-de-san-juan-torre-3-san-juan-de-lurigancho-lima-lima-besco
30/11/2026,64.88 a 141.19 m2 total,Departamentos,3 a 4 dormitorios,1 unidad disponible,Piso 1,3 dorms.,64.88 m²,Modelo ETAPA 3 - TORRE 3 - FLAT - Tipo 8- P1,"322,150",https://nexoinmobiliario.pe/proyecto/venta-de-departamento-3848-los-parques-de-san-juan-torre-3-san-juan-de-lurigancho-lima-lima-besco
30/11/2026,64.88 a 141.19 m2 total,Departamentos,3 a 4 dormitorios,1 unidad disponible,Piso 1,3 dorms.,74.52 m²,Modelo ETAPA 3 - TORRE 3 - FLAT - Tipo 9- P1,"372,200",https://nexoinmobiliario.pe/proyecto/venta-de-departamento-3848-los-parques-de-san-juan-torre-3-san-juan-de-lurigancho-lima-lima-besco
Entrega inmediata,55.23 a 119.05 m2 total,Departamentos,2 a 3 dormitorios,1 unidad disponible,Piso 4,3 dorms.,74.45 m²,Modelo 2X,"504,720",https://nexoinmobiliario.pe/proyecto/venta-de-departamento-2382-lasso-467-san-luis-lima-lima-promsal
Entrega inmediata,55.23 a 119.05 m2 total,Departamentos,2 a 3 dormitorios,3 unidades disponibles,"Pisos 8, 15, 17",2 dorms.,60.25 m²,Modelo 4,"358,400",https://nexoinmobiliario.pe/proyecto/venta-de-departamento-2382-lasso-467-san-luis-lima-lima-promsal
Entrega inmediata,55.23 a 119.05 m2 total,Departamentos,2 a 3 dormitorios,3 unidades disponibles,"Pisos 4, 5, 6",2 dorms.,55.23 m²,Modelo 5,"333,288",https://nexoinmobiliario.pe/proyecto/venta-de-departamento-2382-lasso-467-san-luis-lima-lima-promsal
Entrega inmediata,55.23 a 119.05 m2 total,Departamentos,2 a 3 dormitorios,2 unidades disponibles,Pisos 14 y 16,3 dorms.,74.35 m²,Modelo 1,"467,860",https://nexoinmobiliario.pe/proyecto/venta-de-departamento-2382-lasso-467-san-luis-lima-lima-promsal
Entrega inmediata,55.23 a 119.05 m2 total,Departamentos,2 a 3 dormitorios,1 unidad disponible,Piso 11,3 dorms.,74.88 m²,Modelo 2,"440,828",https://nexoinmobiliario.pe/proyecto/venta-de-departamento-2382-lasso-467-san-luis-lima-lima-promsal
30/04/2028,31.29 a 87.77 m2 total,Departamentos,1 a 3 dormitorios,1 unidad disponible,Piso 2,2 dorms.,51.51 m²,Modelo C,"339,242",https://nexoinmobiliario.pe/proyecto/venta-de-departamento-3681-lasso-ii-san-luis-lima-lima-promsal
30/04/2028,31.29 a 87.77 m2 total,Departamentos,1 a 3 dormitorios,16 unidades disponibles,Pisos 2 al 17,2 dorms.,56.55 m²,Modelo 5,"347,005",https://nexoinmobiliario.pe/proyecto/venta-de-departamento-3681-lasso-ii-san-luis-lima-lima-promsal
30/04/2028,31.29 a 87.77 m2 total,Departamentos,1 a 3 dormitorios,17 unidades disponibles,Pisos 3 al 20,1 dorms.,31.29 m²,Modelo 9,"199,500",https://nexoinmobiliario.pe/proyecto/venta-de-departamento-3681-lasso-ii-san-luis-lima-lima-promsal
30/04/2028,31.29 a 87.77 m2 total,Departamentos,1 a 3 dormitorios,16 unidades disponibles,Pisos 3 al 20,3 dorms.,69.26 m²,Modelo 2,"417,738",https://nexoinmobiliario.pe/proyecto/venta-de-departamento-3681-lasso-ii-san-luis-lima-lima-promsal
30/04/2028,31.29 a 87.77 m2 total,Departamentos,1 a 3 dormitorios,15 unidades disponibles,Pisos 4 al 20,3 dorms.,71.23 m²,Modelo 3,"445,150",https://nexoinmobiliario.pe/proyecto/venta-de-departamento-3681-lasso-ii-san-luis-lima-lima-promsal
30/04/2028,31.29 a 87.77 m2 total,Departamentos,1 a 3 dormitorios,7 unidades disponibles,Pisos 3 al 15,2 dorms.,57.38 m²,Modelo 6,"353,356",https://nexoinmobiliario.pe/proyecto/venta-de-departamento-3681-lasso-ii-san-luis-lima-lima-promsal
31/07/2028,40 a 94.74 m2 total,Departamentos,1 a 2 dormitorios,1 unidad disponible,Piso 1,2 dorms.,67.32 m²,Modelo Tipo 1,"454,350",https://nexoinmobiliario.pe/proyecto/venta-de-departamento-4023-tracciato-san-luis-lima-lima-urbana-perú
31/07/2028,40 a 94.74 m2 total,Departamentos,1 a 2 dormitorios,20 unidades disponibles,Pisos 2 al 21,1 dorms.,46.52 m²,Modelo X01,"338,750",https://nexoinmobiliario.pe/proyecto/venta-de-departamento-4023-tracciato-san-luis-lima-lima-urbana-perú
31/07/2028,40 a 94.74 m2 total,Departamentos,1 a 2 dormitorios,20 unidades disponibles,Pisos 2 al 21,1 dorms.,40.61 m²,Modelo X02,"295,710",https://nexoinmobiliario.pe/proyecto/venta-de-departamento-4023-tracciato-san-luis-lima-lima-urbana-perú
31/07/2028,40 a 94.74 m2 total,Departamentos,1 a 2 dormitorios,19 unidades disponibles,Pisos 2 al 20,2 dorms.,57.89 m²,Modelo X03,"417,400",https://nexoinmobiliario.pe/proyecto/venta-de-departamento-4023-tracciato-san-luis-lima-lima-urbana-perú
31/07/2028,40 a 94.74 m2 total,Departamentos,1 a 2 dormitorios,19 unidades disponibles,Pisos 2 al 20,1 dorms.,46.32 m²,Modelo X04,"333,970",https://nexoinmobiliario.pe/proyecto/venta-de-departamento-4023-tracciato-san-luis-lima-lima-urbana-perú
31/07/2028,40 a 94.74 m2 total,Departamentos,1 a 2 dormitorios,19 unidades disponibles,Pisos 2 al 20,1 dorms.,40.00 m²,Modelo X05,"288,400",https://nexoinmobiliario.pe/proyecto/venta-de-departamento-4023-tracciato-san-luis-lima-lima-urbana-perú
Entrega inmediata,71.74 a 159.58 m2 total,Departamentos,2 a 3 dormitorios,1 unidad disponible,Piso 7,2 dorms.,159.58 m²,Modelo TIPO B,"110,000",https://nexoinmobiliario.pe/proyecto/venta-de-departamento-1635-residencial-los-proceres-san-martin-de-porres-lima-lima-cimentares-grupo-inmobiliario
Entrega inmediata,71.74 a 159.58 m2 total,Departamentos,2 a 3 dormitorios,1 unidad disponible,Piso 7,3 dorms.,71.74 m²,Modelo TIPO C,"71,000",https://nexoinmobiliario.pe/proyecto/venta-de-departamento-1635-residencial-los-proceres-san-martin-de-porres-lima-lima-cimentares-grupo-inmobiliario
Entrega inmediata,71.74 a 159.58 m2 total,Departamentos,2 a 3 dormitorios,1 unidad disponible,Piso 7,3 dorms.,158.00 m²,Modelo TIPO E,"110,000",https://nexoinmobiliario.pe/proyecto/venta-de-departamento-1635-residencial-los-proceres-san-martin-de-porres-lima-lima-cimentares-grupo-inmobiliario
Entrega inmediata,50.74 a 72.99 m2 total,Departamentos,2 dormitorios,1 unidad disponible,Piso 1,2 dorms.,72.99 m²,Modelo TIPO 106-V,"370,066",https://nexoinmobiliario.pe/proyecto/venta-de-departamento-2364-paseo-san-martin-etapa-5-san-martin-de-porres-lima-lima-constructora-inarco
Entrega inmediata,50.74 a 72.99 m2 total,Departamentos,2 dormitorios,3 unidades disponibles,"Pisos 3, 6, 7",2 dorms.,50.74 m²,Modelo TIPO 2-V,"261,000",https://nexoinmobiliario.pe/proyecto/venta-de-departamento-2364-paseo-san-martin-etapa-5-san-martin-de-porres-lima-lima-constructora-inarco
Entrega inmediata,59.60 a 77.20 m2 total,Departamentos,1 dormitorios,5 unidades disponibles,"Pisos 1, 8, 9, 10, 11",1 dorms.,62.49 m²,Modelo TIPO A-07,"429,264",https://nexoinmobiliario.pe/proyecto/venta-de-departamento-1418-allegro-loft-san-miguel-lima-lima-urbana-perú
Entrega inmediata,59.60 a 77.20 m2 total,Departamentos,1 dormitorios,1 unidad disponible,Piso 1,1 dorms.,59.60 m²,Modelo TIPO A-04,"400,800",https://nexoinmobiliario.pe/proyecto/venta-de-departamento-1418-allegro-loft-san-miguel-lima-lima-urbana-perú
Entrega inmediata,59.60 a 77.20 m2 total,Departamentos,1 dormitorios,1 unidad disponible,Piso 9,1 dorms.,77.20 m²,Modelo TIPO A-X01,"489,519",https://nexoinmobiliario.pe/proyecto/venta-de-departamento-1418-allegro-loft-san-miguel-lima-lima-urbana-perú
Entrega inmediata,59.60 a 77.20 m2 total,Departamentos,1 dormitorios,1 unidad disponible,Piso 3,1 dorms.,63.40 m²,Modelo TIPO A-X04,"435,516",https://nexoinmobiliario.pe/proyecto/venta-de-departamento-1418-allegro-loft-san-miguel-lima-lima-urbana-perú
Entrega inmediata,65 a 103.90 m2 total,Departamentos,1 a 3 dormitorios,1 unidad disponible,Piso 19,3 dorms.,67.20 m²,Modelo 4,"429,640",https://nexoinmobiliario.pe/proyecto/venta-de-departamento-1693-mar-de-plata-ii-san-miguel-san-miguel-lima-lima-grupo-mg
Entrega inmediata,65 a 103.90 m2 total,Departamentos,1 a 3 dormitorios,2 unidades disponibles,Pisos 8 y 17,3 dorms.,65.00 m²,Modelo 5,"431,320",https://nexoinmobiliario.pe/proyecto/venta-de-departamento-1693-mar-de-plata-ii-san-miguel-san-miguel-lima-lima-grupo-mg
Entrega inmediata,65 a 103.90 m2 total,Departamentos,1 a 3 dormitorios,4 unidades disponibles,"Pisos 14, 15, 16, 17",3 dorms.,67.20 m²,Modelo 6,"429,640",https://nexoinmobiliario.pe/proyecto/venta-de-departamento-1693-mar-de-plata-ii-san-miguel-san-miguel-lima-lima-grupo-mg
Entrega inmediata,65 a 103.90 m2 total,Departamentos,1 a 3 dormitorios,1 unidad disponible,Piso 9,3 dorms.,66.60 m²,Modelo 7,"419,350",https://nexoinmobiliario.pe/proyecto/venta-de-departamento-1693-mar-de-plata-ii-san-miguel-san-miguel-lima-lima-grupo-mg
Entrega inmediata,65 a 103.90 m2 total,Departamentos,1 a 3 dormitorios,2 unidades disponibles,Pisos 10 y 13,3 dorms.,67.50 m²,Modelo 8,"428,250",https://nexoinmobiliario.pe/proyecto/venta-de-departamento-1693-mar-de-plata-ii-san-miguel-san-miguel-lima-lima-grupo-mg
Entrega inmediata,58 a 116.50 m2 total,Departamentos,1 a 3 dormitorios,1 unidad disponible,Piso 10,3 dorms.,72.00 m²,Modelo A1,"387,400",https://nexoinmobiliario.pe/proyecto/venta-de-departamento-2115-alborada-san-miguel-san-miguel-lima-lima-grupo-mg
Entrega inmediata,58 a 116.50 m2 total,Departamentos,1 a 3 dormitorios,1 unidad disponible,Piso 1,3 dorms.,72.00 m²,Modelo A2a,"414,400",https://nexoinmobiliario.pe/proyecto/venta-de-departamento-2115-alborada-san-miguel-san-miguel-lima-lima-grupo-mg
Entrega inmediata,58 a 116.50 m2 total,Departamentos,1 a 3 dormitorios,4 unidades disponibles,"Pisos 2, 4, 7, 9",3 dorms.,76.60 m²,Modelo A2,"434,300",https://nexoinmobiliario.pe/proyecto/venta-de-departamento-2115-alborada-san-miguel-san-miguel-lima-lima-grupo-mg
Entrega inmediata,58 a 116.50 m2 total,Departamentos,1 a 3 dormitorios,2 unidades disponibles,Pisos 13 y 14,3 dorms.,81.00 m²,Modelo A3,"434,200",https://nexoinmobiliario.pe/proyecto/venta-de-departamento-2115-alborada-san-miguel-san-miguel-lima-lima-grupo-mg
Entrega inmediata,58 a 116.50 m2 total,Departamentos,1 a 3 dormitorios,1 unidad disponible,Piso 1,3 dorms.,75.50 m²,Modelo A4a,"432,600",https://nexoinmobiliario.pe/proyecto/venta-de-departamento-2115-alborada-san-miguel-san-miguel-lima-lima-grupo-mg
Entrega inmediata,58 a 116.50 m2 total,Departamentos,1 a 3 dormitorios,1 unidad disponible,Piso 6,3 dorms.,76.00 m²,Modelo A4,"412,400",https://nexoinmobiliario.pe/proyecto/venta-de-departamento-2115-alborada-san-miguel-san-miguel-lima-lima-grupo-mg
Entrega inmediata,48.91 a 104.62 m2 total,Departamentos,1 a 3 dormitorios,7 unidades disponibles,Pisos 2 al 17,3 dorms.,74.37 m²,Modelo 2,"475,681",https://nexoinmobiliario.pe/proyecto/venta-de-departamento-2198-amalfi-san-miguel-lima-lima-paz
Entrega inmediata,48.91 a 104.62 m2 total,Departamentos,1 a 3 dormitorios,6 unidades disponibles,Pisos 1 al 17,3 dorms.,74.37 m²,Modelo 7,"493,615",https://nexoinmobiliario.pe/proyecto/venta-de-departamento-2198-amalfi-san-miguel-lima-lima-paz
Entrega inmediata,48.91 a 104.62 m2 total,Departamentos,1 a 3 dormitorios,2 unidades disponibles,Pisos 2 y 3,2 dorms.,56.08 m²,Modelo 8,"404,678",https://nexoinmobiliario.pe/proyecto/venta-de-departamento-2198-amalfi-san-miguel-lima-lima-paz
Entrega inmediata,48.91 a 104.62 m2 total,Departamentos,1 a 3 dormitorios,1 unidad disponible,Piso 1,1 dorms.,48.91 m²,Modelo 9,"335,259",https://nexoinmobiliario.pe/proyecto/venta-de-departamento-2198-amalfi-san-miguel-lima-lima-paz
Entrega inmediata,48.91 a 104.62 m2 total,Departamentos,1 a 3 dormitorios,5 unidades disponibles,"Pisos 1, 2, 3, 4, 7",3 dorms.,75.62 m²,Modelo 10,"502,737",https://nexoinmobiliario.pe/proyecto/venta-de-departamento-2198-amalfi-san-miguel-lima-lima-paz
Entrega inmediata,48.91 a 104.62 m2 total,Departamentos,1 a 3 dormitorios,1 unidad disponible,Piso 1,3 dorms.,97.12 m²,Modelo 17,"536,146",https://nexoinmobiliario.pe/proyecto/venta-de-departamento-2198-amalfi-san-miguel-lima-lima-paz
Entrega inmediata,62.98 m2 total,Departamentos,3 dormitorios,1 unidad disponible,Piso 3,3 dorms.,62.98 m²,Modelo 02E,"430,985",https://nexoinmobiliario.pe/proyecto/venta-de-departamento-2229-park-san-miguel-san-miguel-lima-lima-gdc-inmobiliaria
Entrega inmediata,72.10 a 78.90 m2 total,Departamentos,3 dormitorios,2 unidades disponibles,Pisos 10 y 11,3 dorms.,72.10 m²,Modelo 1 C,"494,950",https://nexoinmobiliario.pe/proyecto/venta-de-departamento-2232-mar-adriatico-san-miguel-lima-lima-procity
Entrega inmediata,72.10 a 78.90 m2 total,Departamentos,3 dormitorios,1 unidad disponible,Piso 11,3 dorms.,78.90 m²,Modelo 2 D,"574,750",https://nexoinmobiliario.pe/proyecto/venta-de-departamento-2232-mar-adriatico-san-miguel-lima-lima-procity
31/07/2026,53.40 a 62.10 m2 total,Departamentos,2 a 3 dormitorios,1 unidad disponible,Piso 9,3 dorms.,62.10 m²,Modelo 903,"410,000",https://nexoinmobiliario.pe/proyecto/venta-de-departamento-2438-inspiria-san-miguel-lima-lima-urbalima
31/07/2026,53.40 a 62.10 m2 total,Departamentos,2 a 3 dormitorios,1 unidad disponible,Piso 9,3 dorms.,62.10 m²,Modelo 905,"405,000",https://nexoinmobiliario.pe/proyecto/venta-de-departamento-2438-inspiria-san-miguel-lima-lima-urbalima
31/07/2026,53.40 a 62.10 m2 total,Departamentos,2 a 3 dormitorios,1 unidad disponible,Piso 15,2 dorms.,53.40 m²,Modelo 1501,"325,000",https://nexoinmobiliario.pe/proyecto/venta-de-departamento-2438-inspiria-san-miguel-lima-lima-urbalima
31/07/2026,53.40 a 62.10 m2 total,Departamentos,2 a 3 dormitorios,1 unidad disponible,Piso 4,2 dorms.,53.40 m²,Modelo 402,"330,000",https://nexoinmobiliario.pe/proyecto/venta-de-departamento-2438-inspiria-san-miguel-lima-lima-urbalima
30/11/2025,50.75 a 71.50 m2 total,Departamentos,1 a 3 dormitorios,1 unidad disponible,Piso 1,1 dorms.,59.75 m²,Modelo AX101,"281,000",https://nexoinmobiliario.pe/proyecto/venta-de-departamento-2487-libertad-san-miguel-lima-lima-make-inmobiliaria
30/11/2025,50.75 a 71.50 m2 total,Departamentos,1 a 3 dormitorios,6 unidades disponibles,Pisos 2 al 9,2 dorms.,54.00 m²,Modelo AX01,"281,000",https://nexoinmobiliario.pe/proyecto/venta-de-departamento-2487-libertad-san-miguel-lima-lima-make-inmobiliaria
30/11/2025,50.75 a 71.50 m2 total,Departamentos,1 a 3 dormitorios,8 unidades disponibles,Pisos 2 al 9,2 dorms.,54.25 m²,Modelo AX03,"280,000",https://nexoinmobiliario.pe/proyecto/venta-de-departamento-2487-libertad-san-miguel-lima-lima-make-inmobiliaria
30/11/2025,50.75 a 71.50 m2 total,Departamentos,1 a 3 dormitorios,3 unidades disponibles,"Pisos 2, 3, 6",2 dorms.,50.75 m²,Modelo AX04,"280,000",https://nexoinmobiliario.pe/proyecto/venta-de-departamento-2487-libertad-san-miguel-lima-lima-make-inmobiliaria
30/11/2025,50.75 a 71.50 m2 total,Departamentos,1 a 3 dormitorios,1 unidad disponible,Piso 8,2 dorms.,71.25 m²,Modelo AX05,"379,000",https://nexoinmobiliario.pe/proyecto/venta-de-departamento-2487-libertad-san-miguel-lima-lima-make-inmobiliaria
30/11/2025,50.75 a 71.50 m2 total,Departamentos,1 a 3 dormitorios,4 unidades disponibles,"Pisos 2, 3, 4, 5",2 dorms.,51.00 m²,Modelo AX06,"280,000",https://nexoinmobiliario.pe/proyecto/venta-de-departamento-2487-libertad-san-miguel-lima-lima-make-inmobiliaria
Entrega inmediata,43.14 a 106.13 m2 total,Departamentos,1 a 3 dormitorios,1 unidad disponible,Piso 3,2 dorms.,43.14 m²,Modelo E3 2 AL 3 TIPO 6,"322,410",https://nexoinmobiliario.pe/proyecto/venta-de-departamento-2587-bertolotto-etapa-iii-san-miguel-lima-lima-grupo-tyc
Entrega inmediata,43.14 a 106.13 m2 total,Departamentos,1 a 3 dormitorios,1 unidad disponible,Piso 6,3 dorms.,72.80 m²,Modelo E3 4 AL 16 TIPO 2,"485,196",https://nexoinmobiliario.pe/proyecto/venta-de-departamento-2587-bertolotto-etapa-iii-san-miguel-lima-lima-grupo-tyc
Entrega inmediata,43.14 a 106.13 m2 total,Departamentos,1 a 3 dormitorios,1 unidad disponible,Piso 9,3 dorms.,71.26 m²,Modelo E3 4 AL 16 TIPO 3,"415,789",https://nexoinmobiliario.pe/proyecto/venta-de-departamento-2587-bertolotto-etapa-iii-san-miguel-lima-lima-grupo-tyc
Entrega inmediata,43.14 a 106.13 m2 total,Departamentos,1 a 3 dormitorios,1 unidad disponible,Piso 14,1 dorms.,43.14 m²,Modelo E3 4 AL 16 TIPO 6,"320,725",https://nexoinmobiliario.pe/proyecto/venta-de-departamento-2587-bertolotto-etapa-iii-san-miguel-lima-lima-grupo-tyc
Entrega inmediata,43.14 a 106.13 m2 total,Departamentos,1 a 3 dormitorios,1 unidad disponible,Piso 17,2 dorms.,106.13 m²,Modelo E3 1705,"588,015",https://nexoinmobiliario.pe/proyecto/venta-de-departamento-2587-bertolotto-etapa-iii-san-miguel-lima-lima-grupo-tyc
Entrega inmediata,74.50 m2 total,Departamentos,3 dormitorios,1 unidad disponible,Piso 12,3 dorms.,74.50 m²,Modelo Tipo 1,"561,000",https://nexoinmobiliario.pe/proyecto/venta-de-departamento-2644-c-gonzales-239-san-miguel-lima-lima-v-v-grupo-inmobiliario
30/09/2025,69.68 a 103.50 m2 total,Departamentos,3 dormitorios,1 unidad disponible,Piso 1,3 dorms.,103.50 m²,Modelo 13A,"554,250",https://nexoinmobiliario.pe/proyecto/venta-de-departamento-2665-bertolotto-etapa-iv-san-miguel-lima-lima-grupo-tyc
30/09/2025,69.68 a 103.50 m2 total,Departamentos,3 dormitorios,1 unidad disponible,Piso 1,3 dorms.,69.68 m²,Modelo 14A,"459,865",https://nexoinmobiliario.pe/proyecto/venta-de-departamento-2665-bertolotto-etapa-iv-san-miguel-lima-lima-grupo-tyc
Entrega inmediata,42.20 a 71.06 m2 total,Departamentos,1 a 3 dormitorios,3 unidades disponibles,"Pisos 2, 7, 9",2 dorms.,67.18 m²,Modelo 4,"470,000",https://nexoinmobiliario.pe/proyecto/venta-de-departamento-2714-like-one-san-miguel-lima-lima-granadero-inmobiliaria
Entrega inmediata,42.20 a 71.06 m2 total,Departamentos,1 a 3 dormitorios,1 unidad disponible,Piso 13,3 dorms.,71.06 m²,Modelo 1,"500,000",https://nexoinmobiliario.pe/proyecto/venta-de-departamento-2714-like-one-san-miguel-lima-lima-granadero-inmobiliaria
Entrega inmediata,42.20 a 71.06 m2 total,Departamentos,1 a 3 dormitorios,2 unidades disponibles,Pisos 4 y 17,2 dorms.,67.68 m²,Modelo 2,"497,000",https://nexoinmobiliario.pe/proyecto/venta-de-departamento-2714-like-one-san-miguel-lima-lima-granadero-inmobiliaria
Entrega inmediata,42.20 a 71.06 m2 total,Departamentos,1 a 3 dormitorios,1 unidad disponible,Piso 9,1 dorms.,42.20 m²,Modelo 3,"348,000",https://nexoinmobiliario.pe/proyecto/venta-de-departamento-2714-like-one-san-miguel-lima-lima-granadero-inmobiliaria
31/12/2024,51.80 a 114.20 m2 total,Departamentos,1 a 3 dormitorios,1 unidad disponible,Piso 1,2 dorms.,57.20 m²,Modelo 4 - I,"320,440",https://nexoinmobiliario.pe/proyecto/venta-de-departamento-2744-alborada-ii-san-miguel-san-miguel-lima-lima-grupo-mg
31/12/2024,51.80 a 114.20 m2 total,Departamentos,1 a 3 dormitorios,1 unidad disponible,Piso 2,2 dorms.,52.40 m²,Modelo 5 - II,"295,480",https://nexoinmobiliario.pe/proyecto/venta-de-departamento-2744-alborada-ii-san-miguel-san-miguel-lima-lima-grupo-mg
31/12/2024,51.80 a 114.20 m2 total,Departamentos,1 a 3 dormitorios,1 unidad disponible,Piso 2,2 dorms.,51.80 m²,Modelo 6 - II,"292,360",https://nexoinmobiliario.pe/proyecto/venta-de-departamento-2744-alborada-ii-san-miguel-san-miguel-lima-lima-grupo-mg
31/12/2024,51.80 a 114.20 m2 total,Departamentos,1 a 3 dormitorios,1 unidad disponible,Piso 1,1 dorms.,53.10 m²,Modelo 7 - I,"293,810",https://nexoinmobiliario.pe/proyecto/venta-de-departamento-2744-alborada-ii-san-miguel-san-miguel-lima-lima-grupo-mg
31/12/2024,51.80 a 114.20 m2 total,Departamentos,1 a 3 dormitorios,1 unidad disponible,Piso 2,2 dorms.,51.80 m²,Modelo 7 - II,"312,360",https://nexoinmobiliario.pe/proyecto/venta-de-departamento-2744-alborada-ii-san-miguel-san-miguel-lima-lima-grupo-mg
31/12/2024,51.80 a 114.20 m2 total,Departamentos,1 a 3 dormitorios,1 unidad disponible,Piso 1,2 dorms.,65.30 m²,Modelo 8 - I,"356,030",https://nexoinmobiliario.pe/proyecto/venta-de-departamento-2744-alborada-ii-san-miguel-san-miguel-lima-lima-grupo-mg
30/04/2026,40.22 a 114.52 m2 total,Departamentos,1 a 3 dormitorios,9 unidades disponibles,Pisos 3 al 12,3 dorms.,76.56 m²,Modelo A1,"440,112",https://nexoinmobiliario.pe/proyecto/venta-de-departamento-2769-patio-la-paz-san-miguel-lima-lima-paz
30/04/2026,40.22 a 114.52 m2 total,Departamentos,1 a 3 dormitorios,10 unidades disponibles,Pisos 2 al 11,2 dorms.,57.56 m²,Modelo A11,"327,474",https://nexoinmobiliario.pe/proyecto/venta-de-departamento-2769-patio-la-paz-san-miguel-lima-lima-paz
30/04/2026,40.22 a 114.52 m2 total,Departamentos,1 a 3 dormitorios,1 unidad disponible,Piso 1,2 dorms.,73.37 m²,Modelo A11A,"360,794",https://nexoinmobiliario.pe/proyecto/venta-de-departamento-2769-patio-la-paz-san-miguel-lima-lima-paz
30/04/2026,40.22 a 114.52 m2 total,Departamentos,1 a 3 dormitorios,1 unidad disponible,Piso 1,2 dorms.,77.52 m²,Modelo A15,"406,903",https://nexoinmobiliario.pe/proyecto/venta-de-departamento-2769-patio-la-paz-san-miguel-lima-lima-paz
30/04/2026,40.22 a 114.52 m2 total,Departamentos,1 a 3 dormitorios,1 unidad disponible,Piso 1,2 dorms.,72.02 m²,Modelo A16,"359,768",https://nexoinmobiliario.pe/proyecto/venta-de-departamento-2769-patio-la-paz-san-miguel-lima-lima-paz
30/04/2026,40.22 a 114.52 m2 total,Departamentos,1 a 3 dormitorios,1 unidad disponible,Piso 2,3 dorms.,80.78 m²,Modelo A1A,"462,219",https://nexoinmobiliario.pe/proyecto/venta-de-departamento-2769-patio-la-paz-san-miguel-lima-lima-paz
Entrega inmediata,75 m2 total,Departamentos,3 dormitorios,1 unidad disponible,Piso 7,3 dorms.,75.00 m²,Modelo T1,"505,000",https://nexoinmobiliario.pe/proyecto/venta-de-departamento-2802-residencial-parque-marti-san-miguel-lima-lima-concreta-grupo-inmobiliario
31/01/2026,67 a 67.10 m2 total,Departamentos,2 dormitorios,1 unidad disponible,Piso 2,2 dorms.,67.00 m²,Modelo 201,"439,500",https://nexoinmobiliario.pe/proyecto/venta-de-departamento-2849-vivapark-san-miguel-lima-lima-ecohabitat-desarrollo-inmobiliario
31/01/2026,67 a 67.10 m2 total,Departamentos,2 dormitorios,1 unidad disponible,Piso 8,2 dorms.,67.10 m²,Modelo X01,"439,500",https://nexoinmobiliario.pe/proyecto/venta-de-departamento-2849-vivapark-san-miguel-lima-lima-ecohabitat-desarrollo-inmobiliario
31/01/2026,61.42 a 71.65 m2 total,Departamentos,1 a 3 dormitorios,10 unidades disponibles,Pisos 2 al 14,1 dorms.,61.42 m²,Modelo A,"389,915",https://nexoinmobiliario.pe/proyecto/venta-de-departamento-2851-pietra-d-avanti-san-miguel-lima-lima-rumi-grupo-inmobiliario
31/01/2026,61.42 a 71.65 m2 total,Departamentos,1 a 3 dormitorios,1 unidad disponible,Piso 16,2 dorms.,61.96 m²,Modelo B,"436,302",https://nexoinmobiliario.pe/proyecto/venta-de-departamento-2851-pietra-d-avanti-san-miguel-lima-lima-rumi-grupo-inmobiliario
31/01/2026,61.42 a 71.65 m2 total,Departamentos,1 a 3 dormitorios,12 unidades disponibles,Pisos 5 al 18,2 dorms.,64.12 m²,Modelo E,"407,055",https://nexoinmobiliario.pe/proyecto/venta-de-departamento-2851-pietra-d-avanti-san-miguel-lima-lima-rumi-grupo-inmobiliario
31/01/2026,61.42 a 71.65 m2 total,Departamentos,1 a 3 dormitorios,9 unidades disponibles,Pisos 6 al 18,3 dorms.,71.65 m²,Modelo G,"451,753",https://nexoinmobiliario.pe/proyecto/venta-de-departamento-2851-pietra-d-avanti-san-miguel-lima-lima-rumi-grupo-inmobiliario
31/05/2026,56 a 67.91 m2 total,Departamentos,2 a 3 dormitorios,7 unidades disponibles,Pisos 6 al 19,2 dorms.,59.12 m²,Modelo 202 - 2002,"352,284",https://nexoinmobiliario.pe/proyecto/venta-de-departamento-2894-patriotas-san-miguel-san-miguel-lima-lima-proyec-inmobiliaria
31/05/2026,56 a 67.91 m2 total,Departamentos,2 a 3 dormitorios,7 unidades disponibles,Pisos 2 al 9,3 dorms.,66.30 m²,Modelo 204 - 1704,"415,896",https://nexoinmobiliario.pe/proyecto/venta-de-departamento-2894-patriotas-san-miguel-san-miguel-lima-lima-proyec-inmobiliaria
31/05/2026,56 a 67.91 m2 total,Departamentos,2 a 3 dormitorios,10 unidades disponibles,Pisos 5 al 20,3 dorms.,66.94 m²,Modelo 301 - 2001,"414,687",https://nexoinmobiliario.pe/proyecto/venta-de-departamento-2894-patriotas-san-miguel-san-miguel-lima-lima-proyec-inmobiliaria
31/05/2026,56 a 67.91 m2 total,Departamentos,2 a 3 dormitorios,6 unidades disponibles,Pisos 3 al 14,2 dorms.,56.00 m²,Modelo 303 - 1703,"354,702",https://nexoinmobiliario.pe/proyecto/venta-de-departamento-2894-patriotas-san-miguel-san-miguel-lima-lima-proyec-inmobiliaria
31/05/2026,56 a 67.91 m2 total,Departamentos,2 a 3 dormitorios,1 unidad disponible,Piso 19,2 dorms.,67.91 m²,Modelo 1904,"418,965",https://nexoinmobiliario.pe/proyecto/venta-de-departamento-2894-patriotas-san-miguel-san-miguel-lima-lima-proyec-inmobiliaria
Entrega inmediata,56.53 a 121.27 m2 total,Departamentos,2 dormitorios,1 unidad disponible,Piso 1,2 dorms.,72.01 m²,Modelo 8A,"507,852",https://nexoinmobiliario.pe/proyecto/venta-de-departamento-2910-serena-san-miguel-lima-lima-paz
Entrega inmediata,56.53 a 121.27 m2 total,Departamentos,2 dormitorios,1 unidad disponible,Piso 1,2 dorms.,72.52 m²,Modelo 9A,"512,711",https://nexoinmobiliario.pe/proyecto/venta-de-departamento-2910-serena-san-miguel-lima-lima-paz
Entrega inmediata,56.53 a 121.27 m2 total,Departamentos,2 dormitorios,13 unidades disponibles,Pisos 2 al 17,2 dorms.,60.95 m²,Modelo 1,"471,694",https://nexoinmobiliario.pe/proyecto/venta-de-departamento-2910-serena-san-miguel-lima-lima-paz
Entrega inmediata,56.53 a 121.27 m2 total,Departamentos,2 dormitorios,9 unidades disponibles,Pisos 2 al 14,2 dorms.,57.13 m²,Modelo 8,"442,707",https://nexoinmobiliario.pe/proyecto/venta-de-departamento-2910-serena-san-miguel-lima-lima-paz
Entrega inmediata,56.53 a 121.27 m2 total,Departamentos,2 dormitorios,8 unidades disponibles,Pisos 2 al 13,2 dorms.,56.53 m²,Modelo 9,"448,654",https://nexoinmobiliario.pe/proyecto/venta-de-departamento-2910-serena-san-miguel-lima-lima-paz
Entrega inmediata,56.53 a 121.27 m2 total,Departamentos,2 dormitorios,1 unidad disponible,Piso 11,2 dorms.,60.39 m²,Modelo 7,"521,611",https://nexoinmobiliario.pe/proyecto/venta-de-departamento-2910-serena-san-miguel-lima-lima-paz
01/02/2026,56.48 a 84.39 m2 total,Departamentos,2 a 3 dormitorios,14 unidades disponibles,Pisos 2 al 20,3 dorms.,70.69 m²,Modelo 1,"444,900",https://nexoinmobiliario.pe/proyecto/venta-de-departamento-2958-aura-apartments-san-miguel-lima-lima-casa-bonita
01/02/2026,56.48 a 84.39 m2 total,Departamentos,2 a 3 dormitorios,15 unidades disponibles,Pisos 2 al 20,3 dorms.,79.72 m²,Modelo 2,"481,900",https://nexoinmobiliario.pe/proyecto/venta-de-departamento-2958-aura-apartments-san-miguel-lima-lima-casa-bonita
01/02/2026,56.48 a 84.39 m2 total,Departamentos,2 a 3 dormitorios,9 unidades disponibles,Pisos 2 al 12,3 dorms.,69.89 m²,Modelo 3A,"444,900",https://nexoinmobiliario.pe/proyecto/venta-de-departamento-2958-aura-apartments-san-miguel-lima-lima-casa-bonita
01/02/2026,56.48 a 84.39 m2 total,Departamentos,2 a 3 dormitorios,1 unidad disponible,Piso 20,2 dorms.,56.48 m²,Modelo 3B,"370,900",https://nexoinmobiliario.pe/proyecto/venta-de-departamento-2958-aura-apartments-san-miguel-lima-lima-casa-bonita
Entrega inmediata,73.74 m2 total,Departamentos,3 dormitorios,1 unidad disponible,Piso 2,3 dorms.,73.74 m²,Modelo X04,"491,910",https://nexoinmobiliario.pe/proyecto/venta-de-departamento-2973-ecovento-san-miguel-lima-lima-ecohabitat-desarrollo-inmobiliario
31/12/2026,38.15 a 103.35 m2 total,Departamentos,1 a 3 dormitorios,55 unidades disponibles,Pisos 1 al 21,2 dorms.,38.15 m²,Modelo 2D+K,"367,481",https://nexoinmobiliario.pe/proyecto/venta-de-departamento-3034-concepto-family-too-san-miguel-lima-lima-imagina
31/12/2026,38.15 a 103.35 m2 total,Departamentos,1 a 3 dormitorios,33 unidades disponibles,Pisos 2 al 22,1 dorms.,38.15 m²,Modelo 1D+K,"261,414",https://nexoinmobiliario.pe/proyecto/venta-de-departamento-3034-concepto-family-too-san-miguel-lima-lima-imagina
31/12/2026,38.15 a 103.35 m2 total,Departamentos,1 a 3 dormitorios,53 unidades disponibles,Pisos 1 al 22,3 dorms.,38.15 m²,Modelo 3D+C,"463,050",https://nexoinmobiliario.pe/proyecto/venta-de-departamento-3034-concepto-family-too-san-miguel-lima-lima-imagina
31/10/2025,58 a 76 m2 total,Departamentos,2 a 3 dormitorios,6 unidades disponibles,Pisos 4 al 18,3 dorms.,76.00 m²,Modelo 2,"464,600",https://nexoinmobiliario.pe/proyecto/venta-de-departamento-3168-santa-rafaela-san-miguel-lima-lima-mye-grupo-inmobiliario
31/10/2025,58 a 76 m2 total,Departamentos,2 a 3 dormitorios,5 unidades disponibles,"Pisos 3, 5, 7, 8, 10",2 dorms.,74.00 m²,Modelo 3,"457,900",https://nexoinmobiliario.pe/proyecto/venta-de-departamento-3168-santa-rafaela-san-miguel-lima-lima-mye-grupo-inmobiliario
31/10/2025,58 a 76 m2 total,Departamentos,2 a 3 dormitorios,2 unidades disponibles,Pisos 12 y 13,2 dorms.,68.00 m²,Modelo 4,"416,950",https://nexoinmobiliario.pe/proyecto/venta-de-departamento-3168-santa-rafaela-san-miguel-lima-lima-mye-grupo-inmobiliario
31/10/2025,58 a 76 m2 total,Departamentos,2 a 3 dormitorios,2 unidades disponibles,Pisos 16 y 18,2 dorms.,58.00 m²,Modelo 5,"358,450",https://nexoinmobiliario.pe/proyecto/venta-de-departamento-3168-santa-rafaela-san-miguel-lima-lima-mye-grupo-inmobiliario
31/07/2026,33 a 101.50 m2 total,Departamentos,1 a 3 dormitorios,6 unidades disponibles,Pisos 2 al 16,2 dorms.,66.00 m²,Modelo A,"417,482",https://nexoinmobiliario.pe/proyecto/venta-de-departamento-3202-supra-tower-san-miguel-lima-lima-quatro-inmobiliaria
31/07/2026,33 a 101.50 m2 total,Departamentos,1 a 3 dormitorios,2 unidades disponibles,Pisos 10 y 14,2 dorms.,62.50 m²,Modelo B,"401,135",https://nexoinmobiliario.pe/proyecto/venta-de-departamento-3202-supra-tower-san-miguel-lima-lima-quatro-inmobiliaria
31/07/2026,33 a 101.50 m2 total,Departamentos,1 a 3 dormitorios,3 unidades disponibles,"Pisos 3, 4, 5",2 dorms.,62.00 m²,Modelo B',"419,593",https://nexoinmobiliario.pe/proyecto/venta-de-departamento-3202-supra-tower-san-miguel-lima-lima-quatro-inmobiliaria
31/07/2026,33 a 101.50 m2 total,Departamentos,1 a 3 dormitorios,13 unidades disponibles,Pisos 2 al 20,2 dorms.,65.50 m²,Modelo D,"393,503",https://nexoinmobiliario.pe/proyecto/venta-de-departamento-3202-supra-tower-san-miguel-lima-lima-quatro-inmobiliaria
31/07/2026,33 a 101.50 m2 total,Departamentos,1 a 3 dormitorios,4 unidades disponibles,"Pisos 3, 4, 5, 8",1 dorms.,33.00 m²,Modelo E1,"244,575",https://nexoinmobiliario.pe/proyecto/venta-de-departamento-3202-supra-tower-san-miguel-lima-lima-quatro-inmobiliaria
31/07/2026,33 a 101.50 m2 total,Departamentos,1 a 3 dormitorios,14 unidades disponibles,Pisos 2 al 17,1 dorms.,34.30 m²,Modelo E2,"234,288",https://nexoinmobiliario.pe/proyecto/venta-de-departamento-3202-supra-tower-san-miguel-lima-lima-quatro-inmobiliaria
31/03/2026,43.57 a 78.87 m2 total,Departamentos,1 a 3 dormitorios,1 unidad disponible,Piso 8,2 dorms.,71.24 m²,Modelo AT802,"500,000",https://nexoinmobiliario.pe/proyecto/venta-de-departamento-3235-ako-san-miguel-lima-lima-reyna-grupo-inmobiliario
31/03/2026,43.57 a 78.87 m2 total,Departamentos,1 a 3 dormitorios,6 unidades disponibles,Pisos 1 al 7,3 dorms.,66.48 m²,Modelo Tipologia1,"420,000",https://nexoinmobiliario.pe/proyecto/venta-de-departamento-3235-ako-san-miguel-lima-lima-reyna-grupo-inmobiliario
31/03/2026,43.57 a 78.87 m2 total,Departamentos,1 a 3 dormitorios,3 unidades disponibles,"Pisos 3, 4, 5",3 dorms.,71.81 m²,Modelo Tipologia 2,"500,000",https://nexoinmobiliario.pe/proyecto/venta-de-departamento-3235-ako-san-miguel-lima-lima-reyna-grupo-inmobiliario
31/03/2026,43.57 a 78.87 m2 total,Departamentos,1 a 3 dormitorios,2 unidades disponibles,Pisos 2 y 3,3 dorms.,70.31 m²,Modelo Tipologia 3,"487,000",https://nexoinmobiliario.pe/proyecto/venta-de-departamento-3235-ako-san-miguel-lima-lima-reyna-grupo-inmobiliario
31/03/2026,43.57 a 78.87 m2 total,Departamentos,1 a 3 dormitorios,3 unidades disponibles,"Pisos 2, 3, 5",2 dorms.,64.91 m²,Modelo Tipologia 4,"421,000",https://nexoinmobiliario.pe/proyecto/venta-de-departamento-3235-ako-san-miguel-lima-lima-reyna-grupo-inmobiliario
31/03/2026,43.57 a 78.87 m2 total,Departamentos,1 a 3 dormitorios,5 unidades disponibles,"Pisos 1, 3, 4, 5, 6",2 dorms.,58.85 m²,Modelo Tipologia 6,"385,000",https://nexoinmobiliario.pe/proyecto/venta-de-departamento-3235-ako-san-miguel-lima-lima-reyna-grupo-inmobiliario
31/05/2026,30 a 60 m2 total,Departamentos,1 a 3 dormitorios,11 unidades disponibles,Pisos 5 al 20,1 dorms.,30.00 m²,Modelo A,"220,000",https://nexoinmobiliario.pe/proyecto/venta-de-departamento-3251-proyecto-libertad-san-miguel-lima-lima-grupo-inmobiliario-comunidad
31/05/2026,30 a 60 m2 total,Departamentos,1 a 3 dormitorios,14 unidades disponibles,Pisos 4 al 18,3 dorms.,60.00 m²,Modelo B,"398,398",https://nexoinmobiliario.pe/proyecto/venta-de-departamento-3251-proyecto-libertad-san-miguel-lima-lima-grupo-inmobiliario-comunidad
31/05/2026,30 a 60 m2 total,Departamentos,1 a 3 dormitorios,9 unidades disponibles,Pisos 8 al 20,2 dorms.,47.00 m²,Modelo C,"305,000",https://nexoinmobiliario.pe/proyecto/venta-de-departamento-3251-proyecto-libertad-san-miguel-lima-lima-grupo-inmobiliario-comunidad
31/05/2026,30 a 60 m2 total,Departamentos,1 a 3 dormitorios,15 unidades disponibles,Pisos 4 al 20,2 dorms.,48.00 m²,Modelo E,"315,000",https://nexoinmobiliario.pe/proyecto/venta-de-departamento-3251-proyecto-libertad-san-miguel-lima-lima-grupo-inmobiliario-comunidad
31/12/2025,47.38 a 109.11 m2 total,Departamentos,1 a 3 dormitorios,1 unidad disponible,Piso 4,1 dorms.,58.79 m²,Modelo Tipo 3A,"390,000",https://nexoinmobiliario.pe/proyecto/venta-de-departamento-3289-marina-city-center-san-miguel-lima-lima-inverdes
31/12/2025,47.38 a 109.11 m2 total,Departamentos,1 a 3 dormitorios,1 unidad disponible,Piso 4,2 dorms.,86.47 m²,Modelo Tipo 8,"594,436",https://nexoinmobiliario.pe/proyecto/venta-de-departamento-3289-marina-city-center-san-miguel-lima-lima-inverdes
31/12/2025,47.38 a 109.11 m2 total,Departamentos,1 a 3 dormitorios,8 unidades disponibles,Pisos 5 al 12,2 dorms.,72.90 m²,Modelo Tipo 7,"510,000",https://nexoinmobiliario.pe/proyecto/venta-de-departamento-3289-marina-city-center-san-miguel-lima-lima-inverdes
31/12/2025,47.38 a 109.11 m2 total,Departamentos,1 a 3 dormitorios,3 unidades disponibles,"Pisos 5, 6, 13",3 dorms.,98.96 m²,Modelo Tipo 10,"650,000",https://nexoinmobiliario.pe/proyecto/venta-de-departamento-3289-marina-city-center-san-miguel-lima-lima-inverdes
31/12/2025,47.38 a 109.11 m2 total,Departamentos,1 a 3 dormitorios,1 unidad disponible,Piso 20,3 dorms.,109.11 m²,Modelo Tipo 12,"749,242",https://nexoinmobiliario.pe/proyecto/venta-de-departamento-3289-marina-city-center-san-miguel-lima-lima-inverdes
31/12/2025,47.38 a 109.11 m2 total,Departamentos,1 a 3 dormitorios,9 unidades disponibles,Pisos 6 al 20,1 dorms.,47.38 m²,Modelo Tipo 3,"335,000",https://nexoinmobiliario.pe/proyecto/venta-de-departamento-3289-marina-city-center-san-miguel-lima-lima-inverdes
31/08/2026,48.35 a 108.20 m2 total,Departamentos,1 a 3 dormitorios,1 unidad disponible,Piso 1,2 dorms.,67.00 m²,Modelo A4a,"351,100",https://nexoinmobiliario.pe/proyecto/venta-de-departamento-3342-alborada-iii-san-miguel-san-miguel-lima-lima-grupo-mg
31/08/2026,48.35 a 108.20 m2 total,Departamentos,1 a 3 dormitorios,5 unidades disponibles,"Pisos 2, 3, 4, 5, 6",2 dorms.,57.40 m²,Modelo A4,"317,220",https://nexoinmobiliario.pe/proyecto/venta-de-departamento-3342-alborada-iii-san-miguel-san-miguel-lima-lima-grupo-mg
31/08/2026,48.35 a 108.20 m2 total,Departamentos,1 a 3 dormitorios,6 unidades disponibles,Pisos 7 al 12,2 dorms.,56.30 m²,Modelo A4b,"288,870",https://nexoinmobiliario.pe/proyecto/venta-de-departamento-3342-alborada-iii-san-miguel-san-miguel-lima-lima-grupo-mg
31/08/2026,48.35 a 108.20 m2 total,Departamentos,1 a 3 dormitorios,1 unidad disponible,Piso 17,1 dorms.,48.35 m²,Modelo A4d,"252,000",https://nexoinmobiliario.pe/proyecto/venta-de-departamento-3342-alborada-iii-san-miguel-san-miguel-lima-lima-grupo-mg
31/08/2026,48.35 a 108.20 m2 total,Departamentos,1 a 3 dormitorios,10 unidades disponibles,Pisos 2 al 11,2 dorms.,57.00 m²,Modelo A5,"292,300",https://nexoinmobiliario.pe/proyecto/venta-de-departamento-3342-alborada-iii-san-miguel-san-miguel-lima-lima-grupo-mg
31/08/2026,48.35 a 108.20 m2 total,Departamentos,1 a 3 dormitorios,1 unidad disponible,Piso 13,2 dorms.,56.60 m²,Modelo A5b,"290,340",https://nexoinmobiliario.pe/proyecto/venta-de-departamento-3342-alborada-iii-san-miguel-san-miguel-lima-lima-grupo-mg
30/11/2026,20.86 a 72.66 m2 total,Departamentos,1 a 3 dormitorios,1 unidad disponible,Piso 1,1 dorms.,31.70 m²,Modelo TIPO 102,"296,692",https://nexoinmobiliario.pe/proyecto/venta-de-departamento-3345-oceanika-san-miguel-lima-lima-san-charbel-edificaciones
30/11/2026,20.86 a 72.66 m2 total,Departamentos,1 a 3 dormitorios,1 unidad disponible,Piso 3,3 dorms.,72.66 m²,Modelo 301,"685,829",https://nexoinmobiliario.pe/proyecto/venta-de-departamento-3345-oceanika-san-miguel-lima-lima-san-charbel-edificaciones
30/11/2026,20.86 a 72.66 m2 total,Departamentos,1 a 3 dormitorios,1 unidad disponible,Piso 16,3 dorms.,71.08 m²,Modelo TIPO 1J,"699,483",https://nexoinmobiliario.pe/proyecto/venta-de-departamento-3345-oceanika-san-miguel-lima-lima-san-charbel-edificaciones
30/11/2026,20.86 a 72.66 m2 total,Departamentos,1 a 3 dormitorios,1 unidad disponible,Piso 3,1 dorms.,34.96 m²,Modelo TIPO 3A,"382,645",https://nexoinmobiliario.pe/proyecto/venta-de-departamento-3345-oceanika-san-miguel-lima-lima-san-charbel-edificaciones
30/11/2026,20.86 a 72.66 m2 total,Departamentos,1 a 3 dormitorios,1 unidad disponible,Piso 15,1 dorms.,34.64 m²,Modelo TIPO 3F,"392,215",https://nexoinmobiliario.pe/proyecto/venta-de-departamento-3345-oceanika-san-miguel-lima-lima-san-charbel-edificaciones
30/11/2026,20.86 a 72.66 m2 total,Departamentos,1 a 3 dormitorios,6 unidades disponibles,Pisos 2 al 16,2 dorms.,54.34 m²,Modelo TIPO 4,"422,375",https://nexoinmobiliario.pe/proyecto/venta-de-departamento-3345-oceanika-san-miguel-lima-lima-san-charbel-edificaciones
28/02/2026,55.69 a 68.29 m2 total,Departamentos,1 a 3 dormitorios,2 unidades disponibles,Pisos 2 y 6,2 dorms.,63.78 m²,Modelo TIPO 3,"425,000",https://nexoinmobiliario.pe/proyecto/venta-de-departamento-3364-los-alamos-de-carmenca-san-miguel-lima-lima-inmobiliaria-josa
28/02/2026,55.69 a 68.29 m2 total,Departamentos,1 a 3 dormitorios,1 unidad disponible,Piso 8,3 dorms.,68.29 m²,Modelo TIPO 4,"468,000",https://nexoinmobiliario.pe/proyecto/venta-de-departamento-3364-los-alamos-de-carmenca-san-miguel-lima-lima-inmobiliaria-josa
28/02/2026,55.69 a 68.29 m2 total,Departamentos,1 a 3 dormitorios,7 unidades disponibles,Pisos 3 al 9,2 dorms.,64.06 m²,Modelo TIPO 5,"380,000",https://nexoinmobiliario.pe/proyecto/venta-de-departamento-3364-los-alamos-de-carmenca-san-miguel-lima-lima-inmobiliaria-josa
28/02/2026,55.69 a 68.29 m2 total,Departamentos,1 a 3 dormitorios,8 unidades disponibles,Pisos 2 al 9,2 dorms.,61.65 m²,Modelo TIPO 6,"365,000",https://nexoinmobiliario.pe/proyecto/venta-de-departamento-3364-los-alamos-de-carmenca-san-miguel-lima-lima-inmobiliaria-josa
28/02/2026,55.69 a 68.29 m2 total,Departamentos,1 a 3 dormitorios,2 unidades disponibles,Pisos 7 y 9,2 dorms.,63.78 m²,Modelo TIPO 3,"437,000",https://nexoinmobiliario.pe/proyecto/venta-de-departamento-3364-los-alamos-de-carmenca-san-miguel-lima-lima-inmobiliaria-josa
28/02/2026,55.69 a 68.29 m2 total,Departamentos,1 a 3 dormitorios,1 unidad disponible,Piso 10,2 dorms.,62.91 m²,Modelo TIPO 9,"431,000",https://nexoinmobiliario.pe/proyecto/venta-de-departamento-3364-los-alamos-de-carmenca-san-miguel-lima-lima-inmobiliaria-josa
31/10/2026,31.59 a 77.91 m2 total,Departamentos,1 a 3 dormitorios,13 unidades disponibles,Pisos 2 al 16,2 dorms.,51.25 m²,Modelo TIPO 7,"336,700",https://nexoinmobiliario.pe/proyecto/venta-de-departamento-3406-albamar-match-san-miguel-lima-lima-albamar-grupo-inmobiliario
31/10/2026,31.59 a 77.91 m2 total,Departamentos,1 a 3 dormitorios,1 unidad disponible,Piso 1,2 dorms.,77.91 m²,Modelo TIPO 2B,"461,300",https://nexoinmobiliario.pe/proyecto/venta-de-departamento-3406-albamar-match-san-miguel-lima-lima-albamar-grupo-inmobiliario
31/10/2026,31.59 a 77.91 m2 total,Departamentos,1 a 3 dormitorios,1 unidad disponible,Piso 1,1 dorms.,49.55 m²,Modelo TIPO 3B,"300,700",https://nexoinmobiliario.pe/proyecto/venta-de-departamento-3406-albamar-match-san-miguel-lima-lima-albamar-grupo-inmobiliario
31/10/2026,31.59 a 77.91 m2 total,Departamentos,1 a 3 dormitorios,10 unidades disponibles,Pisos 2 al 15,1 dorms.,34.89 m²,Modelo TIPO 1,"255,500",https://nexoinmobiliario.pe/proyecto/venta-de-departamento-3406-albamar-match-san-miguel-lima-lima-albamar-grupo-inmobiliario
31/10/2026,31.59 a 77.91 m2 total,Departamentos,1 a 3 dormitorios,13 unidades disponibles,Pisos 2 al 20,2 dorms.,57.87 m²,Modelo TIPO 2,"366,300",https://nexoinmobiliario.pe/proyecto/venta-de-departamento-3406-albamar-match-san-miguel-lima-lima-albamar-grupo-inmobiliario
31/10/2026,31.59 a 77.91 m2 total,Departamentos,1 a 3 dormitorios,10 unidades disponibles,Pisos 4 al 20,3 dorms.,69.42 m²,Modelo TIPO 3,"446,200",https://nexoinmobiliario.pe/proyecto/venta-de-departamento-3406-albamar-match-san-miguel-lima-lima-albamar-grupo-inmobiliario
30/03/2026,29.98 a 71.70 m2 total,Departamentos,1 a 2 dormitorios,1 unidad disponible,Piso 6,2 dorms.,71.70 m²,Modelo Tipo 4A,"535,000",https://nexoinmobiliario.pe/proyecto/venta-de-departamento-3421-quinones-park-san-miguel-lima-lima-multiurbe
30/03/2026,29.98 a 71.70 m2 total,Departamentos,1 a 2 dormitorios,2 unidades disponibles,Pisos 6 y 8,1 dorms.,29.98 m²,Modelo Tipo 3,"245,000",https://nexoinmobiliario.pe/proyecto/venta-de-departamento-3421-quinones-park-san-miguel-lima-lima-multiurbe
30/03/2026,29.98 a 71.70 m2 total,Departamentos,1 a 2 dormitorios,1 unidad disponible,Piso 6,2 dorms.,60.80 m²,Modelo Tipo 2A,"463,800",https://nexoinmobiliario.pe/proyecto/venta-de-departamento-3421-quinones-park-san-miguel-lima-lima-multiurbe
30/03/2026,29.98 a 71.70 m2 total,Departamentos,1 a 2 dormitorios,3 unidades disponibles,"Pisos 5, 7, 9",2 dorms.,70.67 m²,Modelo Tipo 4B,"484,000",https://nexoinmobiliario.pe/proyecto/venta-de-departamento-3421-quinones-park-san-miguel-lima-lima-multiurbe
31/12/2026,38.80 a 91.55 m2 total,Departamentos,1 a 3 dormitorios,1 unidad disponible,Piso 2,2 dorms.,64.65 m²,Modelo 201,"376,000",https://nexoinmobiliario.pe/proyecto/venta-de-departamento-3423-eco-amira-san-miguel-lima-lima-ecohabitat-desarrollo-inmobiliario
31/12/2026,38.80 a 91.55 m2 total,Departamentos,1 a 3 dormitorios,10 unidades disponibles,Pisos 2 al 11,1 dorms.,38.80 m²,Modelo X03,"222,000",https://nexoinmobiliario.pe/proyecto/venta-de-departamento-3423-eco-amira-san-miguel-lima-lima-ecohabitat-desarrollo-inmobiliario
31/12/2026,38.80 a 91.55 m2 total,Departamentos,1 a 3 dormitorios,2 unidades disponibles,Pisos 14 y 15,2 dorms.,53.05 m²,Modelo X04,"309,500",https://nexoinmobiliario.pe/proyecto/venta-de-departamento-3423-eco-amira-san-miguel-lima-lima-ecohabitat-desarrollo-inmobiliario
31/12/2026,38.80 a 91.55 m2 total,Departamentos,1 a 3 dormitorios,10 unidades disponibles,Pisos 2 al 15,1 dorms.,40.45 m²,Modelo X05,"239,500",https://nexoinmobiliario.pe/proyecto/venta-de-departamento-3423-eco-amira-san-miguel-lima-lima-ecohabitat-desarrollo-inmobiliario
31/12/2026,38.80 a 91.55 m2 total,Departamentos,1 a 3 dormitorios,1 unidad disponible,Piso 5,2 dorms.,64.80 m²,Modelo X01,"368,500",https://nexoinmobiliario.pe/proyecto/venta-de-departamento-3423-eco-amira-san-miguel-lima-lima-ecohabitat-desarrollo-inmobiliario
31/12/2026,38.80 a 91.55 m2 total,Departamentos,1 a 3 dormitorios,1 unidad disponible,Piso 13,3 dorms.,75.40 m²,Modelo X01A,"449,500",https://nexoinmobiliario.pe/proyecto/venta-de-departamento-3423-eco-amira-san-miguel-lima-lima-ecohabitat-desarrollo-inmobiliario
01/07/2027,26.87 a 97.58 m2 total,Departamentos,1 a 3 dormitorios,15 unidades disponibles,Pisos 2 al 21,2 dorms.,58.48 m²,Modelo X01,"379,000",https://nexoinmobiliario.pe/proyecto/venta-de-departamento-3425-alameda-san-miguel-san-miguel-lima-lima-tale-inmobiliaria
01/07/2027,26.87 a 97.58 m2 total,Departamentos,1 a 3 dormitorios,11 unidades disponibles,Pisos 2 al 19,1 dorms.,26.87 m²,Modelo X02,"196,000",https://nexoinmobiliario.pe/proyecto/venta-de-departamento-3425-alameda-san-miguel-san-miguel-lima-lima-tale-inmobiliaria
01/07/2027,26.87 a 97.58 m2 total,Departamentos,1 a 3 dormitorios,15 unidades disponibles,Pisos 2 al 21,1 dorms.,26.92 m²,Modelo X03,"193,000",https://nexoinmobiliario.pe/proyecto/venta-de-departamento-3425-alameda-san-miguel-san-miguel-lima-lima-tale-inmobiliaria
01/07/2027,26.87 a 97.58 m2 total,Departamentos,1 a 3 dormitorios,12 unidades disponibles,Pisos 2 al 21,2 dorms.,51.58 m²,Modelo X04,"354,000",https://nexoinmobiliario.pe/proyecto/venta-de-departamento-3425-alameda-san-miguel-san-miguel-lima-lima-tale-inmobiliaria
01/07/2027,26.87 a 97.58 m2 total,Departamentos,1 a 3 dormitorios,8 unidades disponibles,Pisos 4 al 21,3 dorms.,67.93 m²,Modelo X05,"430,000",https://nexoinmobiliario.pe/proyecto/venta-de-departamento-3425-alameda-san-miguel-san-miguel-lima-lima-tale-inmobiliaria
01/07/2027,26.87 a 97.58 m2 total,Departamentos,1 a 3 dormitorios,13 unidades disponibles,Pisos 2 al 21,3 dorms.,68.96 m²,Modelo X06,"429,000",https://nexoinmobiliario.pe/proyecto/venta-de-departamento-3425-alameda-san-miguel-san-miguel-lima-lima-tale-inmobiliaria
31/12/2026,26.90 a 85.56 m2 total,Departamentos,1 a 3 dormitorios,1 unidad disponible,Piso 1,2 dorms.,85.56 m²,Modelo TIPO 102-B,"634,487",https://nexoinmobiliario.pe/proyecto/venta-de-departamento-3510-edificio-calamo-san-miguel-lima-lima-vitain
31/12/2026,26.90 a 85.56 m2 total,Departamentos,1 a 3 dormitorios,10 unidades disponibles,Pisos 2 al 12,3 dorms.,63.32 m²,Modelo TIPO 1-A,"509,156",https://nexoinmobiliario.pe/proyecto/venta-de-departamento-3510-edificio-calamo-san-miguel-lima-lima-vitain
31/12/2026,26.90 a 85.56 m2 total,Departamentos,1 a 3 dormitorios,8 unidades disponibles,Pisos 2 al 13,3 dorms.,63.18 m²,Modelo TIPO 2-A,"487,194",https://nexoinmobiliario.pe/proyecto/venta-de-departamento-3510-edificio-calamo-san-miguel-lima-lima-vitain
31/12/2026,26.90 a 85.56 m2 total,Departamentos,1 a 3 dormitorios,9 unidades disponibles,Pisos 2 al 11,2 dorms.,60.01 m²,Modelo TIPO 3-A,"469,554",https://nexoinmobiliario.pe/proyecto/venta-de-departamento-3510-edificio-calamo-san-miguel-lima-lima-vitain
31/12/2026,26.90 a 85.56 m2 total,Departamentos,1 a 3 dormitorios,12 unidades disponibles,Pisos 2 al 13,3 dorms.,63.29 m²,Modelo TIPO 4-A,"437,473",https://nexoinmobiliario.pe/proyecto/venta-de-departamento-3510-edificio-calamo-san-miguel-lima-lima-vitain
31/12/2026,26.90 a 85.56 m2 total,Departamentos,1 a 3 dormitorios,5 unidades disponibles,"Pisos 7, 8, 10, 12, 13",1 dorms.,28.48 m²,Modelo TIPO 5-A,"252,582",https://nexoinmobiliario.pe/proyecto/venta-de-departamento-3510-edificio-calamo-san-miguel-lima-lima-vitain
31/12/2026,38.50 a 78.17 m2 total,Departamentos,1 a 3 dormitorios,6 unidades disponibles,Pisos 4 al 11,2 dorms.,49.22 m²,Modelo X01,"306,800",https://nexoinmobiliario.pe/proyecto/venta-de-departamento-3527-lambayeque-197-san-miguel-lima-lima-jopesa
31/12/2026,38.50 a 78.17 m2 total,Departamentos,1 a 3 dormitorios,6 unidades disponibles,Pisos 3 al 8,3 dorms.,66.39 m²,Modelo X02,"430,300",https://nexoinmobiliario.pe/proyecto/venta-de-departamento-3527-lambayeque-197-san-miguel-lima-lima-jopesa
31/12/2026,38.50 a 78.17 m2 total,Departamentos,1 a 3 dormitorios,2 unidades disponibles,Pisos 5 y 8,1 dorms.,38.50 m²,Modelo X03,"257,565",https://nexoinmobiliario.pe/proyecto/venta-de-departamento-3527-lambayeque-197-san-miguel-lima-lima-jopesa
31/12/2026,38.50 a 78.17 m2 total,Departamentos,1 a 3 dormitorios,4 unidades disponibles,"Pisos 17, 18, 19, 20",3 dorms.,78.17 m²,Modelo X06,"474,967",https://nexoinmobiliario.pe/proyecto/venta-de-departamento-3527-lambayeque-197-san-miguel-lima-lima-jopesa
31/12/2026,38.50 a 78.17 m2 total,Departamentos,1 a 3 dormitorios,4 unidades disponibles,"Pisos 17, 18, 19, 20",2 dorms.,53.11 m²,Modelo X07,"336,952",https://nexoinmobiliario.pe/proyecto/venta-de-departamento-3527-lambayeque-197-san-miguel-lima-lima-jopesa
29/02/2028,36.89 a 68.17 m2 total,Departamentos,1 a 3 dormitorios,17 unidades disponibles,Pisos 3 al 22,1 dorms.,36.89 m²,Modelo LOT-2-X04,"244,467",https://nexoinmobiliario.pe/proyecto/venta-de-departamento-3578-loto-san-miguel-lima-lima-abril-grupo-inmobiliario
29/02/2028,36.89 a 68.17 m2 total,Departamentos,1 a 3 dormitorios,14 unidades disponibles,Pisos 3 al 20,1 dorms.,41.07 m²,Modelo LOT-1-X06,"250,674",https://nexoinmobiliario.pe/proyecto/venta-de-departamento-3578-loto-san-miguel-lima-lima-abril-grupo-inmobiliario
29/02/2028,36.89 a 68.17 m2 total,Departamentos,1 a 3 dormitorios,12 unidades disponibles,Pisos 3 al 22,2 dorms.,52.80 m²,Modelo LOT-1-X10,"314,824",https://nexoinmobiliario.pe/proyecto/venta-de-departamento-3578-loto-san-miguel-lima-lima-abril-grupo-inmobiliario
29/02/2028,36.89 a 68.17 m2 total,Departamentos,1 a 3 dormitorios,14 unidades disponibles,Pisos 3 al 22,2 dorms.,54.49 m²,Modelo LOT-2-X10,"325,210",https://nexoinmobiliario.pe/proyecto/venta-de-departamento-3578-loto-san-miguel-lima-lima-abril-grupo-inmobiliario
29/02/2028,36.89 a 68.17 m2 total,Departamentos,1 a 3 dormitorios,7 unidades disponibles,Pisos 3 al 9,2 dorms.,56.78 m²,Modelo LOT-2-X01A,"352,578",https://nexoinmobiliario.pe/proyecto/venta-de-departamento-3578-loto-san-miguel-lima-lima-abril-grupo-inmobiliario
29/02/2028,36.89 a 68.17 m2 total,Departamentos,1 a 3 dormitorios,4 unidades disponibles,"Pisos 10, 11, 12, 13",2 dorms.,56.75 m²,Modelo LOT-2-X01B,"350,305",https://nexoinmobiliario.pe/proyecto/venta-de-departamento-3578-loto-san-miguel-lima-lima-abril-grupo-inmobiliario
31/07/2026,35.56 a 93.50 m2 total,Departamentos,1 a 3 dormitorios,1 unidad disponible,Piso 1,2 dorms.,49.55 m²,Modelo Tipo 102,"322,670",https://nexoinmobiliario.pe/proyecto/venta-de-departamento-3581-vivum-san-miguel-lima-lima-reyna-grupo-inmobiliario
31/07/2026,35.56 a 93.50 m2 total,Departamentos,1 a 3 dormitorios,3 unidades disponibles,"Pisos 2, 4, 7",2 dorms.,46.62 m²,Modelo Tipo 1,"302,613",https://nexoinmobiliario.pe/proyecto/venta-de-departamento-3581-vivum-san-miguel-lima-lima-reyna-grupo-inmobiliario
31/07/2026,35.56 a 93.50 m2 total,Departamentos,1 a 3 dormitorios,3 unidades disponibles,"Pisos 4, 5, 7",2 dorms.,46.40 m²,Modelo Tipo 2,"310,793",https://nexoinmobiliario.pe/proyecto/venta-de-departamento-3581-vivum-san-miguel-lima-lima-reyna-grupo-inmobiliario
31/07/2026,35.56 a 93.50 m2 total,Departamentos,1 a 3 dormitorios,4 unidades disponibles,"Pisos 3, 4, 7, 9",3 dorms.,60.97 m²,Modelo Tipo 3,"397,688",https://nexoinmobiliario.pe/proyecto/venta-de-departamento-3581-vivum-san-miguel-lima-lima-reyna-grupo-inmobiliario
31/07/2026,35.56 a 93.50 m2 total,Departamentos,1 a 3 dormitorios,6 unidades disponibles,Pisos 2 al 9,1 dorms.,35.56 m²,Modelo Tipo 4,"231,697",https://nexoinmobiliario.pe/proyecto/venta-de-departamento-3581-vivum-san-miguel-lima-lima-reyna-grupo-inmobiliario
31/07/2027,38.88 a 139.51 m2 total,Departamentos,1 a 3 dormitorios,16 unidades disponibles,Pisos 3 al 18,1 dorms.,38.88 m²,Modelo TIPO 1,"231,653",https://nexoinmobiliario.pe/proyecto/venta-de-departamento-3582-saranti-san-miguel-lima-lima-constructora-inarco
31/07/2027,38.88 a 139.51 m2 total,Departamentos,1 a 3 dormitorios,15 unidades disponibles,Pisos 3 al 19,2 dorms.,66.55 m²,Modelo TIPO 2,"360,839",https://nexoinmobiliario.pe/proyecto/venta-de-departamento-3582-saranti-san-miguel-lima-lima-constructora-inarco
31/07/2027,38.88 a 139.51 m2 total,Departamentos,1 a 3 dormitorios,15 unidades disponibles,Pisos 4 al 17,2 dorms.,52.28 m²,Modelo TIPO 3,"278,777",https://nexoinmobiliario.pe/proyecto/venta-de-departamento-3582-saranti-san-miguel-lima-lima-constructora-inarco
31/07/2027,38.88 a 139.51 m2 total,Departamentos,1 a 3 dormitorios,16 unidades disponibles,Pisos 3 al 19,1 dorms.,39.26 m²,Modelo TIPO 4,"249,347",https://nexoinmobiliario.pe/proyecto/venta-de-departamento-3582-saranti-san-miguel-lima-lima-constructora-inarco
31/07/2027,38.88 a 139.51 m2 total,Departamentos,1 a 3 dormitorios,12 unidades disponibles,Pisos 3 al 18,2 dorms.,67.37 m²,Modelo TIPO 5,"371,615",https://nexoinmobiliario.pe/proyecto/venta-de-departamento-3582-saranti-san-miguel-lima-lima-constructora-inarco
31/07/2027,38.88 a 139.51 m2 total,Departamentos,1 a 3 dormitorios,14 unidades disponibles,Pisos 5 al 17,3 dorms.,67.96 m²,Modelo TIPO 6,"371,751",https://nexoinmobiliario.pe/proyecto/venta-de-departamento-3582-saranti-san-miguel-lima-lima-constructora-inarco
30/05/2026,40.08 a 73.09 m2 total,Departamentos,1 a 3 dormitorios,1 unidad disponible,Piso 2,2 dorms.,64.38 m²,Modelo 202,"427,638",https://nexoinmobiliario.pe/proyecto/venta-de-departamento-3601-via-alegro-san-miguel-lima-lima-kallpa
30/05/2026,40.08 a 73.09 m2 total,Departamentos,1 a 3 dormitorios,1 unidad disponible,Piso 2,2 dorms.,59.96 m²,Modelo 203,"403,291",https://nexoinmobiliario.pe/proyecto/venta-de-departamento-3601-via-alegro-san-miguel-lima-lima-kallpa
30/05/2026,40.08 a 73.09 m2 total,Departamentos,1 a 3 dormitorios,3 unidades disponibles,"Pisos 11, 13, 14",3 dorms.,72.82 m²,Modelo TIPO 1,"536,276",https://nexoinmobiliario.pe/proyecto/venta-de-departamento-3601-via-alegro-san-miguel-lima-lima-kallpa
30/05/2026,40.08 a 73.09 m2 total,Departamentos,1 a 3 dormitorios,5 unidades disponibles,"Pisos 3, 10, 12, 13, 14",1 dorms.,40.08 m²,Modelo TIPO 2,"294,861",https://nexoinmobiliario.pe/proyecto/venta-de-departamento-3601-via-alegro-san-miguel-lima-lima-kallpa
30/05/2026,40.08 a 73.09 m2 total,Departamentos,1 a 3 dormitorios,10 unidades disponibles,Pisos 3 al 13,2 dorms.,59.89 m²,Modelo TIPO 4,"371,848",https://nexoinmobiliario.pe/proyecto/venta-de-departamento-3601-via-alegro-san-miguel-lima-lima-kallpa
30/05/2026,40.08 a 73.09 m2 total,Departamentos,1 a 3 dormitorios,9 unidades disponibles,Pisos 5 al 14,2 dorms.,62.98 m²,Modelo TIPO 3,"397,791",https://nexoinmobiliario.pe/proyecto/venta-de-departamento-3601-via-alegro-san-miguel-lima-lima-kallpa
31/07/2026,55.28 a 140.05 m2 total,Departamentos,1 a 3 dormitorios,1 unidad disponible,Piso 1,3 dorms.,140.05 m²,Modelo TIPO A,"788,500",https://nexoinmobiliario.pe/proyecto/venta-de-departamento-3622-residencial-nueva-costanera-san-miguel-lima-lima-in-urban
31/07/2026,55.28 a 140.05 m2 total,Departamentos,1 a 3 dormitorios,1 unidad disponible,Piso 1,1 dorms.,63.00 m²,Modelo TIPO B,"413,900",https://nexoinmobiliario.pe/proyecto/venta-de-departamento-3622-residencial-nueva-costanera-san-miguel-lima-lima-in-urban
31/07/2026,55.28 a 140.05 m2 total,Departamentos,1 a 3 dormitorios,5 unidades disponibles,"Pisos 2, 4, 6, 7, 8",3 dorms.,75.39 m²,Modelo TIPO C,"495,300",https://nexoinmobiliario.pe/proyecto/venta-de-departamento-3622-residencial-nueva-costanera-san-miguel-lima-lima-in-urban
31/07/2026,55.28 a 140.05 m2 total,Departamentos,1 a 3 dormitorios,1 unidad disponible,Piso 12,2 dorms.,75.39 m²,Modelo TIPO D,"495,312",https://nexoinmobiliario.pe/proyecto/venta-de-departamento-3622-residencial-nueva-costanera-san-miguel-lima-lima-in-urban
31/07/2026,55.28 a 140.05 m2 total,Departamentos,1 a 3 dormitorios,6 unidades disponibles,Pisos 2 al 12,1 dorms.,55.28 m²,Modelo TIPO F,"383,367",https://nexoinmobiliario.pe/proyecto/venta-de-departamento-3622-residencial-nueva-costanera-san-miguel-lima-lima-in-urban
31/07/2026,55.28 a 140.05 m2 total,Departamentos,1 a 3 dormitorios,1 unidad disponible,Piso 2,2 dorms.,61.41 m²,Modelo TIPO G,"403,464",https://nexoinmobiliario.pe/proyecto/venta-de-departamento-3622-residencial-nueva-costanera-san-miguel-lima-lima-in-urban
31/10/2026,37.60 a 98.20 m2 total,Departamentos,1 a 3 dormitorios,3 unidades disponibles,"Pisos 2, 4, 6",3 dorms.,61.50 m²,Modelo TIPO A,"430,000",https://nexoinmobiliario.pe/proyecto/venta-de-departamento-3638-serie-19-san-miguel-lima-lima-grupo-brocksa
31/10/2026,37.60 a 98.20 m2 total,Departamentos,1 a 3 dormitorios,3 unidades disponibles,"Pisos 2, 3, 6",2 dorms.,42.00 m²,Modelo TIPO B,"290,000",https://nexoinmobiliario.pe/proyecto/venta-de-departamento-3638-serie-19-san-miguel-lima-lima-grupo-brocksa
31/10/2026,37.60 a 98.20 m2 total,Departamentos,1 a 3 dormitorios,4 unidades disponibles,"Pisos 3, 4, 5, 6",1 dorms.,37.60 m²,Modelo TIPO C,"254,000",https://nexoinmobiliario.pe/proyecto/venta-de-departamento-3638-serie-19-san-miguel-lima-lima-grupo-brocksa
30/04/2027,40.02 a 74.76 m2 total,Departamentos,1 a 3 dormitorios,2 unidades disponibles,Pisos 3 y 8,1 dorms.,40.02 m²,Modelo L-5,"247,546",https://nexoinmobiliario.pe/proyecto/venta-de-departamento-3639-live-apts-san-miguel-lima-lima-lima-metro-cuadrado
30/04/2027,40.02 a 74.76 m2 total,Departamentos,1 a 3 dormitorios,1 unidad disponible,Piso 11,2 dorms.,55.68 m²,Modelo X03-2,"344,412",https://nexoinmobiliario.pe/proyecto/venta-de-departamento-3639-live-apts-san-miguel-lima-lima-lima-metro-cuadrado
30/04/2027,40.02 a 74.76 m2 total,Departamentos,1 a 3 dormitorios,3 unidades disponibles,Pisos 7 y 17,3 dorms.,74.76 m²,Modelo X01-2,"439,311",https://nexoinmobiliario.pe/proyecto/venta-de-departamento-3639-live-apts-san-miguel-lima-lima-lima-metro-cuadrado
30/04/2027,40.02 a 74.76 m2 total,Departamentos,1 a 3 dormitorios,2 unidades disponibles,Pisos 7 y 9,1 dorms.,43.67 m²,Modelo X03-4,"270,124",https://nexoinmobiliario.pe/proyecto/venta-de-departamento-3639-live-apts-san-miguel-lima-lima-lima-metro-cuadrado
30/04/2027,40.02 a 74.76 m2 total,Departamentos,1 a 3 dormitorios,3 unidades disponibles,"Pisos 10, 12, 13",2 dorms.,59.23 m²,Modelo X02-3,"348,053",https://nexoinmobiliario.pe/proyecto/venta-de-departamento-3639-live-apts-san-miguel-lima-lima-lima-metro-cuadrado
31/08/2027,33.93 a 68.38 m2 total,Departamentos,1 a 3 dormitorios,16 unidades disponibles,Pisos 3 al 20,3 dorms.,68.38 m²,Modelo TIPO 1,"446,423",https://nexoinmobiliario.pe/proyecto/venta-de-departamento-3652-vista-razuri-san-miguel-lima-lima-prospera-grupo-inmobiliario
31/08/2027,33.93 a 68.38 m2 total,Departamentos,1 a 3 dormitorios,13 unidades disponibles,Pisos 2 al 20,2 dorms.,52.62 m²,Modelo TIPO 2,"346,439",https://nexoinmobiliario.pe/proyecto/venta-de-departamento-3652-vista-razuri-san-miguel-lima-lima-prospera-grupo-inmobiliario
31/08/2027,33.93 a 68.38 m2 total,Departamentos,1 a 3 dormitorios,17 unidades disponibles,Pisos 3 al 20,1 dorms.,33.93 m²,Modelo TIPO 3,"246,587",https://nexoinmobiliario.pe/proyecto/venta-de-departamento-3652-vista-razuri-san-miguel-lima-lima-prospera-grupo-inmobiliario
31/08/2027,31.89 a 68.86 m2 total,Departamentos,1 a 3 dormitorios,20 unidades disponibles,Pisos 3 al 22,3 dorms.,68.33 m²,Modelo Tipo 1,"487,537",https://nexoinmobiliario.pe/proyecto/venta-de-departamento-3678-edificio-incentric-san-miguel-lima-lima-vitain
31/08/2027,31.89 a 68.86 m2 total,Departamentos,1 a 3 dormitorios,14 unidades disponibles,Pisos 4 al 17,3 dorms.,68.80 m²,Modelo Tipo 10-A,"496,170",https://nexoinmobiliario.pe/proyecto/venta-de-departamento-3678-edificio-incentric-san-miguel-lima-lima-vitain
31/08/2027,31.89 a 68.86 m2 total,Departamentos,1 a 3 dormitorios,4 unidades disponibles,"Pisos 19, 20, 21, 22",2 dorms.,46.09 m²,Modelo Tipo 10-B,"370,077",https://nexoinmobiliario.pe/proyecto/venta-de-departamento-3678-edificio-incentric-san-miguel-lima-lima-vitain
31/08/2027,31.89 a 68.86 m2 total,Departamentos,1 a 3 dormitorios,14 unidades disponibles,Pisos 4 al 17,3 dorms.,68.78 m²,Modelo Tipo 11-A,"496,026",https://nexoinmobiliario.pe/proyecto/venta-de-departamento-3678-edificio-incentric-san-miguel-lima-lima-vitain
31/08/2027,31.89 a 68.86 m2 total,Departamentos,1 a 3 dormitorios,4 unidades disponibles,"Pisos 19, 20, 21, 22",2 dorms.,44.37 m²,Modelo Tipo 11-B,"337,902",https://nexoinmobiliario.pe/proyecto/venta-de-departamento-3678-edificio-incentric-san-miguel-lima-lima-vitain
31/08/2027,31.89 a 68.86 m2 total,Departamentos,1 a 3 dormitorios,18 unidades disponibles,Pisos 3 al 22,3 dorms.,68.12 m²,Modelo Tipo 2,"486,024",https://nexoinmobiliario.pe/proyecto/venta-de-departamento-3678-edificio-incentric-san-miguel-lima-lima-vitain
30/03/2026,52.87 a 134.74 m2 total,Departamentos,2 a 4 dormitorios,1 unidad disponible,Piso 7,2 dorms.,52.87 m²,Modelo TIPO C,"377,000",https://nexoinmobiliario.pe/proyecto/venta-de-departamento-3689-independencia-park-en-san-miguel-san-miguel-lima-lima-dalia-inmobiliaria
30/12/2027,34.90 a 71.92 m2 total,Departamentos,1 a 3 dormitorios,1 unidad disponible,Piso 1,2 dorms.,68.17 m²,Modelo CGC - 101,"390,960",https://nexoinmobiliario.pe/proyecto/venta-de-departamento-3724-sauce-zen-san-miguel-lima-lima-abril-grupo-inmobiliario
30/12/2027,34.90 a 71.92 m2 total,Departamentos,1 a 3 dormitorios,1 unidad disponible,Piso 1,1 dorms.,58.51 m²,Modelo CGC - 104,"338,066",https://nexoinmobiliario.pe/proyecto/venta-de-departamento-3724-sauce-zen-san-miguel-lima-lima-abril-grupo-inmobiliario
30/12/2027,34.90 a 71.92 m2 total,Departamentos,1 a 3 dormitorios,18 unidades disponibles,Pisos 3 al 23,2 dorms.,50.89 m²,Modelo CGC - 201 AL 2301,"323,517",https://nexoinmobiliario.pe/proyecto/venta-de-departamento-3724-sauce-zen-san-miguel-lima-lima-abril-grupo-inmobiliario
30/12/2027,34.90 a 71.92 m2 total,Departamentos,1 a 3 dormitorios,19 unidades disponibles,Pisos 3 al 23,1 dorms.,34.90 m²,Modelo CGC - 202 AL 2302,"213,100",https://nexoinmobiliario.pe/proyecto/venta-de-departamento-3724-sauce-zen-san-miguel-lima-lima-abril-grupo-inmobiliario
30/12/2027,34.90 a 71.92 m2 total,Departamentos,1 a 3 dormitorios,20 unidades disponibles,Pisos 2 al 23,3 dorms.,68.75 m²,Modelo CGC - 203 AL 2303,"387,800",https://nexoinmobiliario.pe/proyecto/venta-de-departamento-3724-sauce-zen-san-miguel-lima-lima-abril-grupo-inmobiliario
30/12/2027,34.90 a 71.92 m2 total,Departamentos,1 a 3 dormitorios,22 unidades disponibles,Pisos 2 al 23,3 dorms.,69.01 m²,Modelo CGC - 204 AL 2304,"438,709",https://nexoinmobiliario.pe/proyecto/venta-de-departamento-3724-sauce-zen-san-miguel-lima-lima-abril-grupo-inmobiliario
31/12/2027,41.71 a 196.51 m2 total,Departamentos,1 a 3 dormitorios,6 unidades disponibles,Pisos 2 al 20,2 dorms.,67.38 m²,Modelo Atípicos2D - 67m2,"471,660",https://nexoinmobiliario.pe/proyecto/venta-de-departamento-3774-marina-city-center-torre-2-san-miguel-lima-lima-inverdes
31/12/2027,41.71 a 196.51 m2 total,Departamentos,1 a 3 dormitorios,29 unidades disponibles,Pisos 2 al 22,2 dorms.,64.09 m²,Modelo Tipo 7 - 64m2,"449,820",https://nexoinmobiliario.pe/proyecto/venta-de-departamento-3774-marina-city-center-torre-2-san-miguel-lima-lima-inverdes
31/12/2027,41.71 a 196.51 m2 total,Departamentos,1 a 3 dormitorios,26 unidades disponibles,Pisos 2 al 20,1 dorms.,42.98 m²,Modelo Tipo 1 - 42.98m2,"300,860",https://nexoinmobiliario.pe/proyecto/venta-de-departamento-3774-marina-city-center-torre-2-san-miguel-lima-lima-inverdes
31/12/2027,41.71 a 196.51 m2 total,Departamentos,1 a 3 dormitorios,48 unidades disponibles,Pisos 2 al 22,3 dorms.,84.30 m²,Modelo Tipo 9 - 84m2,"590,100",https://nexoinmobiliario.pe/proyecto/venta-de-departamento-3774-marina-city-center-torre-2-san-miguel-lima-lima-inverdes
31/12/2027,41.71 a 196.51 m2 total,Departamentos,1 a 3 dormitorios,20 unidades disponibles,Pisos 2 al 22,2 dorms.,62.65 m²,Modelo Tipo 6 - 62.65m2,"438,550",https://nexoinmobiliario.pe/proyecto/venta-de-departamento-3774-marina-city-center-torre-2-san-miguel-lima-lima-inverdes
31/12/2027,41.71 a 196.51 m2 total,Departamentos,1 a 3 dormitorios,19 unidades disponibles,Pisos 2 al 22,1 dorms.,52.72 m²,Modelo Tipo 3 - 47.54m2,"340,884",https://nexoinmobiliario.pe/proyecto/venta-de-departamento-3774-marina-city-center-torre-2-san-miguel-lima-lima-inverdes
18/12/2026,47.32 a 103.21 m2 total,Departamentos,1 a 3 dormitorios,3 unidades disponibles,"Pisos 3, 5, 7",2 dorms.,66.31 m²,Modelo TIPO R,"403,200",https://nexoinmobiliario.pe/proyecto/venta-de-departamento-3793-liberalia-san-miguel-lima-lima-vivans-inmobiliaria
18/12/2026,47.32 a 103.21 m2 total,Departamentos,1 a 3 dormitorios,1 unidad disponible,Piso 8,2 dorms.,57.43 m²,Modelo TIPO S,"349,200",https://nexoinmobiliario.pe/proyecto/venta-de-departamento-3793-liberalia-san-miguel-lima-lima-vivans-inmobiliaria
18/12/2026,47.32 a 103.21 m2 total,Departamentos,1 a 3 dormitorios,1 unidad disponible,Piso 8,3 dorms.,69.19 m²,Modelo TIPO T,"420,700",https://nexoinmobiliario.pe/proyecto/venta-de-departamento-3793-liberalia-san-miguel-lima-lima-vivans-inmobiliaria
18/12/2026,47.32 a 103.21 m2 total,Departamentos,1 a 3 dormitorios,1 unidad disponible,Piso 8,3 dorms.,69.94 m²,Modelo TIPO U,"425,200",https://nexoinmobiliario.pe/proyecto/venta-de-departamento-3793-liberalia-san-miguel-lima-lima-vivans-inmobiliaria
18/12/2026,47.32 a 103.21 m2 total,Departamentos,1 a 3 dormitorios,1 unidad disponible,Piso,1 dorms.,51.89 m²,Modelo TIPO B,"284,100",https://nexoinmobiliario.pe/proyecto/venta-de-departamento-3793-liberalia-san-miguel-lima-lima-vivans-inmobiliaria
18/12/2026,47.32 a 103.21 m2 total,Departamentos,1 a 3 dormitorios,1 unidad disponible,Piso,3 dorms.,96.05 m²,Modelo TIPO C,"499,700",https://nexoinmobiliario.pe/proyecto/venta-de-departamento-3793-liberalia-san-miguel-lima-lima-vivans-inmobiliaria
31/03/2027,40.33 a 63.67 m2 total,Departamentos,1 a 3 dormitorios,7 unidades disponibles,Pisos 2 al 11,1 dorms.,40.33 m²,Modelo A1,"214,650",https://nexoinmobiliario.pe/proyecto/venta-de-departamento-3796-luma-san-miguel-san-miguel-lima-lima-grupo-mg
31/03/2027,40.33 a 63.67 m2 total,Departamentos,1 a 3 dormitorios,7 unidades disponibles,Pisos 2 al 8,1 dorms.,40.70 m²,Modelo A2,"220,570",https://nexoinmobiliario.pe/proyecto/venta-de-departamento-3796-luma-san-miguel-san-miguel-lima-lima-grupo-mg
31/03/2027,40.33 a 63.67 m2 total,Departamentos,1 a 3 dormitorios,9 unidades disponibles,Pisos 2 al 11,1 dorms.,40.43 m²,Modelo A3,"215,150",https://nexoinmobiliario.pe/proyecto/venta-de-departamento-3796-luma-san-miguel-san-miguel-lima-lima-grupo-mg
31/03/2027,40.33 a 63.67 m2 total,Departamentos,1 a 3 dormitorios,9 unidades disponibles,Pisos 3 al 11,2 dorms.,55.79 m²,Modelo A4,"303,108",https://nexoinmobiliario.pe/proyecto/venta-de-departamento-3796-luma-san-miguel-san-miguel-lima-lima-grupo-mg
31/03/2027,40.33 a 63.67 m2 total,Departamentos,1 a 3 dormitorios,10 unidades disponibles,Pisos 3 al 12,2 dorms.,55.66 m²,Modelo A5,"291,300",https://nexoinmobiliario.pe/proyecto/venta-de-departamento-3796-luma-san-miguel-san-miguel-lima-lima-grupo-mg
31/03/2027,40.33 a 63.67 m2 total,Departamentos,1 a 3 dormitorios,7 unidades disponibles,Pisos 3 al 9,2 dorms.,53.05 m²,Modelo A6,"299,470",https://nexoinmobiliario.pe/proyecto/venta-de-departamento-3796-luma-san-miguel-san-miguel-lima-lima-grupo-mg
31/12/2026,37.50 a 52 m2 total,Departamentos,1 a 2 dormitorios,7 unidades disponibles,Pisos 2 al 8,1 dorms.,37.50 m²,Modelo TIPO A,"215,500",https://nexoinmobiliario.pe/proyecto/venta-de-departamento-3811-serie-20-san-miguel-lima-lima-grupo-brocksa
31/12/2026,37.50 a 52 m2 total,Departamentos,1 a 2 dormitorios,5 unidades disponibles,"Pisos 2, 3, 4, 6, 10",2 dorms.,42.00 m²,Modelo TIPO B,"266,500",https://nexoinmobiliario.pe/proyecto/venta-de-departamento-3811-serie-20-san-miguel-lima-lima-grupo-brocksa
31/12/2026,37.50 a 52 m2 total,Departamentos,1 a 2 dormitorios,4 unidades disponibles,"Pisos 2, 3, 5, 6",2 dorms.,52.00 m²,Modelo TIPO C,"344,000",https://nexoinmobiliario.pe/proyecto/venta-de-departamento-3811-serie-20-san-miguel-lima-lima-grupo-brocksa
31/10/2027,40 a 98.47 m2 total,Departamentos,1 a 3 dormitorios,10 unidades disponibles,Pisos 1 al 10,2 dorms.,57.04 m²,Modelo URBAN MAX,"304,496",https://nexoinmobiliario.pe/proyecto/venta-de-departamento-3813-condominio-libertad-2515-san-miguel-lima-lima-cissac
31/10/2027,40 a 98.47 m2 total,Departamentos,1 a 3 dormitorios,12 unidades disponibles,Pisos 2 al 13,3 dorms.,69.00 m²,Modelo LARGE A,"363,100",https://nexoinmobiliario.pe/proyecto/venta-de-departamento-3813-condominio-libertad-2515-san-miguel-lima-lima-cissac
31/10/2027,40 a 98.47 m2 total,Departamentos,1 a 3 dormitorios,11 unidades disponibles,Pisos 1 al 13,3 dorms.,64.65 m²,Modelo LARGE B,"359,474",https://nexoinmobiliario.pe/proyecto/venta-de-departamento-3813-condominio-libertad-2515-san-miguel-lima-lima-cissac
31/10/2027,40 a 98.47 m2 total,Departamentos,1 a 3 dormitorios,12 unidades disponibles,Pisos 2 al 13,3 dorms.,75.80 m²,Modelo FULL,"396,420",https://nexoinmobiliario.pe/proyecto/venta-de-departamento-3813-condominio-libertad-2515-san-miguel-lima-lima-cissac
31/10/2027,40 a 98.47 m2 total,Departamentos,1 a 3 dormitorios,11 unidades disponibles,Pisos 2 al 12,2 dorms.,63.17 m²,Modelo ROOMATE A,"334,533",https://nexoinmobiliario.pe/proyecto/venta-de-departamento-3813-condominio-libertad-2515-san-miguel-lima-lima-cissac
31/10/2027,40 a 98.47 m2 total,Departamentos,1 a 3 dormitorios,11 unidades disponibles,Pisos 1 al 13,1 dorms.,40.00 m²,Modelo LITE A,"210,000",https://nexoinmobiliario.pe/proyecto/venta-de-departamento-3813-condominio-libertad-2515-san-miguel-lima-lima-cissac
27/03/2027,27.79 a 116.42 m2 total,Departamentos,1 a 3 dormitorios,20 unidades disponibles,Pisos 2 al 22,2 dorms.,54.59 m²,Modelo TIPO 1,"311,884",https://nexoinmobiliario.pe/proyecto/venta-de-departamento-3818-na-ra-san-miguel-lima-lima-reyna-grupo-inmobiliario
27/03/2027,27.79 a 116.42 m2 total,Departamentos,1 a 3 dormitorios,20 unidades disponibles,Pisos 2 al 22,1 dorms.,38.92 m²,Modelo TIPO 2,"268,595",https://nexoinmobiliario.pe/proyecto/venta-de-departamento-3818-na-ra-san-miguel-lima-lima-reyna-grupo-inmobiliario
27/03/2027,27.79 a 116.42 m2 total,Departamentos,1 a 3 dormitorios,20 unidades disponibles,Pisos 2 al 22,3 dorms.,69.73 m²,Modelo TIPO 3,"431,015",https://nexoinmobiliario.pe/proyecto/venta-de-departamento-3818-na-ra-san-miguel-lima-lima-reyna-grupo-inmobiliario
27/03/2027,27.79 a 116.42 m2 total,Departamentos,1 a 3 dormitorios,21 unidades disponibles,Pisos 2 al 22,1 dorms.,31.50 m²,Modelo TIPO 4,"213,986",https://nexoinmobiliario.pe/proyecto/venta-de-departamento-3818-na-ra-san-miguel-lima-lima-reyna-grupo-inmobiliario
27/03/2027,27.79 a 116.42 m2 total,Departamentos,1 a 3 dormitorios,20 unidades disponibles,Pisos 2 al 21,2 dorms.,55.73 m²,Modelo TIPO 5,"342,533",https://nexoinmobiliario.pe/proyecto/venta-de-departamento-3818-na-ra-san-miguel-lima-lima-reyna-grupo-inmobiliario
27/03/2027,27.79 a 116.42 m2 total,Departamentos,1 a 3 dormitorios,1 unidad disponible,Piso 2,2 dorms.,89.58 m²,Modelo TIPO 206,"490,401",https://nexoinmobiliario.pe/proyecto/venta-de-departamento-3818-na-ra-san-miguel-lima-lima-reyna-grupo-inmobiliario
31/03/2027,28.33 a 82.67 m2 total,Departamentos,1 a 3 dormitorios,1 unidad disponible,Piso 1,2 dorms.,82.67 m²,Modelo 101,"470,000",https://nexoinmobiliario.pe/proyecto/venta-de-departamento-3820-la-marina-3420-san-miguel-lima-lima-evergran-grupo-inmobiliario
31/03/2027,28.33 a 82.67 m2 total,Departamentos,1 a 3 dormitorios,1 unidad disponible,Piso 1,1 dorms.,55.49 m²,Modelo 102,"330,000",https://nexoinmobiliario.pe/proyecto/venta-de-departamento-3820-la-marina-3420-san-miguel-lima-lima-evergran-grupo-inmobiliario
31/03/2027,28.33 a 82.67 m2 total,Departamentos,1 a 3 dormitorios,1 unidad disponible,Piso 1,2 dorms.,68.69 m²,Modelo 103,"410,000",https://nexoinmobiliario.pe/proyecto/venta-de-departamento-3820-la-marina-3420-san-miguel-lima-lima-evergran-grupo-inmobiliario
31/03/2027,28.33 a 82.67 m2 total,Departamentos,1 a 3 dormitorios,1 unidad disponible,Piso 1,2 dorms.,68.79 m²,Modelo 104,"410,000",https://nexoinmobiliario.pe/proyecto/venta-de-departamento-3820-la-marina-3420-san-miguel-lima-lima-evergran-grupo-inmobiliario
31/03/2027,28.33 a 82.67 m2 total,Departamentos,1 a 3 dormitorios,20 unidades disponibles,Pisos 2 al 21,1 dorms.,28.33 m²,Modelo Tipo 02,"210,000",https://nexoinmobiliario.pe/proyecto/venta-de-departamento-3820-la-marina-3420-san-miguel-lima-lima-evergran-grupo-inmobiliario
31/03/2027,28.33 a 82.67 m2 total,Departamentos,1 a 3 dormitorios,1 unidad disponible,Piso 2,3 dorms.,64.84 m²,Modelo Tipo 18,"415,000",https://nexoinmobiliario.pe/proyecto/venta-de-departamento-3820-la-marina-3420-san-miguel-lima-lima-evergran-grupo-inmobiliario
30/11/2026,41.10 a 93.30 m2 total,Departamentos,1 a 4 dormitorios,1 unidad disponible,Piso 1,1 dorms.,42.10 m²,Modelo Tipo5,"293,388",https://nexoinmobiliario.pe/proyecto/venta-de-departamento-3871-residencial-leyendas-ii-san-miguel-lima-lima-multiurbe
30/11/2026,41.10 a 93.30 m2 total,Departamentos,1 a 4 dormitorios,6 unidades disponibles,Pisos 2 al 8,1 dorms.,41.10 m²,Modelo Tipo1,"285,866",https://nexoinmobiliario.pe/proyecto/venta-de-departamento-3871-residencial-leyendas-ii-san-miguel-lima-lima-multiurbe
30/11/2026,41.10 a 93.30 m2 total,Departamentos,1 a 4 dormitorios,2 unidades disponibles,Pisos 2 y 3,3 dorms.,70.10 m²,Modelo Tipo2,"508,850",https://nexoinmobiliario.pe/proyecto/venta-de-departamento-3871-residencial-leyendas-ii-san-miguel-lima-lima-multiurbe
30/11/2026,41.10 a 93.30 m2 total,Departamentos,1 a 4 dormitorios,2 unidades disponibles,Pisos 5 y 6,3 dorms.,93.30 m²,Modelo Tipo3,"652,281",https://nexoinmobiliario.pe/proyecto/venta-de-departamento-3871-residencial-leyendas-ii-san-miguel-lima-lima-multiurbe
30/06/2027,45.55 a 62.90 m2 total,Departamentos,2 a 3 dormitorios,1 unidad disponible,Piso 1,2 dorms.,54.62 m²,Modelo 101,"380,500",https://nexoinmobiliario.pe/proyecto/venta-de-departamento-3888-astra-san-miguel-lima-lima-inizia-inmobiliaria
30/06/2027,45.55 a 62.90 m2 total,Departamentos,2 a 3 dormitorios,12 unidades disponibles,Pisos 4 al 15,3 dorms.,62.90 m²,Modelo TIPO1,"421,500",https://nexoinmobiliario.pe/proyecto/venta-de-departamento-3888-astra-san-miguel-lima-lima-inizia-inmobiliaria
30/06/2027,45.55 a 62.90 m2 total,Departamentos,2 a 3 dormitorios,13 unidades disponibles,Pisos 2 al 15,2 dorms.,45.55 m²,Modelo TIPO2,"325,500",https://nexoinmobiliario.pe/proyecto/venta-de-departamento-3888-astra-san-miguel-lima-lima-inizia-inmobiliaria
30/06/2027,45.55 a 62.90 m2 total,Departamentos,2 a 3 dormitorios,13 unidades disponibles,Pisos 3 al 15,2 dorms.,51.56 m²,Modelo TIPO3,"350,500",https://nexoinmobiliario.pe/proyecto/venta-de-departamento-3888-astra-san-miguel-lima-lima-inizia-inmobiliaria
31/07/2028,23.41 a 108.40 m2 total,Departamentos,1 a 3 dormitorios,22 unidades disponibles,Pisos 1 al 22,1 dorms.,38.26 m²,Modelo 5,"234,974",https://nexoinmobiliario.pe/proyecto/venta-de-departamento-3892-costanova-san-miguel-lima-lima-grupo-t-c
31/07/2028,23.41 a 108.40 m2 total,Departamentos,1 a 3 dormitorios,21 unidades disponibles,Pisos 1 al 22,1 dorms.,37.71 m²,Modelo 6,"231,596",https://nexoinmobiliario.pe/proyecto/venta-de-departamento-3892-costanova-san-miguel-lima-lima-grupo-t-c
31/07/2028,23.41 a 108.40 m2 total,Departamentos,1 a 3 dormitorios,22 unidades disponibles,Pisos 1 al 22,2 dorms.,60.81 m²,Modelo 7,"366,981",https://nexoinmobiliario.pe/proyecto/venta-de-departamento-3892-costanova-san-miguel-lima-lima-grupo-t-c
31/07/2028,23.41 a 108.40 m2 total,Departamentos,1 a 3 dormitorios,16 unidades disponibles,Pisos 1 al 21,3 dorms.,74.96 m²,Modelo 8,"432,331",https://nexoinmobiliario.pe/proyecto/venta-de-departamento-3892-costanova-san-miguel-lima-lima-grupo-t-c
31/07/2028,23.41 a 108.40 m2 total,Departamentos,1 a 3 dormitorios,17 unidades disponibles,Pisos 1 al 22,3 dorms.,68.81 m²,Modelo 9,"394,926",https://nexoinmobiliario.pe/proyecto/venta-de-departamento-3892-costanova-san-miguel-lima-lima-grupo-t-c
31/07/2028,23.41 a 108.40 m2 total,Departamentos,1 a 3 dormitorios,14 unidades disponibles,Pisos 1 al 19,1 dorms.,23.41 m²,Modelo 10,"152,195",https://nexoinmobiliario.pe/proyecto/venta-de-departamento-3892-costanova-san-miguel-lima-lima-grupo-t-c
31/12/2028,39.38 a 97.29 m2 total,Departamentos,1 a 2 dormitorios,42 unidades disponibles,Pisos 1 al 21,2 dorms.,65.53 m²,Modelo 2D+E+C,"436,888",https://nexoinmobiliario.pe/proyecto/venta-de-departamento-3896-concepto-ocean-breath-san-miguel-lima-lima-imagina
31/12/2028,39.38 a 97.29 m2 total,Departamentos,1 a 2 dormitorios,41 unidades disponibles,Pisos 1 al 21,2 dorms.,61.16 m²,Modelo 2D+E+K,"369,376",https://nexoinmobiliario.pe/proyecto/venta-de-departamento-3896-concepto-ocean-breath-san-miguel-lima-lima-imagina
31/12/2028,39.38 a 97.29 m2 total,Departamentos,1 a 2 dormitorios,77 unidades disponibles,Pisos 1 al 21,2 dorms.,45.56 m²,Modelo 2D+K,"276,159",https://nexoinmobiliario.pe/proyecto/venta-de-departamento-3896-concepto-ocean-breath-san-miguel-lima-lima-imagina
31/12/2028,39.38 a 97.29 m2 total,Departamentos,1 a 2 dormitorios,23 unidades disponibles,Pisos 1 al 21,1 dorms.,39.38 m²,Modelo 1D+K,"261,415",https://nexoinmobiliario.pe/proyecto/venta-de-departamento-3896-concepto-ocean-breath-san-miguel-lima-lima-imagina
31/12/2028,39.38 a 97.29 m2 total,Departamentos,1 a 2 dormitorios,1 unidad disponible,Piso 2,1 dorms.,51.81 m²,Modelo 1D+E+K,"341,052",https://nexoinmobiliario.pe/proyecto/venta-de-departamento-3896-concepto-ocean-breath-san-miguel-lima-lima-imagina
31/12/2028,39.38 a 97.29 m2 total,Departamentos,1 a 2 dormitorios,32 unidades disponibles,Pisos 2 al 21,2 dorms.,78.07 m²,Modelo 2D+E+C(+),"520,405",https://nexoinmobiliario.pe/proyecto/venta-de-departamento-3896-concepto-ocean-breath-san-miguel-lima-lima-imagina
31/10/2027,40.01 a 142.91 m2 total,Departamentos,1 a 3 dormitorios,1 unidad disponible,Piso 1,1 dorms.,45.40 m²,Modelo TD-X02,"274,908",https://nexoinmobiliario.pe/proyecto/venta-de-departamento-3916-portofino-san-miguel-lima-lima-fortem-gestora-inmobiliaria
31/10/2027,40.01 a 142.91 m2 total,Departamentos,1 a 3 dormitorios,8 unidades disponibles,Pisos 1 al 11,1 dorms.,40.01 m²,Modelo TD-X03,"253,425",https://nexoinmobiliario.pe/proyecto/venta-de-departamento-3916-portofino-san-miguel-lima-lima-fortem-gestora-inmobiliaria
31/10/2027,40.01 a 142.91 m2 total,Departamentos,1 a 3 dormitorios,4 unidades disponibles,"Pisos 1, 2, 3, 4",2 dorms.,50.85 m²,Modelo TD-X04A,"328,197",https://nexoinmobiliario.pe/proyecto/venta-de-departamento-3916-portofino-san-miguel-lima-lima-fortem-gestora-inmobiliaria
31/10/2027,40.01 a 142.91 m2 total,Departamentos,1 a 3 dormitorios,1 unidad disponible,Piso 1,2 dorms.,108.48 m²,Modelo TD-X05,"516,150",https://nexoinmobiliario.pe/proyecto/venta-de-departamento-3916-portofino-san-miguel-lima-lima-fortem-gestora-inmobiliaria
31/10/2027,40.01 a 142.91 m2 total,Departamentos,1 a 3 dormitorios,1 unidad disponible,Piso 1,3 dorms.,142.91 m²,Modelo TD-X06,"663,927",https://nexoinmobiliario.pe/proyecto/venta-de-departamento-3916-portofino-san-miguel-lima-lima-fortem-gestora-inmobiliaria
31/10/2027,40.01 a 142.91 m2 total,Departamentos,1 a 3 dormitorios,8 unidades disponibles,Pisos 2 al 11,3 dorms.,72.31 m²,Modelo TD-X08,"478,764",https://nexoinmobiliario.pe/proyecto/venta-de-departamento-3916-portofino-san-miguel-lima-lima-fortem-gestora-inmobiliaria
31/12/2027,40 a 103.79 m2 total,Departamentos,1 a 3 dormitorios,5 unidades disponibles,"Pisos 3, 5, 7, 9, 11",1 dorms.,42.57 m²,Modelo TIPO 5',"295,000",https://nexoinmobiliario.pe/proyecto/venta-de-departamento-3936-natural-urban-san-miguel-lima-lima-oled-inmobiliaria
31/12/2027,40 a 103.79 m2 total,Departamentos,1 a 3 dormitorios,10 unidades disponibles,Pisos 2 al 11,1 dorms.,40.00 m²,Modelo TIPO 6,"264,000",https://nexoinmobiliario.pe/proyecto/venta-de-departamento-3936-natural-urban-san-miguel-lima-lima-oled-inmobiliaria
31/12/2027,40 a 103.79 m2 total,Departamentos,1 a 3 dormitorios,9 unidades disponibles,Pisos 2 al 11,3 dorms.,73.19 m²,Modelo TIPO 7,"476,000",https://nexoinmobiliario.pe/proyecto/venta-de-departamento-3936-natural-urban-san-miguel-lima-lima-oled-inmobiliaria
31/12/2027,40 a 103.79 m2 total,Departamentos,1 a 3 dormitorios,6 unidades disponibles,Pisos 2 al 11,3 dorms.,75.29 m²,Modelo TIPO 8,"489,000",https://nexoinmobiliario.pe/proyecto/venta-de-departamento-3936-natural-urban-san-miguel-lima-lima-oled-inmobiliaria
31/12/2027,40 a 103.79 m2 total,Departamentos,1 a 3 dormitorios,4 unidades disponibles,"Pisos 4, 6, 8, 10",3 dorms.,74.15 m²,Modelo TIPO 8',"490,000",https://nexoinmobiliario.pe/proyecto/venta-de-departamento-3936-natural-urban-san-miguel-lima-lima-oled-inmobiliaria
31/12/2027,40 a 103.79 m2 total,Departamentos,1 a 3 dormitorios,1 unidad disponible,Piso 13,1 dorms.,40.88 m²,Modelo TIPO 9,"276,000",https://nexoinmobiliario.pe/proyecto/venta-de-departamento-3936-natural-urban-san-miguel-lima-lima-oled-inmobiliaria
31/07/2026,42 a 139.80 m2 total,Departamentos,1 a 4 dormitorios,1 unidad disponible,Piso 1,2 dorms.,56.30 m²,Modelo Tipo 1,"361,800",https://nexoinmobiliario.pe/proyecto/venta-de-departamento-3957-polo-park-san-miguel-lima-lima-multiurbe
31/07/2026,42 a 139.80 m2 total,Departamentos,1 a 4 dormitorios,1 unidad disponible,Piso 1,2 dorms.,50.10 m²,Modelo Tipo 2,"314,000",https://nexoinmobiliario.pe/proyecto/venta-de-departamento-3957-polo-park-san-miguel-lima-lima-multiurbe
31/07/2026,42 a 139.80 m2 total,Departamentos,1 a 4 dormitorios,4 unidades disponibles,"Pisos 2, 3, 4, 5",3 dorms.,79.30 m²,Modelo Tipo 3,"525,900",https://nexoinmobiliario.pe/proyecto/venta-de-departamento-3957-polo-park-san-miguel-lima-lima-multiurbe
31/07/2026,42 a 139.80 m2 total,Departamentos,1 a 4 dormitorios,4 unidades disponibles,"Pisos 2, 3, 4, 5",4 dorms.,94.60 m²,Modelo Tipo 4,"662,800",https://nexoinmobiliario.pe/proyecto/venta-de-departamento-3957-polo-park-san-miguel-lima-lima-multiurbe
31/07/2026,42 a 139.80 m2 total,Departamentos,1 a 4 dormitorios,4 unidades disponibles,"Pisos 2, 3, 4, 5",4 dorms.,103.70 m²,Modelo Tipo 5,"695,900",https://nexoinmobiliario.pe/proyecto/venta-de-departamento-3957-polo-park-san-miguel-lima-lima-multiurbe
31/07/2026,42 a 139.80 m2 total,Departamentos,1 a 4 dormitorios,3 unidades disponibles,"Pisos 6, 7, 9",2 dorms.,52.00 m²,Modelo Tipo 6,"331,500",https://nexoinmobiliario.pe/proyecto/venta-de-departamento-3957-polo-park-san-miguel-lima-lima-multiurbe
31/08/2027,28 a 63 m2 total,Departamentos,1 a 3 dormitorios,7 unidades disponibles,Pisos 2 al 8,1 dorms.,28.00 m²,Modelo TIPO A,"179,000",https://nexoinmobiliario.pe/proyecto/venta-de-departamento-3966-serie-21-san-miguel-lima-lima-grupo-brocksa
31/08/2027,28 a 63 m2 total,Departamentos,1 a 3 dormitorios,8 unidades disponibles,Pisos 2 al 10,2 dorms.,46.20 m²,Modelo TIPO B,"254,000",https://nexoinmobiliario.pe/proyecto/venta-de-departamento-3966-serie-21-san-miguel-lima-lima-grupo-brocksa
31/08/2027,28 a 63 m2 total,Departamentos,1 a 3 dormitorios,7 unidades disponibles,Pisos 2 al 10,3 dorms.,63.00 m²,Modelo TIPO C,"354,000",https://nexoinmobiliario.pe/proyecto/venta-de-departamento-3966-serie-21-san-miguel-lima-lima-grupo-brocksa
31/08/2027,28 a 63 m2 total,Departamentos,1 a 3 dormitorios,9 unidades disponibles,Pisos 2 al 10,2 dorms.,54.40 m²,Modelo TIPO D,"294,000",https://nexoinmobiliario.pe/proyecto/venta-de-departamento-3966-serie-21-san-miguel-lima-lima-grupo-brocksa
30/06/2028,40.48 a 104.40 m2 total,Departamentos,1 a 3 dormitorios,1 unidad disponible,Piso 2,2 dorms.,72.73 m²,Modelo Flat 204,"398,000",https://nexoinmobiliario.pe/proyecto/venta-de-departamento-3985-stellia-san-miguel-lima-lima-madrid-inmobiliaria
30/06/2028,40.48 a 104.40 m2 total,Departamentos,1 a 3 dormitorios,1 unidad disponible,Piso 2,1 dorms.,47.18 m²,Modelo Flat 205,"282,000",https://nexoinmobiliario.pe/proyecto/venta-de-departamento-3985-stellia-san-miguel-lima-lima-madrid-inmobiliaria
30/06/2028,40.48 a 104.40 m2 total,Departamentos,1 a 3 dormitorios,1 unidad disponible,Piso 2,2 dorms.,67.90 m²,Modelo Flat 206,"377,000",https://nexoinmobiliario.pe/proyecto/venta-de-departamento-3985-stellia-san-miguel-lima-lima-madrid-inmobiliaria
30/06/2028,40.48 a 104.40 m2 total,Departamentos,1 a 3 dormitorios,1 unidad disponible,Piso 2,3 dorms.,79.71 m²,Modelo Flat 207,"470,000",https://nexoinmobiliario.pe/proyecto/venta-de-departamento-3985-stellia-san-miguel-lima-lima-madrid-inmobiliaria
30/06/2028,40.48 a 104.40 m2 total,Departamentos,1 a 3 dormitorios,19 unidades disponibles,Pisos 2 al 21,2 dorms.,54.41 m²,Modelo Flat Típico 01,"373,000",https://nexoinmobiliario.pe/proyecto/venta-de-departamento-3985-stellia-san-miguel-lima-lima-madrid-inmobiliaria
30/06/2028,40.48 a 104.40 m2 total,Departamentos,1 a 3 dormitorios,18 unidades disponibles,Pisos 2 al 21,1 dorms.,40.48 m²,Modelo Flat Típico 02,"290,000",https://nexoinmobiliario.pe/proyecto/venta-de-departamento-3985-stellia-san-miguel-lima-lima-madrid-inmobiliaria
15/12/2027,40 a 81.75 m2 total,Departamentos,1 a 3 dormitorios,12 unidades disponibles,Pisos 2 al 13,2 dorms.,59.85 m²,Modelo TIPO-01,"436,553",https://nexoinmobiliario.pe/proyecto/venta-de-departamento-4002-edificio-new-limit-san-miguel-lima-lima-vitain
15/12/2027,40 a 81.75 m2 total,Departamentos,1 a 3 dormitorios,1 unidad disponible,Piso 2,1 dorms.,49.55 m²,Modelo TIPO-08,"329,986",https://nexoinmobiliario.pe/proyecto/venta-de-departamento-4002-edificio-new-limit-san-miguel-lima-lima-vitain
15/12/2027,40 a 81.75 m2 total,Departamentos,1 a 3 dormitorios,1 unidad disponible,Piso 2,2 dorms.,71.78 m²,Modelo TIPO-09,"470,252",https://nexoinmobiliario.pe/proyecto/venta-de-departamento-4002-edificio-new-limit-san-miguel-lima-lima-vitain
15/12/2027,40 a 81.75 m2 total,Departamentos,1 a 3 dormitorios,1 unidad disponible,Piso 2,1 dorms.,56.88 m²,Modelo TIPO-10,"353,582",https://nexoinmobiliario.pe/proyecto/venta-de-departamento-4002-edificio-new-limit-san-miguel-lima-lima-vitain
15/12/2027,40 a 81.75 m2 total,Departamentos,1 a 3 dormitorios,1 unidad disponible,Piso 2,2 dorms.,81.05 m²,Modelo TIPO-11,"504,644",https://nexoinmobiliario.pe/proyecto/venta-de-departamento-4002-edificio-new-limit-san-miguel-lima-lima-vitain
15/12/2027,40 a 81.75 m2 total,Departamentos,1 a 3 dormitorios,1 unidad disponible,Piso 2,2 dorms.,79.24 m²,Modelo TIPO-12,"496,693",https://nexoinmobiliario.pe/proyecto/venta-de-departamento-4002-edificio-new-limit-san-miguel-lima-lima-vitain
31/12/2028,42.60 a 77.27 m2 total,Departamentos,1 a 3 dormitorios,1 unidad disponible,Piso 2,2 dorms.,54.89 m²,Modelo B01,"405,889",https://nexoinmobiliario.pe/proyecto/venta-de-departamento-4006-aster-costanera-san-miguel-lima-lima-aster-homes
31/12/2028,42.60 a 77.27 m2 total,Departamentos,1 a 3 dormitorios,1 unidad disponible,Piso 2,2 dorms.,49.07 m²,Modelo B02,"344,899",https://nexoinmobiliario.pe/proyecto/venta-de-departamento-4006-aster-costanera-san-miguel-lima-lima-aster-homes
31/12/2028,42.60 a 77.27 m2 total,Departamentos,1 a 3 dormitorios,1 unidad disponible,Piso 2,1 dorms.,42.60 m²,Modelo B03,"304,972",https://nexoinmobiliario.pe/proyecto/venta-de-departamento-4006-aster-costanera-san-miguel-lima-lima-aster-homes
31/12/2028,42.60 a 77.27 m2 total,Departamentos,1 a 3 dormitorios,1 unidad disponible,Piso 2,2 dorms.,53.18 m²,Modelo B04,"340,771",https://nexoinmobiliario.pe/proyecto/venta-de-departamento-4006-aster-costanera-san-miguel-lima-lima-aster-homes
31/12/2028,42.60 a 77.27 m2 total,Departamentos,1 a 3 dormitorios,1 unidad disponible,Piso 2,2 dorms.,52.18 m²,Modelo B05,"334,400",https://nexoinmobiliario.pe/proyecto/venta-de-departamento-4006-aster-costanera-san-miguel-lima-lima-aster-homes
31/12/2028,42.60 a 77.27 m2 total,Departamentos,1 a 3 dormitorios,1 unidad disponible,Piso 2,3 dorms.,77.27 m²,Modelo A02,"688,053",https://nexoinmobiliario.pe/proyecto/venta-de-departamento-4006-aster-costanera-san-miguel-lima-lima-aster-homes
31/08/2027,53.88 a 97.55 m2 total,Departamentos,2 a 4 dormitorios,133 unidades disponibles,Pisos 1 al 15,3 dorms.,63.18 m²,Modelo 3 Dormitorios,"317,700",https://nexoinmobiliario.pe/proyecto/venta-de-departamento-3777-gran-jardin-ticino-2-santa-anita-lima-lima-los-portales-departamentos
31/08/2027,53.88 a 97.55 m2 total,Departamentos,2 a 4 dormitorios,16 unidades disponibles,Pisos 2 al 15,2 dorms.,53.88 m²,Modelo 2 Dormitorios,"280,500",https://nexoinmobiliario.pe/proyecto/venta-de-departamento-3777-gran-jardin-ticino-2-santa-anita-lima-lima-los-portales-departamentos
31/03/2026,32.80 a 67.34 m2 total,Oficinas,N/A,5 unidades disponibles,"Pisos 9, 11, 12, 13, 14",N/A,32.80 m²,Modelo 1,"282,407",https://nexoinmobiliario.pe/proyecto/venta-de-oficina-1488-iq-surco-oficinas-santiago-de-surco-lima-lima-grupo-t-c
31/03/2026,32.80 a 67.34 m2 total,Oficinas,N/A,1 unidad disponible,Piso 4,N/A,67.34 m²,Modelo 4,"605,878",https://nexoinmobiliario.pe/proyecto/venta-de-oficina-1488-iq-surco-oficinas-santiago-de-surco-lima-lima-grupo-t-c
31/03/2026,32.80 a 67.34 m2 total,Oficinas,N/A,1 unidad disponible,Piso 8,N/A,34.40 m²,Modelo 7,"325,688",https://nexoinmobiliario.pe/proyecto/venta-de-oficina-1488-iq-surco-oficinas-santiago-de-surco-lima-lima-grupo-t-c
31/03/2026,32.80 a 67.34 m2 total,Oficinas,N/A,2 unidades disponibles,Pisos 6 y 8,N/A,35.20 m²,Modelo 8,"318,717",https://nexoinmobiliario.pe/proyecto/venta-de-oficina-1488-iq-surco-oficinas-santiago-de-surco-lima-lima-grupo-t-c
31/03/2026,32.80 a 67.34 m2 total,Oficinas,N/A,8 unidades disponibles,Pisos 5 al 13,N/A,46.51 m²,Modelo 9,"383,868",https://nexoinmobiliario.pe/proyecto/venta-de-oficina-1488-iq-surco-oficinas-santiago-de-surco-lima-lima-grupo-t-c
31/03/2026,32.80 a 67.34 m2 total,Oficinas,N/A,11 unidades disponibles,Pisos 4 al 14,N/A,44.06 m²,Modelo 11,"368,306",https://nexoinmobiliario.pe/proyecto/venta-de-oficina-1488-iq-surco-oficinas-santiago-de-surco-lima-lima-grupo-t-c
31/03/2026,32.80 a 67.34 m2 total,Oficinas,N/A,8 unidades disponibles,Pisos 4 al 12,N/A,41.16 m²,Modelo 12,"357,774",https://nexoinmobiliario.pe/proyecto/venta-de-oficina-1488-iq-surco-oficinas-santiago-de-surco-lima-lima-grupo-t-c
31/03/2026,32.80 a 67.34 m2 total,Oficinas,N/A,11 unidades disponibles,Pisos 3 al 13,N/A,43.02 m²,Modelo 13,"347,416",https://nexoinmobiliario.pe/proyecto/venta-de-oficina-1488-iq-surco-oficinas-santiago-de-surco-lima-lima-grupo-t-c
31/03/2026,32.80 a 67.34 m2 total,Oficinas,N/A,7 unidades disponibles,Pisos 3 al 11,N/A,39.72 m²,Modelo 14,"338,374",https://nexoinmobiliario.pe/proyecto/venta-de-oficina-1488-iq-surco-oficinas-santiago-de-surco-lima-lima-grupo-t-c
31/03/2026,32.80 a 67.34 m2 total,Oficinas,N/A,4 unidades disponibles,"Pisos 5, 7, 9, 11",N/A,40.33 m²,Modelo 18,"336,044",https://nexoinmobiliario.pe/proyecto/venta-de-oficina-1488-iq-surco-oficinas-santiago-de-surco-lima-lima-grupo-t-c
Entrega inmediata,47.78 a 122.69 m2 total,Departamentos,1 a 3 dormitorios,3 unidades disponibles,"Pisos 5, 6, 7",3 dorms.,115.10 m²,Modelo TIPO 3G,"1,153,910",https://nexoinmobiliario.pe/proyecto/venta-de-departamento-1689-muv-santiago-de-surco-lima-lima-arquimia
Entrega inmediata,47.78 a 122.69 m2 total,Departamentos,1 a 3 dormitorios,7 unidades disponibles,Pisos 1 y 3,1 dorms.,47.78 m²,Modelo TIPO 1A,"467,360",https://nexoinmobiliario.pe/proyecto/venta-de-departamento-1689-muv-santiago-de-surco-lima-lima-arquimia
Entrega inmediata,47.78 a 122.69 m2 total,Departamentos,1 a 3 dormitorios,4 unidades disponibles,"Pisos 6, 7, 8",2 dorms.,69.10 m²,Modelo TIPO 2A,"682,640",https://nexoinmobiliario.pe/proyecto/venta-de-departamento-1689-muv-santiago-de-surco-lima-lima-arquimia
Entrega inmediata,47.78 a 122.69 m2 total,Departamentos,1 a 3 dormitorios,2 unidades disponibles,Pisos 6 y 7,3 dorms.,97.36 m²,Modelo TIPO 3A,"952,396",https://nexoinmobiliario.pe/proyecto/venta-de-departamento-1689-muv-santiago-de-surco-lima-lima-arquimia
Entrega inmediata,47.78 a 122.69 m2 total,Departamentos,1 a 3 dormitorios,3 unidades disponibles,"Pisos 5, 6, 8",3 dorms.,107.41 m²,Modelo TIPO 3C,"1,026,828",https://nexoinmobiliario.pe/proyecto/venta-de-departamento-1689-muv-santiago-de-surco-lima-lima-arquimia
Entrega inmediata,47.78 a 122.69 m2 total,Departamentos,1 a 3 dormitorios,4 unidades disponibles,Piso,1 dorms.,67.83 m²,Modelo TIPO 1B,"576,976",https://nexoinmobiliario.pe/proyecto/venta-de-departamento-1689-muv-santiago-de-surco-lima-lima-arquimia
Entrega inmediata,93.49 a 125.82 m2 total,Departamentos,3 dormitorios,1 unidad disponible,Piso 2,3 dorms.,123.75 m²,Modelo TIPO 8-2,"860,157",https://nexoinmobiliario.pe/proyecto/venta-de-departamento-1740-hills-camacho-santiago-de-surco-lima-lima-grupo-t-c
Entrega inmediata,93.49 a 125.82 m2 total,Departamentos,3 dormitorios,1 unidad disponible,Piso 16,3 dorms.,93.49 m²,Modelo TIPO 4,"681,753",https://nexoinmobiliario.pe/proyecto/venta-de-departamento-1740-hills-camacho-santiago-de-surco-lima-lima-grupo-t-c
Entrega inmediata,93.49 a 125.82 m2 total,Departamentos,3 dormitorios,1 unidad disponible,Piso 2,3 dorms.,125.82 m²,Modelo TIPO 10-2,"894,103",https://nexoinmobiliario.pe/proyecto/venta-de-departamento-1740-hills-camacho-santiago-de-surco-lima-lima-grupo-t-c
Entrega inmediata,60.59 a 99.40 m2 total,Departamentos,2 a 3 dormitorios,1 unidad disponible,Piso 19,2 dorms.,65.53 m²,Modelo 2,"671,740",https://nexoinmobiliario.pe/proyecto/venta-de-departamento-1976-simplicity-santiago-de-surco-lima-lima-akamai
Entrega inmediata,60.59 a 99.40 m2 total,Departamentos,2 a 3 dormitorios,2 unidades disponibles,Pisos 21 y 22,3 dorms.,99.40 m²,Modelo 5,"932,080",https://nexoinmobiliario.pe/proyecto/venta-de-departamento-1976-simplicity-santiago-de-surco-lima-lima-akamai
Entrega inmediata,60.59 a 99.40 m2 total,Departamentos,2 a 3 dormitorios,9 unidades disponibles,Pisos 4 al 22,2 dorms.,70.59 m²,Modelo 11,"639,310",https://nexoinmobiliario.pe/proyecto/venta-de-departamento-1976-simplicity-santiago-de-surco-lima-lima-akamai
Entrega inmediata,60.59 a 99.40 m2 total,Departamentos,2 a 3 dormitorios,7 unidades disponibles,Pisos 2 al 22,2 dorms.,68.60 m²,Modelo 12,"633,220",https://nexoinmobiliario.pe/proyecto/venta-de-departamento-1976-simplicity-santiago-de-surco-lima-lima-akamai
Entrega inmediata,60.59 a 99.40 m2 total,Departamentos,2 a 3 dormitorios,3 unidades disponibles,"Pisos 14, 15, 16",2 dorms.,60.59 m²,Modelo 18,"541,178",https://nexoinmobiliario.pe/proyecto/venta-de-departamento-1976-simplicity-santiago-de-surco-lima-lima-akamai
Entrega inmediata,69.36 a 113.47 m2 total,Departamentos,2 a 3 dormitorios,1 unidad disponible,Piso 1,3 dorms.,113.47 m²,Modelo 101,"874,736",https://nexoinmobiliario.pe/proyecto/venta-de-departamento-2316-inizzio-santiago-de-surco-lima-lima-sembra-inmobiliaria
Entrega inmediata,69.36 a 113.47 m2 total,Departamentos,2 a 3 dormitorios,1 unidad disponible,Piso 2,2 dorms.,77.32 m²,Modelo 206,"593,601",https://nexoinmobiliario.pe/proyecto/venta-de-departamento-2316-inizzio-santiago-de-surco-lima-lima-sembra-inmobiliaria
Entrega inmediata,69.36 a 113.47 m2 total,Departamentos,2 a 3 dormitorios,4 unidades disponibles,"Pisos 5, 11, 13, 14",3 dorms.,76.91 m²,Modelo T-1,"653,936",https://nexoinmobiliario.pe/proyecto/venta-de-departamento-2316-inizzio-santiago-de-surco-lima-lima-sembra-inmobiliaria
Entrega inmediata,69.36 a 113.47 m2 total,Departamentos,2 a 3 dormitorios,2 unidades disponibles,Pisos 14 y 15,3 dorms.,69.36 m²,Modelo T-2,"581,570",https://nexoinmobiliario.pe/proyecto/venta-de-departamento-2316-inizzio-santiago-de-surco-lima-lima-sembra-inmobiliaria
Entrega inmediata,69.36 a 113.47 m2 total,Departamentos,2 a 3 dormitorios,1 unidad disponible,Piso 15,3 dorms.,76.79 m²,Modelo T-3C,"647,380",https://nexoinmobiliario.pe/proyecto/venta-de-departamento-2316-inizzio-santiago-de-surco-lima-lima-sembra-inmobiliaria
Entrega inmediata,69.36 a 113.47 m2 total,Departamentos,2 a 3 dormitorios,1 unidad disponible,Piso 17,3 dorms.,76.58 m²,Modelo 1703,"597,342",https://nexoinmobiliario.pe/proyecto/venta-de-departamento-2316-inizzio-santiago-de-surco-lima-lima-sembra-inmobiliaria
Entrega inmediata,68 a 102 m2 total,Departamentos,2 dormitorios,1 unidad disponible,Piso 1,2 dorms.,68.00 m²,Modelo K-SS01,"405,000",https://nexoinmobiliario.pe/proyecto/venta-de-departamento-2361-paseo-de-la-arboleda-6-santiago-de-surco-lima-lima-v-v-grupo-inmobiliario
Entrega inmediata,68 a 102 m2 total,Departamentos,2 dormitorios,2 unidades disponibles,Pisos 9 y 11,2 dorms.,74.00 m²,Modelo K-Tipo 4,"429,000",https://nexoinmobiliario.pe/proyecto/venta-de-departamento-2361-paseo-de-la-arboleda-6-santiago-de-surco-lima-lima-v-v-grupo-inmobiliario
Entrega inmediata,68 a 102 m2 total,Departamentos,2 dormitorios,1 unidad disponible,Piso 8,2 dorms.,74.00 m²,Modelo J-Tipo 3,"435,000",https://nexoinmobiliario.pe/proyecto/venta-de-departamento-2361-paseo-de-la-arboleda-6-santiago-de-surco-lima-lima-v-v-grupo-inmobiliario
Entrega inmediata,68 a 102 m2 total,Departamentos,2 dormitorios,1 unidad disponible,Piso 3,2 dorms.,69.00 m²,Modelo K-Tipo 2,"400,000",https://nexoinmobiliario.pe/proyecto/venta-de-departamento-2361-paseo-de-la-arboleda-6-santiago-de-surco-lima-lima-v-v-grupo-inmobiliario
Entrega inmediata,68 a 102 m2 total,Departamentos,2 dormitorios,2 unidades disponibles,Pisos 2 y 3,2 dorms.,74.00 m²,Modelo K-Tipo 3,"435,000",https://nexoinmobiliario.pe/proyecto/venta-de-departamento-2361-paseo-de-la-arboleda-6-santiago-de-surco-lima-lima-v-v-grupo-inmobiliario
Entrega inmediata,68 a 102 m2 total,Departamentos,2 dormitorios,1 unidad disponible,Piso 4,2 dorms.,74.00 m²,Modelo M-Tipo 2,"435,000",https://nexoinmobiliario.pe/proyecto/venta-de-departamento-2361-paseo-de-la-arboleda-6-santiago-de-surco-lima-lima-v-v-grupo-inmobiliario
31/12/2026,40.06 a 144.24 m2 total,Departamentos,1 a 3 dormitorios,5 unidades disponibles,"Pisos 8, 9, 10, 11, 12",3 dorms.,68.57 m²,Modelo TIPO 1 A,"400,449",https://nexoinmobiliario.pe/proyecto/venta-de-departamento-2370-samay-santiago-de-surco-lima-lima-paqari-inmobiliaria
31/12/2026,40.06 a 144.24 m2 total,Departamentos,1 a 3 dormitorios,4 unidades disponibles,"Pisos 5, 7, 10, 11",3 dorms.,71.40 m²,Modelo TIPO 2 A,"403,946",https://nexoinmobiliario.pe/proyecto/venta-de-departamento-2370-samay-santiago-de-surco-lima-lima-paqari-inmobiliaria
31/12/2026,40.06 a 144.24 m2 total,Departamentos,1 a 3 dormitorios,7 unidades disponibles,Pisos 6 al 12,3 dorms.,71.32 m²,Modelo TIPO 3 A,"416,509",https://nexoinmobiliario.pe/proyecto/venta-de-departamento-2370-samay-santiago-de-surco-lima-lima-paqari-inmobiliaria
31/12/2026,40.06 a 144.24 m2 total,Departamentos,1 a 3 dormitorios,6 unidades disponibles,Pisos 4 al 13,3 dorms.,71.22 m²,Modelo TIPO 4 A,"402,927",https://nexoinmobiliario.pe/proyecto/venta-de-departamento-2370-samay-santiago-de-surco-lima-lima-paqari-inmobiliaria
31/12/2026,40.06 a 144.24 m2 total,Departamentos,1 a 3 dormitorios,7 unidades disponibles,Pisos 5 al 12,3 dorms.,71.25 m²,Modelo TIPO 1 B,"403,097",https://nexoinmobiliario.pe/proyecto/venta-de-departamento-2370-samay-santiago-de-surco-lima-lima-paqari-inmobiliaria
31/12/2026,40.06 a 144.24 m2 total,Departamentos,1 a 3 dormitorios,10 unidades disponibles,Pisos 3 al 13,3 dorms.,71.73 m²,Modelo TIPO 2 B,"405,812",https://nexoinmobiliario.pe/proyecto/venta-de-departamento-2370-samay-santiago-de-surco-lima-lima-paqari-inmobiliaria
Entrega inmediata,52.47 a 71.77 m2 total,Departamentos,2 a 3 dormitorios,1 unidad disponible,Piso 1,2 dorms.,63.13 m²,Modelo Dpto 101,"420,000",https://nexoinmobiliario.pe/proyecto/venta-de-departamento-2378-balboa-santiago-de-surco-lima-lima-ee-inmobiliaria
Entrega inmediata,52.47 a 71.77 m2 total,Departamentos,2 a 3 dormitorios,1 unidad disponible,Piso 2,2 dorms.,66.57 m²,Modelo Dpto 201,"405,000",https://nexoinmobiliario.pe/proyecto/venta-de-departamento-2378-balboa-santiago-de-surco-lima-lima-ee-inmobiliaria
Entrega inmediata,52.47 a 71.77 m2 total,Departamentos,2 a 3 dormitorios,1 unidad disponible,Piso 2,2 dorms.,52.47 m²,Modelo Dpto 202,"349,000",https://nexoinmobiliario.pe/proyecto/venta-de-departamento-2378-balboa-santiago-de-surco-lima-lima-ee-inmobiliaria
Entrega inmediata,52.47 a 71.77 m2 total,Departamentos,2 a 3 dormitorios,1 unidad disponible,Piso 2,2 dorms.,68.77 m²,Modelo Dpto 203,"425,000",https://nexoinmobiliario.pe/proyecto/venta-de-departamento-2378-balboa-santiago-de-surco-lima-lima-ee-inmobiliaria
Entrega inmediata,52.47 a 71.77 m2 total,Departamentos,2 a 3 dormitorios,1 unidad disponible,Piso 15,2 dorms.,55.08 m²,Modelo Típico 1,"351,000",https://nexoinmobiliario.pe/proyecto/venta-de-departamento-2378-balboa-santiago-de-surco-lima-lima-ee-inmobiliaria
Entrega inmediata,52.47 a 71.77 m2 total,Departamentos,2 a 3 dormitorios,1 unidad disponible,Piso 13,3 dorms.,71.77 m²,Modelo 1203 y 1303,"439,000",https://nexoinmobiliario.pe/proyecto/venta-de-departamento-2378-balboa-santiago-de-surco-lima-lima-ee-inmobiliaria
Entrega inmediata,75.42 a 77.69 m2 total,Departamentos,3 dormitorios,4 unidades disponibles,"Pisos 8, 10, 18, 20",3 dorms.,75.42 m²,Modelo DPTO. TIPO 7,"578,096",https://nexoinmobiliario.pe/proyecto/venta-de-departamento-2379-edificio-intower-santiago-de-surco-lima-lima-vitain
31/08/2026,64.54 a 73.10 m2 total,Departamentos,2 a 3 dormitorios,5 unidades disponibles,"Pisos 5, 6, 7, 8, 9",2 dorms.,64.56 m²,Modelo EDIF 6 - X02,"338,400",https://nexoinmobiliario.pe/proyecto/venta-de-departamento-2387-bongo-condominio-santiago-de-surco-lima-lima-akamai
31/08/2026,64.54 a 73.10 m2 total,Departamentos,2 a 3 dormitorios,6 unidades disponibles,Pisos 3 al 9,2 dorms.,64.56 m²,Modelo EDIF 6 - X03,"331,800",https://nexoinmobiliario.pe/proyecto/venta-de-departamento-2387-bongo-condominio-santiago-de-surco-lima-lima-akamai
31/08/2026,64.54 a 73.10 m2 total,Departamentos,2 a 3 dormitorios,4 unidades disponibles,"Pisos 5, 6, 7, 8",3 dorms.,64.54 m²,Modelo EDIF 6 - X04,"335,600",https://nexoinmobiliario.pe/proyecto/venta-de-departamento-2387-bongo-condominio-santiago-de-surco-lima-lima-akamai
31/08/2026,64.54 a 73.10 m2 total,Departamentos,2 a 3 dormitorios,6 unidades disponibles,Pisos 4 al 9,2 dorms.,64.65 m²,Modelo EDIF 6 - X01,"338,900",https://nexoinmobiliario.pe/proyecto/venta-de-departamento-2387-bongo-condominio-santiago-de-surco-lima-lima-akamai
31/08/2026,64.54 a 73.10 m2 total,Departamentos,2 a 3 dormitorios,6 unidades disponibles,Pisos 4 al 9,2 dorms.,64.54 m²,Modelo EDIF 7 - X02,"338,400",https://nexoinmobiliario.pe/proyecto/venta-de-departamento-2387-bongo-condominio-santiago-de-surco-lima-lima-akamai
31/08/2026,64.54 a 73.10 m2 total,Departamentos,2 a 3 dormitorios,5 unidades disponibles,"Pisos 2, 3, 4, 6, 7",2 dorms.,64.54 m²,Modelo EDIF 7 - X03,"342,300",https://nexoinmobiliario.pe/proyecto/venta-de-departamento-2387-bongo-condominio-santiago-de-surco-lima-lima-akamai
Entrega inmediata,79.60 a 175.70 m2 total,Departamentos,2 dormitorios,1 unidad disponible,Piso 2,2 dorms.,79.60 m²,Modelo X04,"745,000",https://nexoinmobiliario.pe/proyecto/venta-de-departamento-2451-seed-growing-home-santiago-de-surco-lima-lima-verdant-inmobiliaria
Entrega inmediata,91.46 m2 total,Departamentos,2 a 3 dormitorios,3 unidades disponibles,"Pisos 8, 11, 13",2 dorms.,91.46 m²,Modelo 1,"754,000",https://nexoinmobiliario.pe/proyecto/venta-de-departamento-2475-casaparq-monterrico-ii-santiago-de-surco-lima-lima-cissac
31/12/2025,45.94 a 83.14 m2 total,Departamentos,1 a 3 dormitorios,10 unidades disponibles,Pisos 3 al 16,2 dorms.,60.23 m²,Modelo TIPO 1,"582,223",https://nexoinmobiliario.pe/proyecto/venta-de-departamento-2706-high-line-santiago-de-surco-lima-lima-tribeca-inmobiliaria
31/12/2025,45.94 a 83.14 m2 total,Departamentos,1 a 3 dormitorios,4 unidades disponibles,"Pisos 8, 10, 13, 16",3 dorms.,69.17 m²,Modelo TIPO 2,"707,071",https://nexoinmobiliario.pe/proyecto/venta-de-departamento-2706-high-line-santiago-de-surco-lima-lima-tribeca-inmobiliaria
31/12/2025,45.94 a 83.14 m2 total,Departamentos,1 a 3 dormitorios,3 unidades disponibles,"Pisos 6, 7, 11",3 dorms.,67.80 m²,Modelo TIPO 3,"693,067",https://nexoinmobiliario.pe/proyecto/venta-de-departamento-2706-high-line-santiago-de-surco-lima-lima-tribeca-inmobiliaria
31/12/2025,45.94 a 83.14 m2 total,Departamentos,1 a 3 dormitorios,1 unidad disponible,Piso 13,2 dorms.,66.25 m²,Modelo TIPO 4,"736,111",https://nexoinmobiliario.pe/proyecto/venta-de-departamento-2706-high-line-santiago-de-surco-lima-lima-tribeca-inmobiliaria
31/12/2025,45.94 a 83.14 m2 total,Departamentos,1 a 3 dormitorios,8 unidades disponibles,Pisos 3 al 11,2 dorms.,60.37 m²,Modelo TIPO 5,"617,116",https://nexoinmobiliario.pe/proyecto/venta-de-departamento-2706-high-line-santiago-de-surco-lima-lima-tribeca-inmobiliaria
31/12/2025,45.94 a 83.14 m2 total,Departamentos,1 a 3 dormitorios,6 unidades disponibles,Pisos 7 al 16,3 dorms.,66.27 m²,Modelo TIPO 6,"589,067",https://nexoinmobiliario.pe/proyecto/venta-de-departamento-2706-high-line-santiago-de-surco-lima-lima-tribeca-inmobiliaria
Entrega inmediata,141.55 a 167.82 m2 total,Departamentos,3 dormitorios,1 unidad disponible,Piso 1,3 dorms.,167.82 m²,Modelo 103,"1,060,000",https://nexoinmobiliario.pe/proyecto/venta-de-departamento-2728-monte-real-santiago-de-surco-lima-lima-ee-inmobiliaria
Entrega inmediata,141.55 a 167.82 m2 total,Departamentos,3 dormitorios,2 unidades disponibles,Pisos 2 y 6,3 dorms.,141.55 m²,Modelo Típico 3,"970,000",https://nexoinmobiliario.pe/proyecto/venta-de-departamento-2728-monte-real-santiago-de-surco-lima-lima-ee-inmobiliaria
Entrega inmediata,100 a 108 m2 total,Departamentos,2 a 3 dormitorios,1 unidad disponible,Piso 1,3 dorms.,106.00 m²,Modelo X02,"837,400",https://nexoinmobiliario.pe/proyecto/venta-de-departamento-2773-tomasal-1074-santiago-de-surco-lima-lima-xyz-inmobiliaria
Entrega inmediata,100 a 108 m2 total,Departamentos,2 a 3 dormitorios,1 unidad disponible,Piso 3,2 dorms.,100.00 m²,Modelo Y01,"790,000",https://nexoinmobiliario.pe/proyecto/venta-de-departamento-2773-tomasal-1074-santiago-de-surco-lima-lima-xyz-inmobiliaria
Entrega inmediata,100 a 108 m2 total,Departamentos,2 a 3 dormitorios,1 unidad disponible,Piso 4,3 dorms.,108.00 m²,Modelo Z03,"853,200",https://nexoinmobiliario.pe/proyecto/venta-de-departamento-2773-tomasal-1074-santiago-de-surco-lima-lima-xyz-inmobiliaria
31/03/2026,45.32 a 80.22 m2 total,Departamentos,1 a 3 dormitorios,1 unidad disponible,Piso 17,3 dorms.,79.36 m²,Modelo Tipo X06B,"689,000",https://nexoinmobiliario.pe/proyecto/venta-de-departamento-2800-derby-182-santiago-de-surco-lima-lima-v-v-grupo-inmobiliario
31/03/2026,45.32 a 80.22 m2 total,Departamentos,1 a 3 dormitorios,1 unidad disponible,Piso 2,1 dorms.,58.02 m²,Modelo Tipo 201,"470,000",https://nexoinmobiliario.pe/proyecto/venta-de-departamento-2800-derby-182-santiago-de-surco-lima-lima-v-v-grupo-inmobiliario
31/03/2026,45.32 a 80.22 m2 total,Departamentos,1 a 3 dormitorios,2 unidades disponibles,Pisos 8 y 13,3 dorms.,80.22 m²,Modelo Tipo X04,"772,000",https://nexoinmobiliario.pe/proyecto/venta-de-departamento-2800-derby-182-santiago-de-surco-lima-lima-v-v-grupo-inmobiliario
31/03/2026,45.32 a 80.22 m2 total,Departamentos,1 a 3 dormitorios,1 unidad disponible,Piso 17,3 dorms.,77.69 m²,Modelo Tipo X05,"684,000",https://nexoinmobiliario.pe/proyecto/venta-de-departamento-2800-derby-182-santiago-de-surco-lima-lima-v-v-grupo-inmobiliario
31/03/2026,45.32 a 80.22 m2 total,Departamentos,1 a 3 dormitorios,2 unidades disponibles,Pisos 15 y 16,3 dorms.,78.96 m²,Modelo Tipo X06A,"685,000",https://nexoinmobiliario.pe/proyecto/venta-de-departamento-2800-derby-182-santiago-de-surco-lima-lima-v-v-grupo-inmobiliario
31/03/2026,45.32 a 80.22 m2 total,Departamentos,1 a 3 dormitorios,2 unidades disponibles,Pisos 14 y 15,2 dorms.,61.01 m²,Modelo Tipo X07A,"564,000",https://nexoinmobiliario.pe/proyecto/venta-de-departamento-2800-derby-182-santiago-de-surco-lima-lima-v-v-grupo-inmobiliario
31/08/2026,47.72 a 113.56 m2 total,Departamentos,1 a 3 dormitorios,1 unidad disponible,Piso 1,2 dorms.,99.60 m²,Modelo Tipo 6B,"696,601",https://nexoinmobiliario.pe/proyecto/venta-de-departamento-3030-look-feel-etapa-2-santiago-de-surco-lima-lima-grupo-t-c
31/08/2026,47.72 a 113.56 m2 total,Departamentos,1 a 3 dormitorios,1 unidad disponible,Piso 1,1 dorms.,60.51 m²,Modelo Tipo 7B,"426,931",https://nexoinmobiliario.pe/proyecto/venta-de-departamento-3030-look-feel-etapa-2-santiago-de-surco-lima-lima-grupo-t-c
31/08/2026,47.72 a 113.56 m2 total,Departamentos,1 a 3 dormitorios,1 unidad disponible,Piso 1,1 dorms.,92.84 m²,Modelo Tipo 10B,"578,926",https://nexoinmobiliario.pe/proyecto/venta-de-departamento-3030-look-feel-etapa-2-santiago-de-surco-lima-lima-grupo-t-c
31/08/2026,47.72 a 113.56 m2 total,Departamentos,1 a 3 dormitorios,1 unidad disponible,Piso 1,2 dorms.,113.56 m²,Modelo Tipo 11B,"775,847",https://nexoinmobiliario.pe/proyecto/venta-de-departamento-3030-look-feel-etapa-2-santiago-de-surco-lima-lima-grupo-t-c
31/08/2026,47.72 a 113.56 m2 total,Departamentos,1 a 3 dormitorios,5 unidades disponibles,"Pisos 3, 4, 5, 6, 8",2 dorms.,77.44 m²,Modelo Tipo 1,"605,562",https://nexoinmobiliario.pe/proyecto/venta-de-departamento-3030-look-feel-etapa-2-santiago-de-surco-lima-lima-grupo-t-c
31/08/2026,47.72 a 113.56 m2 total,Departamentos,1 a 3 dormitorios,7 unidades disponibles,Pisos 3 al 10,2 dorms.,82.70 m²,Modelo Tipo 2,"628,594",https://nexoinmobiliario.pe/proyecto/venta-de-departamento-3030-look-feel-etapa-2-santiago-de-surco-lima-lima-grupo-t-c
