fecha,medidas,tipo,dormitorios,disponible,piso,dormitorios_cont,area,modelo,precio,proyecto_link
31/07/2026,36.31 a 128.72 m2 total,Departamentos,1 a 3 dormitorios,1 unidad disponible,Piso 12,3 dorms.,71.25 m²,Modelo A-X4-P,"448,066",https://nexoinmobiliario.pe/proyecto/venta-de-departamento-3555-olaya-535-chorrillos-lima-lima-frontera
31/07/2026,36.31 a 128.72 m2 total,Departamentos,1 a 3 dormitorios,4 unidades disponibles,"Pisos 7, 10, 11, 12",2 dorms.,50.84 m²,Modelo A-X6,"358,248",https://nexoinmobiliario.pe/proyecto/venta-de-departamento-3555-olaya-535-chorrillos-lima-lima-frontera
31/07/2026,36.31 a 128.72 m2 total,Departamentos,1 a 3 dormitorios,2 unidades disponibles,Pisos 12 y 13,3 dorms.,66.11 m²,Modelo B-X1,"424,744",https://nexoinmobiliario.pe/proyecto/venta-de-departamento-3555-olaya-535-chorrillos-lima-lima-frontera
31/07/2026,36.31 a 128.72 m2 total,Departamentos,1 a 3 dormitorios,2 unidades disponibles,Pisos 4 y 5,1 dorms.,36.31 m²,Modelo B-X2,"248,336",https://nexoinmobiliario.pe/proyecto/venta-de-departamento-3555-olaya-535-chorrillos-lima-lima-frontera
31/07/2026,36.31 a 128.72 m2 total,Departamentos,1 a 3 dormitorios,1 unidad disponible,Piso 2,3 dorms.,69.86 m²,Modelo A-X2,"405,401",https://nexoinmobiliario.pe/proyecto/venta-de-departamento-3555-olaya-535-chorrillos-lima-lima-frontera
31/07/2026,36.31 a 128.72 m2 total,Departamentos,1 a 3 dormitorios,1 unidad disponible,Piso 4,3 dorms.,76.11 m²,Modelo B-X4-P,"473,252",https://nexoinmobiliario.pe/proyecto/venta-de-departamento-3555-olaya-535-chorrillos-lima-lima-frontera
01/03/2027,24.93 a 110.21 m2 total,Departamentos,1 a 3 dormitorios,4 unidades disponibles,"Pisos 2, 4, 6, 8",2 dorms.,56.71 m²,Modelo X01P,"194,266",https://nexoinmobiliario.pe/proyecto/venta-de-departamento-3557-malecon-costa-sur-658-chorrillos-lima-lima-frontera
01/03/2027,24.93 a 110.21 m2 total,Departamentos,1 a 3 dormitorios,6 unidades disponibles,Pisos 2 al 13,1 dorms.,42.09 m²,Modelo X02,"158,295",https://nexoinmobiliario.pe/proyecto/venta-de-departamento-3557-malecon-costa-sur-658-chorrillos-lima-lima-frontera
01/03/2027,24.93 a 110.21 m2 total,Departamentos,1 a 3 dormitorios,3 unidades disponibles,"Pisos 2, 6, 10",2 dorms.,56.75 m²,Modelo X07P,"164,263",https://nexoinmobiliario.pe/proyecto/venta-de-departamento-3557-malecon-costa-sur-658-chorrillos-lima-lima-frontera
01/03/2027,24.93 a 110.21 m2 total,Departamentos,1 a 3 dormitorios,3 unidades disponibles,"Pisos 3, 7, 11",2 dorms.,55.21 m²,Modelo X07I,"178,447",https://nexoinmobiliario.pe/proyecto/venta-de-departamento-3557-malecon-costa-sur-658-chorrillos-lima-lima-frontera
01/03/2027,24.93 a 110.21 m2 total,Departamentos,1 a 3 dormitorios,1 unidad disponible,Piso 2,1 dorms.,51.76 m²,Modelo TX05,"109,527",https://nexoinmobiliario.pe/proyecto/venta-de-departamento-3557-malecon-costa-sur-658-chorrillos-lima-lima-frontera
01/03/2027,24.93 a 110.21 m2 total,Departamentos,1 a 3 dormitorios,5 unidades disponibles,"Pisos 3, 5, 7, 9, 11",2 dorms.,59.30 m²,Modelo X01I,"195,275",https://nexoinmobiliario.pe/proyecto/venta-de-departamento-3557-malecon-costa-sur-658-chorrillos-lima-lima-frontera
30/04/2027,28.42 a 72.02 m2 total,Departamentos,1 a 3 dormitorios,12 unidades disponibles,Pisos 3 al 16,1 dorms.,38.69 m²,Modelo TIPO 1,"202,400",https://nexoinmobiliario.pe/proyecto/venta-de-departamento-3663-albamar-miralba-chorrillos-lima-lima-albamar-grupo-inmobiliario
30/04/2027,28.42 a 72.02 m2 total,Departamentos,1 a 3 dormitorios,9 unidades disponibles,Pisos 3 al 14,2 dorms.,50.84 m²,Modelo TIPO 2,"263,800",https://nexoinmobiliario.pe/proyecto/venta-de-departamento-3663-albamar-miralba-chorrillos-lima-lima-albamar-grupo-inmobiliario
30/04/2027,28.42 a 72.02 m2 total,Departamentos,1 a 3 dormitorios,6 unidades disponibles,Pisos 8 al 19,3 dorms.,72.02 m²,Modelo TIPO 3,"400,000",https://nexoinmobiliario.pe/proyecto/venta-de-departamento-3663-albamar-miralba-chorrillos-lima-lima-albamar-grupo-inmobiliario
30/04/2027,28.42 a 72.02 m2 total,Departamentos,1 a 3 dormitorios,14 unidades disponibles,Pisos 2 al 17,2 dorms.,54.52 m²,Modelo TIPO 4,"272,000",https://nexoinmobiliario.pe/proyecto/venta-de-departamento-3663-albamar-miralba-chorrillos-lima-lima-albamar-grupo-inmobiliario
30/04/2027,28.42 a 72.02 m2 total,Departamentos,1 a 3 dormitorios,13 unidades disponibles,Pisos 2 al 19,2 dorms.,54.32 m²,Modelo TIPO 5,"290,100",https://nexoinmobiliario.pe/proyecto/venta-de-departamento-3663-albamar-miralba-chorrillos-lima-lima-albamar-grupo-inmobiliario
30/04/2027,28.42 a 72.02 m2 total,Departamentos,1 a 3 dormitorios,13 unidades disponibles,Pisos 4 al 20,2 dorms.,54.34 m²,Modelo TIPO 6,"289,200",https://nexoinmobiliario.pe/proyecto/venta-de-departamento-3663-albamar-miralba-chorrillos-lima-lima-albamar-grupo-inmobiliario
31/07/2027,25.74 a 71.52 m2 total,Departamentos,1 a 3 dormitorios,1 unidad disponible,Piso 1,1 dorms.,36.72 m²,Modelo H,"233,300",https://nexoinmobiliario.pe/proyecto/venta-de-departamento-3781-albamar-brisana-chorrillos-lima-lima-albamar-grupo-inmobiliario
31/07/2027,25.74 a 71.52 m2 total,Departamentos,1 a 3 dormitorios,14 unidades disponibles,Pisos 3 al 20,1 dorms.,29.49 m²,Modelo A,"217,000",https://nexoinmobiliario.pe/proyecto/venta-de-departamento-3781-albamar-brisana-chorrillos-lima-lima-albamar-grupo-inmobiliario
31/07/2027,25.74 a 71.52 m2 total,Departamentos,1 a 3 dormitorios,16 unidades disponibles,Pisos 2 al 20,2 dorms.,56.15 m²,Modelo B,"391,900",https://nexoinmobiliario.pe/proyecto/venta-de-departamento-3781-albamar-brisana-chorrillos-lima-lima-albamar-grupo-inmobiliario
31/07/2027,25.74 a 71.52 m2 total,Departamentos,1 a 3 dormitorios,17 unidades disponibles,Pisos 2 al 20,2 dorms.,53.88 m²,Modelo C,"368,600",https://nexoinmobiliario.pe/proyecto/venta-de-departamento-3781-albamar-brisana-chorrillos-lima-lima-albamar-grupo-inmobiliario
31/07/2027,25.74 a 71.52 m2 total,Departamentos,1 a 3 dormitorios,15 unidades disponibles,Pisos 2 al 19,3 dorms.,71.52 m²,Modelo D,"429,000",https://nexoinmobiliario.pe/proyecto/venta-de-departamento-3781-albamar-brisana-chorrillos-lima-lima-albamar-grupo-inmobiliario
31/07/2027,25.74 a 71.52 m2 total,Departamentos,1 a 3 dormitorios,11 unidades disponibles,Pisos 2 al 16,1 dorms.,32.79 m²,Modelo E,"274,300",https://nexoinmobiliario.pe/proyecto/venta-de-departamento-3781-albamar-brisana-chorrillos-lima-lima-albamar-grupo-inmobiliario
16/07/2026,38.64 a 69.78 m2 total,Departamentos,1 a 3 dormitorios,154 unidades disponibles,Pisos 1 al 11,3 dorms.,62.97 m²,Modelo 3D,"376,000",https://nexoinmobiliario.pe/proyecto/venta-de-departamento-3803-gran-guardia-peruana-etapa-2-chorrillos-lima-lima-los-portales-departamentos
16/07/2026,38.64 a 69.78 m2 total,Departamentos,1 a 3 dormitorios,27 unidades disponibles,Pisos 2 al 11,2 dorms.,53.43 m²,Modelo 2D,"343,200",https://nexoinmobiliario.pe/proyecto/venta-de-departamento-3803-gran-guardia-peruana-etapa-2-chorrillos-lima-lima-los-portales-departamentos
16/07/2026,38.64 a 69.78 m2 total,Departamentos,1 a 3 dormitorios,6 unidades disponibles,Pisos 2 al 7,1 dorms.,38.64 m²,Modelo 1D,"262,200",https://nexoinmobiliario.pe/proyecto/venta-de-departamento-3803-gran-guardia-peruana-etapa-2-chorrillos-lima-lima-los-portales-departamentos
30/12/2026,54.75 a 67.83 m2 total,Departamentos,2 a 3 dormitorios,4 unidades disponibles,"Pisos 5, 7, 9, 12",3 dorms.,67.57 m²,Modelo TIPO 4,"320,000",https://nexoinmobiliario.pe/proyecto/venta-de-departamento-3807-jardines-chorrillos-lima-lima-arteco
30/12/2026,54.75 a 67.83 m2 total,Departamentos,2 a 3 dormitorios,5 unidades disponibles,"Pisos 3, 4, 5, 9, 11",3 dorms.,64.82 m²,Modelo TIPO 5,"285,000",https://nexoinmobiliario.pe/proyecto/venta-de-departamento-3807-jardines-chorrillos-lima-lima-arteco
30/12/2026,54.75 a 67.83 m2 total,Departamentos,2 a 3 dormitorios,6 unidades disponibles,Pisos 2 al 11,3 dorms.,64.83 m²,Modelo TIPO 1,"285,000",https://nexoinmobiliario.pe/proyecto/venta-de-departamento-3807-jardines-chorrillos-lima-lima-arteco
30/12/2026,54.75 a 67.83 m2 total,Departamentos,2 a 3 dormitorios,6 unidades disponibles,Pisos 2 al 13,3 dorms.,66.24 m²,Modelo TIPO 3,"311,000",https://nexoinmobiliario.pe/proyecto/venta-de-departamento-3807-jardines-chorrillos-lima-lima-arteco
30/12/2026,54.75 a 67.83 m2 total,Departamentos,2 a 3 dormitorios,4 unidades disponibles,"Pisos 6, 8, 12, 13",3 dorms.,67.83 m²,Modelo TIPO 2,"319,000",https://nexoinmobiliario.pe/proyecto/venta-de-departamento-3807-jardines-chorrillos-lima-lima-arteco
30/12/2026,54.75 a 67.83 m2 total,Departamentos,2 a 3 dormitorios,8 unidades disponibles,Pisos 4 al 13,2 dorms.,54.75 m²,Modelo TIPO 7,"254,000",https://nexoinmobiliario.pe/proyecto/venta-de-departamento-3807-jardines-chorrillos-lima-lima-arteco
31/12/2027,40.48 a 130.88 m2 total,Departamentos,1 a 3 dormitorios,9 unidades disponibles,Pisos 2 al 12,3 dorms.,81.45 m²,Modelo Flat Típico 01,"820,000",https://nexoinmobiliario.pe/proyecto/venta-de-departamento-3816-mareia-chorrillos-lima-lima-madrid-inmobiliaria
31/12/2027,40.48 a 130.88 m2 total,Departamentos,1 a 3 dormitorios,3 unidades disponibles,"Pisos 5, 7, 9",2 dorms.,57.32 m²,Modelo Flat Típico 02,"702,000",https://nexoinmobiliario.pe/proyecto/venta-de-departamento-3816-mareia-chorrillos-lima-lima-madrid-inmobiliaria
31/12/2027,40.48 a 130.88 m2 total,Departamentos,1 a 3 dormitorios,1 unidad disponible,Piso 2,3 dorms.,77.06 m²,Modelo Flat 204,"797,000",https://nexoinmobiliario.pe/proyecto/venta-de-departamento-3816-mareia-chorrillos-lima-lima-madrid-inmobiliaria
31/12/2027,40.48 a 130.88 m2 total,Departamentos,1 a 3 dormitorios,1 unidad disponible,Piso 2,2 dorms.,58.84 m²,Modelo Flat 205,"598,000",https://nexoinmobiliario.pe/proyecto/venta-de-departamento-3816-mareia-chorrillos-lima-lima-madrid-inmobiliaria
31/12/2027,40.48 a 130.88 m2 total,Departamentos,1 a 3 dormitorios,11 unidades disponibles,Pisos 2 al 14,2 dorms.,57.70 m²,Modelo Flat Típico 07,"580,000",https://nexoinmobiliario.pe/proyecto/venta-de-departamento-3816-mareia-chorrillos-lima-lima-madrid-inmobiliaria
31/12/2027,40.48 a 130.88 m2 total,Departamentos,1 a 3 dormitorios,10 unidades disponibles,Pisos 2 al 12,1 dorms.,40.48 m²,Modelo Flat Típico 08,"393,000",https://nexoinmobiliario.pe/proyecto/venta-de-departamento-3816-mareia-chorrillos-lima-lima-madrid-inmobiliaria
31/03/2028,40 a 76.88 m2 total,Departamentos,1 a 3 dormitorios,11 unidades disponibles,Pisos 2 al 12,2 dorms.,59.02 m²,Modelo A X06,"423,935",https://nexoinmobiliario.pe/proyecto/venta-de-departamento-3834-casa-de-osma-chorrillos-lima-lima-gdc-inmobiliaria
31/03/2028,40 a 76.88 m2 total,Departamentos,1 a 3 dormitorios,8 unidades disponibles,Pisos 2 al 12,3 dorms.,76.88 m²,Modelo A X05,"541,066",https://nexoinmobiliario.pe/proyecto/venta-de-departamento-3834-casa-de-osma-chorrillos-lima-lima-gdc-inmobiliaria
31/03/2028,40 a 76.88 m2 total,Departamentos,1 a 3 dormitorios,10 unidades disponibles,Pisos 2 al 12,3 dorms.,76.65 m²,Modelo A X04 (2),"539,447",https://nexoinmobiliario.pe/proyecto/venta-de-departamento-3834-casa-de-osma-chorrillos-lima-lima-gdc-inmobiliaria
31/03/2028,40 a 76.88 m2 total,Departamentos,1 a 3 dormitorios,1 unidad disponible,Piso 1,2 dorms.,59.59 m²,Modelo A X04 (1),"419,382",https://nexoinmobiliario.pe/proyecto/venta-de-departamento-3834-casa-de-osma-chorrillos-lima-lima-gdc-inmobiliaria
31/03/2028,40 a 76.88 m2 total,Departamentos,1 a 3 dormitorios,9 unidades disponibles,Pisos 1 al 12,1 dorms.,40.00 m²,Modelo B X17,"293,121",https://nexoinmobiliario.pe/proyecto/venta-de-departamento-3834-casa-de-osma-chorrillos-lima-lima-gdc-inmobiliaria
31/03/2028,40 a 76.88 m2 total,Departamentos,1 a 3 dormitorios,12 unidades disponibles,Pisos 1 al 12,1 dorms.,40.15 m²,Modelo B X16,"294,220",https://nexoinmobiliario.pe/proyecto/venta-de-departamento-3834-casa-de-osma-chorrillos-lima-lima-gdc-inmobiliaria
31/12/2027,40 a 117.58 m2 total,Departamentos,1 a 3 dormitorios,24 unidades disponibles,Pisos 2 al 13,1 dorms.,40.00 m²,Modelo X05,"195,114",https://nexoinmobiliario.pe/proyecto/venta-de-departamento-3897-icaro-164-chorrillos-chorrillos-lima-lima-libre-inmobiliaria
31/12/2027,40 a 117.58 m2 total,Departamentos,1 a 3 dormitorios,2 unidades disponibles,Piso 1,1 dorms.,83.46 m²,Modelo 103,"423,682",https://nexoinmobiliario.pe/proyecto/venta-de-departamento-3897-icaro-164-chorrillos-chorrillos-lima-lima-libre-inmobiliaria
31/12/2027,40 a 117.58 m2 total,Departamentos,1 a 3 dormitorios,24 unidades disponibles,Pisos 2 al 13,2 dorms.,52.05 m²,Modelo X01,"249,660",https://nexoinmobiliario.pe/proyecto/venta-de-departamento-3897-icaro-164-chorrillos-chorrillos-lima-lima-libre-inmobiliaria
31/12/2027,40 a 117.58 m2 total,Departamentos,1 a 3 dormitorios,24 unidades disponibles,Pisos 2 al 13,2 dorms.,52.76 m²,Modelo X06,"253,066",https://nexoinmobiliario.pe/proyecto/venta-de-departamento-3897-icaro-164-chorrillos-chorrillos-lima-lima-libre-inmobiliaria
31/12/2027,40 a 117.58 m2 total,Departamentos,1 a 3 dormitorios,24 unidades disponibles,Pisos 2 al 13,3 dorms.,56.38 m²,Modelo X02,"267,583",https://nexoinmobiliario.pe/proyecto/venta-de-departamento-3897-icaro-164-chorrillos-chorrillos-lima-lima-libre-inmobiliaria
31/12/2027,40 a 117.58 m2 total,Departamentos,1 a 3 dormitorios,21 unidades disponibles,Pisos 2 al 12,3 dorms.,58.99 m²,Modelo X03,"279,970",https://nexoinmobiliario.pe/proyecto/venta-de-departamento-3897-icaro-164-chorrillos-chorrillos-lima-lima-libre-inmobiliaria
30/06/2028,33.37 a 87.13 m2 total,Departamentos,1 a 3 dormitorios,1 unidad disponible,Piso 2,2 dorms.,54.50 m²,Modelo A-201,"308,393",https://nexoinmobiliario.pe/proyecto/venta-de-departamento-3932-sol-boulevard-chorrillos-lima-lima-la-venturosa
30/06/2028,33.37 a 87.13 m2 total,Departamentos,1 a 3 dormitorios,1 unidad disponible,Piso 2,3 dorms.,64.98 m²,Modelo A-202,"336,552",https://nexoinmobiliario.pe/proyecto/venta-de-departamento-3932-sol-boulevard-chorrillos-lima-lima-la-venturosa
30/06/2028,33.37 a 87.13 m2 total,Departamentos,1 a 3 dormitorios,1 unidad disponible,Piso 2,3 dorms.,87.13 m²,Modelo A-203,"394,165",https://nexoinmobiliario.pe/proyecto/venta-de-departamento-3932-sol-boulevard-chorrillos-lima-lima-la-venturosa
30/06/2028,33.37 a 87.13 m2 total,Departamentos,1 a 3 dormitorios,1 unidad disponible,Piso 2,1 dorms.,37.63 m²,Modelo A-205,"233,629",https://nexoinmobiliario.pe/proyecto/venta-de-departamento-3932-sol-boulevard-chorrillos-lima-lima-la-venturosa
30/06/2028,33.37 a 87.13 m2 total,Departamentos,1 a 3 dormitorios,14 unidades disponibles,Pisos 3 al 16,2 dorms.,49.89 m²,Modelo A-X01,"285,432",https://nexoinmobiliario.pe/proyecto/venta-de-departamento-3932-sol-boulevard-chorrillos-lima-lima-la-venturosa
30/06/2028,33.37 a 87.13 m2 total,Departamentos,1 a 3 dormitorios,14 unidades disponibles,Pisos 3 al 16,1 dorms.,33.37 m²,Modelo A-X02,"218,918",https://nexoinmobiliario.pe/proyecto/venta-de-departamento-3932-sol-boulevard-chorrillos-lima-lima-la-venturosa
31/07/2027,42 a 118.10 m2 total,Departamentos,1 a 3 dormitorios,1 unidad disponible,Piso 1,3 dorms.,97.20 m²,Modelo TIPO 1A,"729,000",https://nexoinmobiliario.pe/proyecto/venta-de-departamento-3959-milos-chorrillos-lima-lima-ifi-inmobiliaria
31/07/2027,42 a 118.10 m2 total,Departamentos,1 a 3 dormitorios,1 unidad disponible,Piso 1,2 dorms.,92.00 m²,Modelo TIPO 2A,"711,000",https://nexoinmobiliario.pe/proyecto/venta-de-departamento-3959-milos-chorrillos-lima-lima-ifi-inmobiliaria
31/07/2027,42 a 118.10 m2 total,Departamentos,1 a 3 dormitorios,6 unidades disponibles,Pisos 2 al 7,3 dorms.,80.70 m²,Modelo TIPO 1,"669,000",https://nexoinmobiliario.pe/proyecto/venta-de-departamento-3959-milos-chorrillos-lima-lima-ifi-inmobiliaria
31/07/2027,42 a 118.10 m2 total,Departamentos,1 a 3 dormitorios,6 unidades disponibles,Pisos 2 al 7,2 dorms.,59.20 m²,Modelo TIPO 2,"511,000",https://nexoinmobiliario.pe/proyecto/venta-de-departamento-3959-milos-chorrillos-lima-lima-ifi-inmobiliaria
31/07/2027,42 a 118.10 m2 total,Departamentos,1 a 3 dormitorios,6 unidades disponibles,Pisos 2 al 7,1 dorms.,42.00 m²,Modelo TIPO 3,"377,000",https://nexoinmobiliario.pe/proyecto/venta-de-departamento-3959-milos-chorrillos-lima-lima-ifi-inmobiliaria
31/07/2027,42 a 118.10 m2 total,Departamentos,1 a 3 dormitorios,7 unidades disponibles,Pisos 2 al 8,2 dorms.,59.60 m²,Modelo TIPO 4,"511,000",https://nexoinmobiliario.pe/proyecto/venta-de-departamento-3959-milos-chorrillos-lima-lima-ifi-inmobiliaria
31/12/2027,42.94 a 132.32 m2 total,Departamentos,2 a 4 dormitorios,1 unidad disponible,Piso 2,3 dorms.,70.57 m²,Modelo 201,"345,700",https://nexoinmobiliario.pe/proyecto/venta-de-departamento-3965-vertice-chorrillos-lima-lima-andiamo
31/12/2027,42.94 a 132.32 m2 total,Departamentos,2 a 4 dormitorios,1 unidad disponible,Piso 2,3 dorms.,63.19 m²,Modelo 202,"324,800",https://nexoinmobiliario.pe/proyecto/venta-de-departamento-3965-vertice-chorrillos-lima-lima-andiamo
31/12/2027,42.94 a 132.32 m2 total,Departamentos,2 a 4 dormitorios,1 unidad disponible,Piso 2,3 dorms.,63.19 m²,Modelo 203,"324,800",https://nexoinmobiliario.pe/proyecto/venta-de-departamento-3965-vertice-chorrillos-lima-lima-andiamo
31/12/2027,42.94 a 132.32 m2 total,Departamentos,2 a 4 dormitorios,1 unidad disponible,Piso 2,3 dorms.,65.51 m²,Modelo 204,"336,700",https://nexoinmobiliario.pe/proyecto/venta-de-departamento-3965-vertice-chorrillos-lima-lima-andiamo
31/12/2027,42.94 a 132.32 m2 total,Departamentos,2 a 4 dormitorios,1 unidad disponible,Piso 2,3 dorms.,82.01 m²,Modelo 205,"377,800",https://nexoinmobiliario.pe/proyecto/venta-de-departamento-3965-vertice-chorrillos-lima-lima-andiamo
31/12/2027,42.94 a 132.32 m2 total,Departamentos,2 a 4 dormitorios,1 unidad disponible,Piso 2,2 dorms.,55.56 m²,Modelo 206,"286,000",https://nexoinmobiliario.pe/proyecto/venta-de-departamento-3965-vertice-chorrillos-lima-lima-andiamo
30/12/2027,55.96 a 137.51 m2 total,Departamentos,2 a 3 dormitorios,1 unidad disponible,Piso 1,3 dorms.,87.52 m²,Modelo Tipo 101,"453,000",https://nexoinmobiliario.pe/proyecto/venta-de-departamento-3989-condominio-solaris-chorrillos-lima-lima-grupo-santa-maria
30/12/2027,55.96 a 137.51 m2 total,Departamentos,2 a 3 dormitorios,1 unidad disponible,Piso 1,3 dorms.,92.23 m²,Modelo Tipo 102,"459,000",https://nexoinmobiliario.pe/proyecto/venta-de-departamento-3989-condominio-solaris-chorrillos-lima-lima-grupo-santa-maria
30/12/2027,55.96 a 137.51 m2 total,Departamentos,2 a 3 dormitorios,1 unidad disponible,Piso 1,3 dorms.,72.43 m²,Modelo Tipo 104,"406,000",https://nexoinmobiliario.pe/proyecto/venta-de-departamento-3989-condominio-solaris-chorrillos-lima-lima-grupo-santa-maria
30/12/2027,55.96 a 137.51 m2 total,Departamentos,2 a 3 dormitorios,12 unidades disponibles,Pisos 2 al 13,3 dorms.,67.36 m²,Modelo Tipo 1,"363,000",https://nexoinmobiliario.pe/proyecto/venta-de-departamento-3989-condominio-solaris-chorrillos-lima-lima-grupo-santa-maria
30/12/2027,55.96 a 137.51 m2 total,Departamentos,2 a 3 dormitorios,13 unidades disponibles,Pisos 2 al 14,3 dorms.,67.46 m²,Modelo Tipo 2,"361,000",https://nexoinmobiliario.pe/proyecto/venta-de-departamento-3989-condominio-solaris-chorrillos-lima-lima-grupo-santa-maria
30/12/2027,55.96 a 137.51 m2 total,Departamentos,2 a 3 dormitorios,13 unidades disponibles,Pisos 2 al 14,2 dorms.,55.96 m²,Modelo Tipo 3,"307,000",https://nexoinmobiliario.pe/proyecto/venta-de-departamento-3989-condominio-solaris-chorrillos-lima-lima-grupo-santa-maria
31/12/2027,40 a 76 m2 total,Departamentos,1 a 3 dormitorios,8 unidades disponibles,Pisos 2 al 9,2 dorms.,51.90 m²,Modelo X01,"340,000",https://nexoinmobiliario.pe/proyecto/venta-de-departamento-4012-parque-fatima-chorrillos-lima-lima-avenir-grupo-inmobiliario
31/12/2027,40 a 76 m2 total,Departamentos,1 a 3 dormitorios,8 unidades disponibles,Pisos 2 al 9,2 dorms.,67.40 m²,Modelo X02,"420,000",https://nexoinmobiliario.pe/proyecto/venta-de-departamento-4012-parque-fatima-chorrillos-lima-lima-avenir-grupo-inmobiliario
31/12/2027,40 a 76 m2 total,Departamentos,1 a 3 dormitorios,8 unidades disponibles,Pisos 2 al 9,2 dorms.,64.60 m²,Modelo X03,"410,000",https://nexoinmobiliario.pe/proyecto/venta-de-departamento-4012-parque-fatima-chorrillos-lima-lima-avenir-grupo-inmobiliario
31/12/2027,40 a 76 m2 total,Departamentos,1 a 3 dormitorios,8 unidades disponibles,Pisos 2 al 9,1 dorms.,40.00 m²,Modelo X05,"280,000",https://nexoinmobiliario.pe/proyecto/venta-de-departamento-4012-parque-fatima-chorrillos-lima-lima-avenir-grupo-inmobiliario
31/12/2027,40 a 76 m2 total,Departamentos,1 a 3 dormitorios,8 unidades disponibles,Pisos 2 al 9,1 dorms.,40.40 m²,Modelo X06,"280,000",https://nexoinmobiliario.pe/proyecto/venta-de-departamento-4012-parque-fatima-chorrillos-lima-lima-avenir-grupo-inmobiliario
31/12/2027,40 a 76 m2 total,Departamentos,1 a 3 dormitorios,8 unidades disponibles,Pisos 2 al 9,3 dorms.,67.90 m²,Modelo X07,"440,000",https://nexoinmobiliario.pe/proyecto/venta-de-departamento-4012-parque-fatima-chorrillos-lima-lima-avenir-grupo-inmobiliario
31/01/2027,54.06 a 58.75 m2 total,Departamentos,2 dormitorios,13 unidades disponibles,Pisos 2 al 17,2 dorms.,54.06 m²,Modelo M01,"256,800",https://nexoinmobiliario.pe/proyecto/venta-de-departamento-3390-residencial-seiss-comas-lima-lima-lider
31/01/2027,54.06 a 58.75 m2 total,Departamentos,2 dormitorios,16 unidades disponibles,Pisos 2 al 17,2 dorms.,56.88 m²,Modelo M02,"269,700",https://nexoinmobiliario.pe/proyecto/venta-de-departamento-3390-residencial-seiss-comas-lima-lima-lider
31/01/2027,54.06 a 58.75 m2 total,Departamentos,2 dormitorios,8 unidades disponibles,Pisos 2 al 17,2 dorms.,57.42 m²,Modelo T03,"267,700",https://nexoinmobiliario.pe/proyecto/venta-de-departamento-3390-residencial-seiss-comas-lima-lima-lider
31/01/2027,54.06 a 58.75 m2 total,Departamentos,2 dormitorios,7 unidades disponibles,Pisos 2 al 17,2 dorms.,56.57 m²,Modelo T04,"268,700",https://nexoinmobiliario.pe/proyecto/venta-de-departamento-3390-residencial-seiss-comas-lima-lima-lider
31/01/2027,54.06 a 58.75 m2 total,Departamentos,2 dormitorios,13 unidades disponibles,Pisos 2 al 17,2 dorms.,58.13 m²,Modelo T05,"275,100",https://nexoinmobiliario.pe/proyecto/venta-de-departamento-3390-residencial-seiss-comas-lima-lima-lider
31/01/2027,54.06 a 58.75 m2 total,Departamentos,2 dormitorios,10 unidades disponibles,Pisos 2 al 17,2 dorms.,56.71 m²,Modelo M06,"282,800",https://nexoinmobiliario.pe/proyecto/venta-de-departamento-3390-residencial-seiss-comas-lima-lima-lider
30/11/2026,73.67 a 76.91 m2 total,Departamentos,3 dormitorios,7 unidades disponibles,Pisos 1 al 15,3 dorms.,73.67 m²,Modelo Tipo 01,"323,200",https://nexoinmobiliario.pe/proyecto/venta-de-departamento-3660-cinnco-mambo-etapa-ii-departamento-en-comas-comas-lima-lima-lider
30/11/2026,73.67 a 76.91 m2 total,Departamentos,3 dormitorios,28 unidades disponibles,Pisos 2 al 16,3 dorms.,76.91 m²,Modelo Tipo 03T,"333,000",https://nexoinmobiliario.pe/proyecto/venta-de-departamento-3660-cinnco-mambo-etapa-ii-departamento-en-comas-comas-lima-lima-lider
30/11/2026,73.67 a 76.91 m2 total,Departamentos,3 dormitorios,27 unidades disponibles,Pisos 1 al 15,3 dorms.,74.43 m²,Modelo Tipo 02,"327,100",https://nexoinmobiliario.pe/proyecto/venta-de-departamento-3660-cinnco-mambo-etapa-ii-departamento-en-comas-comas-lima-lima-lider
30/11/2026,73.67 a 76.91 m2 total,Departamentos,3 dormitorios,6 unidades disponibles,"Pisos 2, 6, 8, 10, 16",3 dorms.,73.67 m²,Modelo Tipo 01T,"321,700",https://nexoinmobiliario.pe/proyecto/venta-de-departamento-3660-cinnco-mambo-etapa-ii-departamento-en-comas-comas-lima-lima-lider
30/11/2026,73.67 a 76.91 m2 total,Departamentos,3 dormitorios,21 unidades disponibles,Pisos 2 al 16,3 dorms.,74.43 m²,Modelo Tipo 02T,"325,600",https://nexoinmobiliario.pe/proyecto/venta-de-departamento-3660-cinnco-mambo-etapa-ii-departamento-en-comas-comas-lima-lima-lider
31/12/2027,82.90 a 107.51 m2 total,Departamentos,3 dormitorios,15 unidades disponibles,Pisos 2 al 17,3 dorms.,107.51 m²,Modelo X01,"434,772",https://nexoinmobiliario.pe/proyecto/venta-de-departamento-3917-cuattro-mambo-etapa-iii-comas-lima-lima-lider
31/12/2027,82.90 a 107.51 m2 total,Departamentos,3 dormitorios,16 unidades disponibles,Pisos 2 al 17,3 dorms.,82.90 m²,Modelo X03,"350,472",https://nexoinmobiliario.pe/proyecto/venta-de-departamento-3917-cuattro-mambo-etapa-iii-comas-lima-lima-lider
31/12/2027,82.90 a 107.51 m2 total,Departamentos,3 dormitorios,16 unidades disponibles,Pisos 2 al 17,3 dorms.,82.90 m²,Modelo X04,"350,640",https://nexoinmobiliario.pe/proyecto/venta-de-departamento-3917-cuattro-mambo-etapa-iii-comas-lima-lima-lider
31/12/2027,82.90 a 107.51 m2 total,Departamentos,3 dormitorios,16 unidades disponibles,Pisos 2 al 17,3 dorms.,82.90 m²,Modelo X05,"350,640",https://nexoinmobiliario.pe/proyecto/venta-de-departamento-3917-cuattro-mambo-etapa-iii-comas-lima-lima-lider
31/12/2027,82.90 a 107.51 m2 total,Departamentos,3 dormitorios,15 unidades disponibles,Pisos 2 al 17,3 dorms.,82.90 m²,Modelo X06,"350,472",https://nexoinmobiliario.pe/proyecto/venta-de-departamento-3917-cuattro-mambo-etapa-iii-comas-lima-lima-lider
31/12/2027,82.90 a 107.51 m2 total,Departamentos,3 dormitorios,16 unidades disponibles,Pisos 2 al 17,3 dorms.,84.21 m²,Modelo X07,"351,492",https://nexoinmobiliario.pe/proyecto/venta-de-departamento-3917-cuattro-mambo-etapa-iii-comas-lima-lima-lider
31/03/2026,54 a 148 m2 total,Departamentos,2 a 3 dormitorios,1 unidad disponible,Piso 1,3 dorms.,66.00 m²,Modelo TORRE 1 - 1erPiso - TIPO 5,"325,000",https://nexoinmobiliario.pe/proyecto/venta-de-departamento-3499-nueva-independencia-independencia-lima-lima-besco
31/03/2026,54 a 148 m2 total,Departamentos,2 a 3 dormitorios,8 unidades disponibles,Pisos 11 al 21,2 dorms.,72.00 m²,Modelo TORRE 1 - FLAT - Tipo 2,"294,100",https://nexoinmobiliario.pe/proyecto/venta-de-departamento-3499-nueva-independencia-independencia-lima-lima-besco
31/03/2026,54 a 148 m2 total,Departamentos,2 a 3 dormitorios,9 unidades disponibles,Pisos 6 al 19,2 dorms.,72.00 m²,Modelo TORRE 1 - FLAT - Tipo 3,"289,300",https://nexoinmobiliario.pe/proyecto/venta-de-departamento-3499-nueva-independencia-independencia-lima-lima-besco
31/03/2026,54 a 148 m2 total,Departamentos,2 a 3 dormitorios,13 unidades disponibles,Pisos 7 al 21,2 dorms.,73.00 m²,Modelo TORRE 1 - FLAT - Tipo 4,"287,600",https://nexoinmobiliario.pe/proyecto/venta-de-departamento-3499-nueva-independencia-independencia-lima-lima-besco
31/03/2026,54 a 148 m2 total,Departamentos,2 a 3 dormitorios,2 unidades disponibles,Pisos 4 y 8,3 dorms.,66.00 m²,Modelo TORRE 1 - FLAT - TIPO 5,"293,500",https://nexoinmobiliario.pe/proyecto/venta-de-departamento-3499-nueva-independencia-independencia-lima-lima-besco
31/03/2026,54 a 148 m2 total,Departamentos,2 a 3 dormitorios,1 unidad disponible,Piso 2,2 dorms.,54.00 m²,Modelo TORRE 1 - FLAT - TIPO 6,"299,000",https://nexoinmobiliario.pe/proyecto/venta-de-departamento-3499-nueva-independencia-independencia-lima-lima-besco
31/05/2027,60.75 a 71.50 m2 total,Departamentos,2 a 3 dormitorios,9 unidades disponibles,Pisos 2 al 10,3 dorms.,67.50 m²,Modelo 1,"270,108",https://nexoinmobiliario.pe/proyecto/venta-de-departamento-3650-indepolis-independencia-lima-lima-capac-asociados
31/05/2027,60.75 a 71.50 m2 total,Departamentos,2 a 3 dormitorios,6 unidades disponibles,Pisos 2 al 7,2 dorms.,60.75 m²,Modelo 2,"246,259",https://nexoinmobiliario.pe/proyecto/venta-de-departamento-3650-indepolis-independencia-lima-lima-capac-asociados
31/05/2027,60.75 a 71.50 m2 total,Departamentos,2 a 3 dormitorios,9 unidades disponibles,Pisos 2 al 10,3 dorms.,69.50 m²,Modelo 3,"280,877",https://nexoinmobiliario.pe/proyecto/venta-de-departamento-3650-indepolis-independencia-lima-lima-capac-asociados
31/05/2027,60.75 a 71.50 m2 total,Departamentos,2 a 3 dormitorios,5 unidades disponibles,"Pisos 2, 5, 6, 7, 8",3 dorms.,69.25 m²,Modelo 5,"284,107",https://nexoinmobiliario.pe/proyecto/venta-de-departamento-3650-indepolis-independencia-lima-lima-capac-asociados
31/05/2027,60.75 a 71.50 m2 total,Departamentos,2 a 3 dormitorios,8 unidades disponibles,Pisos 2 al 10,2 dorms.,64.00 m²,Modelo 6,"253,555",https://nexoinmobiliario.pe/proyecto/venta-de-departamento-3650-indepolis-independencia-lima-lima-capac-asociados
31/05/2027,60.75 a 71.50 m2 total,Departamentos,2 a 3 dormitorios,6 unidades disponibles,Pisos 3 al 9,3 dorms.,71.50 m²,Modelo 7,"298,263",https://nexoinmobiliario.pe/proyecto/venta-de-departamento-3650-indepolis-independencia-lima-lima-capac-asociados
31/12/2026,53.70 a 124.50 m2 total,Departamentos,2 a 3 dormitorios,1 unidad disponible,Piso 1,2 dorms.,53.70 m²,Modelo 2D,"313,344",https://nexoinmobiliario.pe/proyecto/venta-de-departamento-3926-gran-parque-norte-etapa-1-independencia-lima-lima-los-portales-departamentos
31/12/2026,53.70 a 124.50 m2 total,Departamentos,2 a 3 dormitorios,120 unidades disponibles,Pisos 1 al 24,3 dorms.,61.80 m²,Modelo 3D,"329,563",https://nexoinmobiliario.pe/proyecto/venta-de-departamento-3926-gran-parque-norte-etapa-1-independencia-lima-lima-los-portales-departamentos
31/12/2026,53.70 a 124.50 m2 total,Departamentos,2 a 3 dormitorios,22 unidades disponibles,Pisos 2 al 24,3 dorms.,69.20 m²,Modelo 3D+S,"376,686",https://nexoinmobiliario.pe/proyecto/venta-de-departamento-3926-gran-parque-norte-etapa-1-independencia-lima-lima-los-portales-departamentos
Entrega inmediata,44.25 a 87.50 m2 total,Departamentos,1 a 3 dormitorios,3 unidades disponibles,"Pisos 8, 12, 17",1 dorms.,44.25 m²,Modelo TIPO 7,"336,785",https://nexoinmobiliario.pe/proyecto/venta-de-departamento-1561-ambar-jesus-maria-lima-lima-marte
Entrega inmediata,44.25 a 87.50 m2 total,Departamentos,1 a 3 dormitorios,3 unidades disponibles,"Pisos 3, 5, 8",3 dorms.,82.00 m²,Modelo TIPO 2,"649,942",https://nexoinmobiliario.pe/proyecto/venta-de-departamento-1561-ambar-jesus-maria-lima-lima-marte
Entrega inmediata,44.25 a 87.50 m2 total,Departamentos,1 a 3 dormitorios,1 unidad disponible,Piso 5,3 dorms.,82.50 m²,Modelo TIPO 3,"684,956",https://nexoinmobiliario.pe/proyecto/venta-de-departamento-1561-ambar-jesus-maria-lima-lima-marte
Entrega inmediata,44.25 a 87.50 m2 total,Departamentos,1 a 3 dormitorios,1 unidad disponible,Piso 9,3 dorms.,75.00 m²,Modelo TIPO 5,"560,307",https://nexoinmobiliario.pe/proyecto/venta-de-departamento-1561-ambar-jesus-maria-lima-lima-marte
Entrega inmediata,44.25 a 87.50 m2 total,Departamentos,1 a 3 dormitorios,1 unidad disponible,Piso 21,3 dorms.,87.50 m²,Modelo TIPO 1E,"684,634",https://nexoinmobiliario.pe/proyecto/venta-de-departamento-1561-ambar-jesus-maria-lima-lima-marte
Entrega inmediata,44.25 a 87.50 m2 total,Departamentos,1 a 3 dormitorios,1 unidad disponible,Piso 21,3 dorms.,81.50 m²,Modelo TIPO 3E,"648,708",https://nexoinmobiliario.pe/proyecto/venta-de-departamento-1561-ambar-jesus-maria-lima-lima-marte
Entrega inmediata,69.56 a 69.88 m2 total,Departamentos,2 dormitorios,2 unidades disponibles,Pisos 8 y 9,2 dorms.,69.56 m²,Modelo TIPO G,"519,007",https://nexoinmobiliario.pe/proyecto/venta-de-departamento-1940-monterosso-jesus-maria-lima-lima-toratto-grupo-inmobiliario
Entrega inmediata,69.56 a 69.88 m2 total,Departamentos,2 dormitorios,2 unidades disponibles,Pisos 8 y 9,2 dorms.,69.88 m²,Modelo TIPO H,"521,256",https://nexoinmobiliario.pe/proyecto/venta-de-departamento-1940-monterosso-jesus-maria-lima-lima-toratto-grupo-inmobiliario
Entrega inmediata,39.75 a 75.21 m2 total,Departamentos,1 a 3 dormitorios,2 unidades disponibles,Pisos 16 y 17,2 dorms.,68.85 m²,Modelo 1,"631,000",https://nexoinmobiliario.pe/proyecto/venta-de-departamento-2116-salaverry-571-jesus-maria-lima-lima-desarrolladora
Entrega inmediata,39.75 a 75.21 m2 total,Departamentos,1 a 3 dormitorios,4 unidades disponibles,"Pisos 13, 14, 16, 22",3 dorms.,75.21 m²,Modelo 2,"740,000",https://nexoinmobiliario.pe/proyecto/venta-de-departamento-2116-salaverry-571-jesus-maria-lima-lima-desarrolladora
Entrega inmediata,39.75 a 75.21 m2 total,Departamentos,1 a 3 dormitorios,2 unidades disponibles,Pisos 5 y 7,2 dorms.,56.82 m²,Modelo 3,"559,000",https://nexoinmobiliario.pe/proyecto/venta-de-departamento-2116-salaverry-571-jesus-maria-lima-lima-desarrolladora
Entrega inmediata,39.75 a 75.21 m2 total,Departamentos,1 a 3 dormitorios,6 unidades disponibles,Pisos 9 al 22,3 dorms.,74.75 m²,Modelo 4,"735,000",https://nexoinmobiliario.pe/proyecto/venta-de-departamento-2116-salaverry-571-jesus-maria-lima-lima-desarrolladora
Entrega inmediata,39.75 a 75.21 m2 total,Departamentos,1 a 3 dormitorios,1 unidad disponible,Piso 20,2 dorms.,69.61 m²,Modelo 5,"583,000",https://nexoinmobiliario.pe/proyecto/venta-de-departamento-2116-salaverry-571-jesus-maria-lima-lima-desarrolladora
Entrega inmediata,39.75 a 75.21 m2 total,Departamentos,1 a 3 dormitorios,3 unidades disponibles,"Pisos 10, 16, 18",1 dorms.,39.77 m²,Modelo 6,"366,000",https://nexoinmobiliario.pe/proyecto/venta-de-departamento-2116-salaverry-571-jesus-maria-lima-lima-desarrolladora
Entrega inmediata,45.35 a 75.10 m2 total,Departamentos,1 a 3 dormitorios,2 unidades disponibles,Pisos 3 y 6,3 dorms.,75.10 m²,Modelo TIPO 4,"568,430",https://nexoinmobiliario.pe/proyecto/venta-de-departamento-2300-garden-tower-jesus-maria-lima-lima-palace
Entrega inmediata,45.35 a 75.10 m2 total,Departamentos,1 a 3 dormitorios,4 unidades disponibles,"Pisos 5, 8, 12, 13",1 dorms.,45.35 m²,Modelo TIPO 5,"348,355",https://nexoinmobiliario.pe/proyecto/venta-de-departamento-2300-garden-tower-jesus-maria-lima-lima-palace
Entrega inmediata,45.35 a 75.10 m2 total,Departamentos,1 a 3 dormitorios,1 unidad disponible,Piso 10,2 dorms.,63.75 m²,Modelo TIPO 6,"482,625",https://nexoinmobiliario.pe/proyecto/venta-de-departamento-2300-garden-tower-jesus-maria-lima-lima-palace
Entrega inmediata,60.33 a 88.12 m2 total,Departamentos,2 a 3 dormitorios,1 unidad disponible,Piso 15,3 dorms.,88.12 m²,Modelo 2,"636,949",https://nexoinmobiliario.pe/proyecto/venta-de-departamento-2502-malva-jesus-maria-lima-lima-grupo-tyc
Entrega inmediata,60.33 a 88.12 m2 total,Departamentos,2 a 3 dormitorios,1 unidad disponible,Piso 2,3 dorms.,77.70 m²,Modelo 3,"556,283",https://nexoinmobiliario.pe/proyecto/venta-de-departamento-2502-malva-jesus-maria-lima-lima-grupo-tyc
Entrega inmediata,60.33 a 88.12 m2 total,Departamentos,2 a 3 dormitorios,1 unidad disponible,Piso 4,2 dorms.,60.33 m²,Modelo 5A,"434,586",https://nexoinmobiliario.pe/proyecto/venta-de-departamento-2502-malva-jesus-maria-lima-lima-grupo-tyc
Entrega inmediata,60.33 a 88.12 m2 total,Departamentos,2 a 3 dormitorios,1 unidad disponible,Piso 3,3 dorms.,76.78 m²,Modelo 6,"549,195",https://nexoinmobiliario.pe/proyecto/venta-de-departamento-2502-malva-jesus-maria-lima-lima-grupo-tyc
Entrega inmediata,60.33 a 88.12 m2 total,Departamentos,2 a 3 dormitorios,1 unidad disponible,Piso 20,3 dorms.,78.00 m²,Modelo 7,"518,045",https://nexoinmobiliario.pe/proyecto/venta-de-departamento-2502-malva-jesus-maria-lima-lima-grupo-tyc
Entrega inmediata,60.33 a 88.12 m2 total,Departamentos,2 a 3 dormitorios,2 unidades disponibles,Pisos 4 y 5,2 dorms.,66.38 m²,Modelo 8,"463,587",https://nexoinmobiliario.pe/proyecto/venta-de-departamento-2502-malva-jesus-maria-lima-lima-grupo-tyc
Entrega inmediata,40.12 a 79.23 m2 total,Departamentos,1 a 3 dormitorios,4 unidades disponibles,"Pisos 21, 23, 25, 26",3 dorms.,79.05 m²,Modelo TIPO 1 A,"592,008",https://nexoinmobiliario.pe/proyecto/venta-de-departamento-2507-flamingo-jesus-maria-lima-lima-grupo-tyc
Entrega inmediata,40.12 a 79.23 m2 total,Departamentos,1 a 3 dormitorios,7 unidades disponibles,Pisos 4 al 16,2 dorms.,64.00 m²,Modelo TIPO 1 B,"460,000",https://nexoinmobiliario.pe/proyecto/venta-de-departamento-2507-flamingo-jesus-maria-lima-lima-grupo-tyc
Entrega inmediata,40.12 a 79.23 m2 total,Departamentos,1 a 3 dormitorios,2 unidades disponibles,Pisos 23 y 26,3 dorms.,79.23 m²,Modelo TIPO 2 A,"585,998",https://nexoinmobiliario.pe/proyecto/venta-de-departamento-2507-flamingo-jesus-maria-lima-lima-grupo-tyc
Entrega inmediata,40.12 a 79.23 m2 total,Departamentos,1 a 3 dormitorios,10 unidades disponibles,Pisos 7 al 18,2 dorms.,58.30 m²,Modelo TIPO 2 B,"412,994",https://nexoinmobiliario.pe/proyecto/venta-de-departamento-2507-flamingo-jesus-maria-lima-lima-grupo-tyc
Entrega inmediata,40.12 a 79.23 m2 total,Departamentos,1 a 3 dormitorios,10 unidades disponibles,Pisos 2 al 20,2 dorms.,60.01 m²,Modelo TIPO 3 A,"414,759",https://nexoinmobiliario.pe/proyecto/venta-de-departamento-2507-flamingo-jesus-maria-lima-lima-grupo-tyc
Entrega inmediata,40.12 a 79.23 m2 total,Departamentos,1 a 3 dormitorios,8 unidades disponibles,Pisos 4 al 12,2 dorms.,58.00 m²,Modelo TIPO 3 B,"425,426",https://nexoinmobiliario.pe/proyecto/venta-de-departamento-2507-flamingo-jesus-maria-lima-lima-grupo-tyc
Entrega inmediata,76.88 a 78.12 m2 total,Departamentos,3 dormitorios,1 unidad disponible,Piso 6,3 dorms.,78.12 m²,Modelo 3B,"573,000",https://nexoinmobiliario.pe/proyecto/venta-de-departamento-2556-miller-1058-jesus-maria-lima-lima-novoarte-soluciones
Entrega inmediata,76.88 a 78.12 m2 total,Departamentos,3 dormitorios,2 unidades disponibles,Pisos 5 y 9,3 dorms.,76.88 m²,Modelo 1C,"545,000",https://nexoinmobiliario.pe/proyecto/venta-de-departamento-2556-miller-1058-jesus-maria-lima-lima-novoarte-soluciones
Entrega inmediata,91.52 a 92.80 m2 total,Departamentos,3 dormitorios,1 unidad disponible,Piso 18,3 dorms.,91.52 m²,Modelo Tipo 1 A,"576,825",https://nexoinmobiliario.pe/proyecto/venta-de-departamento-2560-nossa-jesus-maria-lima-lima-grupo-tyc
Entrega inmediata,91.52 a 92.80 m2 total,Departamentos,3 dormitorios,1 unidad disponible,Piso 19,3 dorms.,92.17 m²,Modelo Tipo 1 B,"578,734",https://nexoinmobiliario.pe/proyecto/venta-de-departamento-2560-nossa-jesus-maria-lima-lima-grupo-tyc
31/12/2025,41.09 a 116.01 m2 total,Departamentos,1 a 3 dormitorios,13 unidades disponibles,Pisos 5 al 21,2 dorms.,55.93 m²,Modelo 1A,"423,900",https://nexoinmobiliario.pe/proyecto/venta-de-departamento-2596-legado-jesus-maria-lima-lima-invent
31/12/2025,41.09 a 116.01 m2 total,Departamentos,1 a 3 dormitorios,2 unidades disponibles,Pisos 19 y 21,3 dorms.,75.49 m²,Modelo 4A,"613,800",https://nexoinmobiliario.pe/proyecto/venta-de-departamento-2596-legado-jesus-maria-lima-lima-invent
31/12/2025,41.09 a 116.01 m2 total,Departamentos,1 a 3 dormitorios,6 unidades disponibles,Pisos 3 al 16,1 dorms.,41.77 m²,Modelo 3A,"336,300",https://nexoinmobiliario.pe/proyecto/venta-de-departamento-2596-legado-jesus-maria-lima-lima-invent
31/12/2025,41.09 a 116.01 m2 total,Departamentos,1 a 3 dormitorios,3 unidades disponibles,"Pisos 17, 20, 21",2 dorms.,55.31 m²,Modelo 2A,"444,800",https://nexoinmobiliario.pe/proyecto/venta-de-departamento-2596-legado-jesus-maria-lima-lima-invent
31/12/2025,41.09 a 116.01 m2 total,Departamentos,1 a 3 dormitorios,4 unidades disponibles,"Pisos 19, 20, 21, 22",2 dorms.,53.95 m²,Modelo 8B-I,"450,100",https://nexoinmobiliario.pe/proyecto/venta-de-departamento-2596-legado-jesus-maria-lima-lima-invent
31/12/2025,41.09 a 116.01 m2 total,Departamentos,1 a 3 dormitorios,1 unidad disponible,Piso 22,2 dorms.,72.32 m²,Modelo 7B-II,"593,700",https://nexoinmobiliario.pe/proyecto/venta-de-departamento-2596-legado-jesus-maria-lima-lima-invent
31/03/2026,36.80 a 154 m2 total,Departamentos,1 a 3 dormitorios,12 unidades disponibles,Pisos 4 al 16,3 dorms.,66.00 m²,Modelo TIPO 7,"438,000",https://nexoinmobiliario.pe/proyecto/venta-de-departamento-2743-arnaldo-living-jesus-maria-lima-lima-ms-inmobiliaria
31/03/2026,36.80 a 154 m2 total,Departamentos,1 a 3 dormitorios,9 unidades disponibles,Pisos 7 al 17,3 dorms.,65.50 m²,Modelo TIPO 6,"473,000",https://nexoinmobiliario.pe/proyecto/venta-de-departamento-2743-arnaldo-living-jesus-maria-lima-lima-ms-inmobiliaria
31/03/2026,36.80 a 154 m2 total,Departamentos,1 a 3 dormitorios,9 unidades disponibles,Pisos 3 al 14,3 dorms.,59.50 m²,Modelo TIPO 5,"428,000",https://nexoinmobiliario.pe/proyecto/venta-de-departamento-2743-arnaldo-living-jesus-maria-lima-lima-ms-inmobiliaria
31/03/2026,36.80 a 154 m2 total,Departamentos,1 a 3 dormitorios,4 unidades disponibles,"Pisos 5, 7, 9, 10",1 dorms.,38.00 m²,Modelo TIPO 4,"321,000",https://nexoinmobiliario.pe/proyecto/venta-de-departamento-2743-arnaldo-living-jesus-maria-lima-lima-ms-inmobiliaria
31/03/2026,36.80 a 154 m2 total,Departamentos,1 a 3 dormitorios,5 unidades disponibles,"Pisos 5, 6, 7, 8, 10",2 dorms.,53.50 m²,Modelo TIPO 2,"426,000",https://nexoinmobiliario.pe/proyecto/venta-de-departamento-2743-arnaldo-living-jesus-maria-lima-lima-ms-inmobiliaria
31/03/2026,36.80 a 154 m2 total,Departamentos,1 a 3 dormitorios,5 unidades disponibles,"Pisos 5, 8, 9, 11, 16",3 dorms.,71.50 m²,Modelo TIPO 3,"541,000",https://nexoinmobiliario.pe/proyecto/venta-de-departamento-2743-arnaldo-living-jesus-maria-lima-lima-ms-inmobiliaria
Entrega inmediata,54.45 a 150.35 m2 total,Departamentos,2 a 3 dormitorios,1 unidad disponible,Piso 19,3 dorms.,74.65 m²,Modelo Tipo 1,"563,000",https://nexoinmobiliario.pe/proyecto/venta-de-departamento-2747-ciudaris-i-quarzo-jesus-maria-lima-lima-ciudaris
Entrega inmediata,54.45 a 150.35 m2 total,Departamentos,2 a 3 dormitorios,1 unidad disponible,Piso 4,3 dorms.,73.90 m²,Modelo Tipo 2,"651,000",https://nexoinmobiliario.pe/proyecto/venta-de-departamento-2747-ciudaris-i-quarzo-jesus-maria-lima-lima-ciudaris
Entrega inmediata,54.45 a 150.35 m2 total,Departamentos,2 a 3 dormitorios,1 unidad disponible,Piso 21,3 dorms.,71.40 m²,Modelo Tipo 3,"557,000",https://nexoinmobiliario.pe/proyecto/venta-de-departamento-2747-ciudaris-i-quarzo-jesus-maria-lima-lima-ciudaris
Entrega inmediata,54.45 a 150.35 m2 total,Departamentos,2 a 3 dormitorios,2 unidades disponibles,Pisos 14 y 18,2 dorms.,57.05 m²,Modelo Tipo 4,"468,000",https://nexoinmobiliario.pe/proyecto/venta-de-departamento-2747-ciudaris-i-quarzo-jesus-maria-lima-lima-ciudaris
Entrega inmediata,54.45 a 150.35 m2 total,Departamentos,2 a 3 dormitorios,5 unidades disponibles,"Pisos 3, 6, 9, 19, 21",2 dorms.,54.45 m²,Modelo Tipo 5,"427,000",https://nexoinmobiliario.pe/proyecto/venta-de-departamento-2747-ciudaris-i-quarzo-jesus-maria-lima-lima-ciudaris
Entrega inmediata,54.45 a 150.35 m2 total,Departamentos,2 a 3 dormitorios,3 unidades disponibles,"Pisos 4, 11, 18",2 dorms.,56.50 m²,Modelo Tipo 6,"457,000",https://nexoinmobiliario.pe/proyecto/venta-de-departamento-2747-ciudaris-i-quarzo-jesus-maria-lima-lima-ciudaris
30/04/2026,51.90 a 77.85 m2 total,Departamentos,1 a 3 dormitorios,1 unidad disponible,Piso 1,1 dorms.,63.00 m²,Modelo Tipo 101,"583,000",https://nexoinmobiliario.pe/proyecto/venta-de-departamento-2764-san-felipe-1190-jesus-maria-lima-lima-v-v-grupo-inmobiliario
30/04/2026,51.90 a 77.85 m2 total,Departamentos,1 a 3 dormitorios,1 unidad disponible,Piso 1,1 dorms.,61.87 m²,Modelo Tipo 102,"571,000",https://nexoinmobiliario.pe/proyecto/venta-de-departamento-2764-san-felipe-1190-jesus-maria-lima-lima-v-v-grupo-inmobiliario
30/04/2026,51.90 a 77.85 m2 total,Departamentos,1 a 3 dormitorios,1 unidad disponible,Piso 2,1 dorms.,51.90 m²,Modelo Tipo 202,"545,000",https://nexoinmobiliario.pe/proyecto/venta-de-departamento-2764-san-felipe-1190-jesus-maria-lima-lima-v-v-grupo-inmobiliario
30/04/2026,51.90 a 77.85 m2 total,Departamentos,1 a 3 dormitorios,2 unidades disponibles,Pisos 8 y 9,2 dorms.,63.06 m²,Modelo Tipo 4,"578,000",https://nexoinmobiliario.pe/proyecto/venta-de-departamento-2764-san-felipe-1190-jesus-maria-lima-lima-v-v-grupo-inmobiliario
30/04/2026,51.90 a 77.85 m2 total,Departamentos,1 a 3 dormitorios,2 unidades disponibles,Pisos 4 y 20,2 dorms.,57.03 m²,Modelo Tipo 7,"486,000",https://nexoinmobiliario.pe/proyecto/venta-de-departamento-2764-san-felipe-1190-jesus-maria-lima-lima-v-v-grupo-inmobiliario
30/04/2026,51.90 a 77.85 m2 total,Departamentos,1 a 3 dormitorios,1 unidad disponible,Piso 25,3 dorms.,76.40 m²,Modelo Tipo 1,"654,000",https://nexoinmobiliario.pe/proyecto/venta-de-departamento-2764-san-felipe-1190-jesus-maria-lima-lima-v-v-grupo-inmobiliario
Entrega inmediata,54.54 a 89.27 m2 total,Departamentos,1 a 3 dormitorios,1 unidad disponible,Piso 9,3 dorms.,89.27 m²,Modelo 904,"826,000",https://nexoinmobiliario.pe/proyecto/venta-de-departamento-2787-condominio-portofino-casa-club-jesus-maria-lima-lima-inverplus
Entrega inmediata,54.54 a 89.27 m2 total,Departamentos,1 a 3 dormitorios,1 unidad disponible,Piso,1 dorms.,54.54 m²,Modelo S08,"435,000",https://nexoinmobiliario.pe/proyecto/venta-de-departamento-2787-condominio-portofino-casa-club-jesus-maria-lima-lima-inverplus
Entrega inmediata,54.54 a 89.27 m2 total,Departamentos,1 a 3 dormitorios,1 unidad disponible,Piso,1 dorms.,55.57 m²,Modelo S09,"430,000",https://nexoinmobiliario.pe/proyecto/venta-de-departamento-2787-condominio-portofino-casa-club-jesus-maria-lima-lima-inverplus
30/06/2025,89.72 a 93.30 m2 total,Departamentos,2 a 3 dormitorios,1 unidad disponible,Piso 1,2 dorms.,89.72 m²,Modelo Tipo 102,"707,193",https://nexoinmobiliario.pe/proyecto/venta-de-departamento-2788-residencial-brio-jesus-maria-lima-lima-barqueros-inmobiliaria
30/06/2025,89.72 a 93.30 m2 total,Departamentos,2 a 3 dormitorios,1 unidad disponible,Piso 1,3 dorms.,93.30 m²,Modelo Tipo 101,"932,377",https://nexoinmobiliario.pe/proyecto/venta-de-departamento-2788-residencial-brio-jesus-maria-lima-lima-barqueros-inmobiliaria
30/11/2025,57.12 m2 total,Departamentos,2 dormitorios,1 unidad disponible,Piso 12,2 dorms.,57.12 m²,Modelo TIPO 5,"497,580",https://nexoinmobiliario.pe/proyecto/venta-de-departamento-2841-botanika-jesus-maria-lima-lima-san-charbel-edificaciones
Entrega inmediata,56.04 a 90.80 m2 total,Departamentos,2 a 3 dormitorios,4 unidades disponibles,"Pisos 7, 8, 11, 12",2 dorms.,90.80 m²,Modelo Gold T4,"731,250",https://nexoinmobiliario.pe/proyecto/venta-de-departamento-2846-san-felipe-towers-jesus-maria-lima-lima-vive-plm
Entrega inmediata,56.04 a 90.80 m2 total,Departamentos,2 a 3 dormitorios,2 unidades disponibles,Pisos 7 y 13,2 dorms.,66.30 m²,Modelo Platinum T2,"533,500",https://nexoinmobiliario.pe/proyecto/venta-de-departamento-2846-san-felipe-towers-jesus-maria-lima-lima-vive-plm
Entrega inmediata,56.04 a 90.80 m2 total,Departamentos,2 a 3 dormitorios,7 unidades disponibles,Pisos 8 al 14,3 dorms.,79.55 m²,Modelo Platinum T6,"643,250",https://nexoinmobiliario.pe/proyecto/venta-de-departamento-2846-san-felipe-towers-jesus-maria-lima-lima-vive-plm
Entrega inmediata,56.04 a 90.80 m2 total,Departamentos,2 a 3 dormitorios,3 unidades disponibles,"Pisos 19, 20, 22",3 dorms.,89.09 m²,Modelo Platinum T7,"828,000",https://nexoinmobiliario.pe/proyecto/venta-de-departamento-2846-san-felipe-towers-jesus-maria-lima-lima-vive-plm
Entrega inmediata,56.04 a 90.80 m2 total,Departamentos,2 a 3 dormitorios,1 unidad disponible,Piso 18,2 dorms.,56.04 m²,Modelo Platinum T11,"475,500",https://nexoinmobiliario.pe/proyecto/venta-de-departamento-2846-san-felipe-towers-jesus-maria-lima-lima-vive-plm
31/03/2026,40.40 a 114.29 m2 total,Departamentos,1 a 3 dormitorios,1 unidad disponible,Piso 2,3 dorms.,114.29 m²,Modelo TIPO8 + PATIO,"730,000",https://nexoinmobiliario.pe/proyecto/venta-de-departamento-2893-campo-marte-jesus-maria-lima-lima-flat
31/03/2026,40.40 a 114.29 m2 total,Departamentos,1 a 3 dormitorios,5 unidades disponibles,"Pisos 10, 12, 13, 16, 17",2 dorms.,58.41 m²,Modelo TIPO 1,"417,000",https://nexoinmobiliario.pe/proyecto/venta-de-departamento-2893-campo-marte-jesus-maria-lima-lima-flat
31/03/2026,40.40 a 114.29 m2 total,Departamentos,1 a 3 dormitorios,3 unidades disponibles,"Pisos 14, 15, 16",2 dorms.,58.01 m²,Modelo TIPO 2,"428,000",https://nexoinmobiliario.pe/proyecto/venta-de-departamento-2893-campo-marte-jesus-maria-lima-lima-flat
31/03/2026,40.40 a 114.29 m2 total,Departamentos,1 a 3 dormitorios,5 unidades disponibles,"Pisos 10, 13, 14, 15, 16",2 dorms.,57.50 m²,Modelo TIPO 3,"415,000",https://nexoinmobiliario.pe/proyecto/venta-de-departamento-2893-campo-marte-jesus-maria-lima-lima-flat
31/03/2026,40.40 a 114.29 m2 total,Departamentos,1 a 3 dormitorios,7 unidades disponibles,Pisos 9 al 16,2 dorms.,55.99 m²,Modelo TIPO 4,"409,000",https://nexoinmobiliario.pe/proyecto/venta-de-departamento-2893-campo-marte-jesus-maria-lima-lima-flat
31/03/2026,40.40 a 114.29 m2 total,Departamentos,1 a 3 dormitorios,4 unidades disponibles,"Pisos 12, 13, 16, 17",3 dorms.,67.30 m²,Modelo TIPO 5,"515,000",https://nexoinmobiliario.pe/proyecto/venta-de-departamento-2893-campo-marte-jesus-maria-lima-lima-flat
31/07/2025,40.98 a 112.75 m2 total,Departamentos,1 a 3 dormitorios,1 unidad disponible,Piso 1,3 dorms.,112.75 m²,Modelo Tipo 3,"963,100",https://nexoinmobiliario.pe/proyecto/venta-de-departamento-2962-eighth-avenue-jesus-maria-lima-lima-beca-inmobiliaria
31/07/2025,40.98 a 112.75 m2 total,Departamentos,1 a 3 dormitorios,2 unidades disponibles,Pisos 8 y 9,3 dorms.,76.21 m²,Modelo X02,"658,000",https://nexoinmobiliario.pe/proyecto/venta-de-departamento-2962-eighth-avenue-jesus-maria-lima-lima-beca-inmobiliaria
31/07/2025,40.98 a 112.75 m2 total,Departamentos,1 a 3 dormitorios,4 unidades disponibles,"Pisos 3, 4, 5, 6",2 dorms.,66.07 m²,Modelo X03,"555,000",https://nexoinmobiliario.pe/proyecto/venta-de-departamento-2962-eighth-avenue-jesus-maria-lima-lima-beca-inmobiliaria
31/07/2025,40.98 a 112.75 m2 total,Departamentos,1 a 3 dormitorios,1 unidad disponible,Piso 2,1 dorms.,41.40 m²,Modelo X04,"361,600",https://nexoinmobiliario.pe/proyecto/venta-de-departamento-2962-eighth-avenue-jesus-maria-lima-lima-beca-inmobiliaria
31/07/2025,40.98 a 112.75 m2 total,Departamentos,1 a 3 dormitorios,1 unidad disponible,Piso 8,3 dorms.,82.00 m²,Modelo X05,"736,100",https://nexoinmobiliario.pe/proyecto/venta-de-departamento-2962-eighth-avenue-jesus-maria-lima-lima-beca-inmobiliaria
31/07/2025,40.98 a 112.75 m2 total,Departamentos,1 a 3 dormitorios,1 unidad disponible,Piso 10,2 dorms.,74.21 m²,Modelo Tipo5,"625,000",https://nexoinmobiliario.pe/proyecto/venta-de-departamento-2962-eighth-avenue-jesus-maria-lima-lima-beca-inmobiliaria
Entrega inmediata,58.70 a 83.87 m2 total,Departamentos,2 a 3 dormitorios,3 unidades disponibles,"Pisos 5, 6, 7",2 dorms.,60.25 m²,Modelo TIPO 3,"579,000",https://nexoinmobiliario.pe/proyecto/venta-de-departamento-2982-via-excluzzivo-jesus-maria-lima-lima-infinity-group
Entrega inmediata,58.70 a 83.87 m2 total,Departamentos,2 a 3 dormitorios,1 unidad disponible,Piso 6,2 dorms.,58.70 m²,Modelo TIPO 4,"559,000",https://nexoinmobiliario.pe/proyecto/venta-de-departamento-2982-via-excluzzivo-jesus-maria-lima-lima-infinity-group
Entrega inmediata,58.70 a 83.87 m2 total,Departamentos,2 a 3 dormitorios,1 unidad disponible,Piso 8,3 dorms.,83.87 m²,Modelo TIPO 2,"774,000",https://nexoinmobiliario.pe/proyecto/venta-de-departamento-2982-via-excluzzivo-jesus-maria-lima-lima-infinity-group
Entrega inmediata,46.56 a 140.94 m2 total,Departamentos,1 a 3 dormitorios,1 unidad disponible,Piso 1,1 dorms.,46.56 m²,Modelo Tipo 106,"361,296",https://nexoinmobiliario.pe/proyecto/venta-de-departamento-3002-tizon-y-bueno-jesus-maria-lima-lima-cygnus-grupo-inmobiliario
Entrega inmediata,46.56 a 140.94 m2 total,Departamentos,1 a 3 dormitorios,1 unidad disponible,Piso 2,2 dorms.,57.64 m²,Modelo Tipo 1,"486,738",https://nexoinmobiliario.pe/proyecto/venta-de-departamento-3002-tizon-y-bueno-jesus-maria-lima-lima-cygnus-grupo-inmobiliario
Entrega inmediata,46.56 a 140.94 m2 total,Departamentos,1 a 3 dormitorios,1 unidad disponible,Piso 3,3 dorms.,65.54 m²,Modelo Tipo 3,"511,940",https://nexoinmobiliario.pe/proyecto/venta-de-departamento-3002-tizon-y-bueno-jesus-maria-lima-lima-cygnus-grupo-inmobiliario
Entrega inmediata,46.56 a 140.94 m2 total,Departamentos,1 a 3 dormitorios,1 unidad disponible,Piso 2,3 dorms.,71.77 m²,Modelo Tipo 4,"560,603",https://nexoinmobiliario.pe/proyecto/venta-de-departamento-3002-tizon-y-bueno-jesus-maria-lima-lima-cygnus-grupo-inmobiliario
Entrega inmediata,46.56 a 140.94 m2 total,Departamentos,1 a 3 dormitorios,1 unidad disponible,Piso 17,2 dorms.,140.94 m²,Modelo Tipo 1704,"369,067",https://nexoinmobiliario.pe/proyecto/venta-de-departamento-3002-tizon-y-bueno-jesus-maria-lima-lima-cygnus-grupo-inmobiliario
Entrega inmediata,54 a 85.25 m2 total,Departamentos,1 a 3 dormitorios,3 unidades disponibles,"Pisos 2, 4, 10",1 dorms.,54.00 m²,Modelo Tipo 1,"525,000",https://nexoinmobiliario.pe/proyecto/venta-de-departamento-3005-ciudaris-i-amati-jesus-maria-lima-lima-ciudaris
Entrega inmediata,54 a 85.25 m2 total,Departamentos,1 a 3 dormitorios,2 unidades disponibles,Pisos 8 y 10,3 dorms.,83.55 m²,Modelo Tipo 3,"786,000",https://nexoinmobiliario.pe/proyecto/venta-de-departamento-3005-ciudaris-i-amati-jesus-maria-lima-lima-ciudaris
30/04/2026,41.16 a 79.21 m2 total,Departamentos,1 a 3 dormitorios,1 unidad disponible,Piso 2,1 dorms.,41.80 m²,Modelo A10,"380,030",https://nexoinmobiliario.pe/proyecto/venta-de-departamento-3060-san-felipe-jesus-maria-lima-lima-actual
30/04/2026,41.16 a 79.21 m2 total,Departamentos,1 a 3 dormitorios,3 unidades disponibles,"Pisos 2, 3, 14",2 dorms.,59.09 m²,Modelo A2,"547,370",https://nexoinmobiliario.pe/proyecto/venta-de-departamento-3060-san-felipe-jesus-maria-lima-lima-actual
30/04/2026,41.16 a 79.21 m2 total,Departamentos,1 a 3 dormitorios,1 unidad disponible,Piso 2,3 dorms.,74.74 m²,Modelo A3,"682,570",https://nexoinmobiliario.pe/proyecto/venta-de-departamento-3060-san-felipe-jesus-maria-lima-lima-actual
30/04/2026,41.16 a 79.21 m2 total,Departamentos,1 a 3 dormitorios,5 unidades disponibles,"Pisos 2, 4, 7, 8, 10",2 dorms.,55.87 m²,Modelo A5,"498,880",https://nexoinmobiliario.pe/proyecto/venta-de-departamento-3060-san-felipe-jesus-maria-lima-lima-actual
30/04/2026,41.16 a 79.21 m2 total,Departamentos,1 a 3 dormitorios,5 unidades disponibles,"Pisos 2, 6, 7, 9, 13",2 dorms.,59.77 m²,Modelo A6,"557,960",https://nexoinmobiliario.pe/proyecto/venta-de-departamento-3060-san-felipe-jesus-maria-lima-lima-actual
30/04/2026,41.16 a 79.21 m2 total,Departamentos,1 a 3 dormitorios,1 unidad disponible,Piso 2,3 dorms.,79.21 m²,Modelo A7,"737,500",https://nexoinmobiliario.pe/proyecto/venta-de-departamento-3060-san-felipe-jesus-maria-lima-lima-actual
31/03/2026,42.40 a 81 m2 total,Departamentos,1 a 3 dormitorios,1 unidad disponible,Piso 15,3 dorms.,74.98 m²,Modelo Tipo 1504,"633,164",https://nexoinmobiliario.pe/proyecto/venta-de-departamento-3207-edificio-urbanzen-jesus-maria-lima-lima-cygnus-grupo-inmobiliario
31/03/2026,42.40 a 81 m2 total,Departamentos,1 a 3 dormitorios,1 unidad disponible,Piso 5,3 dorms.,81.00 m²,Modelo Tipo 1,"820,800",https://nexoinmobiliario.pe/proyecto/venta-de-departamento-3207-edificio-urbanzen-jesus-maria-lima-lima-cygnus-grupo-inmobiliario
31/03/2026,42.40 a 81 m2 total,Departamentos,1 a 3 dormitorios,5 unidades disponibles,"Pisos 9, 10, 12, 13, 15",2 dorms.,70.08 m²,Modelo Tipo 2,"621,376",https://nexoinmobiliario.pe/proyecto/venta-de-departamento-3207-edificio-urbanzen-jesus-maria-lima-lima-cygnus-grupo-inmobiliario
31/03/2026,42.40 a 81 m2 total,Departamentos,1 a 3 dormitorios,5 unidades disponibles,"Pisos 2, 4, 5, 6, 8",1 dorms.,42.40 m²,Modelo Tipo 3,"380,422",https://nexoinmobiliario.pe/proyecto/venta-de-departamento-3207-edificio-urbanzen-jesus-maria-lima-lima-cygnus-grupo-inmobiliario
31/03/2026,42.40 a 81 m2 total,Departamentos,1 a 3 dormitorios,1 unidad disponible,Piso 13,3 dorms.,74.98 m²,Modelo Tipo 4,"601,506",https://nexoinmobiliario.pe/proyecto/venta-de-departamento-3207-edificio-urbanzen-jesus-maria-lima-lima-cygnus-grupo-inmobiliario
31/03/2026,42.40 a 81 m2 total,Departamentos,1 a 3 dormitorios,1 unidad disponible,Piso 14,2 dorms.,70.08 m²,Modelo Tipo 1402,"621,376",https://nexoinmobiliario.pe/proyecto/venta-de-departamento-3207-edificio-urbanzen-jesus-maria-lima-lima-cygnus-grupo-inmobiliario
31/07/2026,57.56 a 67.41 m2 total,Departamentos,2 a 3 dormitorios,3 unidades disponibles,"Pisos 12, 14, 17",2 dorms.,57.56 m²,Modelo GIR X09,"389,428",https://nexoinmobiliario.pe/proyecto/venta-de-departamento-3208-girasol-jesus-maria-lima-lima-abril-grupo-inmobiliario
31/07/2026,57.56 a 67.41 m2 total,Departamentos,2 a 3 dormitorios,4 unidades disponibles,"Pisos 5, 7, 10, 17",3 dorms.,67.41 m²,Modelo GIR X08,"449,238",https://nexoinmobiliario.pe/proyecto/venta-de-departamento-3208-girasol-jesus-maria-lima-lima-abril-grupo-inmobiliario
31/12/2025,61.40 a 151.76 m2 total,Departamentos,1 a 3 dormitorios,1 unidad disponible,Piso 1,1 dorms.,61.96 m²,Modelo Tipo 101,"495,000",https://nexoinmobiliario.pe/proyecto/venta-de-departamento-3238-la-rosa-park-jesus-maria-lima-lima-infinity-group
31/12/2025,61.40 a 151.76 m2 total,Departamentos,1 a 3 dormitorios,1 unidad disponible,Piso 1,2 dorms.,83.87 m²,Modelo Tipo 103,"709,000",https://nexoinmobiliario.pe/proyecto/venta-de-departamento-3238-la-rosa-park-jesus-maria-lima-lima-infinity-group
31/12/2025,61.40 a 151.76 m2 total,Departamentos,1 a 3 dormitorios,3 unidades disponibles,"Pisos 4, 5, 6",3 dorms.,80.71 m²,Modelo Tipo 1,"739,000",https://nexoinmobiliario.pe/proyecto/venta-de-departamento-3238-la-rosa-park-jesus-maria-lima-lima-infinity-group
31/12/2025,61.40 a 151.76 m2 total,Departamentos,1 a 3 dormitorios,3 unidades disponibles,"Pisos 4, 5, 6",2 dorms.,61.40 m²,Modelo Tipo 4,"574,000",https://nexoinmobiliario.pe/proyecto/venta-de-departamento-3238-la-rosa-park-jesus-maria-lima-lima-infinity-group
30/04/2026,51.08 a 75.15 m2 total,Departamentos,2 a 3 dormitorios,8 unidades disponibles,Pisos 5 al 25,2 dorms.,56.77 m²,Modelo CAM-301AL2501,"356,133",https://nexoinmobiliario.pe/proyecto/venta-de-departamento-3253-camelia-jesus-maria-lima-lima-abril-grupo-inmobiliario
30/04/2026,51.08 a 75.15 m2 total,Departamentos,2 a 3 dormitorios,2 unidades disponibles,Pisos 24 y 25,2 dorms.,57.01 m²,"Modelo CAM-2404,2504","368,547",https://nexoinmobiliario.pe/proyecto/venta-de-departamento-3253-camelia-jesus-maria-lima-lima-abril-grupo-inmobiliario
30/04/2026,51.08 a 75.15 m2 total,Departamentos,2 a 3 dormitorios,5 unidades disponibles,"Pisos 10, 18, 20, 22, 24",3 dorms.,73.24 m²,Modelo CAM-X07 PAR,"476,592",https://nexoinmobiliario.pe/proyecto/venta-de-departamento-3253-camelia-jesus-maria-lima-lima-abril-grupo-inmobiliario
30/04/2026,51.08 a 75.15 m2 total,Departamentos,2 a 3 dormitorios,4 unidades disponibles,"Pisos 19, 21, 23, 25",3 dorms.,75.15 m²,Modelo CAM-X07 IMPAR,"489,021",https://nexoinmobiliario.pe/proyecto/venta-de-departamento-3253-camelia-jesus-maria-lima-lima-abril-grupo-inmobiliario
30/04/2026,51.08 a 75.15 m2 total,Departamentos,2 a 3 dormitorios,2 unidades disponibles,Pisos 9 y 10,3 dorms.,70.43 m²,Modelo CAM-610AL1010,"452,296",https://nexoinmobiliario.pe/proyecto/venta-de-departamento-3253-camelia-jesus-maria-lima-lima-abril-grupo-inmobiliario
30/04/2026,51.08 a 75.15 m2 total,Departamentos,2 a 3 dormitorios,1 unidad disponible,Piso 22,2 dorms.,52.19 m²,Modelo CAM-1105AL2205,"315,700",https://nexoinmobiliario.pe/proyecto/venta-de-departamento-3253-camelia-jesus-maria-lima-lima-abril-grupo-inmobiliario
30/04/2026,62.87 a 86.10 m2 total,Departamentos,2 a 3 dormitorios,1 unidad disponible,Piso 1,2 dorms.,64.71 m²,Modelo 102,"507,400",https://nexoinmobiliario.pe/proyecto/venta-de-departamento-3282-residencial-orion-jesus-maria-lima-lima-stella-inmobiliaria
30/04/2026,62.87 a 86.10 m2 total,Departamentos,2 a 3 dormitorios,3 unidades disponibles,"Pisos 5, 6, 7",3 dorms.,82.66 m²,Modelo x01,"602,100",https://nexoinmobiliario.pe/proyecto/venta-de-departamento-3282-residencial-orion-jesus-maria-lima-lima-stella-inmobiliaria
30/04/2026,62.87 a 86.10 m2 total,Departamentos,2 a 3 dormitorios,1 unidad disponible,Piso 7,2 dorms.,62.87 m²,Modelo x02,"454,400",https://nexoinmobiliario.pe/proyecto/venta-de-departamento-3282-residencial-orion-jesus-maria-lima-lima-stella-inmobiliaria
30/04/2026,62.87 a 86.10 m2 total,Departamentos,2 a 3 dormitorios,4 unidades disponibles,"Pisos 2, 3, 4, 6",3 dorms.,82.13 m²,Modelo x03,"597,100",https://nexoinmobiliario.pe/proyecto/venta-de-departamento-3282-residencial-orion-jesus-maria-lima-lima-stella-inmobiliaria
30/04/2026,62.87 a 86.10 m2 total,Departamentos,2 a 3 dormitorios,6 unidades disponibles,Pisos 2 al 7,3 dorms.,80.62 m²,Modelo x04,"565,522",https://nexoinmobiliario.pe/proyecto/venta-de-departamento-3282-residencial-orion-jesus-maria-lima-lima-stella-inmobiliaria
30/04/2026,62.87 a 86.10 m2 total,Departamentos,2 a 3 dormitorios,5 unidades disponibles,"Pisos 2, 3, 4, 6, 7",3 dorms.,86.10 m²,Modelo x05,"604,064",https://nexoinmobiliario.pe/proyecto/venta-de-departamento-3282-residencial-orion-jesus-maria-lima-lima-stella-inmobiliaria
31/08/2026,53.21 a 79.33 m2 total,Departamentos,2 a 3 dormitorios,5 unidades disponibles,"Pisos 2, 4, 6, 17, 18",2 dorms.,59.30 m²,Modelo TIPO 1A,"451,200",https://nexoinmobiliario.pe/proyecto/venta-de-departamento-3296-albamar-paseo-paz-jesus-maria-lima-lima-albamar-grupo-inmobiliario
31/08/2026,53.21 a 79.33 m2 total,Departamentos,2 a 3 dormitorios,8 unidades disponibles,Pisos 3 al 22,2 dorms.,55.99 m²,Modelo TIPO 2B,"413,400",https://nexoinmobiliario.pe/proyecto/venta-de-departamento-3296-albamar-paseo-paz-jesus-maria-lima-lima-albamar-grupo-inmobiliario
31/08/2026,53.21 a 79.33 m2 total,Departamentos,2 a 3 dormitorios,8 unidades disponibles,Pisos 2 al 22,3 dorms.,68.72 m²,Modelo TIPO 3C,"480,000",https://nexoinmobiliario.pe/proyecto/venta-de-departamento-3296-albamar-paseo-paz-jesus-maria-lima-lima-albamar-grupo-inmobiliario
31/08/2026,53.21 a 79.33 m2 total,Departamentos,2 a 3 dormitorios,8 unidades disponibles,Pisos 4 al 21,3 dorms.,79.33 m²,Modelo TIPO 4D,"580,800",https://nexoinmobiliario.pe/proyecto/venta-de-departamento-3296-albamar-paseo-paz-jesus-maria-lima-lima-albamar-grupo-inmobiliario
31/08/2026,53.21 a 79.33 m2 total,Departamentos,2 a 3 dormitorios,7 unidades disponibles,Pisos 2 al 9,2 dorms.,53.21 m²,Modelo TIPO 5E,"394,700",https://nexoinmobiliario.pe/proyecto/venta-de-departamento-3296-albamar-paseo-paz-jesus-maria-lima-lima-albamar-grupo-inmobiliario
31/10/2026,57.26 a 69.44 m2 total,Departamentos,2 a 3 dormitorios,2 unidades disponibles,Pisos 8 y 17,3 dorms.,69.44 m²,Modelo TIPO 1,"539,000",https://nexoinmobiliario.pe/proyecto/venta-de-departamento-3312-dumont-jesus-maria-lima-lima-arteco
31/10/2026,57.26 a 69.44 m2 total,Departamentos,2 a 3 dormitorios,6 unidades disponibles,Pisos 7 al 17,2 dorms.,60.00 m²,Modelo TIPO 2,"436,000",https://nexoinmobiliario.pe/proyecto/venta-de-departamento-3312-dumont-jesus-maria-lima-lima-arteco
31/10/2026,57.26 a 69.44 m2 total,Departamentos,2 a 3 dormitorios,8 unidades disponibles,Pisos 3 al 11,2 dorms.,57.26 m²,Modelo TIPO 3,"406,000",https://nexoinmobiliario.pe/proyecto/venta-de-departamento-3312-dumont-jesus-maria-lima-lima-arteco
31/10/2026,57.26 a 69.44 m2 total,Departamentos,2 a 3 dormitorios,6 unidades disponibles,Pisos 9 al 16,3 dorms.,67.67 m²,Modelo TIPO 5,"447,000",https://nexoinmobiliario.pe/proyecto/venta-de-departamento-3312-dumont-jesus-maria-lima-lima-arteco
31/07/2026,52.35 a 138.50 m2 total,Departamentos,2 a 3 dormitorios,1 unidad disponible,Piso 2,3 dorms.,70.80 m²,Modelo Tipo 1A,"612,727",https://nexoinmobiliario.pe/proyecto/venta-de-departamento-3324-edificio-fenix-jesus-maria-lima-lima-cygnus-grupo-inmobiliario
31/07/2026,52.35 a 138.50 m2 total,Departamentos,2 a 3 dormitorios,1 unidad disponible,Piso 4,2 dorms.,57.47 m²,Modelo Tipo 2A,"470,000",https://nexoinmobiliario.pe/proyecto/venta-de-departamento-3324-edificio-fenix-jesus-maria-lima-lima-cygnus-grupo-inmobiliario
31/07/2026,52.35 a 138.50 m2 total,Departamentos,2 a 3 dormitorios,6 unidades disponibles,Pisos 6 al 16,3 dorms.,67.78 m²,Modelo Tipo 3A,"472,201",https://nexoinmobiliario.pe/proyecto/venta-de-departamento-3324-edificio-fenix-jesus-maria-lima-lima-cygnus-grupo-inmobiliario
31/07/2026,52.35 a 138.50 m2 total,Departamentos,2 a 3 dormitorios,1 unidad disponible,Piso 2,2 dorms.,52.35 m²,Modelo Tipo 4A,"431,015",https://nexoinmobiliario.pe/proyecto/venta-de-departamento-3324-edificio-fenix-jesus-maria-lima-lima-cygnus-grupo-inmobiliario
31/07/2026,52.35 a 138.50 m2 total,Departamentos,2 a 3 dormitorios,3 unidades disponibles,"Pisos 2, 4, 6",3 dorms.,67.05 m²,Modelo Tipo 5A,"486,496",https://nexoinmobiliario.pe/proyecto/venta-de-departamento-3324-edificio-fenix-jesus-maria-lima-lima-cygnus-grupo-inmobiliario
31/07/2026,52.35 a 138.50 m2 total,Departamentos,2 a 3 dormitorios,1 unidad disponible,Piso 3,2 dorms.,60.17 m²,Modelo Tipo 2B,"495,393",https://nexoinmobiliario.pe/proyecto/venta-de-departamento-3324-edificio-fenix-jesus-maria-lima-lima-cygnus-grupo-inmobiliario
31/05/2027,40 a 150.71 m2 total,Departamentos,1 a 3 dormitorios,9 unidades disponibles,Pisos 2 al 11,3 dorms.,69.99 m²,Modelo Tipo 8A,"428,494",https://nexoinmobiliario.pe/proyecto/venta-de-departamento-3325-edificio-sialia-jesus-maria-lima-lima-cygnus-grupo-inmobiliario
31/05/2027,40 a 150.71 m2 total,Departamentos,1 a 3 dormitorios,15 unidades disponibles,Pisos 3 al 17,3 dorms.,65.66 m²,Modelo Tipo 6,"388,419",https://nexoinmobiliario.pe/proyecto/venta-de-departamento-3325-edificio-sialia-jesus-maria-lima-lima-cygnus-grupo-inmobiliario
31/05/2027,40 a 150.71 m2 total,Departamentos,1 a 3 dormitorios,1 unidad disponible,Piso 12,3 dorms.,69.56 m²,Modelo Tipo 8B,"420,733",https://nexoinmobiliario.pe/proyecto/venta-de-departamento-3325-edificio-sialia-jesus-maria-lima-lima-cygnus-grupo-inmobiliario
31/05/2027,40 a 150.71 m2 total,Departamentos,1 a 3 dormitorios,1 unidad disponible,Piso 13,3 dorms.,65.79 m²,Modelo Tipo 8C,"391,034",https://nexoinmobiliario.pe/proyecto/venta-de-departamento-3325-edificio-sialia-jesus-maria-lima-lima-cygnus-grupo-inmobiliario
31/05/2027,40 a 150.71 m2 total,Departamentos,1 a 3 dormitorios,1 unidad disponible,Piso 14,1 dorms.,60.57 m²,Modelo Tipo 8D,"354,139",https://nexoinmobiliario.pe/proyecto/venta-de-departamento-3325-edificio-sialia-jesus-maria-lima-lima-cygnus-grupo-inmobiliario
31/05/2027,40 a 150.71 m2 total,Departamentos,1 a 3 dormitorios,1 unidad disponible,Piso 1,1 dorms.,48.89 m²,Modelo Tipo 101,"388,645",https://nexoinmobiliario.pe/proyecto/venta-de-departamento-3325-edificio-sialia-jesus-maria-lima-lima-cygnus-grupo-inmobiliario
31/05/2026,38.33 a 139.29 m2 total,Departamentos,1 a 3 dormitorios,1 unidad disponible,Piso 1,1 dorms.,53.69 m²,Modelo VER-103,"407,946",https://nexoinmobiliario.pe/proyecto/venta-de-departamento-3328-vernazza-jesus-maria-lima-lima-toratto-grupo-inmobiliario
31/05/2026,38.33 a 139.29 m2 total,Departamentos,1 a 3 dormitorios,1 unidad disponible,Piso 1,1 dorms.,53.77 m²,Modelo VER-104,"391,398",https://nexoinmobiliario.pe/proyecto/venta-de-departamento-3328-vernazza-jesus-maria-lima-lima-toratto-grupo-inmobiliario
31/05/2026,38.33 a 139.29 m2 total,Departamentos,1 a 3 dormitorios,6 unidades disponibles,Pisos 2 al 9,3 dorms.,86.23 m²,Modelo VER-01,"741,578",https://nexoinmobiliario.pe/proyecto/venta-de-departamento-3328-vernazza-jesus-maria-lima-lima-toratto-grupo-inmobiliario
31/05/2026,38.33 a 139.29 m2 total,Departamentos,1 a 3 dormitorios,3 unidades disponibles,"Pisos 2, 3, 9",2 dorms.,70.39 m²,Modelo VER-02,"603,548",https://nexoinmobiliario.pe/proyecto/venta-de-departamento-3328-vernazza-jesus-maria-lima-lima-toratto-grupo-inmobiliario
31/05/2026,38.33 a 139.29 m2 total,Departamentos,1 a 3 dormitorios,8 unidades disponibles,Pisos 2 al 9,2 dorms.,65.76 m²,Modelo VER-03,"553,476",https://nexoinmobiliario.pe/proyecto/venta-de-departamento-3328-vernazza-jesus-maria-lima-lima-toratto-grupo-inmobiliario
31/05/2026,38.33 a 139.29 m2 total,Departamentos,1 a 3 dormitorios,6 unidades disponibles,Pisos 2 al 8,1 dorms.,38.50 m²,Modelo VER-04,"338,800",https://nexoinmobiliario.pe/proyecto/venta-de-departamento-3328-vernazza-jesus-maria-lima-lima-toratto-grupo-inmobiliario
21/12/2025,56 a 88 m2 total,Departamentos,2 a 3 dormitorios,1 unidad disponible,Piso 9,3 dorms.,84.00 m²,Modelo TIPO 1 IMPAR,"720,500",https://nexoinmobiliario.pe/proyecto/venta-de-departamento-3336-prada-jesus-maria-lima-lima-maxx-grupo-inmobiliario
21/12/2025,56 a 88 m2 total,Departamentos,2 a 3 dormitorios,1 unidad disponible,Piso 11,3 dorms.,83.00 m²,Modelo TIPO 1 - 1101,"720,500",https://nexoinmobiliario.pe/proyecto/venta-de-departamento-3336-prada-jesus-maria-lima-lima-maxx-grupo-inmobiliario
21/12/2025,56 a 88 m2 total,Departamentos,2 a 3 dormitorios,1 unidad disponible,Piso 6,2 dorms.,56.00 m²,Modelo TIPO 2 PAR,"473,500",https://nexoinmobiliario.pe/proyecto/venta-de-departamento-3336-prada-jesus-maria-lima-lima-maxx-grupo-inmobiliario
21/12/2025,56 a 88 m2 total,Departamentos,2 a 3 dormitorios,2 unidades disponibles,Pisos 7 y 9,2 dorms.,56.00 m²,Modelo TIPO 2 PAR,"473,500",https://nexoinmobiliario.pe/proyecto/venta-de-departamento-3336-prada-jesus-maria-lima-lima-maxx-grupo-inmobiliario
21/12/2025,56 a 88 m2 total,Departamentos,2 a 3 dormitorios,1 unidad disponible,Piso 3,3 dorms.,88.00 m²,Modelo TIPO 3,"700,000",https://nexoinmobiliario.pe/proyecto/venta-de-departamento-3336-prada-jesus-maria-lima-lima-maxx-grupo-inmobiliario
21/12/2025,56 a 88 m2 total,Departamentos,2 a 3 dormitorios,1 unidad disponible,Piso 11,3 dorms.,87.00 m²,Modelo TIPO 3 - 1103,"744,700",https://nexoinmobiliario.pe/proyecto/venta-de-departamento-3336-prada-jesus-maria-lima-lima-maxx-grupo-inmobiliario
30/06/2026,37.34 a 84.65 m2 total,Departamentos,1 a 3 dormitorios,1 unidad disponible,Piso 1,1 dorms.,50.98 m²,Modelo 103A,"331,000",https://nexoinmobiliario.pe/proyecto/venta-de-departamento-3339-guisse-1060-jesus-maria-lima-lima-balance-grupo-inmobiliario
30/06/2026,37.34 a 84.65 m2 total,Departamentos,1 a 3 dormitorios,1 unidad disponible,Piso 1,2 dorms.,75.75 m²,Modelo 101B,"472,000",https://nexoinmobiliario.pe/proyecto/venta-de-departamento-3339-guisse-1060-jesus-maria-lima-lima-balance-grupo-inmobiliario
30/06/2026,37.34 a 84.65 m2 total,Departamentos,1 a 3 dormitorios,1 unidad disponible,Piso 1,1 dorms.,60.56 m²,Modelo 102B,"392,000",https://nexoinmobiliario.pe/proyecto/venta-de-departamento-3339-guisse-1060-jesus-maria-lima-lima-balance-grupo-inmobiliario
30/06/2026,37.34 a 84.65 m2 total,Departamentos,1 a 3 dormitorios,4 unidades disponibles,"Pisos 8, 9, 10, 11",3 dorms.,80.24 m²,Modelo TIPO 1,"570,000",https://nexoinmobiliario.pe/proyecto/venta-de-departamento-3339-guisse-1060-jesus-maria-lima-lima-balance-grupo-inmobiliario
30/06/2026,37.34 a 84.65 m2 total,Departamentos,1 a 3 dormitorios,1 unidad disponible,Piso 2,2 dorms.,60.63 m²,Modelo 202A,"480,000",https://nexoinmobiliario.pe/proyecto/venta-de-departamento-3339-guisse-1060-jesus-maria-lima-lima-balance-grupo-inmobiliario
30/06/2026,37.34 a 84.65 m2 total,Departamentos,1 a 3 dormitorios,5 unidades disponibles,"Pisos 7, 8, 9, 10, 11",2 dorms.,62.97 m²,Modelo TIPO 2,"480,000",https://nexoinmobiliario.pe/proyecto/venta-de-departamento-3339-guisse-1060-jesus-maria-lima-lima-balance-grupo-inmobiliario
02/08/2027,40.21 a 75.62 m2 total,Departamentos,1 a 3 dormitorios,12 unidades disponibles,Pisos 6 al 20,3 dorms.,73.11 m²,Modelo MAX-201AL2001,"458,890",https://nexoinmobiliario.pe/proyecto/venta-de-departamento-3347-maximo-abril-jesus-maria-lima-lima-abril-grupo-inmobiliario
02/08/2027,40.21 a 75.62 m2 total,Departamentos,1 a 3 dormitorios,11 unidades disponibles,Pisos 8 al 20,3 dorms.,75.62 m²,Modelo MAX-202AL2002,"499,626",https://nexoinmobiliario.pe/proyecto/venta-de-departamento-3347-maximo-abril-jesus-maria-lima-lima-abril-grupo-inmobiliario
02/08/2027,40.21 a 75.62 m2 total,Departamentos,1 a 3 dormitorios,9 unidades disponibles,Pisos 3 al 20,2 dorms.,56.38 m²,Modelo MAX-203-304AL2004,"360,865",https://nexoinmobiliario.pe/proyecto/venta-de-departamento-3347-maximo-abril-jesus-maria-lima-lima-abril-grupo-inmobiliario
02/08/2027,40.21 a 75.62 m2 total,Departamentos,1 a 3 dormitorios,5 unidades disponibles,"Pisos 6, 16, 18, 19, 20",1 dorms.,40.21 m²,Modelo MAX-204-305AL2005,"255,707",https://nexoinmobiliario.pe/proyecto/venta-de-departamento-3347-maximo-abril-jesus-maria-lima-lima-abril-grupo-inmobiliario
02/08/2027,40.21 a 75.62 m2 total,Departamentos,1 a 3 dormitorios,9 unidades disponibles,Pisos 3 al 20,2 dorms.,58.00 m²,Modelo MAX-205-306AL2006,"371,234",https://nexoinmobiliario.pe/proyecto/venta-de-departamento-3347-maximo-abril-jesus-maria-lima-lima-abril-grupo-inmobiliario
02/08/2027,40.21 a 75.62 m2 total,Departamentos,1 a 3 dormitorios,19 unidades disponibles,Pisos 2 al 20,3 dorms.,67.06 m²,Modelo MAX-206-307AL2007,"409,839",https://nexoinmobiliario.pe/proyecto/venta-de-departamento-3347-maximo-abril-jesus-maria-lima-lima-abril-grupo-inmobiliario
31/12/2026,40 a 131.71 m2 total,Departamentos,1 a 3 dormitorios,11 unidades disponibles,Pisos 2 al 15,3 dorms.,70.46 m²,Modelo 2,"539,700",https://nexoinmobiliario.pe/proyecto/venta-de-departamento-3362-edificio-blend-jesus-maria-lima-lima-lugano
31/12/2026,40 a 131.71 m2 total,Departamentos,1 a 3 dormitorios,12 unidades disponibles,Pisos 3 al 14,3 dorms.,71.51 m²,Modelo 3,"509,300",https://nexoinmobiliario.pe/proyecto/venta-de-departamento-3362-edificio-blend-jesus-maria-lima-lima-lugano
31/12/2026,40 a 131.71 m2 total,Departamentos,1 a 3 dormitorios,16 unidades disponibles,Pisos 2 al 17,3 dorms.,65.64 m²,Modelo 4,"461,600",https://nexoinmobiliario.pe/proyecto/venta-de-departamento-3362-edificio-blend-jesus-maria-lima-lima-lugano
31/12/2026,40 a 131.71 m2 total,Departamentos,1 a 3 dormitorios,5 unidades disponibles,"Pisos 2, 8, 9, 10, 12",2 dorms.,54.90 m²,Modelo 5,"429,000",https://nexoinmobiliario.pe/proyecto/venta-de-departamento-3362-edificio-blend-jesus-maria-lima-lima-lugano
31/12/2026,40 a 131.71 m2 total,Departamentos,1 a 3 dormitorios,11 unidades disponibles,Pisos 2 al 14,2 dorms.,66.59 m²,Modelo 6,"477,700",https://nexoinmobiliario.pe/proyecto/venta-de-departamento-3362-edificio-blend-jesus-maria-lima-lima-lugano
31/12/2026,40 a 131.71 m2 total,Departamentos,1 a 3 dormitorios,14 unidades disponibles,Pisos 2 al 16,3 dorms.,68.72 m²,Modelo 7,"480,900",https://nexoinmobiliario.pe/proyecto/venta-de-departamento-3362-edificio-blend-jesus-maria-lima-lima-lugano
31/01/2026,61 a 139.13 m2 total,Departamentos,2 a 4 dormitorios,1 unidad disponible,Piso 1,2 dorms.,68.80 m²,Modelo 101,"539,000",https://nexoinmobiliario.pe/proyecto/venta-de-departamento-3371-nuova-vita-jesus-maria-lima-lima-grupo-sol
31/01/2026,61 a 139.13 m2 total,Departamentos,2 a 4 dormitorios,1 unidad disponible,Piso 1,3 dorms.,129.05 m²,Modelo 103,"904,000",https://nexoinmobiliario.pe/proyecto/venta-de-departamento-3371-nuova-vita-jesus-maria-lima-lima-grupo-sol
31/01/2026,61 a 139.13 m2 total,Departamentos,2 a 4 dormitorios,1 unidad disponible,Piso 1,3 dorms.,134.95 m²,Modelo 104,"934,000",https://nexoinmobiliario.pe/proyecto/venta-de-departamento-3371-nuova-vita-jesus-maria-lima-lima-grupo-sol
31/01/2026,61 a 139.13 m2 total,Departamentos,2 a 4 dormitorios,1 unidad disponible,Piso 2,3 dorms.,76.13 m²,Modelo X01,"607,000",https://nexoinmobiliario.pe/proyecto/venta-de-departamento-3371-nuova-vita-jesus-maria-lima-lima-grupo-sol
31/01/2026,61 a 139.13 m2 total,Departamentos,2 a 4 dormitorios,1 unidad disponible,Piso 2,2 dorms.,61.00 m²,Modelo X02,"542,000",https://nexoinmobiliario.pe/proyecto/venta-de-departamento-3371-nuova-vita-jesus-maria-lima-lima-grupo-sol
31/01/2026,61 a 139.13 m2 total,Departamentos,2 a 4 dormitorios,1 unidad disponible,Piso 2,3 dorms.,76.84 m²,Modelo X03,"607,000",https://nexoinmobiliario.pe/proyecto/venta-de-departamento-3371-nuova-vita-jesus-maria-lima-lima-grupo-sol
31/05/2026,43 a 75 m2 total,Departamentos,1 a 3 dormitorios,2 unidades disponibles,Pisos 4 y 8,2 dorms.,67.00 m²,Modelo 1E,"565,000",https://nexoinmobiliario.pe/proyecto/venta-de-departamento-3376-naxos-jesus-maria-lima-lima-ifi-inmobiliaria
31/05/2026,43 a 75 m2 total,Departamentos,1 a 3 dormitorios,1 unidad disponible,Piso 1,1 dorms.,56.00 m²,Modelo 2D,"395,000",https://nexoinmobiliario.pe/proyecto/venta-de-departamento-3376-naxos-jesus-maria-lima-lima-ifi-inmobiliaria
31/05/2026,43 a 75 m2 total,Departamentos,1 a 3 dormitorios,2 unidades disponibles,Pisos 2 y 10,3 dorms.,67.00 m²,Modelo 1,"565,000",https://nexoinmobiliario.pe/proyecto/venta-de-departamento-3376-naxos-jesus-maria-lima-lima-ifi-inmobiliaria
31/05/2026,43 a 75 m2 total,Departamentos,1 a 3 dormitorios,3 unidades disponibles,"Pisos 4, 6, 8",1 dorms.,43.00 m²,Modelo 2,"377,000",https://nexoinmobiliario.pe/proyecto/venta-de-departamento-3376-naxos-jesus-maria-lima-lima-ifi-inmobiliaria
31/05/2026,43 a 75 m2 total,Departamentos,1 a 3 dormitorios,4 unidades disponibles,"Pisos 4, 6, 8, 10",3 dorms.,75.00 m²,Modelo 3,"633,000",https://nexoinmobiliario.pe/proyecto/venta-de-departamento-3376-naxos-jesus-maria-lima-lima-ifi-inmobiliaria
31/05/2026,43 a 75 m2 total,Departamentos,1 a 3 dormitorios,1 unidad disponible,Piso 11,3 dorms.,74.00 m²,Modelo 4A,"605,000",https://nexoinmobiliario.pe/proyecto/venta-de-departamento-3376-naxos-jesus-maria-lima-lima-ifi-inmobiliaria
31/01/2026,53.45 a 70.20 m2 total,Departamentos,2 a 3 dormitorios,2 unidades disponibles,Pisos 9 y 11,3 dorms.,69.80 m²,Modelo Tipo 5,"610,000",https://nexoinmobiliario.pe/proyecto/venta-de-departamento-3379-ciudaris-i-monet-jesus-maria-lima-lima-ciudaris
31/01/2026,53.45 a 70.20 m2 total,Departamentos,2 a 3 dormitorios,2 unidades disponibles,Pisos 3 y 10,2 dorms.,56.75 m²,Modelo Tipo 6,"454,000",https://nexoinmobiliario.pe/proyecto/venta-de-departamento-3379-ciudaris-i-monet-jesus-maria-lima-lima-ciudaris
31/01/2026,53.45 a 70.20 m2 total,Departamentos,2 a 3 dormitorios,3 unidades disponibles,"Pisos 1, 4, 6",2 dorms.,53.45 m²,Modelo Tipo 7,"431,000",https://nexoinmobiliario.pe/proyecto/venta-de-departamento-3379-ciudaris-i-monet-jesus-maria-lima-lima-ciudaris
31/01/2026,53.45 a 70.20 m2 total,Departamentos,2 a 3 dormitorios,2 unidades disponibles,Pisos 4 y 7,2 dorms.,56.65 m²,Modelo Tipo 8,"475,000",https://nexoinmobiliario.pe/proyecto/venta-de-departamento-3379-ciudaris-i-monet-jesus-maria-lima-lima-ciudaris
30/06/2026,42.96 a 83.66 m2 total,Departamentos,1 a 3 dormitorios,6 unidades disponibles,Pisos 4 al 11,2 dorms.,58.41 m²,Modelo 1,"416,468",https://nexoinmobiliario.pe/proyecto/venta-de-departamento-3386-zenna-jesus-maria-lima-lima-lugano
30/06/2026,42.96 a 83.66 m2 total,Departamentos,1 a 3 dormitorios,2 unidades disponibles,Pisos 9 y 10,3 dorms.,83.66 m²,Modelo 2,"724,000",https://nexoinmobiliario.pe/proyecto/venta-de-departamento-3386-zenna-jesus-maria-lima-lima-lugano
30/06/2026,42.96 a 83.66 m2 total,Departamentos,1 a 3 dormitorios,4 unidades disponibles,"Pisos 5, 7, 9, 10",3 dorms.,79.78 m²,Modelo 3,"618,273",https://nexoinmobiliario.pe/proyecto/venta-de-departamento-3386-zenna-jesus-maria-lima-lima-lugano
30/06/2026,42.96 a 83.66 m2 total,Departamentos,1 a 3 dormitorios,6 unidades disponibles,Pisos 3 al 11,1 dorms.,42.96 m²,Modelo 5,"311,359",https://nexoinmobiliario.pe/proyecto/venta-de-departamento-3386-zenna-jesus-maria-lima-lima-lugano
30/06/2026,42.96 a 83.66 m2 total,Departamentos,1 a 3 dormitorios,7 unidades disponibles,Pisos 2 al 11,3 dorms.,62.37 m²,Modelo 6,"422,581",https://nexoinmobiliario.pe/proyecto/venta-de-departamento-3386-zenna-jesus-maria-lima-lima-lugano
30/06/2026,42.96 a 83.66 m2 total,Departamentos,1 a 3 dormitorios,3 unidades disponibles,"Pisos 6, 9, 10",2 dorms.,68.30 m²,Modelo 4,"554,216",https://nexoinmobiliario.pe/proyecto/venta-de-departamento-3386-zenna-jesus-maria-lima-lima-lugano
31/12/2027,40.36 a 155.64 m2 total,Departamentos,1 a 3 dormitorios,1 unidad disponible,Piso 1,2 dorms.,70.14 m²,Modelo Tipo 101,"570,385",https://nexoinmobiliario.pe/proyecto/venta-de-departamento-3397-zircon-jesus-maria-lima-lima-marte
31/12/2027,40.36 a 155.64 m2 total,Departamentos,1 a 3 dormitorios,1 unidad disponible,Piso 1,2 dorms.,62.21 m²,Modelo Tipo 102,"510,476",https://nexoinmobiliario.pe/proyecto/venta-de-departamento-3397-zircon-jesus-maria-lima-lima-marte
31/12/2027,40.36 a 155.64 m2 total,Departamentos,1 a 3 dormitorios,21 unidades disponibles,Pisos 1 al 22,2 dorms.,55.28 m²,Modelo Tipo 8,"364,721",https://nexoinmobiliario.pe/proyecto/venta-de-departamento-3397-zircon-jesus-maria-lima-lima-marte
31/12/2027,40.36 a 155.64 m2 total,Departamentos,1 a 3 dormitorios,15 unidades disponibles,Pisos 1 al 17,2 dorms.,61.04 m²,Modelo Tipo 9,"418,278",https://nexoinmobiliario.pe/proyecto/venta-de-departamento-3397-zircon-jesus-maria-lima-lima-marte
31/12/2027,40.36 a 155.64 m2 total,Departamentos,1 a 3 dormitorios,1 unidad disponible,Piso 1,2 dorms.,70.85 m²,Modelo Tipo 105,"543,007",https://nexoinmobiliario.pe/proyecto/venta-de-departamento-3397-zircon-jesus-maria-lima-lima-marte
31/12/2027,40.36 a 155.64 m2 total,Departamentos,1 a 3 dormitorios,12 unidades disponibles,Pisos 2 al 20,3 dorms.,75.64 m²,Modelo Tipo 2,"663,013",https://nexoinmobiliario.pe/proyecto/venta-de-departamento-3397-zircon-jesus-maria-lima-lima-marte
30/09/2026,39.97 a 82.60 m2 total,Departamentos,1 a 3 dormitorios,1 unidad disponible,Piso 1,2 dorms.,65.65 m²,Modelo Tipo 101,"523,552",https://nexoinmobiliario.pe/proyecto/venta-de-departamento-3398-alicanto-jesus-maria-lima-lima-cygnus-grupo-inmobiliario
30/09/2026,39.97 a 82.60 m2 total,Departamentos,1 a 3 dormitorios,1 unidad disponible,Piso 1,3 dorms.,82.60 m²,Modelo Tipo 102,"694,989",https://nexoinmobiliario.pe/proyecto/venta-de-departamento-3398-alicanto-jesus-maria-lima-lima-cygnus-grupo-inmobiliario
30/09/2026,39.97 a 82.60 m2 total,Departamentos,1 a 3 dormitorios,1 unidad disponible,Piso 2,3 dorms.,70.58 m²,Modelo Tipo 202,"554,359",https://nexoinmobiliario.pe/proyecto/venta-de-departamento-3398-alicanto-jesus-maria-lima-lima-cygnus-grupo-inmobiliario
30/09/2026,39.97 a 82.60 m2 total,Departamentos,1 a 3 dormitorios,11 unidades disponibles,Pisos 2 al 15,1 dorms.,39.97 m²,Modelo Tipo 3,"280,392",https://nexoinmobiliario.pe/proyecto/venta-de-departamento-3398-alicanto-jesus-maria-lima-lima-cygnus-grupo-inmobiliario
30/09/2026,39.97 a 82.60 m2 total,Departamentos,1 a 3 dormitorios,2 unidades disponibles,Pisos 2 y 15,2 dorms.,52.60 m²,Modelo Tipo 4,"368,031",https://nexoinmobiliario.pe/proyecto/venta-de-departamento-3398-alicanto-jesus-maria-lima-lima-cygnus-grupo-inmobiliario
30/09/2026,39.97 a 82.60 m2 total,Departamentos,1 a 3 dormitorios,5 unidades disponibles,"Pisos 2, 3, 4, 6, 8",2 dorms.,53.96 m²,Modelo Tipo 5,"393,199",https://nexoinmobiliario.pe/proyecto/venta-de-departamento-3398-alicanto-jesus-maria-lima-lima-cygnus-grupo-inmobiliario
30/06/2026,54.37 a 67.90 m2 total,Departamentos,2 a 3 dormitorios,4 unidades disponibles,"Pisos 7, 8, 9, 10",3 dorms.,67.90 m²,Modelo TD-X15,"469,300",https://nexoinmobiliario.pe/proyecto/venta-de-departamento-3414-neo-lloque-jesus-maria-lima-lima-fortem-gestora-inmobiliaria
30/06/2026,54.37 a 67.90 m2 total,Departamentos,2 a 3 dormitorios,3 unidades disponibles,"Pisos 5, 8, 9",3 dorms.,67.57 m²,Modelo TD-X16,"467,875",https://nexoinmobiliario.pe/proyecto/venta-de-departamento-3414-neo-lloque-jesus-maria-lima-lima-fortem-gestora-inmobiliaria
30/06/2026,54.37 a 67.90 m2 total,Departamentos,2 a 3 dormitorios,7 unidades disponibles,Pisos 2 al 10,3 dorms.,64.96 m²,Modelo TD-X09,"431,775",https://nexoinmobiliario.pe/proyecto/venta-de-departamento-3414-neo-lloque-jesus-maria-lima-lima-fortem-gestora-inmobiliaria
30/06/2026,54.37 a 67.90 m2 total,Departamentos,2 a 3 dormitorios,10 unidades disponibles,Pisos 2 al 11,2 dorms.,55.89 m²,Modelo TD-X10,"382,230",https://nexoinmobiliario.pe/proyecto/venta-de-departamento-3414-neo-lloque-jesus-maria-lima-lima-fortem-gestora-inmobiliaria
30/06/2026,54.37 a 67.90 m2 total,Departamentos,2 a 3 dormitorios,1 unidad disponible,Piso 1,2 dorms.,56.42 m²,Modelo TD-X02,"404,700",https://nexoinmobiliario.pe/proyecto/venta-de-departamento-3414-neo-lloque-jesus-maria-lima-lima-fortem-gestora-inmobiliaria
30/06/2026,54.37 a 67.90 m2 total,Departamentos,2 a 3 dormitorios,9 unidades disponibles,Pisos 3 al 11,2 dorms.,54.37 m²,Modelo TD-X11,"377,410",https://nexoinmobiliario.pe/proyecto/venta-de-departamento-3414-neo-lloque-jesus-maria-lima-lima-fortem-gestora-inmobiliaria
31/10/2026,46.92 a 66.87 m2 total,Departamentos,1 a 2 dormitorios,7 unidades disponibles,Pisos 3 al 11,1 dorms.,46.92 m²,Modelo CNL-X01,"361,415",https://nexoinmobiliario.pe/proyecto/venta-de-departamento-3472-cannelle-jesus-maria-lima-lima-abril-grupo-inmobiliario
31/10/2026,46.92 a 66.87 m2 total,Departamentos,1 a 2 dormitorios,5 unidades disponibles,"Pisos 3, 7, 8, 9, 10",2 dorms.,58.99 m²,Modelo CNL-X06,"429,307",https://nexoinmobiliario.pe/proyecto/venta-de-departamento-3472-cannelle-jesus-maria-lima-lima-abril-grupo-inmobiliario
31/10/2026,46.92 a 66.87 m2 total,Departamentos,1 a 2 dormitorios,6 unidades disponibles,Pisos 3 al 10,2 dorms.,57.18 m²,Modelo CNL-X07,"434,121",https://nexoinmobiliario.pe/proyecto/venta-de-departamento-3472-cannelle-jesus-maria-lima-lima-abril-grupo-inmobiliario
31/10/2026,46.92 a 66.87 m2 total,Departamentos,1 a 2 dormitorios,8 unidades disponibles,Pisos 3 al 10,2 dorms.,66.28 m²,Modelo CNL-X08,"482,465",https://nexoinmobiliario.pe/proyecto/venta-de-departamento-3472-cannelle-jesus-maria-lima-lima-abril-grupo-inmobiliario
31/07/2026,35.34 a 113.15 m2 total,Departamentos,1 a 3 dormitorios,7 unidades disponibles,Pisos 3 al 11,2 dorms.,54.81 m²,Modelo TIPO1,"398,000",https://nexoinmobiliario.pe/proyecto/venta-de-departamento-3500-talara702-jesus-maria-lima-lima-vittoria-inmobiliaria
31/07/2026,35.34 a 113.15 m2 total,Departamentos,1 a 3 dormitorios,5 unidades disponibles,"Pisos 3, 4, 7, 9, 11",3 dorms.,71.70 m²,Modelo TIPO2,"498,000",https://nexoinmobiliario.pe/proyecto/venta-de-departamento-3500-talara702-jesus-maria-lima-lima-vittoria-inmobiliaria
31/07/2026,35.34 a 113.15 m2 total,Departamentos,1 a 3 dormitorios,2 unidades disponibles,Pisos 4 y 5,1 dorms.,38.25 m²,Modelo TIPO3,"289,000",https://nexoinmobiliario.pe/proyecto/venta-de-departamento-3500-talara702-jesus-maria-lima-lima-vittoria-inmobiliaria
31/07/2026,35.34 a 113.15 m2 total,Departamentos,1 a 3 dormitorios,2 unidades disponibles,Pisos 8 y 9,1 dorms.,35.34 m²,Modelo TIPO4,"299,000",https://nexoinmobiliario.pe/proyecto/venta-de-departamento-3500-talara702-jesus-maria-lima-lima-vittoria-inmobiliaria
31/07/2026,35.34 a 113.15 m2 total,Departamentos,1 a 3 dormitorios,5 unidades disponibles,"Pisos 2, 3, 4, 6, 7",3 dorms.,73.30 m²,Modelo TIPO5,"566,000",https://nexoinmobiliario.pe/proyecto/venta-de-departamento-3500-talara702-jesus-maria-lima-lima-vittoria-inmobiliaria
31/07/2026,35.34 a 113.15 m2 total,Departamentos,1 a 3 dormitorios,4 unidades disponibles,"Pisos 2, 3, 6, 7",2 dorms.,54.20 m²,Modelo TIPO6,"399,000",https://nexoinmobiliario.pe/proyecto/venta-de-departamento-3500-talara702-jesus-maria-lima-lima-vittoria-inmobiliaria
30/05/2027,37.47 a 93.21 m2 total,Departamentos,1 a 3 dormitorios,2 unidades disponibles,Pisos 3 y 8,1 dorms.,37.47 m²,Modelo 2,"355,000",https://nexoinmobiliario.pe/proyecto/venta-de-departamento-3503-luna-jesus-maria-lima-lima-lugano
30/05/2027,37.47 a 93.21 m2 total,Departamentos,1 a 3 dormitorios,5 unidades disponibles,"Pisos 4, 6, 7, 9, 10",3 dorms.,79.21 m²,Modelo 3,"672,500",https://nexoinmobiliario.pe/proyecto/venta-de-departamento-3503-luna-jesus-maria-lima-lima-lugano
30/05/2027,37.47 a 93.21 m2 total,Departamentos,1 a 3 dormitorios,2 unidades disponibles,Pisos 5 y 6,3 dorms.,89.46 m²,Modelo 4,"803,000",https://nexoinmobiliario.pe/proyecto/venta-de-departamento-3503-luna-jesus-maria-lima-lima-lugano
30/05/2027,37.47 a 93.21 m2 total,Departamentos,1 a 3 dormitorios,4 unidades disponibles,"Pisos 3, 5, 6, 9",3 dorms.,87.21 m²,Modelo 5,"784,000",https://nexoinmobiliario.pe/proyecto/venta-de-departamento-3503-luna-jesus-maria-lima-lima-lugano
30/05/2027,37.47 a 93.21 m2 total,Departamentos,1 a 3 dormitorios,3 unidades disponibles,"Pisos 6, 7, 10",3 dorms.,93.21 m²,Modelo 6,"799,000",https://nexoinmobiliario.pe/proyecto/venta-de-departamento-3503-luna-jesus-maria-lima-lima-lugano
30/05/2027,37.47 a 93.21 m2 total,Departamentos,1 a 3 dormitorios,8 unidades disponibles,Pisos 2 al 9,2 dorms.,61.74 m²,Modelo 7,"524,500",https://nexoinmobiliario.pe/proyecto/venta-de-departamento-3503-luna-jesus-maria-lima-lima-lugano
31/08/2027,36.94 a 149.52 m2 total,Departamentos,1 a 3 dormitorios,7 unidades disponibles,Pisos 11 al 18,2 dorms.,59.68 m²,Modelo 1,"468,987",https://nexoinmobiliario.pe/proyecto/venta-de-departamento-3517-medina-jesus-maria-lima-lima-paz
31/08/2027,36.94 a 149.52 m2 total,Departamentos,1 a 3 dormitorios,8 unidades disponibles,Pisos 9 al 18,2 dorms.,55.69 m²,Modelo 2,"477,037",https://nexoinmobiliario.pe/proyecto/venta-de-departamento-3517-medina-jesus-maria-lima-lima-paz
31/08/2027,36.94 a 149.52 m2 total,Departamentos,1 a 3 dormitorios,11 unidades disponibles,Pisos 7 al 17,2 dorms.,57.83 m²,Modelo 6,"466,102",https://nexoinmobiliario.pe/proyecto/venta-de-departamento-3517-medina-jesus-maria-lima-lima-paz
31/08/2027,36.94 a 149.52 m2 total,Departamentos,1 a 3 dormitorios,3 unidades disponibles,"Pisos 11, 13, 17",1 dorms.,41.39 m²,Modelo 7,"364,895",https://nexoinmobiliario.pe/proyecto/venta-de-departamento-3517-medina-jesus-maria-lima-lima-paz
31/08/2027,36.94 a 149.52 m2 total,Departamentos,1 a 3 dormitorios,4 unidades disponibles,"Pisos 13, 15, 16, 17",1 dorms.,36.94 m²,Modelo 4,"336,092",https://nexoinmobiliario.pe/proyecto/venta-de-departamento-3517-medina-jesus-maria-lima-lima-paz
31/08/2027,36.94 a 149.52 m2 total,Departamentos,1 a 3 dormitorios,4 unidades disponibles,"Pisos 14, 15, 16, 17",2 dorms.,57.78 m²,Modelo 8,"461,937",https://nexoinmobiliario.pe/proyecto/venta-de-departamento-3517-medina-jesus-maria-lima-lima-paz
31/12/2026,75.32 a 182.59 m2 total,Departamentos,3 dormitorios,2 unidades disponibles,Pisos 2 y 4,3 dorms.,89.18 m²,Modelo X01,"827,287",https://nexoinmobiliario.pe/proyecto/venta-de-departamento-3554-huascar-21-jesus-maria-lima-lima-ditrenzzo
31/12/2026,75.32 a 182.59 m2 total,Departamentos,3 dormitorios,2 unidades disponibles,Pisos 2 y 5,3 dorms.,90.44 m²,Modelo X02,"813,830",https://nexoinmobiliario.pe/proyecto/venta-de-departamento-3554-huascar-21-jesus-maria-lima-lima-ditrenzzo
31/12/2026,75.32 a 182.59 m2 total,Departamentos,3 dormitorios,5 unidades disponibles,"Pisos 3, 4, 5, 6, 7",3 dorms.,75.32 m²,Modelo X03,"604,255",https://nexoinmobiliario.pe/proyecto/venta-de-departamento-3554-huascar-21-jesus-maria-lima-lima-ditrenzzo
31/12/2026,75.32 a 182.59 m2 total,Departamentos,3 dormitorios,1 unidad disponible,Piso 4,3 dorms.,75.52 m²,Modelo X05,"635,532",https://nexoinmobiliario.pe/proyecto/venta-de-departamento-3554-huascar-21-jesus-maria-lima-lima-ditrenzzo
31/12/2026,75.32 a 182.59 m2 total,Departamentos,3 dormitorios,1 unidad disponible,Piso 3,3 dorms.,76.71 m²,Modelo Y05,"631,676",https://nexoinmobiliario.pe/proyecto/venta-de-departamento-3554-huascar-21-jesus-maria-lima-lima-ditrenzzo
30/07/2027,37 a 72 m2 total,Departamentos,1 a 3 dormitorios,10 unidades disponibles,Pisos 2 al 17,3 dorms.,70.00 m²,Modelo TIPO 1,"518,500",https://nexoinmobiliario.pe/proyecto/venta-de-departamento-3589-beyond-jesus-maria-lima-lima-maxx-grupo-inmobiliario
30/07/2027,37 a 72 m2 total,Departamentos,1 a 3 dormitorios,9 unidades disponibles,Pisos 5 al 17,2 dorms.,57.00 m²,Modelo TIPO 2,"430,000",https://nexoinmobiliario.pe/proyecto/venta-de-departamento-3589-beyond-jesus-maria-lima-lima-maxx-grupo-inmobiliario
30/07/2027,37 a 72 m2 total,Departamentos,1 a 3 dormitorios,11 unidades disponibles,Pisos 4 al 16,3 dorms.,68.00 m²,Modelo TIPO 3,"504,700",https://nexoinmobiliario.pe/proyecto/venta-de-departamento-3589-beyond-jesus-maria-lima-lima-maxx-grupo-inmobiliario
30/07/2027,37 a 72 m2 total,Departamentos,1 a 3 dormitorios,10 unidades disponibles,Pisos 3 al 17,3 dorms.,67.00 m²,Modelo TIPO 4,"498,000",https://nexoinmobiliario.pe/proyecto/venta-de-departamento-3589-beyond-jesus-maria-lima-lima-maxx-grupo-inmobiliario
30/07/2027,37 a 72 m2 total,Departamentos,1 a 3 dormitorios,11 unidades disponibles,Pisos 7 al 17,3 dorms.,72.00 m²,Modelo TIPO 5,"532,100",https://nexoinmobiliario.pe/proyecto/venta-de-departamento-3589-beyond-jesus-maria-lima-lima-maxx-grupo-inmobiliario
30/07/2027,37 a 72 m2 total,Departamentos,1 a 3 dormitorios,14 unidades disponibles,Pisos 2 al 17,1 dorms.,37.00 m²,Modelo TIPO 6,"292,000",https://nexoinmobiliario.pe/proyecto/venta-de-departamento-3589-beyond-jesus-maria-lima-lima-maxx-grupo-inmobiliario
31/05/2027,38.85 a 73.50 m2 total,Departamentos,1 a 3 dormitorios,14 unidades disponibles,Pisos 7 al 22,3 dorms.,73.50 m²,Modelo T1,"492,292",https://nexoinmobiliario.pe/proyecto/venta-de-departamento-3596-salaverry-jesus-maria-lima-lima-sembra-inmobiliaria
31/05/2027,38.85 a 73.50 m2 total,Departamentos,1 a 3 dormitorios,13 unidades disponibles,Pisos 5 al 22,3 dorms.,71.17 m²,Modelo T2,"465,612",https://nexoinmobiliario.pe/proyecto/venta-de-departamento-3596-salaverry-jesus-maria-lima-lima-sembra-inmobiliaria
31/05/2027,38.85 a 73.50 m2 total,Departamentos,1 a 3 dormitorios,11 unidades disponibles,Pisos 3 al 22,2 dorms.,55.49 m²,Modelo T3,"365,790",https://nexoinmobiliario.pe/proyecto/venta-de-departamento-3596-salaverry-jesus-maria-lima-lima-sembra-inmobiliaria
31/05/2027,38.85 a 73.50 m2 total,Departamentos,1 a 3 dormitorios,14 unidades disponibles,Pisos 2 al 22,1 dorms.,38.85 m²,Modelo T4,"272,340",https://nexoinmobiliario.pe/proyecto/venta-de-departamento-3596-salaverry-jesus-maria-lima-lima-sembra-inmobiliaria
30/09/2026,53.10 a 137.95 m2 total,Departamentos,2 a 3 dormitorios,2 unidades disponibles,Pisos 1 y 7,3 dorms.,78.50 m²,Modelo Tipo 1,"696,000",https://nexoinmobiliario.pe/proyecto/venta-de-departamento-3600-ciudaris-olive-park-jesus-maria-lima-lima-ciudaris
30/09/2026,53.10 a 137.95 m2 total,Departamentos,2 a 3 dormitorios,3 unidades disponibles,"Pisos 4, 7, 9",2 dorms.,56.35 m²,Modelo Tipo 10,"459,000",https://nexoinmobiliario.pe/proyecto/venta-de-departamento-3600-ciudaris-olive-park-jesus-maria-lima-lima-ciudaris
30/09/2026,53.10 a 137.95 m2 total,Departamentos,2 a 3 dormitorios,1 unidad disponible,Piso 10,2 dorms.,75.40 m²,Modelo Tipo 2,"711,000",https://nexoinmobiliario.pe/proyecto/venta-de-departamento-3600-ciudaris-olive-park-jesus-maria-lima-lima-ciudaris
30/09/2026,53.10 a 137.95 m2 total,Departamentos,2 a 3 dormitorios,1 unidad disponible,Piso 6,3 dorms.,74.45 m²,Modelo Tipo 3,"708,000",https://nexoinmobiliario.pe/proyecto/venta-de-departamento-3600-ciudaris-olive-park-jesus-maria-lima-lima-ciudaris
30/09/2026,53.10 a 137.95 m2 total,Departamentos,2 a 3 dormitorios,1 unidad disponible,Piso 7,3 dorms.,78.50 m²,Modelo Tipo 4,"693,000",https://nexoinmobiliario.pe/proyecto/venta-de-departamento-3600-ciudaris-olive-park-jesus-maria-lima-lima-ciudaris
30/09/2026,53.10 a 137.95 m2 total,Departamentos,2 a 3 dormitorios,3 unidades disponibles,"Pisos 6, 8, 10",2 dorms.,56.45 m²,Modelo Tipo 5,"456,000",https://nexoinmobiliario.pe/proyecto/venta-de-departamento-3600-ciudaris-olive-park-jesus-maria-lima-lima-ciudaris
30/05/2027,35.39 a 134.83 m2 total,Departamentos,1 a 3 dormitorios,1 unidad disponible,Piso 1,2 dorms.,76.39 m²,Modelo TIPO102A,"615,000",https://nexoinmobiliario.pe/proyecto/venta-de-departamento-3686-el-olivar-jesus-maria-lima-lima-lugano
30/05/2027,35.39 a 134.83 m2 total,Departamentos,1 a 3 dormitorios,4 unidades disponibles,"Pisos 4, 6, 11, 12",3 dorms.,74.60 m²,Modelo TIPO 1A,"697,500",https://nexoinmobiliario.pe/proyecto/venta-de-departamento-3686-el-olivar-jesus-maria-lima-lima-lugano
30/05/2027,35.39 a 134.83 m2 total,Departamentos,1 a 3 dormitorios,1 unidad disponible,Piso 2,2 dorms.,59.86 m²,Modelo TIPO 202A,"545,500",https://nexoinmobiliario.pe/proyecto/venta-de-departamento-3686-el-olivar-jesus-maria-lima-lima-lugano
30/05/2027,35.39 a 134.83 m2 total,Departamentos,1 a 3 dormitorios,1 unidad disponible,Piso 2,3 dorms.,75.14 m²,Modelo TIPO 203A,"708,500",https://nexoinmobiliario.pe/proyecto/venta-de-departamento-3686-el-olivar-jesus-maria-lima-lima-lugano
30/05/2027,35.39 a 134.83 m2 total,Departamentos,1 a 3 dormitorios,1 unidad disponible,Piso 2,3 dorms.,69.22 m²,Modelo TIPO 204A,"634,500",https://nexoinmobiliario.pe/proyecto/venta-de-departamento-3686-el-olivar-jesus-maria-lima-lima-lugano
30/05/2027,35.39 a 134.83 m2 total,Departamentos,1 a 3 dormitorios,8 unidades disponibles,Pisos 3 al 12,2 dorms.,58.85 m²,Modelo TIPO 2A,"537,000",https://nexoinmobiliario.pe/proyecto/venta-de-departamento-3686-el-olivar-jesus-maria-lima-lima-lugano
31/03/2027,31.15 a 153.33 m2 total,Departamentos,1 a 3 dormitorios,1 unidad disponible,Piso 1,2 dorms.,73.23 m²,Modelo A102,"594,121",https://nexoinmobiliario.pe/proyecto/venta-de-departamento-3690-capadocia-jesus-maria-lima-lima-cygnus-grupo-inmobiliario
31/03/2027,31.15 a 153.33 m2 total,Departamentos,1 a 3 dormitorios,1 unidad disponible,Piso 1,3 dorms.,73.96 m²,Modelo B101,"662,689",https://nexoinmobiliario.pe/proyecto/venta-de-departamento-3690-capadocia-jesus-maria-lima-lima-cygnus-grupo-inmobiliario
31/03/2027,31.15 a 153.33 m2 total,Departamentos,1 a 3 dormitorios,1 unidad disponible,Piso 1,3 dorms.,85.54 m²,Modelo B104,"645,049",https://nexoinmobiliario.pe/proyecto/venta-de-departamento-3690-capadocia-jesus-maria-lima-lima-cygnus-grupo-inmobiliario
31/03/2027,31.15 a 153.33 m2 total,Departamentos,1 a 3 dormitorios,10 unidades disponibles,Pisos 2 al 12,3 dorms.,68.81 m²,Modelo AX01,"594,120",https://nexoinmobiliario.pe/proyecto/venta-de-departamento-3690-capadocia-jesus-maria-lima-lima-cygnus-grupo-inmobiliario
31/03/2027,31.15 a 153.33 m2 total,Departamentos,1 a 3 dormitorios,9 unidades disponibles,Pisos 2 al 13,1 dorms.,40.13 m²,Modelo AX02,"339,315",https://nexoinmobiliario.pe/proyecto/venta-de-departamento-3690-capadocia-jesus-maria-lima-lima-cygnus-grupo-inmobiliario
31/03/2027,31.15 a 153.33 m2 total,Departamentos,1 a 3 dormitorios,12 unidades disponibles,Pisos 1 al 13,1 dorms.,40.68 m²,Modelo AX03,"375,745",https://nexoinmobiliario.pe/proyecto/venta-de-departamento-3690-capadocia-jesus-maria-lima-lima-cygnus-grupo-inmobiliario
30/11/2027,35.54 a 89.76 m2 total,Departamentos,1 a 3 dormitorios,21 unidades disponibles,Pisos 2 al 23,2 dorms.,55.29 m²,"Modelo SFP-A-203, 309-1709, 1808-2308","383,745",https://nexoinmobiliario.pe/proyecto/venta-de-departamento-3697-gran-manzano-jesus-maria-lima-lima-abril-grupo-inmobiliario
30/11/2027,35.54 a 89.76 m2 total,Departamentos,1 a 3 dormitorios,18 unidades disponibles,Pisos 2 al 23,1 dorms.,38.48 m²,"Modelo SFP-A-204, 310-1710, 1809-2309","289,524",https://nexoinmobiliario.pe/proyecto/venta-de-departamento-3697-gran-manzano-jesus-maria-lima-lima-abril-grupo-inmobiliario
30/11/2027,35.54 a 89.76 m2 total,Departamentos,1 a 3 dormitorios,21 unidades disponibles,Pisos 2 al 23,2 dorms.,55.71 m²,"Modelo SFP-A-205, 311-1711, 1810-2310","374,332",https://nexoinmobiliario.pe/proyecto/venta-de-departamento-3697-gran-manzano-jesus-maria-lima-lima-abril-grupo-inmobiliario
30/11/2027,35.54 a 89.76 m2 total,Departamentos,1 a 3 dormitorios,9 unidades disponibles,Pisos 6 al 17,1 dorms.,35.54 m²,Modelo SFP-A-302 AL 1702,"270,263",https://nexoinmobiliario.pe/proyecto/venta-de-departamento-3697-gran-manzano-jesus-maria-lima-lima-abril-grupo-inmobiliario
30/11/2027,35.54 a 89.76 m2 total,Departamentos,1 a 3 dormitorios,11 unidades disponibles,Pisos 6 al 16,3 dorms.,69.55 m²,Modelo SFP-A-303 AL 1703,"489,714",https://nexoinmobiliario.pe/proyecto/venta-de-departamento-3697-gran-manzano-jesus-maria-lima-lima-abril-grupo-inmobiliario
30/11/2027,35.54 a 89.76 m2 total,Departamentos,1 a 3 dormitorios,17 unidades disponibles,Pisos 3 al 23,3 dorms.,69.97 m²,"Modelo SFP-A-304-1704, 1803-2303","492,671",https://nexoinmobiliario.pe/proyecto/venta-de-departamento-3697-gran-manzano-jesus-maria-lima-lima-abril-grupo-inmobiliario
31/08/2027,31.30 a 137.44 m2 total,Departamentos,1 a 3 dormitorios,1 unidad disponible,Piso 1,3 dorms.,99.80 m²,Modelo 101-A,"696,000",https://nexoinmobiliario.pe/proyecto/venta-de-departamento-3730-nicaragua-153-jesus-maria-lima-lima-granadero-inmobiliaria
31/08/2027,31.30 a 137.44 m2 total,Departamentos,1 a 3 dormitorios,1 unidad disponible,Piso 1,2 dorms.,110.85 m²,Modelo 103-A,"620,667",https://nexoinmobiliario.pe/proyecto/venta-de-departamento-3730-nicaragua-153-jesus-maria-lima-lima-granadero-inmobiliaria
31/08/2027,31.30 a 137.44 m2 total,Departamentos,1 a 3 dormitorios,1 unidad disponible,Piso 1,3 dorms.,129.45 m²,Modelo 101-B,"800,000",https://nexoinmobiliario.pe/proyecto/venta-de-departamento-3730-nicaragua-153-jesus-maria-lima-lima-granadero-inmobiliaria
31/08/2027,31.30 a 137.44 m2 total,Departamentos,1 a 3 dormitorios,4 unidades disponibles,"Pisos 8, 9, 10, 11",3 dorms.,68.04 m²,Modelo X01-A,"540,374",https://nexoinmobiliario.pe/proyecto/venta-de-departamento-3730-nicaragua-153-jesus-maria-lima-lima-granadero-inmobiliaria
31/08/2027,31.30 a 137.44 m2 total,Departamentos,1 a 3 dormitorios,1 unidad disponible,Piso 7,2 dorms.,45.45 m²,Modelo X02-A,"361,439",https://nexoinmobiliario.pe/proyecto/venta-de-departamento-3730-nicaragua-153-jesus-maria-lima-lima-granadero-inmobiliaria
31/08/2027,31.30 a 137.44 m2 total,Departamentos,1 a 3 dormitorios,8 unidades disponibles,Pisos 2 al 10,2 dorms.,45.45 m²,Modelo X03-A,"358,589",https://nexoinmobiliario.pe/proyecto/venta-de-departamento-3730-nicaragua-153-jesus-maria-lima-lima-granadero-inmobiliaria
31/08/2027,36.41 a 125.02 m2 total,Departamentos,1 a 3 dormitorios,1 unidad disponible,Piso 1,1 dorms.,54.22 m²,Modelo 102,"424,783",https://nexoinmobiliario.pe/proyecto/venta-de-departamento-3736-modena-jesus-maria-lima-lima-cygnus-grupo-inmobiliario
31/08/2027,36.41 a 125.02 m2 total,Departamentos,1 a 3 dormitorios,1 unidad disponible,Piso 23,3 dorms.,87.76 m²,Modelo 2307,"705,683",https://nexoinmobiliario.pe/proyecto/venta-de-departamento-3736-modena-jesus-maria-lima-lima-cygnus-grupo-inmobiliario
31/08/2027,36.41 a 125.02 m2 total,Departamentos,1 a 3 dormitorios,1 unidad disponible,Piso 23,3 dorms.,125.02 m²,Modelo 2308,"957,246",https://nexoinmobiliario.pe/proyecto/venta-de-departamento-3736-modena-jesus-maria-lima-lima-cygnus-grupo-inmobiliario
31/08/2027,36.41 a 125.02 m2 total,Departamentos,1 a 3 dormitorios,1 unidad disponible,Piso 23,3 dorms.,100.25 m²,Modelo 2309,"807,328",https://nexoinmobiliario.pe/proyecto/venta-de-departamento-3736-modena-jesus-maria-lima-lima-cygnus-grupo-inmobiliario
31/08/2027,36.41 a 125.02 m2 total,Departamentos,1 a 3 dormitorios,14 unidades disponibles,Pisos 4 al 23,1 dorms.,40.02 m²,Modelo X01,"308,327",https://nexoinmobiliario.pe/proyecto/venta-de-departamento-3736-modena-jesus-maria-lima-lima-cygnus-grupo-inmobiliario
31/08/2027,36.41 a 125.02 m2 total,Departamentos,1 a 3 dormitorios,16 unidades disponibles,Pisos 2 al 23,2 dorms.,63.90 m²,Modelo X02,"485,129",https://nexoinmobiliario.pe/proyecto/venta-de-departamento-3736-modena-jesus-maria-lima-lima-cygnus-grupo-inmobiliario
31/03/2027,43.75 a 72.36 m2 total,Departamentos,1 a 3 dormitorios,5 unidades disponibles,"Pisos 2, 5, 6, 8, 9",3 dorms.,69.87 m²,Modelo 1,"500,538",https://nexoinmobiliario.pe/proyecto/venta-de-departamento-3749-alegra-jesus-maria-lima-lima-barqueros-inmobiliaria
31/03/2027,43.75 a 72.36 m2 total,Departamentos,1 a 3 dormitorios,4 unidades disponibles,"Pisos 6, 7, 8, 9",1 dorms.,48.54 m²,Modelo 4,"386,033",https://nexoinmobiliario.pe/proyecto/venta-de-departamento-3749-alegra-jesus-maria-lima-lima-barqueros-inmobiliaria
31/03/2027,43.75 a 72.36 m2 total,Departamentos,1 a 3 dormitorios,5 unidades disponibles,"Pisos 2, 6, 7, 8, 9",1 dorms.,43.75 m²,Modelo 5,"307,283",https://nexoinmobiliario.pe/proyecto/venta-de-departamento-3749-alegra-jesus-maria-lima-lima-barqueros-inmobiliaria
31/05/2027,26.64 a 70.81 m2 total,Departamentos,1 a 3 dormitorios,6 unidades disponibles,Pisos 4 al 12,2 dorms.,50.96 m²,Modelo 2A,"350,800",https://nexoinmobiliario.pe/proyecto/venta-de-departamento-3769-astre-jesus-maria-lima-lima-vienna-grupo-inmobiliario
31/05/2027,26.64 a 70.81 m2 total,Departamentos,1 a 3 dormitorios,3 unidades disponibles,"Pisos 3, 5, 11",3 dorms.,70.81 m²,Modelo 3A,"491,800",https://nexoinmobiliario.pe/proyecto/venta-de-departamento-3769-astre-jesus-maria-lima-lima-vienna-grupo-inmobiliario
31/05/2027,26.64 a 70.81 m2 total,Departamentos,1 a 3 dormitorios,6 unidades disponibles,Pisos 4 al 12,1 dorms.,26.64 m²,Modelo 5A,"203,500",https://nexoinmobiliario.pe/proyecto/venta-de-departamento-3769-astre-jesus-maria-lima-lima-vienna-grupo-inmobiliario
31/05/2027,26.64 a 70.81 m2 total,Departamentos,1 a 3 dormitorios,3 unidades disponibles,"Pisos 8, 15, 16",1 dorms.,31.53 m²,Modelo 1B,"290,988",https://nexoinmobiliario.pe/proyecto/venta-de-departamento-3769-astre-jesus-maria-lima-lima-vienna-grupo-inmobiliario
31/05/2027,26.64 a 70.81 m2 total,Departamentos,1 a 3 dormitorios,2 unidades disponibles,Pisos 15 y 16,1 dorms.,34.84 m²,Modelo 3B,"254,436",https://nexoinmobiliario.pe/proyecto/venta-de-departamento-3769-astre-jesus-maria-lima-lima-vienna-grupo-inmobiliario
31/05/2027,26.64 a 70.81 m2 total,Departamentos,1 a 3 dormitorios,3 unidades disponibles,"Pisos 13, 14, 15",2 dorms.,53.73 m²,Modelo 4B,"375,000",https://nexoinmobiliario.pe/proyecto/venta-de-departamento-3769-astre-jesus-maria-lima-lima-vienna-grupo-inmobiliario
30/12/2027,31.84 a 74.51 m2 total,Departamentos,1 a 3 dormitorios,14 unidades disponibles,Pisos 4 al 17,2 dorms.,48.98 m²,Modelo BUG-A-201 AL 1701,"327,140",https://nexoinmobiliario.pe/proyecto/venta-de-departamento-3784-bugambilias-jesus-maria-lima-lima-abril-grupo-inmobiliario
30/12/2027,31.84 a 74.51 m2 total,Departamentos,1 a 3 dormitorios,1 unidad disponible,Piso 2,1 dorms.,37.28 m²,Modelo BUG-A-204,"266,995",https://nexoinmobiliario.pe/proyecto/venta-de-departamento-3784-bugambilias-jesus-maria-lima-lima-abril-grupo-inmobiliario
30/12/2027,31.84 a 74.51 m2 total,Departamentos,1 a 3 dormitorios,1 unidad disponible,Piso 3,2 dorms.,55.58 m²,"Modelo BUG-A-206, 307","376,813",https://nexoinmobiliario.pe/proyecto/venta-de-departamento-3784-bugambilias-jesus-maria-lima-lima-abril-grupo-inmobiliario
30/12/2027,31.84 a 74.51 m2 total,Departamentos,1 a 3 dormitorios,1 unidad disponible,Piso 2,1 dorms.,31.90 m²,Modelo BUG-A-207,"218,196",https://nexoinmobiliario.pe/proyecto/venta-de-departamento-3784-bugambilias-jesus-maria-lima-lima-abril-grupo-inmobiliario
30/12/2027,31.84 a 74.51 m2 total,Departamentos,1 a 3 dormitorios,22 unidades disponibles,Pisos 5 al 29,2 dorms.,55.58 m²,Modelo BUG-A-302 AL 2902,"373,458",https://nexoinmobiliario.pe/proyecto/venta-de-departamento-3784-bugambilias-jesus-maria-lima-lima-abril-grupo-inmobiliario
30/12/2027,31.84 a 74.51 m2 total,Departamentos,1 a 3 dormitorios,17 unidades disponibles,Pisos 13 al 29,3 dorms.,74.51 m²,Modelo BUG-A-304 AL 2904,"527,636",https://nexoinmobiliario.pe/proyecto/venta-de-departamento-3784-bugambilias-jesus-maria-lima-lima-abril-grupo-inmobiliario
31/10/2027,27.23 a 143.36 m2 total,Departamentos,1 a 4 dormitorios,1 unidad disponible,Piso 1,1 dorms.,43.60 m²,Modelo T1,"358,752",https://nexoinmobiliario.pe/proyecto/venta-de-departamento-3790-bellagio-jesus-maria-lima-lima-beca-inmobiliaria
31/10/2027,27.23 a 143.36 m2 total,Departamentos,1 a 4 dormitorios,1 unidad disponible,Piso 2,3 dorms.,83.80 m²,Modelo X01A,"719,039",https://nexoinmobiliario.pe/proyecto/venta-de-departamento-3790-bellagio-jesus-maria-lima-lima-beca-inmobiliaria
31/10/2027,27.23 a 143.36 m2 total,Departamentos,1 a 4 dormitorios,1 unidad disponible,Piso 2,3 dorms.,101.85 m²,Modelo X03A,"805,135",https://nexoinmobiliario.pe/proyecto/venta-de-departamento-3790-bellagio-jesus-maria-lima-lima-beca-inmobiliaria
31/10/2027,27.23 a 143.36 m2 total,Departamentos,1 a 4 dormitorios,4 unidades disponibles,"Pisos 4, 6, 8, 10",1 dorms.,27.23 m²,Modelo X04A,"284,185",https://nexoinmobiliario.pe/proyecto/venta-de-departamento-3790-bellagio-jesus-maria-lima-lima-beca-inmobiliaria
31/10/2027,27.23 a 143.36 m2 total,Departamentos,1 a 4 dormitorios,3 unidades disponibles,"Pisos 2, 4, 10",1 dorms.,27.23 m²,Modelo X05A,"246,539",https://nexoinmobiliario.pe/proyecto/venta-de-departamento-3790-bellagio-jesus-maria-lima-lima-beca-inmobiliaria
31/10/2027,27.23 a 143.36 m2 total,Departamentos,1 a 4 dormitorios,3 unidades disponibles,"Pisos 3, 4, 6",3 dorms.,90.30 m²,Modelo X03B,"768,999",https://nexoinmobiliario.pe/proyecto/venta-de-departamento-3790-bellagio-jesus-maria-lima-lima-beca-inmobiliaria
31/05/2027,38.32 a 100.59 m2 total,Departamentos,1 a 2 dormitorios,1 unidad disponible,Piso 1,1 dorms.,45.47 m²,Modelo Tipo1,"360,745",https://nexoinmobiliario.pe/proyecto/venta-de-departamento-3797-huiracocha-jesus-maria-jesus-maria-lima-lima-grupo-mg
31/05/2027,38.32 a 100.59 m2 total,Departamentos,1 a 2 dormitorios,10 unidades disponibles,Pisos 2 al 11,1 dorms.,39.70 m²,Modelo Tipo1,"318,690",https://nexoinmobiliario.pe/proyecto/venta-de-departamento-3797-huiracocha-jesus-maria-jesus-maria-lima-lima-grupo-mg
31/05/2027,38.32 a 100.59 m2 total,Departamentos,1 a 2 dormitorios,1 unidad disponible,Piso 12,2 dorms.,78.54 m²,Modelo Tipo1,"538,084",https://nexoinmobiliario.pe/proyecto/venta-de-departamento-3797-huiracocha-jesus-maria-jesus-maria-lima-lima-grupo-mg
31/05/2027,38.32 a 100.59 m2 total,Departamentos,1 a 2 dormitorios,1 unidad disponible,Piso 13,1 dorms.,59.70 m²,Modelo Tipo1,"383,650",https://nexoinmobiliario.pe/proyecto/venta-de-departamento-3797-huiracocha-jesus-maria-jesus-maria-lima-lima-grupo-mg
31/05/2027,38.32 a 100.59 m2 total,Departamentos,1 a 2 dormitorios,1 unidad disponible,Piso 16,2 dorms.,64.75 m²,Modelo Tipo1,"485,675",https://nexoinmobiliario.pe/proyecto/venta-de-departamento-3797-huiracocha-jesus-maria-jesus-maria-lima-lima-grupo-mg
31/05/2027,38.32 a 100.59 m2 total,Departamentos,1 a 2 dormitorios,1 unidad disponible,Piso 1,1 dorms.,52.00 m²,Modelo Tipo2,"408,200",https://nexoinmobiliario.pe/proyecto/venta-de-departamento-3797-huiracocha-jesus-maria-jesus-maria-lima-lima-grupo-mg
30/11/2026,44.66 a 136.09 m2 total,Departamentos,1 a 3 dormitorios,1 unidad disponible,Piso 1,3 dorms.,96.99 m²,Modelo 101,"758,000",https://nexoinmobiliario.pe/proyecto/venta-de-departamento-3802-vive-olivar-jesus-maria-lima-lima-grupo-sol
30/11/2026,44.66 a 136.09 m2 total,Departamentos,1 a 3 dormitorios,1 unidad disponible,Piso 1,2 dorms.,93.51 m²,Modelo 102,"696,000",https://nexoinmobiliario.pe/proyecto/venta-de-departamento-3802-vive-olivar-jesus-maria-lima-lima-grupo-sol
30/11/2026,44.66 a 136.09 m2 total,Departamentos,1 a 3 dormitorios,1 unidad disponible,Piso 1,3 dorms.,122.26 m²,Modelo 103,"921,000",https://nexoinmobiliario.pe/proyecto/venta-de-departamento-3802-vive-olivar-jesus-maria-lima-lima-grupo-sol
30/11/2026,44.66 a 136.09 m2 total,Departamentos,1 a 3 dormitorios,2 unidades disponibles,Pisos 4 y 6,3 dorms.,66.15 m²,Modelo X01,"523,000",https://nexoinmobiliario.pe/proyecto/venta-de-departamento-3802-vive-olivar-jesus-maria-lima-lima-grupo-sol
30/11/2026,44.66 a 136.09 m2 total,Departamentos,1 a 3 dormitorios,2 unidades disponibles,Pisos 2 y 4,3 dorms.,68.81 m²,Modelo X03-B,"559,000",https://nexoinmobiliario.pe/proyecto/venta-de-departamento-3802-vive-olivar-jesus-maria-lima-lima-grupo-sol
30/11/2026,44.66 a 136.09 m2 total,Departamentos,1 a 3 dormitorios,4 unidades disponibles,"Pisos 3, 4, 5, 6",2 dorms.,50.50 m²,Modelo X04,"413,000",https://nexoinmobiliario.pe/proyecto/venta-de-departamento-3802-vive-olivar-jesus-maria-lima-lima-grupo-sol
31/12/2027,36.31 a 141.04 m2 total,Departamentos,1 a 3 dormitorios,1 unidad disponible,Piso 1,2 dorms.,65.20 m²,Modelo A-101,"597,858",https://nexoinmobiliario.pe/proyecto/venta-de-departamento-3859-matera-jesus-maria-lima-lima-cygnus-grupo-inmobiliario
31/12/2027,36.31 a 141.04 m2 total,Departamentos,1 a 3 dormitorios,1 unidad disponible,Piso 1,2 dorms.,65.93 m²,Modelo A-103,"567,222",https://nexoinmobiliario.pe/proyecto/venta-de-departamento-3859-matera-jesus-maria-lima-lima-cygnus-grupo-inmobiliario
31/12/2027,36.31 a 141.04 m2 total,Departamentos,1 a 3 dormitorios,1 unidad disponible,Piso 1,1 dorms.,48.84 m²,Modelo A-104,"414,316",https://nexoinmobiliario.pe/proyecto/venta-de-departamento-3859-matera-jesus-maria-lima-lima-cygnus-grupo-inmobiliario
31/12/2027,36.31 a 141.04 m2 total,Departamentos,1 a 3 dormitorios,1 unidad disponible,Piso 1,1 dorms.,47.41 m²,Modelo A-105,"399,412",https://nexoinmobiliario.pe/proyecto/venta-de-departamento-3859-matera-jesus-maria-lima-lima-cygnus-grupo-inmobiliario
31/12/2027,36.31 a 141.04 m2 total,Departamentos,1 a 3 dormitorios,1 unidad disponible,Piso 1,2 dorms.,62.23 m²,Modelo A-106,"526,406",https://nexoinmobiliario.pe/proyecto/venta-de-departamento-3859-matera-jesus-maria-lima-lima-cygnus-grupo-inmobiliario
31/12/2027,36.31 a 141.04 m2 total,Departamentos,1 a 3 dormitorios,8 unidades disponibles,Pisos 3 al 10,2 dorms.,54.57 m²,Modelo AX01,"513,807",https://nexoinmobiliario.pe/proyecto/venta-de-departamento-3859-matera-jesus-maria-lima-lima-cygnus-grupo-inmobiliario
31/05/2027,40 a 113.32 m2 total,Departamentos,1 a 3 dormitorios,1 unidad disponible,Piso 2,3 dorms.,72.69 m²,Modelo 1b,"522,830",https://nexoinmobiliario.pe/proyecto/venta-de-departamento-3899-allure-jesus-maria-jesus-maria-lima-lima-grupo-mg
31/05/2027,40 a 113.32 m2 total,Departamentos,1 a 3 dormitorios,14 unidades disponibles,Pisos 3 al 17,2 dorms.,55.35 m²,Modelo 1,"378,310",https://nexoinmobiliario.pe/proyecto/venta-de-departamento-3899-allure-jesus-maria-jesus-maria-lima-lima-grupo-mg
31/05/2027,40 a 113.32 m2 total,Departamentos,1 a 3 dormitorios,1 unidad disponible,Piso 2,1 dorms.,41.00 m²,Modelo 2b,"291,800",https://nexoinmobiliario.pe/proyecto/venta-de-departamento-3899-allure-jesus-maria-jesus-maria-lima-lima-grupo-mg
31/05/2027,40 a 113.32 m2 total,Departamentos,1 a 3 dormitorios,13 unidades disponibles,Pisos 3 al 17,2 dorms.,55.62 m²,Modelo 2,"380,092",https://nexoinmobiliario.pe/proyecto/venta-de-departamento-3899-allure-jesus-maria-jesus-maria-lima-lima-grupo-mg
31/05/2027,40 a 113.32 m2 total,Departamentos,1 a 3 dormitorios,1 unidad disponible,Piso 2,2 dorms.,57.03 m²,Modelo 3b,"400,804",https://nexoinmobiliario.pe/proyecto/venta-de-departamento-3899-allure-jesus-maria-jesus-maria-lima-lima-grupo-mg
31/05/2027,40 a 113.32 m2 total,Departamentos,1 a 3 dormitorios,15 unidades disponibles,Pisos 3 al 17,1 dorms.,41.00 m²,Modelo 3,"267,200",https://nexoinmobiliario.pe/proyecto/venta-de-departamento-3899-allure-jesus-maria-jesus-maria-lima-lima-grupo-mg
31/12/2028,34.58 a 68.65 m2 total,Departamentos,1 a 3 dormitorios,27 unidades disponibles,Pisos 2 al 28,2 dorms.,57.04 m²,Modelo AX01,"327,550",https://nexoinmobiliario.pe/proyecto/venta-de-departamento-3900-torre-napoles-jesus-maria-lima-lima-cygnus-grupo-inmobiliario
31/12/2028,34.58 a 68.65 m2 total,Departamentos,1 a 3 dormitorios,24 unidades disponibles,Pisos 2 al 28,2 dorms.,55.48 m²,Modelo AX02,"320,497",https://nexoinmobiliario.pe/proyecto/venta-de-departamento-3900-torre-napoles-jesus-maria-lima-lima-cygnus-grupo-inmobiliario
31/12/2028,34.58 a 68.65 m2 total,Departamentos,1 a 3 dormitorios,25 unidades disponibles,Pisos 2 al 28,1 dorms.,40.12 m²,Modelo AX03,"240,033",https://nexoinmobiliario.pe/proyecto/venta-de-departamento-3900-torre-napoles-jesus-maria-lima-lima-cygnus-grupo-inmobiliario
31/12/2028,34.58 a 68.65 m2 total,Departamentos,1 a 3 dormitorios,1 unidad disponible,Piso 2,1 dorms.,34.58 m²,Modelo A-204,"233,328",https://nexoinmobiliario.pe/proyecto/venta-de-departamento-3900-torre-napoles-jesus-maria-lima-lima-cygnus-grupo-inmobiliario
31/12/2028,34.58 a 68.65 m2 total,Departamentos,1 a 3 dormitorios,23 unidades disponibles,Pisos 2 al 28,3 dorms.,65.81 m²,Modelo AX05,"367,732",https://nexoinmobiliario.pe/proyecto/venta-de-departamento-3900-torre-napoles-jesus-maria-lima-lima-cygnus-grupo-inmobiliario
31/12/2028,34.58 a 68.65 m2 total,Departamentos,1 a 3 dormitorios,24 unidades disponibles,Pisos 2 al 28,3 dorms.,68.65 m²,Modelo AX06,"379,044",https://nexoinmobiliario.pe/proyecto/venta-de-departamento-3900-torre-napoles-jesus-maria-lima-lima-cygnus-grupo-inmobiliario
30/09/2027,41.46 a 93.60 m2 total,Departamentos,1 a 3 dormitorios,3 unidades disponibles,Piso 3,3 dorms.,89.49 m²,Modelo X01,"789,247",https://nexoinmobiliario.pe/proyecto/venta-de-departamento-3902-inca-ripac-jesus-maria-lima-lima-ditrenzzo
30/09/2027,41.46 a 93.60 m2 total,Departamentos,1 a 3 dormitorios,3 unidades disponibles,Piso 1,1 dorms.,43.63 m²,Modelo X02,"387,097",https://nexoinmobiliario.pe/proyecto/venta-de-departamento-3902-inca-ripac-jesus-maria-lima-lima-ditrenzzo
30/09/2027,41.46 a 93.60 m2 total,Departamentos,1 a 3 dormitorios,2 unidades disponibles,Piso 1,1 dorms.,41.46 m²,Modelo X04,"368,817",https://nexoinmobiliario.pe/proyecto/venta-de-departamento-3902-inca-ripac-jesus-maria-lima-lima-ditrenzzo
30/09/2027,41.46 a 93.60 m2 total,Departamentos,1 a 3 dormitorios,3 unidades disponibles,Piso 3,3 dorms.,93.60 m²,Modelo X05,"838,710",https://nexoinmobiliario.pe/proyecto/venta-de-departamento-3902-inca-ripac-jesus-maria-lima-lima-ditrenzzo
30/09/2027,41.46 a 93.60 m2 total,Departamentos,1 a 3 dormitorios,4 unidades disponibles,Piso 2,2 dorms.,60.54 m²,Modelo X06,"478,495",https://nexoinmobiliario.pe/proyecto/venta-de-departamento-3902-inca-ripac-jesus-maria-lima-lima-ditrenzzo
30/09/2027,41.46 a 93.60 m2 total,Departamentos,1 a 3 dormitorios,4 unidades disponibles,Piso 1,1 dorms.,46.42 m²,Modelo X07,"375,269",https://nexoinmobiliario.pe/proyecto/venta-de-departamento-3902-inca-ripac-jesus-maria-lima-lima-ditrenzzo
31/10/2027,58.16 a 85.26 m2 total,Departamentos,2 a 3 dormitorios,11 unidades disponibles,Pisos 3 al 13,3 dorms.,70.86 m²,Modelo OLIVO-X07,"542,957",https://nexoinmobiliario.pe/proyecto/venta-de-departamento-3927-olivo-jesus-maria-lima-lima-abril-grupo-inmobiliario
31/10/2027,58.16 a 85.26 m2 total,Departamentos,2 a 3 dormitorios,11 unidades disponibles,Pisos 3 al 13,3 dorms.,83.51 m²,Modelo OLIVO-X01,"698,410",https://nexoinmobiliario.pe/proyecto/venta-de-departamento-3927-olivo-jesus-maria-lima-lima-abril-grupo-inmobiliario
31/10/2027,58.16 a 85.26 m2 total,Departamentos,2 a 3 dormitorios,11 unidades disponibles,Pisos 3 al 13,2 dorms.,60.94 m²,Modelo OLIVO-X03,"516,188",https://nexoinmobiliario.pe/proyecto/venta-de-departamento-3927-olivo-jesus-maria-lima-lima-abril-grupo-inmobiliario
31/10/2027,58.16 a 85.26 m2 total,Departamentos,2 a 3 dormitorios,11 unidades disponibles,Pisos 3 al 13,2 dorms.,58.16 m²,Modelo OLIVO-X05,"473,197",https://nexoinmobiliario.pe/proyecto/venta-de-departamento-3927-olivo-jesus-maria-lima-lima-abril-grupo-inmobiliario
30/11/2028,36.47 a 71.73 m2 total,Departamentos,1 a 3 dormitorios,21 unidades disponibles,Pisos 2 al 22,1 dorms.,40.01 m²,Modelo EUC-TA-206AL2206,"239,820",https://nexoinmobiliario.pe/proyecto/venta-de-departamento-3942-eucalipto-jesus-maria-lima-lima-abril-grupo-inmobiliario
30/11/2028,36.47 a 71.73 m2 total,Departamentos,1 a 3 dormitorios,22 unidades disponibles,Pisos 2 al 23,1 dorms.,39.76 m²,Modelo EUC-TA-201AL2301,"238,321",https://nexoinmobiliario.pe/proyecto/venta-de-departamento-3942-eucalipto-jesus-maria-lima-lima-abril-grupo-inmobiliario
30/11/2028,36.47 a 71.73 m2 total,Departamentos,1 a 3 dormitorios,7 unidades disponibles,Pisos 23 al 29,1 dorms.,40.21 m²,"Modelo EUC-TA-2306,2406,2505AL2905","247,320",https://nexoinmobiliario.pe/proyecto/venta-de-departamento-3942-eucalipto-jesus-maria-lima-lima-abril-grupo-inmobiliario
30/11/2028,36.47 a 71.73 m2 total,Departamentos,1 a 3 dormitorios,6 unidades disponibles,Pisos 24 al 29,1 dorms.,39.76 m²,Modelo EUC-TA-2401AL2901,"244,552",https://nexoinmobiliario.pe/proyecto/venta-de-departamento-3942-eucalipto-jesus-maria-lima-lima-abril-grupo-inmobiliario
30/11/2028,36.47 a 71.73 m2 total,Departamentos,1 a 3 dormitorios,27 unidades disponibles,Pisos 3 al 29,1 dorms.,40.01 m²,"Modelo EUC-TA-309AL2409,2508AL2908","274,304",https://nexoinmobiliario.pe/proyecto/venta-de-departamento-3942-eucalipto-jesus-maria-lima-lima-abril-grupo-inmobiliario
30/11/2028,36.47 a 71.73 m2 total,Departamentos,1 a 3 dormitorios,1 unidad disponible,Piso 2,1 dorms.,36.47 m²,Modelo EUC-TA-209,"265,750",https://nexoinmobiliario.pe/proyecto/venta-de-departamento-3942-eucalipto-jesus-maria-lima-lima-abril-grupo-inmobiliario
30/06/2026,38.08 a 106.87 m2 total,Departamentos,1 a 3 dormitorios,2 unidades disponibles,Pisos 2 y 6,3 dorms.,70.10 m²,Modelo T01,"653,310",https://nexoinmobiliario.pe/proyecto/venta-de-departamento-3950-noa-jesus-maria-lima-lima-palace
30/06/2026,38.08 a 106.87 m2 total,Departamentos,1 a 3 dormitorios,3 unidades disponibles,"Pisos 2, 4, 6",1 dorms.,38.08 m²,Modelo T02,"383,690",https://nexoinmobiliario.pe/proyecto/venta-de-departamento-3950-noa-jesus-maria-lima-lima-palace
30/06/2026,38.08 a 106.87 m2 total,Departamentos,1 a 3 dormitorios,3 unidades disponibles,"Pisos 2, 4, 6",2 dorms.,60.30 m²,Modelo T03,"506,886",https://nexoinmobiliario.pe/proyecto/venta-de-departamento-3950-noa-jesus-maria-lima-lima-palace
30/06/2026,38.08 a 106.87 m2 total,Departamentos,1 a 3 dormitorios,3 unidades disponibles,"Pisos 3, 5, 7",3 dorms.,71.60 m²,Modelo T01-A,"658,495",https://nexoinmobiliario.pe/proyecto/venta-de-departamento-3950-noa-jesus-maria-lima-lima-palace
30/06/2026,38.08 a 106.87 m2 total,Departamentos,1 a 3 dormitorios,3 unidades disponibles,"Pisos 3, 5, 7",1 dorms.,39.00 m²,Modelo T02-A,"383,690",https://nexoinmobiliario.pe/proyecto/venta-de-departamento-3950-noa-jesus-maria-lima-lima-palace
30/06/2026,38.08 a 106.87 m2 total,Departamentos,1 a 3 dormitorios,2 unidades disponibles,Pisos 3 y 7,2 dorms.,60.60 m²,Modelo T03-A,"506,886",https://nexoinmobiliario.pe/proyecto/venta-de-departamento-3950-noa-jesus-maria-lima-lima-palace
30/04/2027,43.15 a 80.58 m2 total,Departamentos,1 a 3 dormitorios,8 unidades disponibles,Pisos 1 al 8,3 dorms.,80.06 m²,Modelo TIPO1,"649,000",https://nexoinmobiliario.pe/proyecto/venta-de-departamento-3962-maytacapac1248-jesus-maria-lima-lima-vittoria-inmobiliaria
30/04/2027,43.15 a 80.58 m2 total,Departamentos,1 a 3 dormitorios,7 unidades disponibles,Pisos 1 al 7,1 dorms.,43.15 m²,Modelo TIPO3,"299,500",https://nexoinmobiliario.pe/proyecto/venta-de-departamento-3962-maytacapac1248-jesus-maria-lima-lima-vittoria-inmobiliaria
30/04/2027,43.15 a 80.58 m2 total,Departamentos,1 a 3 dormitorios,8 unidades disponibles,Pisos 1 al 8,2 dorms.,53.31 m²,Modelo TIPO4,"435,000",https://nexoinmobiliario.pe/proyecto/venta-de-departamento-3962-maytacapac1248-jesus-maria-lima-lima-vittoria-inmobiliaria
30/04/2027,43.15 a 80.58 m2 total,Departamentos,1 a 3 dormitorios,8 unidades disponibles,Pisos 1 al 8,3 dorms.,65.40 m²,Modelo TIPO5,"485,000",https://nexoinmobiliario.pe/proyecto/venta-de-departamento-3962-maytacapac1248-jesus-maria-lima-lima-vittoria-inmobiliaria
30/04/2027,43.15 a 80.58 m2 total,Departamentos,1 a 3 dormitorios,6 unidades disponibles,Pisos 2 al 8,3 dorms.,80.58 m²,Modelo TIPO2,"629,000",https://nexoinmobiliario.pe/proyecto/venta-de-departamento-3962-maytacapac1248-jesus-maria-lima-lima-vittoria-inmobiliaria
31/08/2028,40 a 79 m2 total,Departamentos,1 a 3 dormitorios,1 unidad disponible,Piso 2,3 dorms.,73.00 m²,Modelo A01,"555,266",https://nexoinmobiliario.pe/proyecto/venta-de-departamento-4031-nazca-jesus-maria-lima-lima-ditrenzzo
31/08/2028,40 a 79 m2 total,Departamentos,1 a 3 dormitorios,18 unidades disponibles,Pisos 2 al 20,2 dorms.,57.50 m²,Modelo A02,"431,250",https://nexoinmobiliario.pe/proyecto/venta-de-departamento-4031-nazca-jesus-maria-lima-lima-ditrenzzo
31/08/2028,40 a 79 m2 total,Departamentos,1 a 3 dormitorios,1 unidad disponible,Piso 2,3 dorms.,75.50 m²,Modelo A03,"610,426",https://nexoinmobiliario.pe/proyecto/venta-de-departamento-4031-nazca-jesus-maria-lima-lima-ditrenzzo
31/08/2028,40 a 79 m2 total,Departamentos,1 a 3 dormitorios,3 unidades disponibles,"Pisos 2, 4, 6",3 dorms.,79.00 m²,Modelo A04,"638,723",https://nexoinmobiliario.pe/proyecto/venta-de-departamento-4031-nazca-jesus-maria-lima-lima-ditrenzzo
31/08/2028,40 a 79 m2 total,Departamentos,1 a 3 dormitorios,1 unidad disponible,Piso 2,2 dorms.,58.00 m²,Modelo A05,"397,979",https://nexoinmobiliario.pe/proyecto/venta-de-departamento-4031-nazca-jesus-maria-lima-lima-ditrenzzo
31/08/2028,40 a 79 m2 total,Departamentos,1 a 3 dormitorios,9 unidades disponibles,Pisos 3 al 11,2 dorms.,73.00 m²,Modelo B01,"539,734",https://nexoinmobiliario.pe/proyecto/venta-de-departamento-4031-nazca-jesus-maria-lima-lima-ditrenzzo
30/04/2029,40.03 a 70.47 m2 total,Departamentos,1 a 3 dormitorios,15 unidades disponibles,Pisos 3 al 17,1 dorms.,40.51 m²,Modelo MC-1-X01,"278,829",https://nexoinmobiliario.pe/proyecto/venta-de-departamento-4039-montecarlo-jesus-maria-lima-lima-abril-grupo-inmobiliario
30/04/2029,40.03 a 70.47 m2 total,Departamentos,1 a 3 dormitorios,15 unidades disponibles,Pisos 3 al 17,2 dorms.,55.46 m²,Modelo MC-1-X07,"377,202",https://nexoinmobiliario.pe/proyecto/venta-de-departamento-4039-montecarlo-jesus-maria-lima-lima-abril-grupo-inmobiliario
30/04/2029,40.03 a 70.47 m2 total,Departamentos,1 a 3 dormitorios,15 unidades disponibles,Pisos 3 al 17,3 dorms.,70.47 m²,Modelo MC-1-X13,"477,028",https://nexoinmobiliario.pe/proyecto/venta-de-departamento-4039-montecarlo-jesus-maria-lima-lima-abril-grupo-inmobiliario
30/04/2029,40.03 a 70.47 m2 total,Departamentos,1 a 3 dormitorios,15 unidades disponibles,Pisos 3 al 17,3 dorms.,67.54 m²,Modelo MC-2-X07,"492,947",https://nexoinmobiliario.pe/proyecto/venta-de-departamento-4039-montecarlo-jesus-maria-lima-lima-abril-grupo-inmobiliario
30/04/2029,40.03 a 70.47 m2 total,Departamentos,1 a 3 dormitorios,15 unidades disponibles,Pisos 3 al 17,1 dorms.,40.03 m²,Modelo MC-2-X09,"285,161",https://nexoinmobiliario.pe/proyecto/venta-de-departamento-4039-montecarlo-jesus-maria-lima-lima-abril-grupo-inmobiliario
Entrega inmediata,117.38 a 252.05 m2 total,Departamentos,3 dormitorios,3 unidades disponibles,Piso 3,3 dorms.,117.38 m²,Modelo TIPO A,"240,000",https://nexoinmobiliario.pe/proyecto/venta-de-departamento-1628-residencial-frutales-la-molina-lima-lima-cimentares-grupo-inmobiliario
30/11/2026,100.30 a 210.56 m2 total,Departamentos,3 dormitorios,2 unidades disponibles,Pisos 4 y 5,3 dorms.,100.30 m²,Modelo X01,"794,642",https://nexoinmobiliario.pe/proyecto/venta-de-departamento-3445-sunny-park-la-molina-la-molina-lima-lima-mirano
30/11/2026,100.30 a 210.56 m2 total,Departamentos,3 dormitorios,4 unidades disponibles,"Pisos 2, 3, 4, 5",3 dorms.,100.52 m²,Modelo X02,"796,384",https://nexoinmobiliario.pe/proyecto/venta-de-departamento-3445-sunny-park-la-molina-la-molina-lima-lima-mirano
30/11/2026,100.30 a 210.56 m2 total,Departamentos,3 dormitorios,3 unidades disponibles,"Pisos 3, 4, 5",3 dorms.,104.31 m²,Modelo X03,"786,099",https://nexoinmobiliario.pe/proyecto/venta-de-departamento-3445-sunny-park-la-molina-la-molina-lima-lima-mirano
30/11/2026,100.30 a 210.56 m2 total,Departamentos,3 dormitorios,4 unidades disponibles,"Pisos 2, 3, 4, 5",3 dorms.,100.85 m²,Modelo X04,"779,511",https://nexoinmobiliario.pe/proyecto/venta-de-departamento-3445-sunny-park-la-molina-la-molina-lima-lima-mirano
30/11/2026,100.30 a 210.56 m2 total,Departamentos,3 dormitorios,7 unidades disponibles,"Pisos 1, 2, 3, 4, 5",3 dorms.,100.36 m²,Modelo X07,"758,893",https://nexoinmobiliario.pe/proyecto/venta-de-departamento-3445-sunny-park-la-molina-la-molina-lima-lima-mirano
30/11/2026,100.30 a 210.56 m2 total,Departamentos,3 dormitorios,8 unidades disponibles,Pisos 1 al 6,3 dorms.,100.90 m²,Modelo X08,"740,462",https://nexoinmobiliario.pe/proyecto/venta-de-departamento-3445-sunny-park-la-molina-la-molina-lima-lima-mirano
Entrega inmediata,57.79 a 75.63 m2 total,Departamentos,1 a 2 dormitorios,2 unidades disponibles,Pisos 3 y 9,2 dorms.,74.73 m²,Modelo 1A,"583,635",https://nexoinmobiliario.pe/proyecto/venta-de-departamento-2059-escala-la-victoria-lima-lima-paz
Entrega inmediata,57.79 a 75.63 m2 total,Departamentos,1 a 2 dormitorios,1 unidad disponible,Piso 2,2 dorms.,68.21 m²,Modelo 1,"550,599",https://nexoinmobiliario.pe/proyecto/venta-de-departamento-2059-escala-la-victoria-lima-lima-paz
Entrega inmediata,57.79 a 75.63 m2 total,Departamentos,1 a 2 dormitorios,2 unidades disponibles,Pisos 3 y 5,1 dorms.,57.79 m²,Modelo 2A,"463,660",https://nexoinmobiliario.pe/proyecto/venta-de-departamento-2059-escala-la-victoria-lima-lima-paz
Entrega inmediata,57.79 a 75.63 m2 total,Departamentos,1 a 2 dormitorios,3 unidades disponibles,"Pisos 4, 16, 24",2 dorms.,73.08 m²,Modelo 1B,"559,765",https://nexoinmobiliario.pe/proyecto/venta-de-departamento-2059-escala-la-victoria-lima-lima-paz
Entrega inmediata,57.79 a 75.63 m2 total,Departamentos,1 a 2 dormitorios,1 unidad disponible,Piso 26,2 dorms.,66.24 m²,Modelo 8,"484,932",https://nexoinmobiliario.pe/proyecto/venta-de-departamento-2059-escala-la-victoria-lima-lima-paz
Entrega inmediata,57.79 a 75.63 m2 total,Departamentos,1 a 2 dormitorios,6 unidades disponibles,Pisos 2 al 23,2 dorms.,73.22 m²,Modelo 4,"532,756",https://nexoinmobiliario.pe/proyecto/venta-de-departamento-2059-escala-la-victoria-lima-lima-paz
Entrega inmediata,53.67 a 58.30 m2 total,Departamentos,2 dormitorios,1 unidad disponible,Piso 15,2 dorms.,58.30 m²,Modelo X04,"399,574",https://nexoinmobiliario.pe/proyecto/venta-de-departamento-2075-hope-la-victoria-lima-lima-urbana-perú
Entrega inmediata,53.67 a 58.30 m2 total,Departamentos,2 dormitorios,1 unidad disponible,Piso 18,2 dorms.,53.67 m²,Modelo X05,"360,800",https://nexoinmobiliario.pe/proyecto/venta-de-departamento-2075-hope-la-victoria-lima-lima-urbana-perú
Entrega inmediata,36.43 a 113.59 m2 total,Departamentos,1 a 3 dormitorios,1 unidad disponible,Piso 2,2 dorms.,61.55 m²,Modelo Modelo 2 - Fase 2 (B-02B),"448,883",https://nexoinmobiliario.pe/proyecto/venta-de-departamento-2194-elant-fase-2-la-victoria-lima-lima-grupo-lar
Entrega inmediata,36.43 a 113.59 m2 total,Departamentos,1 a 3 dormitorios,2 unidades disponibles,Pisos 3 y 4,1 dorms.,36.43 m²,Modelo Modelo 1 - Fase 2 (B-01),"291,000",https://nexoinmobiliario.pe/proyecto/venta-de-departamento-2194-elant-fase-2-la-victoria-lima-lima-grupo-lar
Entrega inmediata,36.43 a 113.59 m2 total,Departamentos,1 a 3 dormitorios,8 unidades disponibles,Pisos 4 al 24,3 dorms.,70.01 m²,Modelo Modelo 2 - Fase 2 (B-02),"494,446",https://nexoinmobiliario.pe/proyecto/venta-de-departamento-2194-elant-fase-2-la-victoria-lima-lima-grupo-lar
Entrega inmediata,36.43 a 113.59 m2 total,Departamentos,1 a 3 dormitorios,1 unidad disponible,Piso 1,3 dorms.,113.59 m²,Modelo Modelo 3 - Fase 2 (B-03),"611,079",https://nexoinmobiliario.pe/proyecto/venta-de-departamento-2194-elant-fase-2-la-victoria-lima-lima-grupo-lar
Entrega inmediata,36.43 a 113.59 m2 total,Departamentos,1 a 3 dormitorios,5 unidades disponibles,"Pisos 17, 24, 25, 27, 28",3 dorms.,69.20 m²,Modelo Modelo 4 - Fase 2 (B-04),"461,266",https://nexoinmobiliario.pe/proyecto/venta-de-departamento-2194-elant-fase-2-la-victoria-lima-lima-grupo-lar
Entrega inmediata,36.43 a 113.59 m2 total,Departamentos,1 a 3 dormitorios,5 unidades disponibles,"Pisos 20, 22, 23, 25, 26",3 dorms.,68.45 m²,Modelo Modelo 5 - Fase 2 (B-05),"457,256",https://nexoinmobiliario.pe/proyecto/venta-de-departamento-2194-elant-fase-2-la-victoria-lima-lima-grupo-lar
Entrega inmediata,34.11 a 71.14 m2 total,Departamentos,1 a 2 dormitorios,3 unidades disponibles,"Pisos 4, 9, 13",2 dorms.,71.14 m²,Modelo 1,"372,697",https://nexoinmobiliario.pe/proyecto/venta-de-departamento-2295-residencial-real-la-victoria-lima-lima-paz
Entrega inmediata,34.11 a 71.14 m2 total,Departamentos,1 a 2 dormitorios,8 unidades disponibles,Pisos 3 al 18,1 dorms.,34.11 m²,Modelo 3,"238,301",https://nexoinmobiliario.pe/proyecto/venta-de-departamento-2295-residencial-real-la-victoria-lima-lima-paz
Entrega inmediata,34.11 a 71.14 m2 total,Departamentos,1 a 2 dormitorios,10 unidades disponibles,Pisos 3 al 15,2 dorms.,65.44 m²,Modelo 4,"378,575",https://nexoinmobiliario.pe/proyecto/venta-de-departamento-2295-residencial-real-la-victoria-lima-lima-paz
Entrega inmediata,34.11 a 71.14 m2 total,Departamentos,1 a 2 dormitorios,3 unidades disponibles,"Pisos 6, 7, 10",2 dorms.,65.86 m²,Modelo 5,"379,362",https://nexoinmobiliario.pe/proyecto/venta-de-departamento-2295-residencial-real-la-victoria-lima-lima-paz
Entrega inmediata,34.11 a 71.14 m2 total,Departamentos,1 a 2 dormitorios,2 unidades disponibles,Pisos 11 y 12,2 dorms.,53.72 m²,Modelo 6,"321,887",https://nexoinmobiliario.pe/proyecto/venta-de-departamento-2295-residencial-real-la-victoria-lima-lima-paz
Entrega inmediata,34.11 a 71.14 m2 total,Departamentos,1 a 2 dormitorios,5 unidades disponibles,"Pisos 14, 15, 16, 17, 18",2 dorms.,67.56 m²,Modelo 2A,"379,689",https://nexoinmobiliario.pe/proyecto/venta-de-departamento-2295-residencial-real-la-victoria-lima-lima-paz
Entrega inmediata,59.14 a 74.35 m2 total,Departamentos,2 dormitorios,2 unidades disponibles,Pisos 15 y 16,2 dorms.,74.35 m²,Modelo TIPO X07,"578,779",https://nexoinmobiliario.pe/proyecto/venta-de-departamento-2340-tempo-2-la-victoria-lima-lima-urbana-perú
Entrega inmediata,59.14 a 74.35 m2 total,Departamentos,2 dormitorios,1 unidad disponible,Piso 24,2 dorms.,59.96 m²,Modelo TIPO X08-A,"469,000",https://nexoinmobiliario.pe/proyecto/venta-de-departamento-2340-tempo-2-la-victoria-lima-lima-urbana-perú
Entrega inmediata,59.14 a 74.35 m2 total,Departamentos,2 dormitorios,2 unidades disponibles,Pisos 22 y 24,2 dorms.,59.14 m²,Modelo TIPO X10-A,"482,926",https://nexoinmobiliario.pe/proyecto/venta-de-departamento-2340-tempo-2-la-victoria-lima-lima-urbana-perú
Entrega inmediata,59.14 a 74.35 m2 total,Departamentos,2 dormitorios,9 unidades disponibles,Pisos 12 al 25,2 dorms.,74.35 m²,Modelo TIPO X11,"558,112",https://nexoinmobiliario.pe/proyecto/venta-de-departamento-2340-tempo-2-la-victoria-lima-lima-urbana-perú
Entrega inmediata,59.14 a 74.35 m2 total,Departamentos,2 dormitorios,1 unidad disponible,Piso 19,2 dorms.,59.14 m²,Modelo TIPO X08-B,"482,926",https://nexoinmobiliario.pe/proyecto/venta-de-departamento-2340-tempo-2-la-victoria-lima-lima-urbana-perú
Entrega inmediata,59.14 a 74.35 m2 total,Departamentos,2 dormitorios,5 unidades disponibles,"Pisos 17, 19, 21, 23, 25",2 dorms.,59.97 m²,Modelo TIPO X10-B,"469,328",https://nexoinmobiliario.pe/proyecto/venta-de-departamento-2340-tempo-2-la-victoria-lima-lima-urbana-perú
