proyecto_link,latitude,longitude,hospital,supermarket,transit_station,school,university,bank,restaurant
https://nexoinmobiliario.pe/proyecto/venta-de-departamento-2511-miramar-etapa-ii-san-bartolo-lima-lima-octagon,-12.3851014,-76.7788706,4,0,4,3,2,0,20
https://nexoinmobiliario.pe/proyecto/venta-de-departamento-3310-miramar-etapa-iii-san-bartolo-lima-lima-octagon,-12.3851014,-76.7788706,4,0,4,3,2,0,20
https://nexoinmobiliario.pe/proyecto/venta-de-departamento-2651-edificio-marbella-lurin-lima-lima-andiamo,-12.3036073,-76.849776,0,0,0,1,0,0,20
https://nexoinmobiliario.pe/proyecto/venta-de-departamento-3535-quinta-villa-chorrillos-lima-lima-puerta-de-tierra,-12.1972863,-77.0006385,0,0,9,0,1,2,20
https://nexoinmobiliario.pe/proyecto/venta-de-departamento-3318-gaviotas-176-chorrillos-lima-lima-v-v-grupo-inmobiliario,-12.182188,-77.007618,8,3,17,16,0,12,20
https://nexoinmobiliario.pe/proyecto/venta-de-departamento-2246-alameda-las-gaviotas-iii-chorrillos-lima-lima-cissac,-12.1819756,-77.0074657,8,2,15,19,1,12,20
https://nexoinmobiliario.pe/proyecto/venta-de-departamento-2947-los-gorriones-5-chorrillos-lima-lima-grupo-toscana,-12.1819667,-77.0065645,8,1,15,17,1,14,20
https://nexoinmobiliario.pe/proyecto/venta-de-departamento-2861-mixxo-chorrillos-lima-lima-avenir-grupo-inmobiliario,-12.1805896,-77.0017001,2,2,15,15,1,15,20
https://nexoinmobiliario.pe/proyecto/venta-de-departamento-2391-florece-chorrillos-lima-lima-la-muralla,-12.1803506,-77.0016151,1,2,15,14,1,13,20
https://nexoinmobiliario.pe/proyecto/venta-de-departamento-3497-florece-etapa-2-chorrillos-lima-lima-la-muralla,-12.1803506,-77.0016151,1,2,15,14,1,13,20
https://nexoinmobiliario.pe/proyecto/venta-de-departamento-1336-villa-campina-chorrillos-lima-lima-constructora-inarco,-12.180171,-77.0045918,3,1,10,14,1,8,20
https://nexoinmobiliario.pe/proyecto/venta-de-departamento-2348-alto-gaviotas-chorrillos-lima-lima-stella-inmobiliaria,-12.1789864,-77.0064743,6,2,16,20,1,4,20
https://nexoinmobiliario.pe/proyecto/venta-de-departamento-3103-gran-guardia-peruana-chorrillos-lima-lima-los-portales-departamentos,-12.1789057,-77.0039287,4,2,7,16,1,1,20
https://nexoinmobiliario.pe/proyecto/venta-de-departamento-2331-print-chorrillos-lima-lima-casaideal-inmobiliaria,-12.1788216,-76.9984844,1,2,20,20,0,2,20
https://nexoinmobiliario.pe/proyecto/venta-de-departamento-1995-condominio-felizia-chorrillos-lima-lima-la-venturosa,-12.1783328,-77.0003629,2,3,20,18,1,1,20
https://nexoinmobiliario.pe/proyecto/venta-de-departamento-3434-faisanes-iii-chorrillos-lima-lima-actual,-12.1778867,-76.9995149,1,3,20,20,1,0,20
https://nexoinmobiliario.pe/proyecto/venta-de-departamento-2774-faisanes-343-chorrillos-lima-lima-actual,-12.1775717,-77.0002642,2,3,20,20,1,0,20
https://nexoinmobiliario.pe/proyecto/venta-de-departamento-3543-link-chorrillos-lima-lima-casaideal-inmobiliaria,-12.1773503,-76.9994062,1,3,20,18,0,1,20
https://nexoinmobiliario.pe/proyecto/venta-de-departamento-3334-residencial-green-life-chorrillos-lima-lima-verones-grupo-inmobiliario,-12.1770542,-77.0042084,3,1,12,18,1,2,20
https://nexoinmobiliario.pe/proyecto/venta-de-departamento-3211-las-praderas-chorrillos-lima-lima-tale-inmobiliaria,-12.1768259,-76.999209,1,3,20,16,0,1,20
https://nexoinmobiliario.pe/proyecto/venta-de-departamento-2990-friendz-2-chorrillos-lima-lima-hl-desarrollos-inmobiliarios,-12.1750078,-77.0003604,1,1,18,17,0,0,20
https://nexoinmobiliario.pe/proyecto/venta-de-departamento-3663-albamar-miralba-chorrillos-lima-lima-albamar-grupo-inmobiliario,-12.174038,-76.9930137,2,5,12,20,0,7,20
https://nexoinmobiliario.pe/proyecto/venta-de-departamento-2322-las-palmas-chorrillos-2-chorrillos-lima-lima-besco,-12.1708847,-76.9989738,1,2,20,20,0,2,20
https://nexoinmobiliario.pe/proyecto/venta-de-departamento-3467-jardines-chorrillos-lima-lima-arteco,-12.1708447,-76.9951595,2,6,17,20,0,8,20
https://nexoinmobiliario.pe/proyecto/venta-de-departamento-3555-olaya-535-chorrillos-lima-lima-frontera,-12.1677011,-77.0260783,8,4,20,20,6,11,20
https://nexoinmobiliario.pe/proyecto/venta-de-departamento-2095-edificio-alvarado-chorrillos-lima-lima-andiamo,-12.1667633,-77.0220931,12,3,20,20,6,11,20
https://nexoinmobiliario.pe/proyecto/venta-de-departamento-3273-mar-de-grau-chorrillos-lima-lima-2k-inmobiliaria,-12.1643106,-77.0243792,7,2,16,20,6,5,20
https://nexoinmobiliario.pe/proyecto/venta-de-departamento-3203-condominio-villalegre-santiago-de-surco-lima-lima-la-venturosa,-12.1640787,-76.9896911,6,3,13,16,2,4,20
https://nexoinmobiliario.pe/proyecto/venta-de-departamento-3256-dolce-mare-chorrillos-lima-lima-la-muralla,-12.1637028,-77.0231084,8,1,14,20,4,3,20
https://nexoinmobiliario.pe/proyecto/venta-de-departamento-3357-samoa-santiago-de-surco-lima-lima-ee-inmobiliaria,-12.1595059,-76.9751192,9,2,14,20,4,17,20
https://nexoinmobiliario.pe/proyecto/venta-de-departamento-2261-vista-marina-356-chorrillos-lima-lima-tale-inmobiliaria,-12.1591001,-77.0243453,1,0,6,10,2,1,14
https://nexoinmobiliario.pe/proyecto/venta-de-departamento-1974-invent-chorrillos-chorrillos-lima-lima-invent,-12.1588843,-77.021169,3,1,7,17,3,5,17
https://nexoinmobiliario.pe/proyecto/venta-de-departamento-3427-costazul-chorrillos-lima-lima-avenir-grupo-inmobiliario,-12.1587854,-77.0236341,2,1,6,12,2,3,17
https://nexoinmobiliario.pe/proyecto/venta-de-departamento-3016-arise-chorrillos-lima-lima-octagon,-12.1581641,-77.0238926,2,1,7,6,2,2,18
https://nexoinmobiliario.pe/proyecto/venta-de-departamento-3557-malecon-costa-sur-658-chorrillos-lima-lima-frontera,-12.1574229,-77.0243786,2,1,7,7,2,2,17
https://nexoinmobiliario.pe/proyecto/venta-de-departamento-2986-mykonos-chorrillos-lima-lima-ifi-inmobiliaria,-12.1572169,-77.0237336,2,1,7,7,2,2,17
https://nexoinmobiliario.pe/proyecto/venta-de-departamento-2370-samay-santiago-de-surco-lima-lima-paqari-inmobiliaria,-12.1553228,-77.0165953,2,3,2,18,1,4,20
https://nexoinmobiliario.pe/proyecto/venta-de-departamento-3491-centrico-cercado-de-lima-lima-lima-grupo-mg,-12.1513565,-76.9734035,12,9,18,20,4,20,20
https://nexoinmobiliario.pe/proyecto/venta-de-departamento-3260-parque-el-rosal-santiago-de-surco-lima-lima-ee-inmobiliaria,-12.1473842,-76.9986886,0,1,0,9,0,0,20
https://nexoinmobiliario.pe/proyecto/venta-de-departamento-3545-los-poetas-barranco-lima-lima-rb-arquitectura,-12.1464678,-77.0194446,9,2,15,20,2,12,20
https://nexoinmobiliario.pe/proyecto/venta-de-departamento-2424-barranco-urbano-barranco-lima-lima-constructora-inmobiliaria-multidepas,-12.1442911,-77.0145957,2,3,14,20,0,12,20
https://nexoinmobiliario.pe/proyecto/venta-de-departamento-2387-bongo-condominio-santiago-de-surco-lima-lima-akamai,-12.1441379,-77.012477,2,3,15,18,1,13,20
https://nexoinmobiliario.pe/proyecto/venta-de-departamento-3430-azul-condominio-santiago-de-surco-lima-lima-enacorp,-12.1433823,-77.0119933,1,3,15,19,1,13,20
https://nexoinmobiliario.pe/proyecto/venta-de-departamento-2361-paseo-de-la-arboleda-4-santiago-de-surco-lima-lima-v-v-grupo-inmobiliario,-12.1424189,-77.0093577,4,2,9,14,1,6,20
https://nexoinmobiliario.pe/proyecto/venta-de-departamento-3221-casa-barranco-195-barranco-lima-lima-gdc-inmobiliaria,-12.1409252,-77.0201024,8,4,20,20,2,10,20
https://nexoinmobiliario.pe/proyecto/venta-de-departamento-2584-arch-two-barranco-lima-lima-zaavio-inmobiliaria,-12.1402038,-77.0140482,1,2,16,18,1,9,20
https://nexoinmobiliario.pe/proyecto/venta-de-departamento-2354-artline-barranco-lima-lima-edifica,-12.1401007,-77.022128,7,4,20,20,3,5,20
https://nexoinmobiliario.pe/proyecto/venta-de-departamento-2378-balboa-santiago-de-surco-lima-lima-ee-inmobiliaria,-12.1396019,-77.0070845,1,2,5,8,3,2,20
https://nexoinmobiliario.pe/proyecto/venta-de-departamento-1631-aspiria-barranco-lima-lima-grupo-t-c,-12.1393379,-77.0192287,3,5,20,20,2,9,20
https://nexoinmobiliario.pe/proyecto/venta-de-departamento-2517-catalino-etapa-i-barranco-lima-lima-grupo-tyc,-12.1386437,-77.0148415,1,2,15,17,1,9,20
https://nexoinmobiliario.pe/proyecto/venta-de-departamento-2818-the-sight-barranco-lima-lima-edifica,-12.1385568,-77.0256784,0,3,16,10,4,4,20
https://nexoinmobiliario.pe/proyecto/venta-de-departamento-3360-horne-137-barranco-lima-lima-calicanto,-12.1383424,-77.0185159,3,6,20,20,1,10,20
https://nexoinmobiliario.pe/proyecto/venta-de-departamento-3411-las-donas-santiago-de-surco-lima-lima-constructora-atlas,-12.1376931,-76.9973407,2,3,10,20,2,1,20
https://nexoinmobiliario.pe/proyecto/venta-de-departamento-3057-arrieta-271-barranco-lima-lima-libre-inmobiliaria,-12.1373284,-77.0210531,4,5,20,20,6,6,20
https://nexoinmobiliario.pe/proyecto/venta-de-departamento-2430-patria-barranco-lima-lima-invent,-12.1371605,-77.0198954,4,5,20,20,5,7,20
https://nexoinmobiliario.pe/proyecto/venta-de-departamento-2997-casa-barranco-695-barranco-lima-lima-gdc-inmobiliaria,-12.1363904,-77.0197986,5,4,20,20,4,9,20
https://nexoinmobiliario.pe/proyecto/venta-de-departamento-2573-malecon-acacias-miraflores-lima-lima-aurora-grupo-inmobiliario,-12.1353259,-77.0265917,2,1,11,12,8,2,20
https://nexoinmobiliario.pe/proyecto/venta-de-departamento-3205-casa-paraud-miraflores-lima-lima-grupo-caral,-12.1345806,-77.0269382,4,1,11,12,7,4,20
https://nexoinmobiliario.pe/proyecto/venta-de-departamento-3623-vibrant-barranco-lima-lima-promotora-la-muralla-del-sur,-12.134196,-77.0188484,4,3,11,20,6,12,20
https://nexoinmobiliario.pe/proyecto/venta-de-departamento-3642-acacias-miraflores-lima-lima-edifica,-12.1340539,-77.0258672,4,2,13,14,10,2,20
https://nexoinmobiliario.pe/proyecto/venta-de-departamento-2722-mariscal-castilla-santiago-de-surco-lima-lima-tale-inmobiliaria,-12.1339349,-77.0149424,3,2,9,10,1,10,20
https://nexoinmobiliario.pe/proyecto/venta-de-departamento-3391-aster-reducto-miraflores-lima-lima-aster-homes,-12.13373,-77.0231618,3,4,16,20,9,5,20
https://nexoinmobiliario.pe/proyecto/venta-de-departamento-3573-catena-miraflores-lima-lima-kallpa,-12.1335852,-77.0227371,4,4,19,20,9,6,20
https://nexoinmobiliario.pe/proyecto/venta-de-departamento-3518-vasco-nunez-141-miraflores-lima-lima-aurora-grupo-inmobiliario,-12.1334676,-77.0282223,4,1,13,10,6,7,20
https://nexoinmobiliario.pe/proyecto/venta-de-departamento-2935-hq7-santiago-de-surco-lima-lima-ee-inmobiliaria,-12.1332526,-77.0015304,5,2,8,15,0,3,20
https://nexoinmobiliario.pe/proyecto/venta-de-departamento-3534-kenko-ii-santiago-de-surco-lima-lima-constructora-atlas,-12.1332347,-77.0060886,3,1,0,10,3,6,20
https://nexoinmobiliario.pe/proyecto/venta-de-departamento-3369-residencial-astete-2608-santiago-de-surco-lima-lima-grupo-dicon,-12.1331091,-76.9898439,3,3,3,12,2,1,12
https://nexoinmobiliario.pe/proyecto/venta-de-departamento-2978-guadalajara-277-santiago-de-surco-lima-lima-cp-building,-12.132937,-77.0121582,3,0,0,10,1,6,16
https://nexoinmobiliario.pe/proyecto/venta-de-departamento-2200-malecon-la-paz-miraflores-lima-lima-aurora-grupo-inmobiliario,-12.1329355,-77.0252984,4,3,17,15,10,4,20
https://nexoinmobiliario.pe/proyecto/venta-de-departamento-2712-proyecto-cobian-miraflores-lima-lima-vive-constructora,-12.1328785,-77.0198191,10,3,15,20,6,9,20
https://nexoinmobiliario.pe/proyecto/venta-de-departamento-3456-bosco-santiago-de-surco-lima-lima-conforta-inmobiliaria,-12.1328673,-77.016726,8,2,11,16,1,10,20
https://nexoinmobiliario.pe/proyecto/venta-de-departamento-3004-mf-work-living-apartments-miraflores-lima-lima-hl-desarrollos-inmobiliarios,-12.1328479,-77.021977,6,5,19,20,7,9,20
https://nexoinmobiliario.pe/proyecto/venta-de-departamento-3400-flexi-ii-santiago-de-surco-lima-lima-central-inmobiliaria,-12.1326983,-77.0119821,2,0,0,12,1,5,18
https://nexoinmobiliario.pe/proyecto/venta-de-departamento-3444-las-moras-santiago-de-surco-lima-lima-vartel-constructora-inmobiliaria,-12.1325378,-77.0013498,4,2,9,14,0,4,18
https://nexoinmobiliario.pe/proyecto/venta-de-departamento-2508-lumiere-miraflores-lima-lima-grupo-tyc,-12.1323852,-77.0214028,7,6,15,20,5,10,20
https://nexoinmobiliario.pe/proyecto/venta-de-departamento-3281-irigoyen-128-santiago-de-surco-lima-lima-sembra-inmobiliaria,-12.1322314,-77.0173808,10,2,11,15,1,12,20
https://nexoinmobiliario.pe/proyecto/venta-de-departamento-1950-el-alcazar-santiago-de-surco-lima-lima-ee-inmobiliaria,-12.1316015,-77.0000123,8,3,17,13,2,12,20
https://nexoinmobiliario.pe/proyecto/venta-de-departamento-3316-pop-miraflores-lima-lima-ee-inmobiliaria,-12.1315849,-77.0224882,6,3,9,20,7,5,20
https://nexoinmobiliario.pe/proyecto/venta-de-departamento-3556-juan-de-rada-348-santiago-de-surco-lima-lima-fampar-inmobiliaria,-12.1315176,-76.9937689,7,0,10,18,1,3,20
https://nexoinmobiliario.pe/proyecto/venta-de-departamento-2811-braganza-santiago-de-surco-lima-lima-ee-inmobiliaria,-12.1312649,-77.0008013,8,3,15,13,2,15,20
https://nexoinmobiliario.pe/proyecto/venta-de-departamento-2794-zante-santiago-de-surco-lima-lima-ifi-inmobiliaria,-12.1312522,-77.0020052,13,5,12,17,2,12,20
https://nexoinmobiliario.pe/proyecto/venta-de-departamento-3524-affinity-miraflores-lima-lima-edifica,-12.1309396,-77.0227322,7,4,10,20,4,4,20
https://nexoinmobiliario.pe/proyecto/venta-de-departamento-3413-concepto-unity-park-santiago-de-surco-lima-lima-imagina,-12.1308737,-76.9824286,7,3,20,20,13,13,20
https://nexoinmobiliario.pe/proyecto/venta-de-departamento-3041-soho-select-miraflores-lima-lima-soho-inmobiliaria,-12.130523,-77.0276645,8,6,20,16,6,16,20
https://nexoinmobiliario.pe/proyecto/venta-de-departamento-3024-castellana-173-santiago-de-surco-lima-lima-ee-inmobiliaria,-12.130496,-77.0015209,13,4,17,14,3,18,20
https://nexoinmobiliario.pe/proyecto/venta-de-departamento-2294-santa-isabel-169-miraflores-lima-lima-labok-grupo-inmobiliario,-12.1303424,-77.0273451,9,6,20,20,6,16,20
https://nexoinmobiliario.pe/proyecto/venta-de-departamento-3553-parkview-santiago-de-surco-lima-lima-avenir-grupo-inmobiliario,-12.1302457,-76.9904465,12,4,9,9,3,8,20
https://nexoinmobiliario.pe/proyecto/venta-de-departamento-3648-riva-miraflores-lima-lima-paz,-12.1300327,-77.0325352,4,3,16,11,4,12,20
https://nexoinmobiliario.pe/proyecto/venta-de-departamento-3350-the-edge-miraflores-lima-lima-edifica,-12.1299535,-77.0296821,8,5,19,14,3,13,20
https://nexoinmobiliario.pe/proyecto/venta-de-departamento-3025-centrix-28-miraflores-lima-lima-ee-inmobiliaria,-12.1299006,-77.0214802,13,3,14,20,1,9,20
https://nexoinmobiliario.pe/proyecto/venta-de-departamento-3585-nuvo-miraflores-lima-lima-constructora-inarco,-12.1296867,-77.0257575,10,5,20,20,9,8,20
https://nexoinmobiliario.pe/proyecto/venta-de-departamento-2570-henko-miraflores-lima-lima-constructora-inarco,-12.1294641,-77.0258832,10,5,20,20,7,11,20
https://nexoinmobiliario.pe/proyecto/venta-de-departamento-3368-residencial-trazo-santiago-de-surco-lima-lima-grupo-dicon,-12.1293067,-76.9856602,16,5,15,19,3,19,20
https://nexoinmobiliario.pe/proyecto/venta-de-departamento-3627-ingenieros-943-santiago-de-surco-lima-lima-2k-inmobiliaria,-12.1292795,-76.975616,2,2,17,11,4,6,20
https://nexoinmobiliario.pe/proyecto/venta-de-departamento-3604-milano-park-santiago-de-surco-lima-lima-domun-inmobiliaria,-12.1292422,-76.9972895,8,3,17,20,2,18,20
https://nexoinmobiliario.pe/proyecto/venta-de-departamento-2756-benavides-30-miraflores-lima-lima-citia,-12.1290823,-77.0021289,11,4,19,18,3,20,20
https://nexoinmobiliario.pe/proyecto/venta-de-departamento-3217-roosevelt-64-miraflores-lima-lima-vidarq,-12.1290718,-77.0178609,13,6,11,15,0,14,20
https://nexoinmobiliario.pe/proyecto/venta-de-departamento-2807-fanning-358-miraflores-lima-lima-grupo-chacarilla-sur,-12.1289893,-77.0321777,8,3,19,15,4,13,20
https://nexoinmobiliario.pe/proyecto/venta-de-departamento-3215-urban-heights-miraflores-lima-lima-edifica,-12.1289464,-77.0225936,8,4,20,19,6,7,20
https://nexoinmobiliario.pe/proyecto/venta-de-departamento-3487-francisco-del-castillo-252-miraflores-lima-lima-edifica,-12.1287913,-77.0221206,14,4,19,19,4,8,20
https://nexoinmobiliario.pe/proyecto/venta-de-departamento-3327-colon-524-miraflores-lima-lima-constructora-magnifica,-12.1282973,-77.031466,13,4,20,19,4,19,20
https://nexoinmobiliario.pe/proyecto/venta-de-departamento-2635-art-28-miraflores-lima-lima-edifica,-12.1282464,-77.0255364,8,7,20,19,4,12,20
https://nexoinmobiliario.pe/proyecto/venta-de-departamento-3489-parque-gardenias-2-santiago-de-surco-lima-lima-domun-inmobiliaria,-12.1281159,-76.98453,20,5,16,20,2,20,20
https://nexoinmobiliario.pe/proyecto/venta-de-departamento-3546-san-martin-850-miraflores-lima-lima-grupo-edifikarte,-12.1279006,-77.025085,7,8,18,18,6,7,20
https://nexoinmobiliario.pe/proyecto/venta-de-departamento-1929-edificio-eco-28-miraflores-lima-lima-fundamenta,-12.1275891,-77.0274078,17,8,20,20,7,20,20
https://nexoinmobiliario.pe/proyecto/venta-de-departamento-3220-concepto-one-place-miraflores-lima-lima-imagina,-12.1271478,-77.018288,13,4,14,14,2,13,20
https://nexoinmobiliario.pe/proyecto/venta-de-departamento-3645-parque-ugarriza-miraflores-lima-lima-orizzonte-grupo-inmobiliario,-12.1270866,-77.0188119,14,5,15,14,2,13,20
https://nexoinmobiliario.pe/proyecto/venta-de-departamento-3416-brick-reducto-984-miraflores-lima-lima-grupo-binda,-12.1269738,-77.0245561,9,8,18,18,6,5,20
https://nexoinmobiliario.pe/proyecto/venta-de-departamento-3593-monument-miraflores-lima-lima-edifica,-12.1268973,-77.029471,20,9,20,20,7,20,20
https://nexoinmobiliario.pe/proyecto/venta-de-departamento-3530-preston-barranco-lima-lima-franca-inmobiliaria,-12.1268164,-77.0277446,20,8,20,20,6,20,20
https://nexoinmobiliario.pe/proyecto/venta-de-departamento-3051-upper-28-miraflores-lima-lima-edifica,-12.1267872,-77.028838,20,9,20,20,8,20,20
https://nexoinmobiliario.pe/proyecto/venta-de-departamento-3348-sucre-45-miraflores-lima-lima-vidarq,-12.1266958,-77.0256132,12,9,20,20,7,18,20
https://nexoinmobiliario.pe/proyecto/venta-de-departamento-2302-marsano-2670-miraflores-lima-lima-tale-inmobiliaria,-12.1266146,-77.003098,12,5,16,20,1,19,20
https://nexoinmobiliario.pe/proyecto/venta-de-departamento-3169-milano-28-de-julio-miraflores-lima-lima-grupo-binda,-12.126607,-77.0305844,20,10,20,20,5,20,20
https://nexoinmobiliario.pe/proyecto/venta-de-departamento-2945-aldabas-de-las-gardenias-edificio-residencial-116-santiago-de-surco-lima-lima-grupo-dicon,-12.1264894,-76.9840315,16,5,14,20,2,19,20
https://nexoinmobiliario.pe/proyecto/venta-de-departamento-3575-28-de-julio-miraflores-lima-lima-galeon-constructora,-12.1263529,-77.0312145,20,10,20,20,6,20,20
https://nexoinmobiliario.pe/proyecto/venta-de-departamento-2307-benavides-1130-miraflores-lima-lima-v-v-grupo-inmobiliario,-12.1262068,-77.0208213,17,5,20,11,4,12,20
https://nexoinmobiliario.pe/proyecto/venta-de-departamento-3598-inspira-2-santiago-de-surco-lima-lima-sembra-inmobiliaria,-12.1259192,-76.9802622,5,3,15,16,4,9,20
https://nexoinmobiliario.pe/proyecto/venta-de-departamento-3612-heliana-santiago-de-surco-lima-lima-pisonay-inmobiliaria,-12.1258955,-76.9944439,6,1,12,15,0,7,20
https://nexoinmobiliario.pe/proyecto/venta-de-departamento-2652-larco-791-miraflores-lima-lima-v-v-grupo-inmobiliario,-12.1258551,-77.0293357,20,11,20,20,7,20,20
https://nexoinmobiliario.pe/proyecto/venta-de-departamento-3540-navarra-360-santiago-de-surco-lima-lima-ee-inmobiliaria,-12.1257328,-76.9933202,5,1,11,15,0,4,20
https://nexoinmobiliario.pe/proyecto/venta-de-departamento-3407-altaris-miraflores-lima-lima-capac-asociados,-12.1255857,-77.0037743,10,4,17,17,1,15,20
https://nexoinmobiliario.pe/proyecto/venta-de-departamento-3679-vista-tower-surquillo-lima-lima-quatro-inmobiliaria,-12.1254311,-77.0031055,15,4,19,19,1,18,20
https://nexoinmobiliario.pe/proyecto/venta-de-departamento-3375-escudero-miraflores-lima-lima-elsvan-construcciones-inmobiliarias,-12.1253211,-77.0039736,10,4,17,17,1,14,20
https://nexoinmobiliario.pe/proyecto/venta-de-departamento-3250-albamar-park-town-miraflores-lima-lima-albamar-grupo-inmobiliario,-12.1252591,-77.0231478,8,3,20,20,6,6,20
https://nexoinmobiliario.pe/proyecto/venta-de-departamento-3204-bartolome-herrera-266-santiago-de-surco-lima-lima-inmobiliaria-ayd,-12.125257,-76.9844399,15,3,8,20,1,14,20
https://nexoinmobiliario.pe/proyecto/venta-de-departamento-2952-checor-porta-360-miraflores-lima-lima-checor-inmobiliaria,-12.1251929,-77.0322308,20,11,20,20,6,20,20
https://nexoinmobiliario.pe/proyecto/venta-de-departamento-3384-zentro-lince-lima-lima-central-inmobiliaria,-12.1250451,-76.9847052,15,3,9,20,1,14,20
https://nexoinmobiliario.pe/proyecto/venta-de-departamento-2924-ble-santiago-de-surco-lima-lima-ee-inmobiliaria,-12.1246371,-76.9865786,13,2,12,18,1,7,20
https://nexoinmobiliario.pe/proyecto/venta-de-departamento-2881-batallon-ayacucho-santiago-de-surco-lima-lima-constructora-framan,-12.1241929,-76.9847021,13,2,8,20,1,4,20
https://nexoinmobiliario.pe/proyecto/venta-de-departamento-2920-abstract-miraflores-lima-lima-urbana-perú,-12.1241121,-77.0219541,7,2,20,19,5,6,20
https://nexoinmobiliario.pe/proyecto/venta-de-departamento-3331-high-life-surquillo-lima-lima-madrid-inmobiliaria,-12.1238982,-77.0043386,6,1,11,14,1,9,20
https://nexoinmobiliario.pe/proyecto/venta-de-departamento-2226-schell-miraflores-lima-lima-volterra,-12.1236364,-77.0250437,16,6,20,20,10,20,20
https://nexoinmobiliario.pe/proyecto/venta-de-departamento-2906-pedro-venturo-662-santiago-de-surco-lima-lima-venti-grupo-inmobiliario,-12.123572,-76.9911721,5,1,9,19,1,1,20
https://nexoinmobiliario.pe/proyecto/venta-de-departamento-2992-residencial-kallpa-santiago-de-surco-lima-lima-b-e-inmobiliaria,-12.1235403,-76.9962963,9,1,8,20,2,5,20
https://nexoinmobiliario.pe/proyecto/venta-de-departamento-3241-residencial-sukha-surquillo-lima-lima-vienna-grupo-inmobiliario,-12.1234652,-77.0046254,3,0,11,13,0,7,20
https://nexoinmobiliario.pe/proyecto/venta-de-departamento-2241-morar-surquillo-lima-lima-ter-inmobiliaria,-12.1232303,-77.0047837,3,0,11,13,0,5,20
https://nexoinmobiliario.pe/proyecto/venta-de-departamento-3358-central-home-chacarilla-santiago-de-surco-lima-lima-ee-inmobiliaria,-12.122978,-76.9856739,10,1,8,15,1,2,20
https://nexoinmobiliario.pe/proyecto/venta-de-departamento-1776-novara-miraflores-lima-lima-valico,-12.1227528,-77.02442,12,6,20,20,10,20,20
https://nexoinmobiliario.pe/proyecto/venta-de-departamento-3405-serenity-santiago-de-surco-lima-lima-madrid-inmobiliaria,-12.1226846,-76.9751443,2,3,12,12,4,4,11
https://nexoinmobiliario.pe/proyecto/venta-de-departamento-3653-bellaterra-santiago-de-surco-lima-lima-innovandum-inmobiliaria,-12.1223345,-76.9956263,9,2,6,20,2,6,20
https://nexoinmobiliario.pe/proyecto/venta-de-departamento-2478-mar-d-amalfi-miraflores-lima-lima-procity,-12.1215855,-77.0205525,10,2,20,15,2,8,20
https://nexoinmobiliario.pe/proyecto/venta-de-departamento-3340-tommy-miraflores-lima-lima-puerta-de-tierra,-12.1214732,-77.0065784,6,1,11,20,1,5,20
https://nexoinmobiliario.pe/proyecto/venta-de-departamento-2816-hype-miraflores-lima-lima-capac-asociados,-12.1214529,-77.0267802,20,10,20,20,15,20,20
https://nexoinmobiliario.pe/proyecto/venta-de-departamento-2415-le-rosier-miraflores-lima-lima-abril-grupo-inmobiliario,-12.1213531,-77.018062,6,2,14,13,0,3,20
https://nexoinmobiliario.pe/proyecto/venta-de-departamento-2578-ramon-zavala-ii-miraflores-lima-lima-inmobiliaria-diegal,-12.1212806,-77.0388915,6,1,20,15,4,6,20
https://nexoinmobiliario.pe/proyecto/venta-de-departamento-3285-bolona-256-miraflores-lima-lima-ee-inmobiliaria,-12.1211869,-77.0191803,8,1,15,12,0,4,20
https://nexoinmobiliario.pe/proyecto/venta-de-departamento-2417-piknik-park-miraflores-lima-lima-sembra-inmobiliaria,-12.1210986,-77.0246917,16,7,20,20,7,20,20
https://nexoinmobiliario.pe/proyecto/venta-de-departamento-3412-via-cadiz-santiago-de-surco-lima-lima-fortem-gestora-inmobiliaria,-12.1207185,-76.9910864,2,1,10,20,2,1,20
https://nexoinmobiliario.pe/proyecto/venta-de-departamento-2862-domum-miraflores-lima-lima-tectonica-grupo-inmobiliario,-12.1205258,-77.0072596,7,4,9,19,1,8,20
https://nexoinmobiliario.pe/proyecto/venta-de-departamento-3473-brisa-miraflores-miraflores-lima-lima-inhouse,-12.1203883,-77.0401855,7,2,20,13,5,2,20
https://nexoinmobiliario.pe/proyecto/venta-de-departamento-2385-edificio-altaurora-surquillo-lima-lima-la-venturosa,-12.1202775,-77.00664,8,2,9,20,1,6,20
https://nexoinmobiliario.pe/proyecto/venta-de-departamento-2876-amara-santiago-de-surco-lima-lima-conforta-inmobiliaria,-12.1201964,-76.9758997,2,2,12,12,3,0,3
https://nexoinmobiliario.pe/proyecto/venta-de-departamento-2211-roosevelt-5591-miraflores-lima-lima-v-v-grupo-inmobiliario,-12.1197365,-77.017999,4,2,15,9,0,4,20
https://nexoinmobiliario.pe/proyecto/venta-de-departamento-3003-edificio-unique-surquillo-lima-lima-grupo-cygnus,-12.1196613,-77.0048659,5,2,7,20,0,5,20
https://nexoinmobiliario.pe/proyecto/venta-de-departamento-3344-calera-ix-surquillo-lima-lima-elsvan-construcciones-inmobiliarias,-12.1195792,-77.0027982,5,1,8,20,0,7,20
https://nexoinmobiliario.pe/proyecto/venta-de-departamento-3547-pardo-1453-miraflores-lima-lima-frontera,-12.119389,-77.0426702,6,2,20,10,4,1,20
https://nexoinmobiliario.pe/proyecto/venta-de-departamento-3646-parque-aurora-miraflores-lima-lima-orizzonte-grupo-inmobiliario,-12.1193784,-77.0093626,6,4,8,20,2,11,20
https://nexoinmobiliario.pe/proyecto/venta-de-departamento-2617-pardo-669-miraflores-lima-lima-v-v-grupo-inmobiliario,-12.1192995,-77.0352659,17,5,20,20,8,20,20
https://nexoinmobiliario.pe/proyecto/venta-de-departamento-2583-top-818-surquillo-lima-lima-inhouse,-12.1191429,-77.0048593,6,2,8,20,1,5,20
https://nexoinmobiliario.pe/proyecto/venta-de-departamento-3067-cosmos-miraflores-lima-lima-llosa-edificaciones-urban,-12.1190373,-77.0400901,12,2,20,15,6,5,20
https://nexoinmobiliario.pe/proyecto/venta-de-departamento-2453-qualis-parque-las-orquideas-surquillo-lima-lima-qualis-inmobilia,-12.1189206,-77.0062248,6,2,8,20,1,6,20
https://nexoinmobiliario.pe/proyecto/venta-de-departamento-3602-aurora-4-surquillo-lima-lima-vienna-grupo-inmobiliario,-12.1188206,-77.0164472,3,2,9,15,0,4,20
https://nexoinmobiliario.pe/proyecto/venta-de-departamento-3683-albamar-aura-surquillo-lima-lima-albamar-grupo-inmobiliario,-12.118801,-77.0076057,9,3,9,20,2,5,20
https://nexoinmobiliario.pe/proyecto/venta-de-departamento-2951-pardo-coast-miraflores-lima-lima-grupo-t-c,-12.1187408,-77.0391304,13,4,20,20,6,7,20
https://nexoinmobiliario.pe/proyecto/venta-de-departamento-2029-principal-775-surquillo-lima-lima-real-inmobiliaria,-12.1187368,-77.0048485,6,2,8,20,1,6,20
https://nexoinmobiliario.pe/proyecto/venta-de-departamento-2657-urban-miraflores-miraflores-lima-lima-capac-asociados,-12.1184342,-77.0382459,13,4,20,20,8,13,20
https://nexoinmobiliario.pe/proyecto/venta-de-departamento-3300-bolona-1250-miraflores-lima-lima-ee-inmobiliaria,-12.1184219,-77.0093338,7,4,5,20,3,9,20
https://nexoinmobiliario.pe/proyecto/venta-de-departamento-2501-celeste-surquillo-lima-lima-capac-asociados,-12.118371,-77.0068176,5,2,10,20,1,5,20
https://nexoinmobiliario.pe/proyecto/venta-de-departamento-2674-aguirre-166-miraflores-lima-lima-mc-inversiones-inmobiliarias,-12.1183413,-77.0345966,18,6,20,20,7,20,20
https://nexoinmobiliario.pe/proyecto/venta-de-departamento-3496-ingreen-santiago-de-surco-lima-lima-inmgenio,-12.1181901,-76.9762397,2,2,9,18,2,0,5
https://nexoinmobiliario.pe/proyecto/venta-de-departamento-3481-garden-homes-santiago-de-surco-lima-lima-grupo-chacarilla-sur,-12.1181868,-76.9740052,1,3,7,15,2,0,7
https://nexoinmobiliario.pe/proyecto/venta-de-departamento-2256-edificio-portofino-miraflores-lima-lima-c---v-grupo-inmobiliario,-12.1181372,-77.0428165,6,2,20,12,4,1,20
https://nexoinmobiliario.pe/proyecto/venta-de-departamento-3552-bernales-442-surquillo-lima-lima-vive-plm,-12.1179789,-77.0142316,2,0,4,17,2,4,20
https://nexoinmobiliario.pe/proyecto/venta-de-departamento-2494-proyecto-vanguardia-magdalena-del-mar-lima-lima-fai-inmobiliaria,-12.117974,-77.0440571,6,1,20,11,3,1,20
https://nexoinmobiliario.pe/proyecto/venta-de-departamento-2614-nueva-aurora-3-surquillo-lima-lima-vienna-grupo-inmobiliario,-12.1177692,-77.0141323,2,0,4,18,1,3,20
https://nexoinmobiliario.pe/proyecto/venta-de-departamento-3471-liv-durand-ii-parque-surquillo-lima-lima-greal-inversiones,-12.1175178,-77.0144978,0,1,6,19,1,3,20
https://nexoinmobiliario.pe/proyecto/venta-de-departamento-2164-thu-miraflores-lima-lima-cantabria,-12.1172277,-77.0403777,13,3,20,17,4,5,20
https://nexoinmobiliario.pe/proyecto/venta-de-departamento-3354-bristol-santiago-de-surco-lima-lima-ee-inmobiliaria,-12.1167218,-76.9913749,14,1,5,17,3,17,20
https://nexoinmobiliario.pe/proyecto/venta-de-departamento-2773-tomasal-1074-santiago-de-surco-lima-lima-xyz-inmobiliaria,-12.1167209,-76.9715639,0,2,0,5,1,0,8
https://nexoinmobiliario.pe/proyecto/venta-de-departamento-2667-liv-durand-surquillo-lima-lima-greal-inversiones,-12.116709,-77.014659,1,2,7,20,1,6,20
https://nexoinmobiliario.pe/proyecto/venta-de-departamento-2313-mate-surquillo-lima-lima-real-inmobiliaria,-12.1164991,-77.0063511,6,2,6,20,1,7,20
https://nexoinmobiliario.pe/proyecto/venta-de-departamento-3671-borgono-355-miraflores-lima-lima-mc-inversiones-inmobiliarias,-12.1162476,-77.0336044,20,4,20,20,6,20,20
https://nexoinmobiliario.pe/proyecto/venta-de-departamento-2706-high-line-santiago-de-surco-lima-lima-tribeca-inmobiliaria,-12.1159662,-76.9909751,20,3,5,20,3,20,20
https://nexoinmobiliario.pe/proyecto/venta-de-departamento-2929-batallon-tarma-684-santiago-de-surco-lima-lima-grupo-edifikarte,-12.1158277,-76.9814112,0,0,0,8,2,0,4
https://nexoinmobiliario.pe/proyecto/venta-de-departamento-2783-galicia-santiago-de-surco-lima-lima-inhouse,-12.1157314,-76.9948525,9,1,7,18,7,15,20
https://nexoinmobiliario.pe/proyecto/venta-de-departamento-2642-rosario-in-miraflores-lima-lima-stella-inmobiliaria,-12.1156759,-77.0376686,16,5,20,20,7,15,20
https://nexoinmobiliario.pe/proyecto/venta-de-departamento-3511-ascend-santiago-de-surco-lima-lima-urbalima,-12.115597,-76.9953347,13,1,7,18,7,14,20
https://nexoinmobiliario.pe/proyecto/venta-de-departamento-2880-rosario-240-miraflores-lima-lima-sembra-inmobiliaria,-12.1155682,-77.0384889,15,3,20,20,5,11,20
https://nexoinmobiliario.pe/proyecto/venta-de-departamento-3528-atahualpa-448-miraflores-lima-lima-franca-inmobiliaria,-12.1153817,-77.0305165,20,4,20,20,9,20,20
https://nexoinmobiliario.pe/proyecto/venta-de-departamento-2941-conde-de-la-vega-251-santiago-de-surco-lima-lima-grupo-edifikarte,-12.1151538,-76.9823134,0,0,0,6,4,0,4
https://nexoinmobiliario.pe/proyecto/venta-de-departamento-3206-parque-cordova-2-miraflores-lima-lima-aurora-grupo-inmobiliario,-12.1150259,-77.0424565,10,2,20,19,5,1,20
https://nexoinmobiliario.pe/proyecto/venta-de-departamento-3295-la-joya-132-santiago-de-surco-lima-lima-grupo-chacarilla-sur,-12.1149348,-76.9944307,15,4,7,13,6,20,20
https://nexoinmobiliario.pe/proyecto/venta-de-departamento-2491-barrio-verde-miraflores-lima-lima-belgica-edificaciones,-12.1148864,-77.0454436,10,1,20,18,4,2,20
https://nexoinmobiliario.pe/proyecto/venta-de-departamento-2798-founder-miraflores-lima-lima-alerces-inmobiliaria,-12.1143994,-77.0475694,7,2,20,16,3,3,20
https://nexoinmobiliario.pe/proyecto/venta-de-departamento-3525-aliaga-491-santiago-de-surco-lima-lima-quark-grupo-inmobiliario,-12.114121,-76.9759945,0,2,4,16,2,3,16
https://nexoinmobiliario.pe/proyecto/venta-de-departamento-2490-sonhos-miraflores-lima-lima-constructora-inarco,-12.1140435,-77.0297048,20,3,20,20,6,15,20
https://nexoinmobiliario.pe/proyecto/venta-de-departamento-2383-toribio-polo-miraflores-lima-lima-armando-paredes,-12.1137252,-77.0474725,8,4,20,16,3,6,20
https://nexoinmobiliario.pe/proyecto/venta-de-departamento-2316-inizzio-santiago-de-surco-lima-lima-sembra-inmobiliaria,-12.1136737,-76.9923991,20,4,7,17,4,20,20
https://nexoinmobiliario.pe/proyecto/venta-de-departamento-2663-hana-chacarilla-santiago-de-surco-lima-lima-odima-inmobiliaria,-12.1133184,-76.9813622,1,0,6,7,6,2,19
https://nexoinmobiliario.pe/proyecto/venta-de-departamento-2590-parque-blume-miraflores-lima-lima-aurora-grupo-inmobiliario,-12.1131816,-77.0436351,9,1,20,16,4,2,20
https://nexoinmobiliario.pe/proyecto/venta-de-departamento-2936-litoral-900-miraflores-lima-lima-mirano,-12.1130319,-77.0482391,9,4,20,15,3,7,20
https://nexoinmobiliario.pe/proyecto/venta-de-departamento-3219-taller-miraflores-lima-lima-paz,-12.112913,-77.0465894,9,4,20,18,3,7,20
https://nexoinmobiliario.pe/proyecto/venta-de-departamento-3451-arcadia-santiago-de-surco-lima-lima-conforta-inmobiliaria,-12.1128841,-76.9340901,0,0,10,5,1,2,10
https://nexoinmobiliario.pe/proyecto/venta-de-departamento-3231-esparq-140-miraflores-lima-lima-esparq-inversiones,-12.1125329,-77.0305882,20,4,20,20,5,12,20
https://nexoinmobiliario.pe/proyecto/venta-de-departamento-3454-brera-miraflores-lima-lima-valico,-12.1124135,-77.0387368,14,5,12,19,2,13,20
https://nexoinmobiliario.pe/proyecto/venta-de-departamento-3590-goya-surquillo-lima-lima-amma-inmobiliaria,-12.112355,-77.0128394,4,5,14,19,2,14,20
https://nexoinmobiliario.pe/proyecto/venta-de-departamento-3637-torre-germania-surquillo-lima-lima-v-v-grupo-inmobiliario,-12.1121255,-77.010432,4,5,13,19,2,15,20
https://nexoinmobiliario.pe/proyecto/venta-de-departamento-3341-villarreal-337-miraflores-lima-lima-tale-inmobiliaria,-12.1121197,-77.0475957,10,4,20,16,3,7,20
https://nexoinmobiliario.pe/proyecto/venta-de-departamento-3477-monte-sierpe-santiago-de-surco-lima-lima-make-inmobiliaria,-12.1120124,-76.986782,12,1,2,19,2,12,20
https://nexoinmobiliario.pe/proyecto/venta-de-departamento-3404-bloom-surquillo-lima-lima-mahpsa--corporacion-inmobiliaria,-12.1117704,-76.9971736,18,0,14,20,1,7,20
https://nexoinmobiliario.pe/proyecto/venta-de-departamento-2728-monte-real-santiago-de-surco-lima-lima-ee-inmobiliaria,-12.1117466,-76.9821389,1,1,6,10,6,3,20
https://nexoinmobiliario.pe/proyecto/venta-de-departamento-2072-la-mar-1055-miraflores-lima-lima-tale-inmobiliaria,-12.1114131,-77.0476733,10,4,20,16,3,7,20
https://nexoinmobiliario.pe/proyecto/venta-de-departamento-3165-albamar-o2-miraflores-lima-lima-albamar-grupo-inmobiliario,-12.1113197,-77.0508584,10,3,14,9,1,6,20
https://nexoinmobiliario.pe/proyecto/venta-de-departamento-1917-the-point-miraflores-lima-lima-qolono-inmobiliaria,-12.1113167,-77.048356,9,4,18,12,3,7,20
https://nexoinmobiliario.pe/proyecto/venta-de-departamento-3235-ako-san-miguel-lima-lima-reyna-grupo-inmobiliario,-12.111174,-77.0359126,20,6,11,17,2,14,20
https://nexoinmobiliario.pe/proyecto/venta-de-departamento-2779-central-apartments-la-mar-miraflores-lima-lima-paz,-12.1111702,-77.04742,10,4,20,16,3,7,20
https://nexoinmobiliario.pe/proyecto/venta-de-departamento-2588-mandra-miraflores-lima-lima-grupo-tyc,-12.1109637,-77.0505266,10,3,15,9,1,6,20
https://nexoinmobiliario.pe/proyecto/venta-de-departamento-2379-edificio-intower-santiago-de-surco-lima-lima-vitain,-12.1107285,-76.9787874,2,0,6,14,6,5,20
https://nexoinmobiliario.pe/proyecto/venta-de-departamento-2495-strada-miraflores-lima-lima-valico,-12.1100267,-77.0378457,16,5,10,15,2,20,20
https://nexoinmobiliario.pe/proyecto/venta-de-departamento-1988-arequipa-miraflores-lima-lima-actual,-12.1097484,-77.0302241,20,3,20,20,5,9,20
https://nexoinmobiliario.pe/proyecto/venta-de-departamento-3337-vanderghen-400-miraflores-lima-lima-aurora-grupo-inmobiliario,-12.109729,-77.0406876,10,5,9,17,1,20,20
https://nexoinmobiliario.pe/proyecto/venta-de-departamento-3212-mendiburu-1290-miraflores-lima-lima-efron-arquitectos,-12.1095334,-77.0504535,9,4,15,10,0,5,20
https://nexoinmobiliario.pe/proyecto/venta-de-departamento-3551-antonia-miraflores-lima-lima-inmgenio,-12.1091415,-77.03508,15,6,11,15,6,12,20
https://nexoinmobiliario.pe/proyecto/venta-de-departamento-2780-dorue-surquillo-lima-lima-desarrolladora,-12.108786,-77.0255908,13,4,16,19,2,8,20
https://nexoinmobiliario.pe/proyecto/venta-de-departamento-3378-altavista-aranibar-san-isidro-lima-lima-tale-inmobiliaria,-12.1082124,-77.0533631,8,2,7,3,0,3,19
https://nexoinmobiliario.pe/proyecto/venta-de-departamento-2877-torre-tale-primavera-etapa-i-san-borja-lima-lima-tale-inmobiliaria,-12.10778,-76.99242,6,6,8,18,0,7,20
https://nexoinmobiliario.pe/proyecto/venta-de-departamento-3374-buena-vista-211-san-borja-lima-lima-crearte-inmobiliaria,-12.1077566,-76.9798487,2,1,6,16,5,4,17
https://nexoinmobiliario.pe/proyecto/venta-de-departamento-2509-centrik-miraflores-lima-lima-inmobiliaria-ares,-12.1075448,-77.0293153,20,3,20,20,6,7,20
https://nexoinmobiliario.pe/proyecto/venta-de-departamento-2985-toscanini-san-borja-lima-lima-rb-arquitectura,-12.1074743,-76.996929,7,1,10,20,0,8,20
https://nexoinmobiliario.pe/proyecto/venta-de-departamento-2097-flow-living-apartments-surquillo-lima-lima-lider,-12.1074501,-77.0162728,5,3,13,7,4,3,20
https://nexoinmobiliario.pe/proyecto/venta-de-departamento-3476-element-surquillo-lima-lima-edifica,-12.1070621,-77.0160519,7,3,13,7,4,4,20
https://nexoinmobiliario.pe/proyecto/venta-de-departamento-3372-residencial-lobo-san-borja-lima-lima-grupo-dicon,-12.106591,-76.9846506,1,0,2,10,1,2,11
https://nexoinmobiliario.pe/proyecto/venta-de-departamento-2671-sq-work-living-apartments-surquillo-lima-lima-hl-desarrollos-inmobiliarios,-12.1063921,-77.0267994,20,3,18,17,4,7,20
https://nexoinmobiliario.pe/proyecto/venta-de-departamento-2310-calle26-san-isidro-lima-lima-rb-arquitectura,-12.1061123,-77.0141795,10,4,12,5,5,5,20
https://nexoinmobiliario.pe/proyecto/venta-de-departamento-3548-sevilla-371-miraflores-lima-lima-grupo-edifikarte,-12.1060016,-77.028029,20,2,20,20,5,13,20
https://nexoinmobiliario.pe/proyecto/venta-de-departamento-3194-arequipa-avenue-4015-miraflores-lima-lima-grupo-edifikarte,-12.1058737,-77.030991,20,1,18,20,6,11,20
https://nexoinmobiliario.pe/proyecto/venta-de-departamento-2475-casaparq-monterrico-ii-santiago-de-surco-lima-lima-cissac,-12.1058503,-76.9785503,2,1,6,12,0,2,8
https://nexoinmobiliario.pe/proyecto/venta-de-departamento-3464-casaparq-monterrico-iii-view-santiago-de-surco-lima-lima-cissac,-12.1058503,-76.9785503,2,1,6,12,0,2,8
https://nexoinmobiliario.pe/proyecto/venta-de-departamento-3606-boulevard-san-borja-lima-lima-baumhaus,-12.1058405,-76.9918103,1,3,5,7,0,0,20
https://nexoinmobiliario.pe/proyecto/venta-de-departamento-3586-tello-136-miraflores-lima-lima-canny-arquitectos,-12.1057404,-77.0286887,20,2,20,20,7,12,20
https://nexoinmobiliario.pe/proyecto/venta-de-departamento-2297-roof-garden-barrenechea-san-borja-lima-lima-evergran-grupo-inmobiliario,-12.1053391,-77.010845,9,1,0,12,1,4,20
https://nexoinmobiliario.pe/proyecto/venta-de-oficina-1488-iq-surco-oficinas-santiago-de-surco-lima-lima-grupo-t-c,-12.104919,-76.9708037,18,3,6,11,1,20,20
https://nexoinmobiliario.pe/proyecto/venta-de-departamento-3112-luxo-san-isidro-lima-lima-urbana-perú,-12.1047374,-77.0384782,6,4,6,11,2,17,20
https://nexoinmobiliario.pe/proyecto/venta-de-departamento-2868-residencial-halcones-iii-surquillo-lima-lima-oled-inmobiliaria,-12.1046239,-77.0216109,12,2,9,12,5,8,20
https://nexoinmobiliario.pe/proyecto/venta-de-departamento-3030-look-feel-etapa-2-santiago-de-surco-lima-lima-grupo-t-c,-12.1045321,-76.9663178,1,0,6,8,8,2,20
https://nexoinmobiliario.pe/proyecto/venta-de-departamento-2725-distrito-34-etapa-2-surquillo-lima-lima-grupo-lar,-12.1040307,-77.0184517,19,4,14,8,6,9,20
https://nexoinmobiliario.pe/proyecto/venta-de-departamento-2803-edificio-nitoa-5-surquillo-lima-lima-vitain,-12.1037171,-77.0218995,19,2,7,13,3,9,20
https://nexoinmobiliario.pe/proyecto/venta-de-departamento-3240-alba-san-isidro-lima-lima-zafira-inmobiliaria,-12.1034057,-77.0576884,8,0,14,19,1,6,20
https://nexoinmobiliario.pe/proyecto/venta-de-departamento-3068-centric-surquillo-lima-lima-ghs-constructora,-12.1028562,-77.0214122,20,2,6,13,5,10,20
https://nexoinmobiliario.pe/proyecto/venta-de-departamento-3313-la-fuente-281-san-isidro-lima-lima-tale-inmobiliaria,-12.1028277,-77.0566375,8,1,14,20,2,7,20
https://nexoinmobiliario.pe/proyecto/venta-de-departamento-2785-torre-paino-surquillo-lima-lima-tale-inmobiliaria,-12.1027103,-77.0239296,17,1,5,20,2,5,20
https://nexoinmobiliario.pe/proyecto/venta-de-departamento-1478-look-and-feel-santiago-de-surco-lima-lima-grupo-t-c,-12.1026544,-76.9705191,20,3,5,7,3,10,20
https://nexoinmobiliario.pe/proyecto/venta-de-departamento-2626-arandanos-aramburu-surquillo-lima-lima-abril-grupo-inmobiliario,-12.1025107,-77.0177182,18,5,12,12,7,10,20
https://nexoinmobiliario.pe/proyecto/venta-de-departamento-2314-aquilaria-san-isidro-lima-lima-abril-grupo-inmobiliario,-12.1024503,-77.0583353,6,1,14,19,2,5,20
https://nexoinmobiliario.pe/proyecto/venta-de-departamento-3258-albamar-oasis-surquillo-lima-lima-albamar-grupo-inmobiliario,-12.1024468,-77.021738,20,1,4,14,3,10,20
https://nexoinmobiliario.pe/proyecto/venta-de-departamento-3323-aramburu-living-san-isidro-lima-lima-grupo-t-c,-12.102394,-77.0248317,15,1,5,16,2,6,20
https://nexoinmobiliario.pe/proyecto/venta-de-departamento-2470-edificio-nitoa-4-surquillo-lima-lima-vitain,-12.1022439,-77.020318,17,2,9,11,6,9,20
https://nexoinmobiliario.pe/proyecto/venta-de-departamento-3569-aramburu-971-san-isidro-lima-lima-qolono-inmobiliaria,-12.1018694,-77.0201957,16,2,9,10,5,9,20
https://nexoinmobiliario.pe/proyecto/venta-de-departamento-3236-wow-santiago-de-surco-lima-lima-arquimia,-12.1015576,-76.9648008,1,1,4,12,8,5,20
https://nexoinmobiliario.pe/proyecto/venta-de-departamento-1689-muv-santiago-de-surco-lima-lima-arquimia,-12.1015576,-76.9648008,1,1,4,12,8,5,20
https://nexoinmobiliario.pe/proyecto/venta-de-departamento-3415-perez-walk-magdalena-del-mar-lima-lima-fortem-gestora-inmobiliaria,-12.1014973,-77.0595471,5,1,15,17,2,6,20
https://nexoinmobiliario.pe/proyecto/venta-de-departamento-2390-sbs-1155-san-borja-lima-lima-my-home,-12.1014964,-76.9909602,3,3,4,9,1,8,20
https://nexoinmobiliario.pe/proyecto/venta-de-departamento-2685-verona-sbs-586-san-borja-lima-lima-grupo-binda,-12.1014366,-77.0028463,10,2,12,20,1,7,20
https://nexoinmobiliario.pe/proyecto/venta-de-departamento-3173-sena-san-borja-lima-lima-ee-inmobiliaria,-12.1014182,-77.0032819,10,2,11,20,1,7,20
https://nexoinmobiliario.pe/proyecto/venta-de-departamento-2905-bravo-san-borja-lima-lima-grupo-mg,-12.1012015,-77.0094321,13,3,1,14,2,4,15
https://nexoinmobiliario.pe/proyecto/venta-de-departamento-3616-golondrinas-san-isidro-lima-lima-baumhaus,-12.1008641,-77.0214791,18,3,7,16,4,15,20
https://nexoinmobiliario.pe/proyecto/venta-de-departamento-2695-blue-san-isidro-lima-lima-esparq-inversiones,-12.100848,-77.0274126,20,1,7,20,4,17,20
https://nexoinmobiliario.pe/proyecto/venta-de-departamento-3539-delamar-magdalena-del-mar-lima-lima-franco-grupo-inmobiliario,-12.1002221,-77.0625963,5,1,7,13,0,1,20
https://nexoinmobiliario.pe/proyecto/venta-de-departamento-3502-eterna-san-isidro-lima-lima-zafira-inmobiliaria,-12.1001193,-77.0373768,1,3,7,10,3,7,20
https://nexoinmobiliario.pe/proyecto/venta-de-departamento-3319-san-borja-sur-985-san-borja-lima-lima-ee-inmobiliaria,-12.1000763,-76.9932627,5,3,5,11,1,5,19
https://nexoinmobiliario.pe/proyecto/venta-de-departamento-3257-central-site-san-isidro-lima-lima-madrid-inmobiliaria,-12.0997663,-77.031543,17,3,19,20,4,12,20
https://nexoinmobiliario.pe/proyecto/venta-de-departamento-3330-beside-santiago-de-surco-lima-lima-redbay-inmobiliaria,-12.0994099,-76.9708295,17,3,8,9,5,12,20
https://nexoinmobiliario.pe/proyecto/venta-de-departamento-3408-polo-hunt-santiago-de-surco-lima-lima-ee-inmobiliaria,-12.0992566,-76.9667702,6,2,5,11,2,8,20
https://nexoinmobiliario.pe/proyecto/venta-de-departamento-3395-las-lomas-residencial-ecoamigable-rimac-lima-lima-besco,-12.0987745,-76.9622004,2,2,0,11,1,6,20
https://nexoinmobiliario.pe/proyecto/venta-de-departamento-2436-ativa-fase-1-santiago-de-surco-lima-lima-cosapi,-12.0982221,-76.9717313,13,3,9,8,7,11,20
https://nexoinmobiliario.pe/proyecto/venta-de-departamento-3222-ativa-fase-2-santiago-de-surco-lima-lima-cosapi,-12.0982221,-76.9717313,13,3,9,8,7,11,20
https://nexoinmobiliario.pe/proyecto/venta-de-departamento-2800-derby-182-santiago-de-surco-lima-lima-v-v-grupo-inmobiliario,-12.0980557,-76.9718456,13,3,9,8,7,11,20
https://nexoinmobiliario.pe/proyecto/venta-de-departamento-2459-el-bosque-san-borja-lima-lima-ee-inmobiliaria,-12.0973776,-77.0102592,15,4,3,11,3,6,20
https://nexoinmobiliario.pe/proyecto/venta-de-departamento-3450-inara-san-isidro-lima-lima-zafira-inmobiliaria,-12.0972463,-77.055202,7,0,13,9,4,11,20
https://nexoinmobiliario.pe/proyecto/venta-de-departamento-2077-canaval-185-san-isidro-lima-lima-senda,-12.0967221,-77.0237356,4,8,17,17,3,20,20
https://nexoinmobiliario.pe/proyecto/venta-de-departamento-3635-itaca-magdalena-del-mar-lima-lima-ifi-inmobiliaria,-12.0964012,-77.0599387,10,2,11,20,7,10,20
https://nexoinmobiliario.pe/proyecto/venta-de-departamento-3566-s29-etapa-ii-magdalena-del-mar-lima-lima-llosa-edificaciones-urban,-12.096069,-77.0551408,14,1,20,11,6,13,20
https://nexoinmobiliario.pe/proyecto/venta-de-departamento-2258-s29-magdalena-del-mar-lima-lima-llosa-edificaciones-urban,-12.096069,-77.0551408,14,1,20,11,6,13,20
https://nexoinmobiliario.pe/proyecto/venta-de-departamento-2746-montpellier-magdalena-del-mar-lima-lima-inhouse,-12.0958412,-77.0611516,12,1,7,20,5,8,20
https://nexoinmobiliario.pe/proyecto/venta-de-departamento-2621-basadre-1310-san-isidro-lima-lima-fundamenta,-12.0957467,-77.0450445,3,1,11,13,4,13,20
https://nexoinmobiliario.pe/proyecto/venta-de-departamento-3239-sky-park-san-borja-lima-lima-inhouse,-12.0956057,-76.9882326,1,1,0,10,0,2,2
https://nexoinmobiliario.pe/proyecto/venta-de-departamento-3359-insight-san-isidro-lima-lima-conforta-inmobiliaria,-12.0955087,-77.0128064,15,5,3,11,3,7,20
https://nexoinmobiliario.pe/proyecto/venta-de-departamento-3437-aster-basadre-san-isidro-lima-lima-aster-homes,-12.0954851,-77.0409586,3,1,11,14,3,11,20
https://nexoinmobiliario.pe/proyecto/venta-de-departamento-3403-aliaga-442-magdalena-del-mar-lima-lima-vive-plm,-12.0953729,-77.0593799,11,1,11,20,8,9,20
https://nexoinmobiliario.pe/proyecto/venta-de-departamento-1075-gallery-san-isidro-lima-lima-grupo-t-c,-12.0953578,-77.0536753,13,0,20,11,6,11,20
https://nexoinmobiliario.pe/proyecto/venta-de-departamento-2306-villa-convivium-2-magdalena-del-mar-lima-lima-grupo-caral,-12.0953118,-77.0722883,4,6,20,20,2,15,20
https://nexoinmobiliario.pe/proyecto/venta-de-departamento-3023-niza-san-borja-lima-lima-ee-inmobiliaria,-12.0952034,-77.007888,19,3,3,13,0,2,17
https://nexoinmobiliario.pe/proyecto/venta-de-departamento-3180-mum-363-magdalena-del-mar-lima-lima-tale-inmobiliaria,-12.0951667,-77.0552995,17,1,20,14,8,12,20
https://nexoinmobiliario.pe/proyecto/venta-de-departamento-3475-oliva-san-isidro-lima-lima-maas-inmobiliaria,-12.0951549,-77.0223631,3,8,16,17,4,20,20
https://nexoinmobiliario.pe/proyecto/venta-de-departamento-2056-invent-juan-de-aliaga-magdalena-del-mar-lima-lima-invent,-12.0950751,-77.0597203,11,1,10,20,6,9,20
https://nexoinmobiliario.pe/proyecto/venta-de-departamento-2607-edificio-orizzon-2-magdalena-del-mar-lima-lima-vitain,-12.0949638,-77.0681888,12,3,20,20,1,16,20
https://nexoinmobiliario.pe/proyecto/venta-de-departamento-1654-aliaga-garden-magdalena-del-mar-lima-lima-evergran-grupo-inmobiliario,-12.0948486,-77.0589031,20,1,15,20,8,9,20
https://nexoinmobiliario.pe/proyecto/venta-de-departamento-3634-kaia-magdalena-del-mar-lima-lima-inizia-inmobiliaria,-12.0948148,-77.0753221,3,5,20,20,1,7,20
https://nexoinmobiliario.pe/proyecto/venta-de-departamento-3426-eco-style-etapa-2-magdalena-del-mar-lima-lima-fundamenta,-12.0946539,-77.055976,20,1,20,14,8,11,20
https://nexoinmobiliario.pe/proyecto/venta-de-departamento-2476-eco-style-magdalena-del-mar-lima-lima-fundamenta,-12.0946539,-77.055976,20,1,20,14,8,11,20
https://nexoinmobiliario.pe/proyecto/venta-de-departamento-2918-aliaga-garden-etapa-2-magdalena-del-mar-lima-lima-evergran-grupo-inmobiliario,-12.0946515,-77.0593396,20,1,11,20,7,10,20
https://nexoinmobiliario.pe/proyecto/venta-de-departamento-3167-hometown-condominio-san-borja-lima-lima-esparq-inversiones,-12.0940646,-76.989417,2,1,0,9,0,1,2
https://nexoinmobiliario.pe/proyecto/venta-de-departamento-3674-residencial-isanor-iii-san-borja-lima-lima-davsol,-12.0938016,-77.0011278,6,0,6,15,0,13,20
https://nexoinmobiliario.pe/proyecto/venta-de-departamento-2933-the-lead-san-isidro-lima-lima-edifica,-12.093732,-77.0266056,7,10,20,20,9,20,20
https://nexoinmobiliario.pe/proyecto/venta-de-departamento-3320-fontana-san-borja-lima-lima-ee-inmobiliaria,-12.0936213,-76.9938586,6,2,5,15,2,10,20
https://nexoinmobiliario.pe/proyecto/venta-de-departamento-1415-edificio-vista-brasil-magdalena-del-mar-lima-lima-grupo-mg,-12.0936032,-77.0694654,14,7,20,20,2,20,20
https://nexoinmobiliario.pe/proyecto/venta-de-departamento-2242-vielha-magdalena-del-mar-lima-lima-brazil-grupo-inmobiliario,-12.0935976,-77.0674006,16,3,20,20,2,16,20
https://nexoinmobiliario.pe/proyecto/venta-de-departamento-2110-sb-norte-1189-san-borja-lima-lima-evergran-grupo-inmobiliario,-12.093442,-76.9926012,2,3,3,15,2,10,20
https://nexoinmobiliario.pe/proyecto/venta-de-departamento-2281-nobel-magdalena-del-mar-lima-lima-amma-inmobiliaria,-12.0931465,-77.0598143,20,3,19,20,6,9,20
https://nexoinmobiliario.pe/proyecto/venta-de-departamento-1079-roma-san-isidro-lima-lima-brazil-grupo-inmobiliario,-12.0930642,-77.0520302,8,1,20,10,6,12,20
https://nexoinmobiliario.pe/proyecto/venta-de-departamento-2687-dali-place-san-borja-lima-lima-noi-inmobiliaria,-12.0927234,-76.9951997,7,1,5,15,2,11,20
https://nexoinmobiliario.pe/proyecto/venta-de-departamento-2661-palm-living-san-isidro-lima-lima-grupo-t-c,-12.092688,-77.0385401,9,3,13,20,7,12,20
https://nexoinmobiliario.pe/proyecto/venta-de-departamento-2656-amme-san-isidro-lima-lima-cantabria,-12.092676,-77.0275161,11,6,20,20,11,20,20
https://nexoinmobiliario.pe/proyecto/venta-de-departamento-2910-serena-san-miguel-lima-lima-paz,-12.0926354,-77.0809125,2,1,20,20,2,1,20
https://nexoinmobiliario.pe/proyecto/venta-de-departamento-3591-casa-del-parque-san-isidro-lima-lima-gdc-inmobiliaria,-12.0925575,-77.0103656,20,1,7,14,0,3,15
https://nexoinmobiliario.pe/proyecto/venta-de-departamento-2311-san-martin284-magdalena-del-mar-lima-lima-rb-arquitectura,-12.0925321,-77.0775044,5,6,20,20,1,7,20
https://nexoinmobiliario.pe/proyecto/venta-de-departamento-2998-preminenza-san-isidro-lima-lima-urbana-perú,-12.092518,-77.0364625,19,3,20,20,10,10,20
https://nexoinmobiliario.pe/proyecto/venta-de-departamento-2830-entrenos-magdalena-del-mar-lima-lima-promsal,-12.0923329,-77.0721123,6,10,20,20,2,20,20
https://nexoinmobiliario.pe/proyecto/venta-de-departamento-3077-robles-220-san-isidro-lima-lima-qolono-inmobiliaria,-12.0923187,-77.0431111,6,3,5,15,4,11,20
https://nexoinmobiliario.pe/proyecto/venta-de-departamento-3345-oceanika-san-miguel-lima-lima-san-charbel-edificaciones,-12.0922108,-77.081159,1,1,20,20,1,1,20
https://nexoinmobiliario.pe/proyecto/venta-de-departamento-3063-parque-norte-san-isidro-lima-lima-rosiam,-12.0919854,-77.0158094,19,1,12,10,4,5,20
https://nexoinmobiliario.pe/proyecto/venta-de-departamento-2587-bertolotto-etapa-iii-san-miguel-lima-lima-grupo-tyc,-12.0915197,-77.0828203,0,2,20,20,1,3,20
https://nexoinmobiliario.pe/proyecto/venta-de-departamento-2637-bertolotto-etapa-i-san-miguel-lima-lima-grupo-tyc,-12.0915197,-77.0828203,0,2,20,20,1,3,20
https://nexoinmobiliario.pe/proyecto/venta-de-departamento-2662-bertolotto-etapa-ii-san-miguel-lima-lima-grupo-tyc,-12.0915197,-77.0828203,0,2,20,20,1,3,20
https://nexoinmobiliario.pe/proyecto/venta-de-departamento-2665-bertolotto-etapa-iv-san-miguel-lima-lima-grupo-tyc,-12.0915197,-77.0828203,0,2,20,20,1,3,20
https://nexoinmobiliario.pe/proyecto/venta-de-departamento-2192-tree-san-isidro-san-isidro-lima-lima-grupo-t-c,-12.0914897,-77.0294706,14,6,20,20,10,20,20
https://nexoinmobiliario.pe/proyecto/venta-de-departamento-3233-arbora-magdalena-del-mar-lima-lima-lugano,-12.0914695,-77.0675655,17,4,20,20,3,19,20
https://nexoinmobiliario.pe/proyecto/venta-de-departamento-3399-top-life-juan-de-aliaga-magdalena-del-mar-lima-lima-torre-val-desarrollos,-12.0914193,-77.0588528,20,3,20,20,7,9,20
https://nexoinmobiliario.pe/proyecto/venta-de-departamento-2957-luup-san-isidro-lima-lima-cantabria,-12.0912812,-77.0292232,14,5,20,20,10,20,20
https://nexoinmobiliario.pe/proyecto/venta-de-departamento-2653-concepto-style-magdalena-del-mar-lima-lima-imagina,-12.0911593,-77.0565588,20,4,20,20,7,15,20
https://nexoinmobiliario.pe/proyecto/venta-de-departamento-2264-all-san-isidro-san-isidro-lima-lima-senda,-12.0911167,-77.0273653,9,5,20,20,11,20,20
https://nexoinmobiliario.pe/proyecto/venta-de-departamento-1290-pacifik-ocean-tower-san-miguel-lima-lima-labok-grupo-inmobiliario,-12.0910408,-77.0837804,0,1,20,20,1,3,20
https://nexoinmobiliario.pe/proyecto/venta-de-departamento-3410-glam-santiago-de-surco-lima-lima-fortem-gestora-inmobiliaria,-12.0910381,-76.9669019,0,0,3,6,0,0,10
https://nexoinmobiliario.pe/proyecto/venta-de-departamento-3326-masias-lince-lima-lima-ortiz-inmobiliaria,-12.0909548,-77.0261062,7,4,20,20,6,20,20
https://nexoinmobiliario.pe/proyecto/venta-de-departamento-1949-brasil-3395-magdalena-del-mar-lima-lima-evergran-grupo-inmobiliario,-12.0909342,-77.0665623,18,3,20,20,3,12,20
https://nexoinmobiliario.pe/proyecto/venta-de-departamento-3370-suma-los-geranios-124-lince-lima-lima-grupo-dicon,-12.0908483,-77.029267,15,5,20,20,10,20,20
https://nexoinmobiliario.pe/proyecto/venta-de-departamento-2819-aliaga-750-magdalena-del-mar-lima-lima-v-v-grupo-inmobiliario,-12.0907771,-77.0577281,20,3,20,20,6,10,20
https://nexoinmobiliario.pe/proyecto/venta-de-departamento-3666-park-orquideas-lince-lima-lima-actual,-12.0906756,-77.0281678,13,5,20,20,11,20,20
https://nexoinmobiliario.pe/proyecto/venta-de-departamento-2815-tower-27-lince-lima-lima-triada,-12.0906708,-77.0322708,20,8,20,20,7,13,20
https://nexoinmobiliario.pe/proyecto/venta-de-departamento-3620-simplicity-2-santiago-de-surco-lima-lima-akamai,-12.0906354,-76.9736257,2,0,5,9,2,0,11
https://nexoinmobiliario.pe/proyecto/venta-de-departamento-1976-simplicity-santiago-de-surco-lima-lima-akamai,-12.0906354,-76.9736257,2,0,5,9,2,0,11
https://nexoinmobiliario.pe/proyecto/venta-de-departamento-3170-allegra-san-miguel-lima-lima-dkasa,-12.0906279,-77.0797693,4,3,20,20,1,3,20
https://nexoinmobiliario.pe/proyecto/venta-de-departamento-3429-viridian-lince-lima-lima-eureka,-12.0906117,-77.0277721,12,5,20,20,9,20,20
https://nexoinmobiliario.pe/proyecto/venta-de-departamento-3373-insert-san-borja-lima-lima-inmgenio,-12.0905571,-76.9837278,1,0,3,5,0,1,8
https://nexoinmobiliario.pe/proyecto/venta-de-departamento-3184-anturio-lince-lima-lima-abril-grupo-inmobiliario,-12.0904607,-77.0366346,20,4,20,20,9,14,20
https://nexoinmobiliario.pe/proyecto/venta-de-departamento-1914-nius-magdalena-del-mar-lima-lima-grupo-t-c,-12.0903795,-77.0656215,16,2,20,20,1,11,20
https://nexoinmobiliario.pe/proyecto/venta-de-departamento-3510-edificio-calamo-san-miguel-lima-lima-vitain,-12.0903723,-77.0803094,2,2,20,20,1,1,20
https://nexoinmobiliario.pe/proyecto/venta-de-departamento-2064-toscana-lince-lima-lima-toratto-grupo-inmobiliario,-12.090345,-77.0357568,20,6,20,20,9,18,20
https://nexoinmobiliario.pe/proyecto/venta-de-departamento-2775-park-prado-la-victoria-lima-lima-gdc-inmobiliaria,-12.0902496,-77.0182626,20,1,13,10,4,8,20
https://nexoinmobiliario.pe/proyecto/venta-de-departamento-2670-pietra-di-prado-la-victoria-lima-lima-rumi-grupo-inmobiliario,-12.090127,-77.0174066,20,1,14,11,4,6,20
https://nexoinmobiliario.pe/proyecto/venta-de-departamento-3470-catalina-sky-la-victoria-lima-lima-grupo-t-c,-12.0901089,-77.0185983,20,1,14,13,4,8,20
https://nexoinmobiliario.pe/proyecto/venta-de-departamento-3622-residencial-nueva-costanera-san-miguel-lima-lima-in-urban,-12.0899591,-77.0867181,0,1,20,20,1,3,20
https://nexoinmobiliario.pe/proyecto/venta-de-departamento-2678-sauco-la-victoria-lima-lima-abril-grupo-inmobiliario,-12.0899495,-77.0197651,20,1,15,13,3,9,20
https://nexoinmobiliario.pe/proyecto/venta-de-departamento-3673-malaga-residencial-san-miguel-lima-lima-cadiz-inmobiliaria,-12.0899385,-77.0805654,2,2,20,20,1,2,20
https://nexoinmobiliario.pe/proyecto/venta-de-departamento-3065-jade-lince-lima-lima-abril-grupo-inmobiliario,-12.0898696,-77.0363754,20,3,20,20,8,20,20
https://nexoinmobiliario.pe/proyecto/venta-de-departamento-1810-dos-de-mayo-lince-lince-lima-lima-initalia,-12.0897551,-77.0351047,20,9,20,20,9,20,20
https://nexoinmobiliario.pe/proyecto/venta-de-departamento-2082-casanova-151-lince-lima-lima-tale-inmobiliaria,-12.0897319,-77.0342356,20,9,20,20,10,20,20
https://nexoinmobiliario.pe/proyecto/venta-de-departamento-3664-catleya-magdalena-del-mar-lima-lima-abril-grupo-inmobiliario,-12.0897156,-77.0698626,14,9,20,20,2,20,20
https://nexoinmobiliario.pe/proyecto/venta-de-departamento-2199-livorno-lince-lima-lima-toratto-grupo-inmobiliario,-12.0895658,-77.0360325,20,7,20,20,8,20,20
https://nexoinmobiliario.pe/proyecto/venta-de-departamento-1529-amari-san-miguel-lima-lima-constructora-inarco,-12.0895333,-77.0844248,1,1,20,20,1,4,20
https://nexoinmobiliario.pe/proyecto/venta-de-departamento-3565-infinite-lince-lima-lima-mw-grupo-inmobiliario,-12.0894172,-77.0339915,20,9,20,20,9,20,20
https://nexoinmobiliario.pe/proyecto/venta-de-departamento-3582-saranti-san-miguel-lima-lima-constructora-inarco,-12.0893785,-77.0846916,1,2,20,20,1,4,20
https://nexoinmobiliario.pe/proyecto/venta-de-departamento-3045-residencial-casanova-lince-lima-lima-palace,-12.0893342,-77.029933,20,8,20,20,7,17,20
https://nexoinmobiliario.pe/proyecto/venta-de-departamento-3224-magna-san-miguel-lima-lima-dkasa,-12.0893057,-77.0806058,3,2,20,20,1,2,20
https://nexoinmobiliario.pe/proyecto/venta-de-departamento-3608-c-villaran-302-la-victoria-lima-lima-v-v-grupo-inmobiliario,-12.0890946,-77.0214965,16,1,13,20,7,15,20
https://nexoinmobiliario.pe/proyecto/venta-de-departamento-3579-pino-la-victoria-lima-lima-abril-grupo-inmobiliario,-12.0890073,-77.0168333,20,1,14,12,4,6,20
https://nexoinmobiliario.pe/proyecto/venta-de-departamento-3514-central-life-santo-domingo-jesus-maria-lima-lima-varsovia-inversiones,-12.0889929,-77.0574123,20,7,20,20,4,14,20
https://nexoinmobiliario.pe/proyecto/venta-de-departamento-2176-sky-four-lince-lima-lima-flat,-12.0888942,-77.0334457,20,9,20,20,7,20,20
https://nexoinmobiliario.pe/proyecto/venta-de-departamento-1695-audacity-la-victoria-lima-lima-senda,-12.0888479,-77.0110117,20,1,8,14,2,4,20
https://nexoinmobiliario.pe/proyecto/venta-de-departamento-2159-linkce-lince-lima-lima-arteco,-12.0888362,-77.0308193,20,10,20,20,7,14,20
https://nexoinmobiliario.pe/proyecto/venta-de-departamento-2708-be-magdalena-del-mar-lima-lima-san-charbel-edificaciones,-12.0888232,-77.0652178,16,1,20,20,1,8,20
https://nexoinmobiliario.pe/proyecto/venta-de-departamento-2334-vallejo-living-lince-lima-lima-grupo-t-c,-12.0886636,-77.0360883,20,9,20,20,9,20,20
https://nexoinmobiliario.pe/proyecto/venta-de-departamento-2658-albamar-view411-jesus-maria-lima-lima-albamar-grupo-inmobiliario,-12.0886601,-77.0595243,20,2,20,20,3,4,20
https://nexoinmobiliario.pe/proyecto/venta-de-departamento-2059-escala-la-victoria-lima-lima-paz,-12.0886596,-77.0143181,20,3,13,9,3,6,20
https://nexoinmobiliario.pe/proyecto/venta-de-departamento-1977-maddy-magdalena-del-mar-lima-lima-icasa-inmobiliaria,-12.0885414,-77.0703849,13,8,20,20,2,20,20
https://nexoinmobiliario.pe/proyecto/venta-de-departamento-2352-mantra-magdalena-del-mar-lima-lima-capac-asociados,-12.0885397,-77.0615928,20,2,20,20,3,7,20
https://nexoinmobiliario.pe/proyecto/venta-de-departamento-3189-prime-lince-lima-lima-jk-inversiones-inmobiliarias,-12.0884356,-77.0473783,6,3,17,20,4,13,20
https://nexoinmobiliario.pe/proyecto/venta-de-departamento-3394-vision-prado-san-borja-lima-lima-inmovision,-12.088336,-77.0028707,8,6,18,19,2,20,20
https://nexoinmobiliario.pe/proyecto/venta-de-departamento-2292-urban-642-jesus-maria-lima-lima-grupo-sol,-12.0883052,-77.0572334,20,6,20,20,4,13,20
https://nexoinmobiliario.pe/proyecto/venta-de-departamento-3544-echenique-magdalena-del-mar-lima-lima-rb-arquitectura,-12.0882258,-77.0741421,2,10,11,20,2,20,20
https://nexoinmobiliario.pe/proyecto/venta-de-departamento-1991-esencial-lince-lima-lima-alerces-inmobiliaria,-12.0881659,-77.0465224,6,4,20,20,4,14,20
https://nexoinmobiliario.pe/proyecto/venta-de-departamento-3171-unico-magdalena-magdalena-del-mar-lima-lima-gdc-inmobiliaria,-12.0880835,-77.0610546,20,2,20,20,3,6,20
https://nexoinmobiliario.pe/proyecto/venta-de-departamento-3251-proyecto-libertad-san-miguel-lima-lima-grupo-inmobiliario-comunidad,-12.0880814,-77.0845169,2,2,20,20,1,3,20
https://nexoinmobiliario.pe/proyecto/venta-de-departamento-3472-cannelle-jesus-maria-lima-lima-abril-grupo-inmobiliario,-12.0879506,-77.0571409,20,6,20,20,4,13,20
https://nexoinmobiliario.pe/proyecto/venta-de-departamento-1078-veranda-lince-lima-lima-brazil-grupo-inmobiliario,-12.0876861,-77.0422126,10,9,19,20,4,14,20
https://nexoinmobiliario.pe/proyecto/venta-de-departamento-2955-parque-castilla-lince-lima-lima-efron-arquitectos,-12.0874396,-77.0394712,13,9,20,20,4,18,20
https://nexoinmobiliario.pe/proyecto/venta-de-departamento-3238-la-rosa-park-jesus-maria-lima-lima-infinity-group,-12.0874214,-77.0587164,20,4,20,20,3,7,20
https://nexoinmobiliario.pe/proyecto/venta-de-departamento-2469-lune-jesus-maria-lima-lima-capac-asociados,-12.087416,-77.059733,20,2,20,20,4,6,20
https://nexoinmobiliario.pe/proyecto/venta-de-departamento-2183-vizuale-2-lince-lima-lima-ortiz-inmobiliaria,-12.0873103,-77.0295614,14,7,20,20,3,14,20
https://nexoinmobiliario.pe/proyecto/venta-de-departamento-1418-allegro-loft-san-miguel-lima-lima-urbana-perú,-12.0870988,-77.0927456,0,3,11,13,1,6,20
https://nexoinmobiliario.pe/proyecto/venta-de-departamento-3640-560-place-la-victoria-lima-lima-noi-inmobiliaria,-12.0870214,-77.0209898,13,3,11,20,4,12,20
https://nexoinmobiliario.pe/proyecto/venta-de-departamento-3392-cross-lince-lima-lima-granadero-inmobiliaria,-12.086926,-77.0284248,9,5,20,20,3,10,20
https://nexoinmobiliario.pe/proyecto/venta-de-departamento-3607-free-magdalena-del-mar-lima-lima-san-charbel-edificaciones,-12.0868382,-77.0637842,20,0,20,20,1,9,20
https://nexoinmobiliario.pe/proyecto/venta-de-departamento-3342-alborada-iii-san-miguel-lima-lima-grupo-mg,-12.0868323,-77.0908124,0,2,14,17,0,7,20
https://nexoinmobiliario.pe/proyecto/venta-de-departamento-3119-hercelles-la-victoria-lima-lima-balance-grupo-inmobiliario,-12.0868225,-77.022909,7,3,9,20,3,12,20
https://nexoinmobiliario.pe/proyecto/venta-de-departamento-2789-hit-san-borja-lima-lima-urbana-perú,-12.0865032,-76.9945619,20,3,15,20,5,6,20
https://nexoinmobiliario.pe/proyecto/venta-de-departamento-3482-landart-magdalena-del-mar-lima-lima-beca-inmobiliaria,-12.0864408,-77.0700646,6,3,20,20,1,11,20
https://nexoinmobiliario.pe/proyecto/venta-de-departamento-2580-aldana-bella-la-victoria-lima-lima-stella-inmobiliaria,-12.0863503,-77.0103268,19,3,14,19,2,7,20
https://nexoinmobiliario.pe/proyecto/venta-de-departamento-2987-prado-1324-magdalena-del-mar-lima-lima-rb-arquitectura,-12.0858589,-77.0705334,6,2,20,20,1,10,20
https://nexoinmobiliario.pe/proyecto/venta-de-departamento-2744-alborada-ii-san-miguel-lima-lima-grupo-mg,-12.0857061,-77.0933525,1,4,17,13,1,7,20
https://nexoinmobiliario.pe/proyecto/venta-de-departamento-3541-florentina-magdalena-del-mar-lima-lima-inmobiliaria-tall-tower,-12.0853596,-77.069679,7,2,20,20,1,5,20
https://nexoinmobiliario.pe/proyecto/venta-de-departamento-2741-cor-tower-la-victoria-lima-lima-quatro-inmobiliaria,-12.0853264,-77.0156215,11,4,17,13,0,7,20
https://nexoinmobiliario.pe/proyecto/venta-de-departamento-2982-via-excluzzivo-jesus-maria-lima-lima-infinity-group,-12.0852048,-77.055251,16,4,20,20,5,15,20
https://nexoinmobiliario.pe/proyecto/venta-de-departamento-2465-mama-ocllo-lince-lima-lima-flat,-12.0851479,-77.0439277,13,6,20,20,5,11,20
https://nexoinmobiliario.pe/proyecto/venta-de-departamento-3438-lazzo-pueblo-libre-lima-lima-capac-asociados,-12.0851383,-77.0652327,20,1,20,20,2,10,20
https://nexoinmobiliario.pe/proyecto/venta-de-departamento-2787-condominio-portofino-casa-club-jesus-maria-lima-lima-inverplus,-12.0850927,-77.0494398,11,1,20,20,10,12,20
https://nexoinmobiliario.pe/proyecto/venta-de-departamento-2962-eighth-avenue-jesus-maria-lima-lima-beca-inmobiliaria,-12.0850371,-77.0551059,16,4,20,20,5,15,20
https://nexoinmobiliario.pe/proyecto/venta-de-departamento-2371-qualis-parque-candamo-san-miguel-lima-lima-qualis-inmobilia,-12.0849742,-77.0849785,1,1,20,20,1,9,20
https://nexoinmobiliario.pe/proyecto/venta-de-departamento-3498-lagunas-265-la-molina-lima-lima-qolono-inmobiliaria,-12.0849471,-76.9217009,0,0,4,4,0,0,3
https://nexoinmobiliario.pe/proyecto/venta-de-departamento-3181-luce-jesus-maria-lima-lima-ditrenzzo,-12.084679,-77.0508118,12,4,20,20,8,19,20
https://nexoinmobiliario.pe/proyecto/venta-de-departamento-3396-huascar-jesus-maria-lima-lima-ditrenzzo,-12.0845695,-77.0508311,11,4,20,20,8,19,20
https://nexoinmobiliario.pe/proyecto/venta-de-departamento-3503-luna-jesus-maria-lima-lima-lugano,-12.0845122,-77.0500375,11,3,20,20,10,14,20
https://nexoinmobiliario.pe/proyecto/venta-de-departamento-2229-park-san-miguel-san-miguel-lima-lima-gdc-inmobiliaria,-12.0844762,-77.0796122,4,1,9,20,1,12,20
https://nexoinmobiliario.pe/proyecto/venta-de-departamento-3328-vernazza-jesus-maria-lima-lima-toratto-grupo-inmobiliario,-12.0844102,-77.0499588,9,2,20,20,10,12,20
https://nexoinmobiliario.pe/proyecto/venta-de-departamento-2796-family-apartments-la-victoria-lima-lima-hl-desarrollos-inmobiliarios,-12.084219,-77.0248989,5,3,20,18,4,19,20
https://nexoinmobiliario.pe/proyecto/venta-de-departamento-1646-edificio-liri-pueblo-libre-pueblo-libre-lima-lima-grupo-mg,-12.0842128,-77.0675432,9,1,20,20,2,8,20
https://nexoinmobiliario.pe/proyecto/venta-de-departamento-3005-ciudaris-i-amati-jesus-maria-lima-lima-ciudaris,-12.0842041,-77.0499925,9,2,20,20,10,12,20
https://nexoinmobiliario.pe/proyecto/venta-de-departamento-2961-park-side-jesus-maria-lima-lima-madrid-inmobiliaria,-12.0841002,-77.0556818,20,5,20,20,7,14,20
https://nexoinmobiliario.pe/proyecto/venta-de-departamento-3554-huascar-21-jesus-maria-lima-lima-ditrenzzo,-12.0840264,-77.0504368,11,5,20,20,10,14,20
https://nexoinmobiliario.pe/proyecto/venta-de-departamento-2433-strong-la-victoria-lima-lima-pisonay-inmobiliaria,-12.0839888,-77.021767,3,2,12,20,2,15,20
https://nexoinmobiliario.pe/proyecto/venta-de-departamento-3469-mural-lince-lince-lima-lima-grupo-t-c,-12.0839394,-77.0348052,20,16,20,20,15,20,20
https://nexoinmobiliario.pe/proyecto/venta-de-departamento-3056-edificio-garibaldi-jesus-maria-lima-lima-mundo-verde,-12.083867,-77.0504872,11,4,20,20,10,12,20
https://nexoinmobiliario.pe/proyecto/venta-de-departamento-3294-epik-jesus-maria-lima-lima-ditrenzzo,-12.083864,-77.0501462,8,3,20,20,9,11,20
https://nexoinmobiliario.pe/proyecto/venta-de-departamento-2452-soil-pueblo-libre-pueblo-libre-lima-lima-verdant-inmobiliaria,-12.0838136,-77.0657512,20,1,20,20,1,10,20
https://nexoinmobiliario.pe/proyecto/venta-de-departamento-2350-lib-santiago-de-surco-lima-lima-senda,-12.0838058,-76.9788056,6,5,12,16,0,13,20
https://nexoinmobiliario.pe/proyecto/venta-de-departamento-2037-pueblo-libre-pueblo-libre-lima-lima-ee-inmobiliaria,-12.0837971,-77.0659008,20,1,20,20,2,10,20
https://nexoinmobiliario.pe/proyecto/venta-de-departamento-2874-verona-lince-lima-lima-grupo-inmobiliario-s-m,-12.0836439,-77.0441778,9,6,20,20,3,12,20
https://nexoinmobiliario.pe/proyecto/venta-de-departamento-2624-villa-velarde-lince-lima-lima-grupo-caral,-12.0836031,-77.0421815,12,8,20,20,3,10,20
https://nexoinmobiliario.pe/proyecto/venta-de-departamento-3516-qualis-parque-san-judas-tadeo-san-miguel-lima-lima-qualis-inmobilia,-12.0835098,-77.0815713,5,0,18,20,2,8,20
https://nexoinmobiliario.pe/proyecto/venta-de-departamento-2763-belisario-967-lince-lima-lima-grupo-sol,-12.0834931,-77.0444275,8,6,20,20,4,12,20
https://nexoinmobiliario.pe/proyecto/venta-de-departamento-2384-green-view-la-victoria-lima-lima-grupo-sol,-12.0834421,-77.0152325,9,5,12,13,0,7,20
https://nexoinmobiliario.pe/proyecto/venta-de-departamento-3619-bosqo-santiago-de-surco-lima-lima-cosapi,-12.0834184,-76.9799245,6,4,13,18,0,14,20
https://nexoinmobiliario.pe/proyecto/venta-de-departamento-2299-stay-jesus-maria-lima-lima-casaideal-inmobiliaria,-12.0832667,-77.0534163,17,6,20,20,6,13,20
https://nexoinmobiliario.pe/proyecto/venta-de-departamento-3029-midgo-lince-lima-lima-cosapi,-12.0832351,-77.0348741,20,16,20,20,14,20,20
https://nexoinmobiliario.pe/proyecto/venta-de-departamento-2960-lum-san-miguel-lima-lima-calicanto,-12.0831801,-77.0846221,1,2,20,20,1,6,20
https://nexoinmobiliario.pe/proyecto/venta-de-departamento-2340-tempo-2-la-victoria-lima-lima-urbana-perú,-12.0831719,-77.0257892,6,2,20,15,2,20,20
https://nexoinmobiliario.pe/proyecto/venta-de-departamento-3677-beli-465-lince-lima-lima-grupo-sol,-12.083158,-77.045918,7,4,20,20,9,6,20
https://nexoinmobiliario.pe/proyecto/venta-de-departamento-2852-astromelia-jesus-maria-lima-lima-abril-grupo-inmobiliario,-12.0831544,-77.0468568,7,4,20,20,9,7,20
https://nexoinmobiliario.pe/proyecto/venta-de-departamento-2451-seed-growing-home-santiago-de-surco-lima-lima-verdant-inmobiliaria,-12.0831383,-76.979073,6,4,12,17,0,12,20
https://nexoinmobiliario.pe/proyecto/venta-de-departamento-3600-ciudaris-olive-park-jesus-maria-lima-lima-ciudaris,-12.0829365,-77.0544787,19,6,20,20,4,9,20
https://nexoinmobiliario.pe/proyecto/venta-de-departamento-2075-hope-la-victoria-lima-lima-urbana-perú,-12.0827209,-77.0148164,7,5,13,14,0,7,20
https://nexoinmobiliario.pe/proyecto/venta-de-departamento-3371-nuova-vita-jesus-maria-lima-lima-grupo-sol,-12.0824947,-77.0506092,7,3,20,20,8,12,20
https://nexoinmobiliario.pe/proyecto/venta-de-departamento-3589-beyond-jesus-maria-lima-lima-maxx-grupo-inmobiliario,-12.0824947,-77.0506092,7,3,20,20,8,12,20
https://nexoinmobiliario.pe/proyecto/venta-de-departamento-2846-san-felipe-towers-jesus-maria-lima-lima-vive-plm,-12.0824788,-77.050406,6,3,20,20,8,12,20
https://nexoinmobiliario.pe/proyecto/venta-de-departamento-2627-la-foret-san-felipe-jesus-maria-lima-lima-abril-grupo-inmobiliario,-12.08245,-77.05004,6,3,20,20,8,12,20
https://nexoinmobiliario.pe/proyecto/venta-de-departamento-2132-amarelo-jesus-maria-lima-lima-abril-grupo-inmobiliario,-12.0823837,-77.0593996,20,2,20,20,7,8,20
https://nexoinmobiliario.pe/proyecto/venta-de-departamento-1918-muvin-lince-lima-lima-cosapi,-12.082288,-77.0284245,9,4,20,20,3,11,20
https://nexoinmobiliario.pe/proyecto/venta-de-departamento-3060-san-felipe-jesus-maria-lima-lima-actual,-12.0822817,-77.049093,6,4,20,20,8,12,20
https://nexoinmobiliario.pe/proyecto/venta-de-departamento-2764-san-felipe-1190-jesus-maria-lima-lima-v-v-grupo-inmobiliario,-12.0821282,-77.0460963,8,4,20,20,9,8,20
https://nexoinmobiliario.pe/proyecto/venta-de-departamento-3480-more-santiago-de-surco-lima-lima-inmobiliaria-huanwil,-12.0820844,-76.967832,5,3,13,11,9,4,20
https://nexoinmobiliario.pe/proyecto/venta-de-departamento-2194-elant-fase-2-la-victoria-lima-lima-grupo-lar,-12.0820832,-77.025835,3,2,20,20,3,18,20
https://nexoinmobiliario.pe/proyecto/venta-de-departamento-2596-legado-jesus-maria-lima-lima-invent,-12.0820795,-77.0499673,8,3,20,20,8,12,20
https://nexoinmobiliario.pe/proyecto/venta-de-departamento-3661-elant-fase-3-la-victoria-lima-lima-grupo-lar,-12.0820243,-77.0258307,3,2,20,19,3,15,20
https://nexoinmobiliario.pe/proyecto/venta-de-departamento-2847-zendai-la-victoria-lima-lima-grupo-lar,-12.0819063,-77.0119146,3,5,14,14,0,7,20
https://nexoinmobiliario.pe/proyecto/venta-de-departamento-2489-tribeca-ate-lima-lima-vartel-constructora-inmobiliaria,-12.0818898,-76.9854015,4,5,14,20,6,6,20
https://nexoinmobiliario.pe/proyecto/venta-de-departamento-3009-checor-los-lirios-lince-lima-lima-checor-inmobiliaria,-12.0815745,-77.0335738,20,9,20,20,14,20,20
https://nexoinmobiliario.pe/proyecto/venta-de-departamento-1561-ambar-jesus-maria-lima-lima-marte,-12.0814039,-77.0587581,20,1,20,20,7,6,20
https://nexoinmobiliario.pe/proyecto/venta-de-departamento-2393-lombardia-lince-lima-lima-toratto-grupo-inmobiliario,-12.0814,-77.04108,20,8,20,20,4,7,20
https://nexoinmobiliario.pe/proyecto/venta-de-departamento-1615-valente-2-san-miguel-lima-lima-grupo-caral,-12.0813058,-77.0928242,9,5,20,20,2,19,20
https://nexoinmobiliario.pe/proyecto/venta-de-departamento-2684-la-paz-2173-san-miguel-lima-lima-mc-inversiones-inmobiliarias,-12.0812982,-77.1030275,0,3,20,19,1,8,20
https://nexoinmobiliario.pe/proyecto/venta-de-departamento-3210-orquidea-lince-lima-lima-abril-grupo-inmobiliario,-12.0812888,-77.0316825,20,7,20,20,12,20,20
https://nexoinmobiliario.pe/proyecto/venta-de-departamento-3595-pacifico-299-santiago-de-surco-lima-lima-ter-inmobiliaria,-12.0812484,-76.9766073,3,3,8,20,0,9,20
https://nexoinmobiliario.pe/proyecto/venta-de-departamento-3179-edificio-ombu-pueblo-libre-lima-lima-optimus-inmobiliaria,-12.0811881,-77.07026,3,2,20,20,6,4,20
https://nexoinmobiliario.pe/proyecto/venta-de-departamento-2698-hara-etapa-5-la-victoria-lima-lima-grupo-lar,-12.0811503,-77.0118628,3,5,13,14,0,8,20
https://nexoinmobiliario.pe/proyecto/venta-de-departamento-3207-edificio-urbanzen-jesus-maria-lima-lima-grupo-cygnus,-12.0810837,-77.054341,18,4,20,20,8,8,20
https://nexoinmobiliario.pe/proyecto/venta-de-departamento-2841-botanika-jesus-maria-lima-lima-san-charbel-edificaciones,-12.0810636,-77.0571499,18,2,20,20,7,4,20
https://nexoinmobiliario.pe/proyecto/venta-de-departamento-3538-libert-pueblo-libre-lima-lima-grupo-mg,-12.0810321,-77.0597069,20,2,20,20,6,8,20
https://nexoinmobiliario.pe/proyecto/venta-de-departamento-2198-amalfi-san-miguel-lima-lima-paz,-12.0808524,-77.1068846,0,4,16,4,2,6,20
https://nexoinmobiliario.pe/proyecto/venta-de-departamento-2887-kaizen-jesus-maria-lima-lima-odima-inmobiliaria,-12.0808477,-77.0497452,14,4,20,20,9,12,20
https://nexoinmobiliario.pe/proyecto/venta-de-departamento-3363-slim-lince-lima-lima-grupo-tyc,-12.0806183,-77.0348159,20,9,20,20,18,20,20
https://nexoinmobiliario.pe/proyecto/venta-de-departamento-2812-albamar-altuars-lince-lima-lima-albamar-grupo-inmobiliario,-12.0804374,-77.0340701,20,8,20,20,16,20,20
https://nexoinmobiliario.pe/proyecto/venta-de-departamento-3601-via-alegro-san-miguel-lima-lima-kallpa,-12.080267,-77.0845834,6,3,20,20,1,20,20
https://nexoinmobiliario.pe/proyecto/venta-de-departamento-3198-hernandez-1273-pueblo-libre-lima-lima-rb-arquitectura,-12.0802545,-77.07014,4,2,20,20,7,5,20
https://nexoinmobiliario.pe/proyecto/venta-de-departamento-2620-midtown-la-victoria-lima-lima-arteco,-12.0802505,-77.0572733,13,2,20,20,7,4,20
https://nexoinmobiliario.pe/proyecto/venta-de-departamento-3517-medina-jesus-maria-lima-lima-paz,-12.0800915,-77.0397307,20,8,20,20,12,12,20
https://nexoinmobiliario.pe/proyecto/venta-de-departamento-2930-more-jesus-maria-lima-lima-lima-metro-cuadrado,-12.0800883,-77.0562915,17,2,18,20,7,4,20
https://nexoinmobiliario.pe/proyecto/venta-de-departamento-2786-los-recaudadores-27-ate-lima-lima-in-urban,-12.080079,-76.9807259,3,3,12,20,1,5,20
https://nexoinmobiliario.pe/proyecto/venta-de-departamento-2743-arnaldo-living-jesus-maria-lima-lima-ms-inmobiliaria,-12.0800731,-77.0551196,17,4,18,20,8,6,20
https://nexoinmobiliario.pe/proyecto/venta-de-departamento-2788-residencial-brio-jesus-maria-lima-lima-barqueros-inmobiliaria,-12.0800516,-77.0488017,17,4,20,20,9,13,20
https://nexoinmobiliario.pe/proyecto/venta-de-departamento-2953-elysee-pueblo-libre-lima-lima-arteco,-12.0800112,-77.0581887,14,1,19,20,7,4,20
https://nexoinmobiliario.pe/proyecto/venta-de-departamento-3638-serie-19-san-miguel-lima-lima-grupo-brocksa,-12.0798499,-77.0936132,14,5,18,20,7,19,20
https://nexoinmobiliario.pe/proyecto/venta-de-departamento-3376-naxos-jesus-maria-lima-lima-ifi-inmobiliaria,-12.0797641,-77.0492323,17,6,20,20,9,13,20
https://nexoinmobiliario.pe/proyecto/venta-de-departamento-2769-patio-la-paz-san-miguel-lima-lima-paz,-12.0797404,-77.1062024,0,4,19,11,2,7,20
https://nexoinmobiliario.pe/proyecto/venta-de-departamento-2714-like-one-san-miguel-lima-lima-granadero-inmobiliaria,-12.0797147,-77.0820211,10,3,20,20,2,20,20
https://nexoinmobiliario.pe/proyecto/venta-de-departamento-1693-mar-de-plata-ii-san-miguel-lima-lima-grupo-mg,-12.0796903,-77.0817833,8,2,20,20,2,20,20
https://nexoinmobiliario.pe/proyecto/venta-de-departamento-2716-libre-san-miguel-lima-lima-grupo-brocksa,-12.0796132,-77.1035363,0,4,20,20,1,8,20
https://nexoinmobiliario.pe/proyecto/venta-de-departamento-3336-prada-jesus-maria-lima-lima-maxx-grupo-inmobiliario,-12.0795016,-77.0499914,19,7,20,20,10,13,20
https://nexoinmobiliario.pe/proyecto/venta-de-departamento-3351-residencial-salamanca-de-monterrico-18-ate-lima-lima-eficaxx-grupo-inmobiliario,-12.0794006,-76.9865052,6,7,14,20,7,10,20
https://nexoinmobiliario.pe/proyecto/venta-de-departamento-2213-checor-las-magnolias-cercado-de-lima-lima-lima-checor-inmobiliaria,-12.0790862,-77.0342798,20,5,20,20,14,20,20
https://nexoinmobiliario.pe/proyecto/venta-de-departamento-2817-kora-san-miguel-lima-lima-dkasa,-12.0790728,-77.1036318,0,4,20,20,1,8,20
https://nexoinmobiliario.pe/proyecto/venta-de-departamento-1993-s14-apartments-cercado-de-lima-lima-lima-urbana-perú,-12.0790538,-77.0350364,20,4,20,20,14,20,20
https://nexoinmobiliario.pe/proyecto/venta-de-departamento-3053-minimal-cercado-de-lima-lima-lima-grupo-tyc,-12.078973,-77.0354645,20,5,20,20,15,20,20
https://nexoinmobiliario.pe/proyecto/venta-de-departamento-3652-vista-razuri-san-miguel-lima-lima-prospera-grupo-inmobiliario,-12.0789701,-77.1012354,0,1,20,20,2,8,20
https://nexoinmobiliario.pe/proyecto/venta-de-departamento-1740-hills-camacho-santiago-de-surco-lima-lima-grupo-t-c,-12.0788898,-76.9652287,3,1,9,9,2,6,20
https://nexoinmobiliario.pe/proyecto/venta-de-departamento-3610-villa-alba-pueblo-libre-lima-lima-grupo-caral,-12.0788643,-77.0663738,6,4,20,20,1,19,20
https://nexoinmobiliario.pe/proyecto/venta-de-departamento-2516-homelike-ii-santiago-de-surco-lima-lima-gratia-constructora,-12.0787518,-76.9759287,3,3,2,20,1,6,20
https://nexoinmobiliario.pe/proyecto/venta-de-departamento-3305-belalba-pueblo-libre-lima-lima-urbana-perú,-12.0785636,-77.0576182,13,2,17,20,7,4,20
https://nexoinmobiliario.pe/proyecto/venta-de-departamento-3577-residencial-salamanca-de-monterrico-19-ate-lima-lima-eficaxx-grupo-inmobiliario,-12.078545,-76.9841559,6,4,13,20,3,11,20
https://nexoinmobiliario.pe/proyecto/venta-de-departamento-2715-central-park-cercado-de-lima-lima-lima-tribeca-inmobiliaria,-12.078525,-77.036408,20,4,20,20,17,20,20
https://nexoinmobiliario.pe/proyecto/venta-de-departamento-3537-serie-18-san-miguel-lima-lima-grupo-brocksa,-12.0784596,-77.0919933,16,7,20,20,9,20,20
https://nexoinmobiliario.pe/proyecto/venta-de-departamento-3298-cool-living-cercado-de-lima-lima-lima-promsal,-12.0784257,-77.0346761,20,4,20,20,16,20,20
https://nexoinmobiliario.pe/proyecto/venta-de-departamento-1158-costanera-29-san-miguel-lima-lima-grupo-t-c,-12.0783172,-77.1108742,0,2,13,3,1,4,20
https://nexoinmobiliario.pe/proyecto/venta-de-departamento-1866-edificio-los-pinos-iii-cercado-de-lima-lima-lima-grupo-mg,-12.0782224,-77.0315961,10,3,20,20,8,15,20
https://nexoinmobiliario.pe/proyecto/venta-de-departamento-3406-albamar-match-san-miguel-lima-lima-albamar-grupo-inmobiliario,-12.0781557,-77.0953829,12,1,18,20,6,10,20
https://nexoinmobiliario.pe/proyecto/venta-de-departamento-2439-on-apartments-etapa-2-la-victoria-lima-lima-hpc-inmobiliaria,-12.0780787,-77.0277869,5,3,20,13,2,13,20
https://nexoinmobiliario.pe/proyecto/venta-de-departamento-2894-patriotas-san-miguel-san-miguel-lima-lima-proyec-inmobiliaria,-12.0779699,-77.0964848,10,1,20,20,5,12,20
https://nexoinmobiliario.pe/proyecto/venta-de-departamento-2641-checor-las-dalias-cercado-de-lima-lima-lima-checor-inmobiliaria,-12.0778904,-77.0329006,18,4,20,20,14,16,20
https://nexoinmobiliario.pe/proyecto/venta-de-departamento-3346-kauri-pueblo-libre-lima-lima-abril-grupo-inmobiliario,-12.0778469,-77.0688173,6,2,15,20,4,9,20
https://nexoinmobiliario.pe/proyecto/venta-de-departamento-2958-aura-apartments-san-miguel-lima-lima-casa-bonita,-12.0777991,-77.0967576,10,1,20,20,5,12,20
https://nexoinmobiliario.pe/proyecto/venta-de-departamento-3011-torre-castelo-cercado-de-lima-lima-lima-capac-asociados,-12.0777887,-77.0348687,20,4,20,20,19,20,20
https://nexoinmobiliario.pe/proyecto/venta-de-departamento-2555-qualis-alameda-jaime-herrera-pueblo-libre-lima-lima-qualis-inmobilia,-12.077753,-77.0734338,2,1,17,20,7,2,20
https://nexoinmobiliario.pe/proyecto/venta-de-departamento-2981-pietra-tendenza-san-miguel-lima-lima-rumi-grupo-inmobiliario,-12.07766,-77.095158,15,1,18,20,7,10,20
https://nexoinmobiliario.pe/proyecto/venta-de-departamento-3213-pizarro-1399-pueblo-libre-lima-lima-jej-fomenta-inmobiliaria,-12.0776588,-77.065732,7,5,16,20,0,16,20
https://nexoinmobiliario.pe/proyecto/venta-de-departamento-1532-neomar-3-pueblo-libre-lima-lima-ms-inmobiliaria,-12.0776489,-77.068656,6,4,14,20,4,11,20
https://nexoinmobiliario.pe/proyecto/venta-de-departamento-3578-loto-san-miguel-lima-lima-abril-grupo-inmobiliario,-12.0775954,-77.0915108,16,7,20,20,9,20,20
https://nexoinmobiliario.pe/proyecto/venta-de-departamento-2360-edificio-mariategui-jesus-maria-lima-lima-grupo-cygnus,-12.077566,-77.0503861,20,9,20,20,6,20,20
https://nexoinmobiliario.pe/proyecto/venta-de-departamento-3422-top-living-pueblo-libre-lima-lima-ms-inmobiliaria,-12.077515,-77.0692514,6,2,12,20,5,7,20
https://nexoinmobiliario.pe/proyecto/venta-de-departamento-2717-parque-escardo-san-miguel-lima-lima-capac-asociados,-12.0774344,-77.0934137,17,6,20,20,8,18,20
https://nexoinmobiliario.pe/proyecto/venta-de-departamento-2973-ecovento-san-miguel-lima-lima-ecohabitat-desarrollo-inmobiliario,-12.0774344,-77.0934137,17,6,20,20,8,18,20
https://nexoinmobiliario.pe/proyecto/venta-de-departamento-3259-the-landmark-pueblo-libre-lima-lima-platinum-group-inmobiliaria,-12.0772767,-77.0644755,7,6,18,20,0,18,20
https://nexoinmobiliario.pe/proyecto/venta-de-departamento-3252-lienzo-park-live-pueblo-libre-lima-lima-ms-inmobiliaria,-12.077149,-77.0692369,6,3,9,20,5,5,20
https://nexoinmobiliario.pe/proyecto/venta-de-departamento-3647-movento-pueblo-libre-lima-lima-madrid-inmobiliaria,-12.0770935,-77.0718126,3,1,16,20,6,1,20
https://nexoinmobiliario.pe/proyecto/venta-de-departamento-2730-emerald-pueblo-libre-2-pueblo-libre-lima-lima-fai-inmobiliaria,-12.0770194,-77.0566491,15,4,20,20,10,7,20
https://nexoinmobiliario.pe/proyecto/venta-de-departamento-3202-supra-tower-san-miguel-lima-lima-quatro-inmobiliaria,-12.0769686,-77.0985535,7,1,18,20,3,6,20
https://nexoinmobiliario.pe/proyecto/venta-de-departamento-2514-residencial-trieste-san-miguel-lima-lima-dkasa,-12.0769166,-77.0986835,6,1,17,20,3,6,20
https://nexoinmobiliario.pe/proyecto/venta-de-departamento-2502-malva-jesus-maria-lima-lima-grupo-tyc,-12.076901,-77.0551524,18,6,19,20,12,11,20
https://nexoinmobiliario.pe/proyecto/venta-de-departamento-3639-loft-apts-san-miguel-lima-lima-lima-metro-cuadrado,-12.0767939,-77.0989682,6,1,18,20,3,6,20
https://nexoinmobiliario.pe/proyecto/venta-de-departamento-2559-residencial-vernazza-san-miguel-lima-lima-dkasa,-12.0767123,-77.0999501,3,1,19,20,2,9,20
https://nexoinmobiliario.pe/proyecto/venta-de-departamento-3002-tizon-y-bueno-jesus-maria-lima-lima-grupo-cygnus,-12.0766737,-77.0541028,20,8,20,20,12,20,20
https://nexoinmobiliario.pe/proyecto/venta-de-departamento-2851-pietra-d-avanti-san-miguel-lima-lima-rumi-grupo-inmobiliario,-12.0766322,-77.0982418,8,1,18,20,3,6,20
https://nexoinmobiliario.pe/proyecto/venta-de-departamento-1940-monterosso-jesus-maria-lima-lima-toratto-grupo-inmobiliario,-12.0763895,-77.0455721,20,2,20,20,6,17,20
https://nexoinmobiliario.pe/proyecto/venta-de-departamento-3035-jardines-de-santa-beatriz-etapa-ii-cercado-de-lima-lima-lima-tm-gestion-inmobiliaria,-12.0763794,-77.0304849,4,2,20,20,4,16,20
https://nexoinmobiliario.pe/proyecto/venta-de-departamento-1846-residencial-movit-pueblo-libre-lima-lima-barqueros-inmobiliaria,-12.0761984,-77.0682026,7,6,15,20,2,20,20
https://nexoinmobiliario.pe/proyecto/venta-de-departamento-3684-albamar-bea-cercado-de-lima-lima-lima-albamar-grupo-inmobiliario,-12.0761693,-77.0334076,12,1,20,20,14,14,20
https://nexoinmobiliario.pe/proyecto/venta-de-departamento-3596-salaverry-jesus-maria-lima-lima-sembra-inmobiliaria,-12.0761536,-77.0424364,20,1,20,20,10,8,20
https://nexoinmobiliario.pe/proyecto/venta-de-departamento-2084-unity-cercado-de-lima-lima-lima-casaideal-inmobiliaria,-12.0759817,-77.0367775,20,0,20,20,19,19,20
https://nexoinmobiliario.pe/proyecto/venta-de-departamento-2727-concepto-urban-park-cercado-de-lima-lima-lima-imagina,-12.0759724,-77.0347543,20,0,20,20,19,18,20
https://nexoinmobiliario.pe/proyecto/venta-de-departamento-3485-alejandria-jesus-maria-lima-lima-brazil-grupo-inmobiliario,-12.0759486,-77.0414329,20,1,20,20,12,8,20
https://nexoinmobiliario.pe/proyecto/venta-de-departamento-2308-smart-a-cercado-de-lima-lima-lima-grupo-mg,-12.0759441,-77.0329479,11,1,20,20,12,13,20
https://nexoinmobiliario.pe/proyecto/venta-de-departamento-3186-helio-santa-beatriz-cercado-de-lima-lima-lima-padova,-12.0759378,-77.0299687,3,2,20,18,3,15,20
https://nexoinmobiliario.pe/proyecto/venta-de-departamento-3324-edificio-fenix-jesus-maria-lima-lima-grupo-cygnus,-12.0758662,-77.050578,20,9,20,20,11,20,20
https://nexoinmobiliario.pe/proyecto/venta-de-departamento-3339-guisse-1060-jesus-maria-lima-lima-balance-grupo-inmobiliario,-12.0757938,-77.0399838,20,0,20,20,14,15,20
https://nexoinmobiliario.pe/proyecto/venta-de-departamento-3208-girasol-jesus-maria-lima-lima-abril-grupo-inmobiliario,-12.0757356,-77.0507258,20,9,20,20,11,20,20
https://nexoinmobiliario.pe/proyecto/venta-de-departamento-2644-c-gonzales-239-san-miguel-lima-lima-v-v-grupo-inmobiliario,-12.0756621,-77.0910708,14,8,20,20,9,20,20
https://nexoinmobiliario.pe/proyecto/venta-de-departamento-2893-campo-marte-jesus-maria-lima-lima-flat,-12.0755799,-77.0510831,20,9,20,20,13,20,20
https://nexoinmobiliario.pe/proyecto/venta-de-departamento-2996-albamar-arenales-cercado-de-lima-lima-lima-albamar-grupo-inmobiliario,-12.0755558,-77.0368327,20,0,20,20,16,18,20
https://nexoinmobiliario.pe/proyecto/venta-de-departamento-2556-miller-1050-jesus-maria-lima-lima-novoarte-soluciones,-12.0754529,-77.0384123,20,0,20,20,18,16,20
https://nexoinmobiliario.pe/proyecto/venta-de-departamento-2140-venezia-magdalena-del-mar-lima-lima-grupo-inmobiliario-s-m,-12.0753689,-77.0882733,12,8,20,20,5,20,20
https://nexoinmobiliario.pe/proyecto/venta-de-departamento-2767-ciudaris-i-iconik-park-cercado-de-lima-lima-lima-ciudaris,-12.075364,-77.0335688,13,0,20,20,17,12,20
https://nexoinmobiliario.pe/proyecto/venta-de-departamento-2900-catari-371-san-miguel-lima-lima-grupo-brocksa,-12.0752883,-77.1003548,3,0,20,20,2,7,20
https://nexoinmobiliario.pe/proyecto/venta-de-departamento-3423-eco-amira-san-miguel-lima-lima-ecohabitat-desarrollo-inmobiliario,-12.0752046,-77.1012894,2,0,20,20,2,6,20
https://nexoinmobiliario.pe/proyecto/venta-de-departamento-3036-edificio-piana-pueblo-libre-lima-lima-andiamo,-12.0751918,-77.0542837,20,9,20,20,13,20,20
https://nexoinmobiliario.pe/proyecto/venta-de-departamento-3034-concepto-family-too-san-miguel-lima-lima-imagina,-12.0750385,-77.0923119,15,6,20,20,9,16,20
https://nexoinmobiliario.pe/proyecto/venta-de-departamento-3314-residencial-arboleda-san-miguel-lima-lima-multiurbe,-12.0749994,-77.1048145,0,2,20,18,3,3,20
https://nexoinmobiliario.pe/proyecto/venta-de-departamento-2506-ocean-avenue-pueblo-libre-lima-lima-servipro,-12.0749761,-77.0631473,10,6,19,20,1,20,20
https://nexoinmobiliario.pe/proyecto/venta-de-departamento-2251-invent-cuba-jesus-maria-lima-lima-invent,-12.0749697,-77.0463933,20,2,20,20,5,20,20
https://nexoinmobiliario.pe/proyecto/venta-de-departamento-3296-albamar-paseo-paz-jesus-maria-lima-lima-albamar-grupo-inmobiliario,-12.0749221,-77.040806,20,1,20,20,12,12,20
https://nexoinmobiliario.pe/proyecto/venta-de-departamento-2747-ciudaris-i-quarzo-jesus-maria-lima-lima-ciudaris,-12.0748933,-77.0411692,20,1,20,20,12,10,20
https://nexoinmobiliario.pe/proyecto/venta-de-departamento-2454-armonie-cuba-638-jesus-maria-lima-lima-grupo-binda,-12.0748836,-77.0423914,20,1,20,20,10,7,20
https://nexoinmobiliario.pe/proyecto/venta-de-departamento-3289-marina-city-center-san-miguel-lima-lima-inverdes,-12.0748399,-77.0923491,14,7,20,20,8,16,20
https://nexoinmobiliario.pe/proyecto/venta-de-departamento-2382-lasso-467-san-luis-lima-lima-promsal,-12.0747575,-76.9961447,6,5,14,17,2,17,20
https://nexoinmobiliario.pe/proyecto/venta-de-departamento-2912-nueva-metropolis-cercado-de-lima-lima-lima-invent,-12.0746068,-77.0343721,16,0,20,20,18,15,20
https://nexoinmobiliario.pe/proyecto/venta-de-departamento-3020-maytacapac1276-jesus-maria-lima-lima-vittoria-inmobiliaria,-12.074474,-77.0429761,19,1,20,20,10,9,20
https://nexoinmobiliario.pe/proyecto/venta-de-departamento-2849-vivapark-san-miguel-lima-lima-ecohabitat-desarrollo-inmobiliario,-12.074436,-77.095969,13,2,20,20,5,9,20
https://nexoinmobiliario.pe/proyecto/venta-de-departamento-3414-neo-lloque-jesus-maria-lima-lima-fortem-gestora-inmobiliaria,-12.0743607,-77.0459302,20,2,20,20,9,20,20
https://nexoinmobiliario.pe/proyecto/venta-de-departamento-2156-qualis-parque-la-medalla-san-miguel-lima-lima-qualis-inmobilia,-12.0743493,-77.1045806,1,1,20,19,3,3,20
https://nexoinmobiliario.pe/proyecto/venta-de-departamento-3282-residencial-orion-jesus-maria-lima-lima-stella-inmobiliaria,-12.0743317,-77.0461391,20,2,20,20,6,20,20
https://nexoinmobiliario.pe/proyecto/venta-de-departamento-2232-mar-adriatico-san-miguel-lima-lima-procity,-12.0741445,-77.0925414,9,7,20,20,6,9,20
https://nexoinmobiliario.pe/proyecto/venta-de-departamento-3242-new-one-jesus-maria-lima-lima-granadero-inmobiliaria,-12.0740031,-77.0398247,20,0,20,20,20,15,20
https://nexoinmobiliario.pe/proyecto/venta-de-departamento-1571-brasil-14-jesus-maria-lima-lima-citia,-12.0739827,-77.0526486,20,7,20,20,15,20,20
https://nexoinmobiliario.pe/proyecto/venta-de-departamento-3209-tulipan-cercado-de-lima-lima-lima-abril-grupo-inmobiliario,-12.0738848,-77.0351047,13,0,20,20,19,15,20
https://nexoinmobiliario.pe/proyecto/venta-de-departamento-2253-invent-tirado-cercado-de-lima-lima-lima-invent,-12.0738434,-77.0322219,4,0,20,20,13,8,20
https://nexoinmobiliario.pe/proyecto/venta-de-departamento-3325-edificio-sialia-jesus-maria-lima-lima-grupo-cygnus,-12.0736972,-77.0466613,20,3,20,20,6,20,20
https://nexoinmobiliario.pe/proyecto/venta-de-departamento-2216-savia-pueblo-libre-lima-lima-paz,-12.0736854,-77.0529121,20,6,20,20,15,20,20
https://nexoinmobiliario.pe/proyecto/venta-de-departamento-2965-santorini-cercado-de-lima-lima-lima-brazil-grupo-inmobiliario,-12.0736735,-77.0313149,3,0,20,20,7,7,20
https://nexoinmobiliario.pe/proyecto/venta-de-departamento-1816-central-home-cercado-de-lima-lima-lima-casa-bonita,-12.0736234,-77.034891,12,0,20,20,19,14,20
https://nexoinmobiliario.pe/proyecto/venta-de-departamento-3421-quinones-park-san-miguel-lima-lima-multiurbe,-12.0734245,-77.0960388,12,3,20,20,5,8,20
https://nexoinmobiliario.pe/proyecto/venta-de-departamento-2324-park-living-cercado-de-lima-lima-lima-eureka,-12.0734107,-77.0698796,3,2,8,20,4,7,20
https://nexoinmobiliario.pe/proyecto/venta-de-departamento-2622-park-living-pueblo-libre-lima-lima-ms-inmobiliaria,-12.0734107,-77.0698796,3,2,8,20,4,7,20
https://nexoinmobiliario.pe/proyecto/venta-de-departamento-3115-propio-jesus-maria-lima-lima-vivans-inmobiliaria,-12.0733936,-77.0382833,19,0,20,20,20,13,20
https://nexoinmobiliario.pe/proyecto/venta-de-departamento-2300-garden-tower-jesus-maria-lima-lima-palace,-12.0733382,-77.0476417,20,4,20,20,10,20,20
https://nexoinmobiliario.pe/proyecto/venta-de-departamento-3381-novo-3-cercado-de-lima-lima-lima-my-home,-12.0732839,-77.0309237,2,0,20,20,5,8,20
https://nexoinmobiliario.pe/proyecto/venta-de-departamento-3272-residencial-pizarro-pueblo-libre-lima-lima-yoplac-asociados,-12.0732701,-77.0690691,2,3,7,20,2,7,20
https://nexoinmobiliario.pe/proyecto/venta-de-departamento-2842-qualis-parque-continental-san-miguel-lima-lima-qualis-inmobilia,-12.0730751,-77.1049547,1,0,20,17,3,5,20
https://nexoinmobiliario.pe/proyecto/venta-de-departamento-3527-lambayeque-197-san-miguel-lima-lima-jopesa,-12.0729601,-77.1038613,2,0,20,19,3,5,20
https://nexoinmobiliario.pe/proyecto/venta-de-departamento-2649-brasil-1396-pueblo-libre-lima-lima-icasa-inmobiliaria,-12.0729546,-77.0523468,20,6,20,20,18,20,20
https://nexoinmobiliario.pe/proyecto/venta-de-departamento-3379-ciudaris-i-monet-jesus-maria-lima-lima-ciudaris,-12.0729358,-77.0431557,18,1,20,20,9,8,20
https://nexoinmobiliario.pe/proyecto/venta-de-departamento-2295-residencial-real-la-victoria-lima-lima-paz,-12.0729018,-77.0302431,2,0,20,20,4,9,20
https://nexoinmobiliario.pe/proyecto/venta-de-departamento-3225-residencial-sienna-pueblo-libre-lima-lima-jk-inversiones-inmobiliarias,-12.0728909,-77.0663643,4,6,11,17,3,17,20
https://nexoinmobiliario.pe/proyecto/venta-de-departamento-3386-zenna-jesus-maria-lima-lima-lugano,-12.072885,-77.0454152,20,2,20,20,7,17,20
https://nexoinmobiliario.pe/proyecto/venta-de-departamento-2445-bolivar-1209-pueblo-libre-lima-lima-ter-inmobiliaria,-12.0726418,-77.0667376,4,6,10,16,3,12,20
https://nexoinmobiliario.pe/proyecto/venta-de-departamento-2911-residencial-real-etapa-2-la-victoria-lima-lima-paz,-12.0726297,-77.0301553,2,0,20,20,4,8,20
https://nexoinmobiliario.pe/proyecto/venta-de-departamento-3322-avellana-pueblo-libre-lima-lima-abril-grupo-inmobiliario,-12.0725401,-77.0519768,20,5,20,20,17,20,20
https://nexoinmobiliario.pe/proyecto/venta-de-departamento-2940-amaranta-pueblo-libre-lima-lima-abril-grupo-inmobiliario,-12.0720557,-77.0628819,13,5,18,20,4,19,20
https://nexoinmobiliario.pe/proyecto/venta-de-departamento-1867-edificio-vista-verde-cercado-de-lima-lima-lima-grupo-mg,-12.0720063,-77.0321308,3,0,20,20,11,8,20
https://nexoinmobiliario.pe/proyecto/venta-de-departamento-3500-talara702-jesus-maria-lima-lima-vittoria-inmobiliaria,-12.0719395,-77.0428555,16,2,18,20,8,8,20
https://nexoinmobiliario.pe/proyecto/venta-de-departamento-1955-nerea-pueblo-libre-lima-lima-grupo-caral,-12.0719338,-77.0624431,19,5,19,20,4,19,20
https://nexoinmobiliario.pe/proyecto/venta-de-departamento-2802-residencial-parque-marti-san-miguel-lima-lima-concreta-grupo-inmobiliario,-12.0719233,-77.1018987,7,0,20,20,3,10,20
https://nexoinmobiliario.pe/proyecto/venta-de-departamento-1301-reserva-748-cercado-de-lima-lima-lima-cantabria,-12.0718375,-77.0365738,12,0,20,20,20,13,20
https://nexoinmobiliario.pe/proyecto/venta-de-departamento-3362-edificio-blend-jesus-maria-lima-lima-lugano,-12.0718036,-77.0468183,20,3,20,20,8,20,20
https://nexoinmobiliario.pe/proyecto/venta-de-departamento-3110-8-de-octubre-pueblo-libre-lima-lima-constructora-mallorca,-12.0715326,-77.0614912,20,4,16,20,4,15,20
https://nexoinmobiliario.pe/proyecto/venta-de-departamento-2244-astoria-jesus-maria-lima-lima-arteco,-12.0715279,-77.0385976,11,0,20,20,20,13,20
https://nexoinmobiliario.pe/proyecto/venta-de-departamento-3312-dumont-jesus-maria-lima-lima-arteco,-12.0713574,-77.0386597,11,0,20,20,20,13,20
https://nexoinmobiliario.pe/proyecto/venta-de-departamento-3347-maximo-abril-jesus-maria-lima-lima-abril-grupo-inmobiliario,-12.0713055,-77.0397096,11,0,20,20,20,13,20
https://nexoinmobiliario.pe/proyecto/venta-de-departamento-3311-homely-pueblo-libre-lima-lima-grupo-sol,-12.0712816,-77.0631167,12,4,18,19,4,20,20
https://nexoinmobiliario.pe/proyecto/venta-de-departamento-3293-proximo-la-molina-lima-lima-vivans-inmobiliaria,-12.0712166,-76.953579,6,8,18,14,19,13,20
https://nexoinmobiliario.pe/proyecto/venta-de-departamento-2016-via-fernandini-pueblo-libre-lima-lima-capac-asociados,-12.0709436,-77.0520339,20,4,20,20,14,20,20
https://nexoinmobiliario.pe/proyecto/venta-de-departamento-3397-zircon-jesus-maria-lima-lima-marte,-12.0707919,-77.0432124,15,2,18,20,6,8,20
https://nexoinmobiliario.pe/proyecto/venta-de-departamento-2824-velvet-pueblo-libre-lima-lima-beca-inmobiliaria,-12.0702929,-77.0686746,1,3,10,19,3,9,20
https://nexoinmobiliario.pe/proyecto/venta-de-departamento-3398-alicanto-jesus-maria-lima-lima-grupo-cygnus,-12.07028,-77.04801,20,4,20,20,10,20,20
https://nexoinmobiliario.pe/proyecto/venta-de-departamento-3365-qualis-parque-monitor-san-miguel-lima-lima-qualis-inmobilia,-12.0702383,-77.0989611,5,1,20,20,2,8,20
https://nexoinmobiliario.pe/proyecto/venta-de-departamento-1628-residencial-frutales-la-molina-lima-lima-cimentares-grupo-inmobiliario,-12.0701568,-76.9644461,1,0,5,6,5,0,9
https://nexoinmobiliario.pe/proyecto/venta-de-departamento-2116-salaverry-571-jesus-maria-lima-lima-desarrolladora,-12.0699087,-77.0399324,11,0,18,20,20,12,20
https://nexoinmobiliario.pe/proyecto/venta-de-departamento-3509-del-rio-294-pueblo-libre-lima-lima-ecohabitat-desarrollo-inmobiliario,-12.0698799,-77.0552579,16,3,11,20,14,6,20
https://nexoinmobiliario.pe/proyecto/venta-de-departamento-2726-residencial-capri-san-miguel-lima-lima-dkasa,-12.0698731,-77.0967886,4,1,18,20,0,6,20
https://nexoinmobiliario.pe/proyecto/venta-de-departamento-3425-alameda-san-miguel-san-miguel-lima-lima-tale-inmobiliaria,-12.0696067,-77.0980051,4,1,19,20,0,7,20
https://nexoinmobiliario.pe/proyecto/venta-de-departamento-2759-residencial-valenti-pueblo-libre-lima-lima-barqueros-inmobiliaria,-12.0694301,-77.0679614,1,1,12,15,3,9,20
https://nexoinmobiliario.pe/proyecto/venta-de-departamento-3486-illa-living-pueblo-libre-lima-lima-inizia-inmobiliaria,-12.0690119,-77.0621619,11,1,14,19,3,8,20
https://nexoinmobiliario.pe/proyecto/venta-de-departamento-1296-el-rio-pueblo-libre-lima-lima-gratia-constructora,-12.0687104,-77.0547764,8,1,4,20,8,7,20
https://nexoinmobiliario.pe/proyecto/venta-de-departamento-3584-zaragoza-110-pueblo-libre-lima-lima-canny-arquitectos,-12.068351,-77.0624501,10,1,11,20,3,7,20
https://nexoinmobiliario.pe/proyecto/venta-de-departamento-2079-maz-breña-lima-lima-constructora-inarco,-12.0679281,-77.0498554,20,3,20,20,11,20,20
https://nexoinmobiliario.pe/proyecto/venta-de-departamento-3587-maz-etapa-2-breña-lima-lima-constructora-inarco,-12.0679281,-77.0498554,20,3,20,20,11,20,20
https://nexoinmobiliario.pe/proyecto/venta-de-departamento-3017-ascenza-pueblo-libre-lima-lima-fcm-construcciones,-12.0679143,-77.0694639,1,2,10,13,1,6,20
https://nexoinmobiliario.pe/proyecto/venta-de-departamento-2805-florencia-pueblo-libre-lima-lima-paz,-12.0678526,-77.0663363,0,0,8,13,2,5,20
https://nexoinmobiliario.pe/proyecto/venta-de-departamento-3352-alameda-rio-grande-pueblo-libre-lima-lima-concreta-grupo-inmobiliario,-12.0677347,-77.0571725,16,2,3,20,4,4,20
https://nexoinmobiliario.pe/proyecto/venta-de-departamento-3466-evolution-cercado-de-lima-lima-lima-pisonay-inmobiliaria,-12.0675334,-77.068783,1,1,8,11,0,6,20
https://nexoinmobiliario.pe/proyecto/venta-de-departamento-3001-urban-tower-3-cercado-de-lima-lima-lima-quatro-inmobiliaria,-12.0675196,-77.0708145,2,1,9,16,2,6,20
https://nexoinmobiliario.pe/proyecto/venta-de-departamento-2263-jomy-pueblo-libre-lima-lima-avenir-grupo-inmobiliario,-12.0673704,-77.0572434,10,1,4,20,4,4,20
https://nexoinmobiliario.pe/proyecto/venta-de-departamento-2249-bravo-pueblo-libre-pueblo-libre-lima-lima-verones-grupo-inmobiliario,-12.0673103,-77.0580694,10,1,6,20,2,3,20
https://nexoinmobiliario.pe/proyecto/venta-de-departamento-2504-varela-living-breña-lima-lima-grupo-tyc,-12.0671037,-77.0528812,6,4,17,19,6,12,20
https://nexoinmobiliario.pe/proyecto/venta-de-departamento-3274-magnolia-magdalena-del-mar-lima-lima-abril-grupo-inmobiliario,-12.0669613,-77.0561346,5,3,2,20,4,4,20
https://nexoinmobiliario.pe/proyecto/venta-de-departamento-2262-magnolia-pueblo-libre-lima-lima-paz,-12.0669613,-77.0561346,5,3,2,20,4,4,20
https://nexoinmobiliario.pe/proyecto/venta-de-departamento-2507-flamingo-jesus-maria-lima-lima-grupo-tyc,-12.0668453,-77.0467143,20,4,20,20,3,20,20
https://nexoinmobiliario.pe/proyecto/venta-de-departamento-2560-nossa-jesus-maria-lima-lima-grupo-tyc,-12.0659142,-77.045861,20,5,20,20,4,20,20
https://nexoinmobiliario.pe/proyecto/venta-de-departamento-2212-garzon-jesus-maria-lima-lima-my-home,-12.0657889,-77.0444641,20,5,20,20,4,16,20
https://nexoinmobiliario.pe/proyecto/venta-de-departamento-2115-alborada-san-miguel-lima-lima-grupo-mg,-12.0655739,-77.0695086,1,1,9,16,1,5,20
https://nexoinmobiliario.pe/proyecto/venta-de-departamento-3253-camelia-jesus-maria-lima-lima-abril-grupo-inmobiliario,-12.0651595,-77.0428964,20,4,20,20,7,7,20
https://nexoinmobiliario.pe/proyecto/venta-de-departamento-3488-playa-blanca-punta-hermosa-lima-lima-central-inmobiliaria,-12.0648177,-77.0388005,8,2,20,20,20,11,20
https://nexoinmobiliario.pe/proyecto/venta-de-departamento-2496-contisuyo-san-miguel-lima-lima-capac-asociados,-12.0643958,-76.9838265,1,3,7,3,2,5,20
https://nexoinmobiliario.pe/proyecto/venta-de-departamento-2566-del-parque-centro-ii-breña-lima-lima-cissac,-12.0641475,-77.0533991,3,4,14,15,1,6,20
https://nexoinmobiliario.pe/proyecto/venta-de-departamento-3455-del-parque-centro-lite-breña-lima-lima-cissac,-12.0641475,-77.0533991,3,4,14,15,1,6,20
https://nexoinmobiliario.pe/proyecto/venta-de-departamento-3168-santa-rafaela-san-miguel-lima-lima-mye-grupo-inmobiliario,-12.0640734,-77.1011124,1,3,20,20,2,12,20
https://nexoinmobiliario.pe/proyecto/venta-de-departamento-2749-gran-plaza-loreto-breña-lima-lima-los-portales-departamentos,-12.0639097,-77.053326,3,4,14,15,1,7,20
https://nexoinmobiliario.pe/proyecto/venta-de-departamento-2462-duetto-846-cercado-de-lima-lima-lima-cantabria,-12.0638907,-77.0709549,1,2,6,17,1,6,20
https://nexoinmobiliario.pe/proyecto/venta-de-departamento-2888-duetto-846-fase-ii-cercado-de-lima-lima-lima-cantabria,-12.0638907,-77.0709549,1,2,6,17,1,6,20
https://nexoinmobiliario.pe/proyecto/venta-de-departamento-2989-the-park-cercado-de-lima-lima-lima-inversiones-tierra-blanca,-12.0629779,-77.0773747,1,2,16,16,8,5,20
https://nexoinmobiliario.pe/proyecto/venta-de-departamento-3508-vida-varela-breña-lima-lima-multiurbe,-12.0626529,-77.0490697,18,4,20,20,3,13,20
https://nexoinmobiliario.pe/proyecto/venta-de-departamento-3008-amatista-cercado-de-lima-lima-lima-marte,-12.0625127,-77.0430998,20,3,20,20,9,13,20
https://nexoinmobiliario.pe/proyecto/venta-de-departamento-2740-olmedo-breña-lima-lima-proyec-inmobiliaria,-12.0605842,-77.0483169,4,2,20,20,3,10,20
https://nexoinmobiliario.pe/proyecto/venta-de-departamento-2837-momen-breña-lima-lima-cosapi,-12.0604151,-77.0526461,3,2,17,20,2,5,20
https://nexoinmobiliario.pe/proyecto/venta-de-departamento-2799-gala-breña-lima-lima-inversiones-tierra-blanca,-12.0597397,-77.0535575,3,3,17,20,2,4,20
https://nexoinmobiliario.pe/proyecto/venta-de-departamento-2166-gala-lince-lima-lima-mw-grupo-inmobiliario,-12.0597397,-77.0535575,3,3,17,20,2,4,20
https://nexoinmobiliario.pe/proyecto/venta-de-departamento-2858-palmer-breña-lima-lima-dym-grupo-inmobiliario,-12.0597297,-77.048079,4,2,20,20,3,11,20
https://nexoinmobiliario.pe/proyecto/venta-de-departamento-2660-alto-alborada-cercado-de-lima-lima-lima-imagina,-12.0577723,-77.0666549,0,0,9,4,1,5,20
https://nexoinmobiliario.pe/proyecto/venta-de-departamento-2054-family-tower-2-breña-lima-lima-quatro-inmobiliaria,-12.0577229,-77.0492326,6,4,20,20,3,20,20
https://nexoinmobiliario.pe/proyecto/venta-de-departamento-3321-centriqo-club-condominio-ecoamigable-cercado-de-lima-lima-lima-besco,-12.0574916,-77.0658071,0,0,10,4,0,5,20
https://nexoinmobiliario.pe/proyecto/venta-de-departamento-3027-qantua-fase-1-cercado-de-lima-lima-lima-grupo-lar,-12.0564006,-77.035479,13,3,20,18,2,20,20
https://nexoinmobiliario.pe/proyecto/venta-de-departamento-3452-qantua-fase-2-cercado-de-lima-lima-lima-grupo-lar,-12.0564006,-77.035479,13,3,20,18,2,20,20
https://nexoinmobiliario.pe/proyecto/venta-de-departamento-3592-ativo-breña-lima-lima-urbana-perú,-12.0561721,-77.0429145,9,5,20,20,3,20,20
https://nexoinmobiliario.pe/proyecto/venta-de-departamento-3278-gran-jardin-ticino-santa-anita-lima-lima-los-portales-departamentos,-12.052609,-76.9668559,13,1,18,16,2,18,20
https://nexoinmobiliario.pe/proyecto/venta-de-departamento-2902-pradera-del-rimac-etapa-4-rimac-lima-lima-besco,-12.0502107,-77.1302423,2,1,13,12,1,6,20
https://nexoinmobiliario.pe/proyecto/venta-de-departamento-2776-altos-del-rimac-etapa-5-rimac-lima-lima-besco,-12.0501988,-77.1302446,2,1,13,12,1,6,20
https://nexoinmobiliario.pe/proyecto/venta-de-departamento-3177-las-magnolias-casa-club-breña-lima-lima-las-magnolias-casa-club,-12.0495524,-77.0518327,6,7,16,16,2,2,20
https://nexoinmobiliario.pe/proyecto/venta-de-departamento-3453-cedro-33-cercado-de-lima-lima-lima-abril-grupo-inmobiliario,-12.0489241,-77.0703508,4,0,10,16,0,3,20
https://nexoinmobiliario.pe/proyecto/venta-de-departamento-2825-gran-central-colonial-ii-cercado-de-lima-lima-lima-los-portales-departamentos,-12.0488441,-77.0699505,3,0,11,16,0,4,20
https://nexoinmobiliario.pe/proyecto/venta-de-departamento-3385-albamar-re-cercado-de-lima-lima-lima-albamar-grupo-inmobiliario,-12.0483111,-77.0641714,4,3,15,16,2,3,20
https://nexoinmobiliario.pe/proyecto/venta-de-departamento-2907-alto-lima-park-cercado-de-lima-lima-lima-imagina,-12.0475081,-77.0545394,5,6,20,6,2,4,20
https://nexoinmobiliario.pe/proyecto/venta-de-departamento-2647-alameda-central-condominio-cercado-de-lima-lima-lima-besco,-12.0473883,-77.0563226,4,5,17,2,1,7,20
https://nexoinmobiliario.pe/proyecto/venta-de-departamento-2711-hanan-cercado-de-lima-lima-lima-redbay-inmobiliaria,-12.0472832,-77.0494528,2,7,20,19,6,10,20
https://nexoinmobiliario.pe/proyecto/venta-de-departamento-1635-residencial-los-proceres-san-martin-de-porres-lima-lima-cimentares-grupo-inmobiliario,-12.0304311,-77.0736249,3,4,18,20,1,13,20
https://nexoinmobiliario.pe/proyecto/venta-de-departamento-3223-paseo-jazmines-lince-lima-lima-grupo-sol,-12.0258914,-77.0677226,3,4,6,19,2,3,20
https://nexoinmobiliario.pe/proyecto/venta-de-departamento-3290-kampu-ate-lima-lima-lider,-12.0201469,-76.8771341,0,2,15,7,0,4,20
https://nexoinmobiliario.pe/proyecto/venta-de-departamento-3006-los-parques-de-san-juan-san-juan-de-lurigancho-lima-lima-besco,-12.0179911,-76.9984766,4,3,20,12,2,4,20
https://nexoinmobiliario.pe/proyecto/venta-de-departamento-3245-gran-olivo-etapa-2-los-olivos-lima-lima-lider,-12.0066303,-77.075405,7,7,9,20,3,9,20
https://nexoinmobiliario.pe/proyecto/venta-de-departamento-2426-gran-olivo-etapa-1-los-olivos-lima-lima-lider,-12.0066303,-77.075405,7,7,9,20,3,9,20
https://nexoinmobiliario.pe/proyecto/venta-de-departamento-3550-gran-parque-las-flores-san-juan-de-lurigancho-lima-lima-los-portales-departamentos,-12.0059541,-77.0107886,13,0,20,20,3,20,20
https://nexoinmobiliario.pe/proyecto/venta-de-departamento-3499-nueva-independencia-independencia-lima-lima-besco,-11.9960733,-77.0585029,4,0,15,12,5,20,20
https://nexoinmobiliario.pe/proyecto/venta-de-departamento-2217-albamar-in-1-independencia-lima-lima-albamar-grupo-inmobiliario,-11.9926346,-77.057492,6,2,20,14,8,20,20
https://nexoinmobiliario.pe/proyecto/venta-de-departamento-2770-albamar-in-2-independencia-lima-lima-albamar-grupo-inmobiliario,-11.9926346,-77.057492,6,2,20,14,8,20,20
https://nexoinmobiliario.pe/proyecto/venta-de-departamento-2405-feliciti-f3-san-martin-de-porres-lima-lima-arquimia,-11.9297896,-77.0708819,0,1,18,12,1,1,20
https://nexoinmobiliario.pe/proyecto/venta-de-departamento-3390-residencial-seiss-comas-lima-lima-lider,-11.9208313,-77.0539851,1,1,8,12,0,2,20
https://nexoinmobiliario.pe/proyecto/venta-de-departamento-2748-cuattro-mambo-etapa-ii-comas-lima-lima-lider,-11.9013297,-77.0499575,0,1,7,9,0,1,20
https://nexoinmobiliario.pe/proyecto/venta-de-departamento-2984-cinnco-mambo-etapa-i-comas-lima-lima-lider,-11.9013297,-77.0499575,0,1,7,9,0,1,20
https://nexoinmobiliario.pe/proyecto/venta-de-departamento-561-ciudad-verde-puente-piedra-lima-lima-paz,-11.8957302,-77.0675849,0,0,2,20,2,1,19
https://nexoinmobiliario.pe/proyecto/venta-de-departamento-3190-lomas-de-carabayllo-etapa-4-carabayllo-lima-lima-padova,-11.8763158,-77.0329431,0,1,11,11,0,4,20
https://nexoinmobiliario.pe/proyecto/venta-de-departamento-3237-valle-grande-4-carabayllo-lima-lima-enacorp,-11.8623124,-77.0558735,1,0,9,2,0,1,20
https://nexoinmobiliario.pe/proyecto/venta-de-departamento-3037-residencial-salamanca-de-monterrico-17-ate-lima-lima-eficaxx-grupo-inmobiliario,-11.854732,-77.0791,0,1,2,11,0,6,20
https://nexoinmobiliario.pe/proyecto/venta-de-departamento-3010-lima-barranco-lima-lima-capac-asociados,-12.1442248,-77.023163,4,4,9,20,3,12,20
https://nexoinmobiliario.pe/proyecto/venta-de-departamento-3216-republica-miraflores-lima-lima-capac-asociados,-12.1100079,-77.0484518,7,5,17,11,2,6,20
https://nexoinmobiliario.pe/proyecto/venta-de-departamento-3175-caserta-miraflores-lima-lima-reyna-grupo-inmobiliario,-12.122486,-77.0313539,20,12,20,20,11,20,20
https://nexoinmobiliario.pe/proyecto/venta-de-departamento-1836-garden-110-san-miguel-lima-lima-capac-asociados,-12.0774344,-77.0934137,17,6,20,20,8,18,20
https://nexoinmobiliario.pe/proyecto/venta-de-departamento-3495-pietra-liberta-pueblo-libre-lima-lima-rumi-grupo-inmobiliario,-12.0784884,-77.0580091,12,2,17,20,7,4,20
https://nexoinmobiliario.pe/proyecto/venta-de-departamento-3659-kava-santiago-de-surco-lima-lima-abril-grupo-inmobiliario,-12.1003734,-76.9780705,0,0,7,8,2,1,14
https://nexoinmobiliario.pe/proyecto/venta-de-departamento-3478-nogales-park-san-isidro-lima-lima-capac-asociados,-12.0943452,-77.0450563,4,2,11,15,4,14,20
https://nexoinmobiliario.pe/proyecto/venta-de-departamento-2301-teruel-miraflores-lima-lima-capac-asociados,-12.108089,-77.0324183,20,5,18,20,5,4,20
https://nexoinmobiliario.pe/proyecto/venta-de-departamento-2850-pietra-centrale-cercado-de-lima-lima-lima-rumi-grupo-inmobiliario,-12.0786204,-77.0347985,20,4,20,20,14,20,20
https://nexoinmobiliario.pe/proyecto/venta-de-departamento-3214-boulevard-icaro-chorrillos-lima-lima-capac-asociados,-12.1848841,-77.0074502,6,4,18,15,0,16,20
https://nexoinmobiliario.pe/proyecto/venta-de-departamento-3660-cinnco-mambo-etapa-ii-departamento-en-comas-comas-lima-lima-lider,-11.9351135,-77.0586051,9,2,20,20,2,8,20
https://nexoinmobiliario.pe/proyecto/venta-de-departamento-873-medis-pueblo-libre-lima-lima-barqueros-inmobiliaria,-12.0703833,-77.0630679,8,2,18,19,4,13,20
https://nexoinmobiliario.pe/proyecto/venta-de-departamento-2487-libertad-san-miguel-lima-lima-capac-asociados,-12.0793846,-77.1040247,0,4,20,20,1,8,20
https://nexoinmobiliario.pe/proyecto/venta-de-departamento-3562-precursores-525-santiago-de-surco-lima-lima-grupo-chacarilla-sur,-12.1158559,-76.9795851,0,1,7,16,2,0,5
https://nexoinmobiliario.pe/proyecto/venta-de-departamento-3561-marsano-1855-surquillo-lima-lima-ter-inmobiliaria,-12.1198899,-77.0068805,8,2,9,20,2,6,20
