inmobiliaria_nombre,inmobiliaria_imagen,proyecto_nombre,proyecto_etapa,proyecto_precio,proyecto_direccion,proyecto_link,proyecto_imagen,proyecto_distrito,ubigeo_id
CASA BONITA,https://e.nexoinmobiliario.pe/customers/casa-bonita/logo-189-20250912114804.jpg,Central Home,Entrega Inmediata,429900,Av Petit Thouars 951,https://nexoinmobiliario.pe/proyecto/venta-de-departamento-1816-central-home-cercado-de-lima-lima-lima-casa-bonita,https://e.nexoinmobiliario.pe/customers/casa-bonita-inmobiliaria/1816-central-home/departamentos-cercado-de-lima-6876deb4a707e_xm.jpg,Cercado de lima,150101
GRUPO MG,https://e.nexoinmobiliario.pe/customers/grupo-mg/logo-164-20231027061802.jpg,LOS PINOS III -SANTA BEATRIZ,Entrega Inmediata,442940,Jr. Manuel del Pino 638,https://nexoinmobiliario.pe/proyecto/venta-de-departamento-1866-los-pinos-iii-santa-beatriz-cercado-de-lima-lima-lima-grupo-mg,https://e.nexoinmobiliario.pe/customers/grupo-mg/1866-los-pinos-iii-santa-beatriz/departamentos-cercado-de-lima-68ff81ec89e2b_xm.jpg,Cercado de lima,150101
GRUPO MG,https://e.nexoinmobiliario.pe/customers/grupo-mg/logo-164-20231027061802.jpg,VISTA VERDE - SANTA BEATRIZ,Entrega Inmediata,380660,Jr. Torres Paz 834,https://nexoinmobiliario.pe/proyecto/venta-de-departamento-1867-vista-verde-santa-beatriz-cercado-de-lima-lima-lima-grupo-mg,https://e.nexoinmobiliario.pe/customers/grupo-mg/1867-vista-verde-santa-beatriz/departamentos-cercado-de-lima-68ff82394b5b9_xm.jpg,Cercado de lima,150101
URBANA PERÚ,https://e.nexoinmobiliario.pe/customers/urbana-peru/logo-84-20231027061800.jpg,S14 Apartments,Entrega Inmediata,468500,Avenida Arequipa N°1437,https://nexoinmobiliario.pe/proyecto/venta-de-departamento-1993-s14-apartments-cercado-de-lima-lima-lima-urbana-perú,https://e.nexoinmobiliario.pe/customers/urbana-peru/1993-s14-apartments/departamentos-cercado-de-lima-603806dadd2d3_xm.jpg,Cercado de lima,150101
CHECOR INMOBILIARIA,https://e.nexoinmobiliario.pe/customers/checor-inmobiliaria/logo-308-20231027061807.jpg,Checor | Las Magnolias,Entrega Inmediata,421900,Av. Petit Thouars 1460,https://nexoinmobiliario.pe/proyecto/venta-de-departamento-2213-checor-las-magnolias-cercado-de-lima-lima-lima-checor-inmobiliaria,https://e.nexoinmobiliario.pe/customers/checor-inmobiliaria/2213-checor-las-magnolias/departamentos-cercado-de-lima-683f56100d6ba_xm.jpg,Cercado de lima,150101
INVENT,https://e.nexoinmobiliario.pe/customers/invent/logo-268-20231027061805.jpg,Invent Tirado,Entrega Inmediata,374800,Tirado 629,https://nexoinmobiliario.pe/proyecto/venta-de-departamento-2253-invent-tirado-cercado-de-lima-lima-lima-invent,https://e.nexoinmobiliario.pe/customers/invent/2253-invent-tirado/departamentos-cercado-de-lima-692dc1c82322a_xm.jpg,Cercado de lima,150101
GRUPO MG,https://e.nexoinmobiliario.pe/customers/grupo-mg/logo-164-20231027061802.jpg,SMART A - SANTA BEATRIZ,Entrega Inmediata,465600,Jr. Enrique Barron 1149,https://nexoinmobiliario.pe/proyecto/venta-de-departamento-2308-smart-a-santa-beatriz-cercado-de-lima-lima-lima-grupo-mg,https://e.nexoinmobiliario.pe/customers/grupo-mg/2308-smart-a-santa-beatriz/departamentos-cercado-de-lima-68ff827faeead_xm.jpg,Cercado de lima,150101
EUREKA,https://e.nexoinmobiliario.pe/customers/eureka/logo-194-20250929153132.jpg,Park Living,Entrega Inmediata,375000,Av. Petit Thouars 969,https://nexoinmobiliario.pe/proyecto/venta-de-departamento-2324-park-living-cercado-de-lima-lima-lima-eureka,https://e.nexoinmobiliario.pe/customers/eureka/2324-park-living/departamentos-cercado-de-lima-68dabf0c82752_xm.jpg,Cercado de lima,150101
CANTABRIA,https://e.nexoinmobiliario.pe/customers/cantabria/logo-23-20251103171610.jpg,Duetto 846,Entrega Inmediata,335000,Av. Alejandro Bertello 846,https://nexoinmobiliario.pe/proyecto/venta-de-departamento-2462-duetto-846-cercado-de-lima-lima-lima-cantabria,https://e.nexoinmobiliario.pe/customers/inmobiliaria-cantabria-sac/2462-duetto-846/departamentos-cercado-de-lima-667b3a381078a_xm.jpg,Cercado de lima,150101
CHECOR INMOBILIARIA,https://e.nexoinmobiliario.pe/customers/checor-inmobiliaria/logo-308-20231027061807.jpg,Checor | Las Dalias,Entrega Inmediata,464000,Jr. Enrique Barrón 1366 - Santa Beatriz,https://nexoinmobiliario.pe/proyecto/venta-de-departamento-2641-checor-las-dalias-cercado-de-lima-lima-lima-checor-inmobiliaria,https://e.nexoinmobiliario.pe/customers/checor-inmobiliaria/2641-checor-las-dalias/departamentos-cercado-de-lima-683f66a1af316_xm.jpg,Cercado de lima,150101
BESCO,https://e.nexoinmobiliario.pe/customers/besco/logo-68-20250912112631.jpg,Alameda Central Condominio - Torre 3 y 8,En Construcción,335900,Av. Colonial 1194 - (Ex Av. Mariscal Oscar R. Benavides),https://nexoinmobiliario.pe/proyecto/venta-de-departamento-2647-alameda-central-condominio-torre-3-y-8-cercado-de-lima-lima-lima-besco,https://e.nexoinmobiliario.pe/customers/besco-s-a-c/2647-alameda-central-condominio/departamentos-cercado-de-lima-680b8058748f2_xm.jpg,Cercado de lima,150101
IMAGINA,https://e.nexoinmobiliario.pe/customers/imagina/logo-186-20250912114720.jpg,Alto Alborada,Entrega Inmediata,352842,Av. Venezuela 2575,https://nexoinmobiliario.pe/proyecto/venta-de-departamento-2660-alto-alborada-cercado-de-lima-lima-lima-imagina,https://e.nexoinmobiliario.pe/customers/inversiones-inmobiliarias-del-peru-s-a/2660-alto-alborada/departamentos-cercado-de-lima-67ed6d4014146_xm.jpg,Cercado de lima,150101
CIUDARIS,https://e.nexoinmobiliario.pe/customers/ciudaris/logo-20-20250912141126.jpg,CIUDARIS  I  ICONIK PARK,Entrega Inmediata,410000,Mariano Carranza 436,https://nexoinmobiliario.pe/proyecto/venta-de-departamento-2767-ciudaris-i-iconik-park-cercado-de-lima-lima-lima-ciudaris,https://e.nexoinmobiliario.pe/customers/ciudaris/2767-ciudaris-i-iconik-park/departamentos-cercado-de-lima-691356dc44f37_xm.jpg,Cercado de lima,150101
LOS PORTALES DEPARTAMENTOS,https://e.nexoinmobiliario.pe/customers/los-portales-departamentos/logo-350-20250912122110.jpg,Gran Central Colonial II,En Construcción,252024,"Av. Óscar R. Benavides 2140, Cercado de Lima",https://nexoinmobiliario.pe/proyecto/venta-de-departamento-2825-gran-central-colonial-ii-cercado-de-lima-lima-lima-los-portales-departamentos,https://e.nexoinmobiliario.pe/customers/los-portales-construye-s-a-c/2825-gran-central-colonial-ii/departamentos-cercado-de-lima-67ad0a3988f67_xm.jpg,Cercado de lima,150101
RUMI GRUPO INMOBILIARIO,https://e.nexoinmobiliario.pe/customers/rumi-grupo-inmobiliario/logo-454-20231027061812.jpg,PIETRA  CENTRALE,En Construcción,293996,Jr. Manuel del Pino 238-240,https://nexoinmobiliario.pe/proyecto/venta-de-departamento-2850-pietra-centrale-cercado-de-lima-lima-lima-rumi-grupo-inmobiliario,https://e.nexoinmobiliario.pe/customers/rumi-grupo-inmobiliario/2850-pietra-centrale/departamentos-cercado-de-lima-68f801cc8fcc5_xm.jpg,Cercado de lima,150101
CANTABRIA,https://e.nexoinmobiliario.pe/customers/cantabria/logo-23-20251103171610.jpg,DUETTO 846 - FASE II,Entrega Inmediata,335000,Av. Alejandro Bertello 846,https://nexoinmobiliario.pe/proyecto/venta-de-departamento-2888-duetto-846-fase-ii-cercado-de-lima-lima-lima-cantabria,https://e.nexoinmobiliario.pe/customers/inmobiliaria-cantabria-sac/2888-duetto-846-fase-ii/departamentos-pueblo-libre-66904faa0cc55_xm.jpg,Cercado de lima,150101
IMAGINA,https://e.nexoinmobiliario.pe/customers/imagina/logo-186-20250912114720.jpg,Alto Lima Park,Entrega Inmediata,320757,Av. Oscar R. Benavides 1106,https://nexoinmobiliario.pe/proyecto/venta-de-departamento-2907-alto-lima-park-cercado-de-lima-lima-lima-imagina,https://e.nexoinmobiliario.pe/customers/inversiones-inmobiliarias-del-peru-s-a/2907-alto-lima-park/departamentos-cercado-de-lima-67ed6d7050626_xm.jpg,Cercado de lima,150101
INVENT,https://e.nexoinmobiliario.pe/customers/invent/logo-268-20231027061805.jpg,Nueva Metrópolis,En Planos,255700,"Av. Alejandro Tirado 344, Santa Beatriz",https://nexoinmobiliario.pe/proyecto/venta-de-departamento-2912-nueva-metropolis-cercado-de-lima-lima-lima-invent,https://e.nexoinmobiliario.pe/customers/invent/2912-nueva-metropolis/departamentos-cercado-de-lima-692dc3c38769d_xm.jpg,Cercado de lima,150101
ALBAMAR GRUPO INMOBILIARIO,https://e.nexoinmobiliario.pe/customers/albamar-grupo-inmobiliario/logo-108-20250912113347.jpg,Albamar | Arenales,Entrega Inmediata,286800,Av. Arenales 1093,https://nexoinmobiliario.pe/proyecto/venta-de-departamento-2996-albamar-arenales-cercado-de-lima-lima-lima-albamar-grupo-inmobiliario,https://e.nexoinmobiliario.pe/customers/inmobiliaria-albamar-sac/2996-albamar-arenales/departamentos-cercado-de-lima-68b868aee88b3_xm.jpg,Cercado de lima,150101
QUATRO INMOBILIARIA,https://e.nexoinmobiliario.pe/customers/quatro-inmobiliaria/logo-27-20250912111202.jpg,Urban Tower 3,En Construcción,265778,Avenida Mariano Cornejo 1824,https://nexoinmobiliario.pe/proyecto/venta-de-departamento-3001-urban-tower-3-cercado-de-lima-lima-lima-quatro-inmobiliaria,https://e.nexoinmobiliario.pe/customers/quatro-inmobiliaria/3001-urban-tower-3/departamentos-cercado-de-lima-68f67cd175e37_xm.jpg,Cercado de lima,150101
MARTE,https://e.nexoinmobiliario.pe/customers/marte/logo-60-20250912112119.jpg,Amatista,En Construcción,279000,Av. Brasil 325,https://nexoinmobiliario.pe/proyecto/venta-de-departamento-3008-amatista-cercado-de-lima-lima-lima-marte,https://e.nexoinmobiliario.pe/customers/marte-grupo-inmobiliario/3008-amatista/departamentos-cercado-de-lima-67b4a7d73c1d0_xm.jpg,Cercado de lima,150101
CAPAC ASOCIADOS,https://e.nexoinmobiliario.pe/customers/capac-asociados/logo-115-20240821143505.png,TORRE CASTELO,En Planos,319355,Jr. Teodoro Cardenas 244,https://nexoinmobiliario.pe/proyecto/venta-de-departamento-3011-torre-castelo-cercado-de-lima-lima-lima-capac-asociados,https://e.nexoinmobiliario.pe/customers/capac-asociados/3011-torre-castelo/departamentos-cercado-de-lima-68f65e0486128_xm.jpg,Cercado de lima,150101
GRUPO TyC,https://e.nexoinmobiliario.pe/customers/grupo-tyc/logo-449-20241213103050.png,MINIMAL,En Construcción,191738,Av. Arequipa 1444,https://nexoinmobiliario.pe/proyecto/venta-de-departamento-3053-minimal-cercado-de-lima-lima-lima-grupo-tyc,https://e.nexoinmobiliario.pe/customers/grupo-tyc/3053-minimal/departamentos-cercado-de-lima-68ed3b526b230_xm.jpg,Cercado de lima,150101
PADOVA,https://e.nexoinmobiliario.pe/customers/padova/logo-25-20250912111119.jpg,HELIO SANTA BEATRIZ,En Construcción,244600,Enrique Villar 830 Cercado de Lima.,https://nexoinmobiliario.pe/proyecto/venta-de-departamento-3186-helio-santa-beatriz-cercado-de-lima-lima-lima-padova,https://e.nexoinmobiliario.pe/customers/inversiones-padova-sac/3186-helio-santa-beatriz/departamentos-cercado-de-lima-6827991002f55_xm.jpg,Cercado de lima,150101
ABRIL GRUPO INMOBILIARIO,https://e.nexoinmobiliario.pe/customers/abril-grupo-inmobiliario-ft/logo-426-20250411103938.png,Tulipán,En Construcción,194832,"Av. Petit Thouars 980, Lima 15046",https://nexoinmobiliario.pe/proyecto/venta-de-departamento-3209-tulipan-cercado-de-lima-lima-lima-abril-grupo-inmobiliario,https://e.nexoinmobiliario.pe/customers/abril-grupo-inmobiliario-ft/3209-tulipan/departamentos-cercado-de-lima-65cfd06ba0069_xm.jpg,Cercado de lima,150101
PROMSAL,https://e.nexoinmobiliario.pe/customers/promsal/logo-316-20250912121648.jpg,Cool Living,En Construcción,228114,Manuel del pino 265,https://nexoinmobiliario.pe/proyecto/venta-de-departamento-3298-cool-living-cercado-de-lima-lima-lima-promsal,https://e.nexoinmobiliario.pe/customers/promsal-s-a-c/3298-cool-living/departamentos-cercado-de-lima-661d5bc4f2855_xm.jpg,Cercado de lima,150101
BESCO,https://e.nexoinmobiliario.pe/customers/besco/logo-68-20250912112631.jpg,Centriqo Club Condomino Ecoamigable - Torre 7 y 8,En Construcción,297100, Av. Venezuela 2505,https://nexoinmobiliario.pe/proyecto/venta-de-departamento-3321-centriqo-club-condomino-ecoamigable-torre-7-y-8-cercado-de-lima-lima-lima-besco,https://e.nexoinmobiliario.pe/customers/besco-s-a-c/3321-centriqo-club-condomino-ecoamigable/departamentos-cercado-de-lima-68656da825035_xm.jpg,Cercado de lima,150101
MY HOME,https://e.nexoinmobiliario.pe/customers/my-home/logo-85-20250912112835.jpg,NOVO 3 - Santa Beatriz,En Construcción,219000,jirón José Gálvez 950 ,https://nexoinmobiliario.pe/proyecto/venta-de-departamento-3381-novo-3-santa-beatriz-cercado-de-lima-lima-lima-my-home,https://e.nexoinmobiliario.pe/customers/my-home/3381-novo-3-santa-beatriz/departamentos-cercado-de-lima-68fab0e2dde80_xm.jpg,Cercado de lima,150101
ALBAMAR GRUPO INMOBILIARIO,https://e.nexoinmobiliario.pe/customers/albamar-grupo-inmobiliario/logo-108-20250912113347.jpg,Albamar | Re+,En Construcción,185600,"Av. Oscar R. Benavides 1740, Cercado de lima",https://nexoinmobiliario.pe/proyecto/venta-de-departamento-3385-albamar-re-cercado-de-lima-lima-lima-albamar-grupo-inmobiliario,https://e.nexoinmobiliario.pe/customers/inmobiliaria-albamar-sac/3385-albamar-re/departamentos-cercado-de-lima-6876c1be83dc6_xm.jpg,Cercado de lima,150101
GRUPO LAR,https://e.nexoinmobiliario.pe/customers/grupo-lar/logo-225-20250912141016.jpg,Qantua | Fase 2,En Planos,324456,jr lampa 1237,https://nexoinmobiliario.pe/proyecto/venta-de-departamento-3452-qantua-fase-2-cercado-de-lima-lima-lima-grupo-lar,https://e.nexoinmobiliario.pe/customers/grupo-lar/3452-qantua-fase-2/departamentos-cercado-de-lima-68af67b88823e_xm.jpg,Cercado de lima,150101
ABRIL GRUPO INMOBILIARIO,https://e.nexoinmobiliario.pe/customers/abril-grupo-inmobiliario/logo-87-20250422120904.jpg,Cedro 33,En Construcción,204858,Av Colonial 2200,https://nexoinmobiliario.pe/proyecto/venta-de-departamento-3453-cedro-33-cercado-de-lima-lima-lima-abril-grupo-inmobiliario,https://e.nexoinmobiliario.pe/customers/abril-grupo-inmobiliario/3453-cedro-33/departamentos-cercado-de-lima-68fa932ea5a8d_xm.jpg,Cercado de lima,150101
PISONAY INMOBILIARIA,https://e.nexoinmobiliario.pe/customers/pisonay-inmobiliaria/logo-441-20250912123645.jpg,EVOLUTION,En Construcción,239500,Av. Mariano Cornejo 1604,https://nexoinmobiliario.pe/proyecto/venta-de-departamento-3466-evolution-cercado-de-lima-lima-lima-pisonay-inmobiliaria,https://e.nexoinmobiliario.pe/customers/pisonay-inmobiliaria/3466-evolution/departamentos-cercado-de-lima-68f97ae6d1754_xm.jpg,Cercado de lima,150101
GRUPO MG,https://e.nexoinmobiliario.pe/customers/grupo-mg/logo-164-20231027061802.jpg,CENTRIUM - SANTA BEATRIZ,En Construcción,282335,Av. Alejandro Tirado 653,https://nexoinmobiliario.pe/proyecto/venta-de-departamento-3491-centrium-santa-beatriz-cercado-de-lima-lima-lima-grupo-mg,https://e.nexoinmobiliario.pe/customers/grupo-mg/3491-centrium-santa-beatriz/departamentos-cercado-de-lima-68f6a0ba8bc99_xm.jpg,Cercado de lima,150101
ALBAMAR GRUPO INMOBILIARIO,https://e.nexoinmobiliario.pe/customers/albamar-grupo-inmobiliario/logo-108-20250912113347.jpg,Albamar | Bea,En Construcción,247000,"C. Enrique Villar 372, Cercado de lima",https://nexoinmobiliario.pe/proyecto/venta-de-departamento-3684-albamar-bea-cercado-de-lima-lima-lima-albamar-grupo-inmobiliario,https://e.nexoinmobiliario.pe/customers/inmobiliaria-albamar-sac/3684-albamar-bea/departamentos-cercado-de-lima-68965b21759f8_xm.jpg,Cercado de lima,150101
ABRIL GRUPO INMOBILIARIO,https://e.nexoinmobiliario.pe/customers/abril-grupo-inmobiliario-ft/logo-426-20250411103938.png,Roble,En Planos,255211,Av. Venezuela 2305,https://nexoinmobiliario.pe/proyecto/venta-de-departamento-3693-roble-cercado-de-lima-lima-lima-abril-grupo-inmobiliario,https://e.nexoinmobiliario.pe/customers/abril-grupo-inmobiliario-ft/3693-roble/departamentos-cercado-de-lima-68a64389b1f71_xm.jpg,Cercado de lima,150101
Tempus Inmobiliaria,https://e.nexoinmobiliario.pe/customers/tempus-inmobiliaria/logo-582-20250409154401.png,NOVA,En Planos,270500,Av Colonial 2078 - 2082,https://nexoinmobiliario.pe/proyecto/venta-de-departamento-3737-nova-cercado-de-lima-lima-lima-tempus-inmobiliaria,https://e.nexoinmobiliario.pe/customers/tempus-inmobiliaria/3737-nova/departamentos-cercado-de-lima-692787dbc52b3_xm.jpg,Cercado de lima,150101
REYNA GRUPO INMOBILIARIO,https://e.nexoinmobiliario.pe/customers/reyna-grupo-inmobiliario/logo-376-20250912122737.jpg,BRAN,En Planos,376950," Calle Santa Susana, Cercado de Lima",https://nexoinmobiliario.pe/proyecto/venta-de-departamento-3739-bran-cercado-de-lima-lima-lima-reyna-grupo-inmobiliario,https://e.nexoinmobiliario.pe/customers/mcr-inmobiliaria-constructora-sac/3739-bran/departamentos-cercado-de-lima-68b9b5c154076_xm.jpg,Cercado de lima,150101
BESCO,https://e.nexoinmobiliario.pe/customers/besco/logo-68-20250912112631.jpg,Alameda Central Condominio - Torre 9,En Construcción,257000,Av. Colonial 1194 - (Ex Av. Mariscal Oscar R. Benavides),https://nexoinmobiliario.pe/proyecto/venta-de-departamento-3827-alameda-central-condominio-torre-9-cercado-de-lima-lima-lima-besco,https://e.nexoinmobiliario.pe/customers/besco-s-a-c/3827-alameda-central-condominio-torre-9/departamentos-cercado-de-lima-685b19899280f_xm.jpg,Cercado de lima,150101
GRUPO LAR,https://e.nexoinmobiliario.pe/customers/grupo-lar/logo-225-20250912141016.jpg,QANTUA | FASE 3,En Planos,348521,jr lampa 1237,https://nexoinmobiliario.pe/proyecto/venta-de-departamento-3841-qantua-fase-3-cercado-de-lima-lima-lima-grupo-lar,https://e.nexoinmobiliario.pe/customers/grupo-lar/3841-qantua-fase-3/departamentos-cercado-de-lima-68af67f47a8ac_xm.jpg,Cercado de lima,150101
CHECOR INMOBILIARIA,https://e.nexoinmobiliario.pe/customers/checor-inmobiliaria/logo-308-20231027061807.jpg,Los Cerezos,En Planos,301900,"Av. Teodoro cárdenas 645, Cercado de Lima",https://nexoinmobiliario.pe/proyecto/venta-de-departamento-3849-los-cerezos-cercado-de-lima-lima-lima-checor-inmobiliaria,https://e.nexoinmobiliario.pe/customers/checor-inmobiliaria/3849-los-cerezos/departamentos-cercado-de-lima-686ed0da5b8c1_xm.jpg,Cercado de lima,150101
BESCO,https://e.nexoinmobiliario.pe/customers/besco/logo-68-20250912112631.jpg,Centriqo Club Condomino Ecoamigable - Torre 6,En Construcción,278100, Av. Venezuela 2505,https://nexoinmobiliario.pe/proyecto/venta-de-departamento-3856-centriqo-club-condomino-ecoamigable-torre-6-cercado-de-lima-lima-lima-besco,https://e.nexoinmobiliario.pe/customers/besco-s-a-c/3856-centriqo-club-condomino-ecoamigable-torre-6/departamentos-cercado-de-lima-68656e21b7a97_xm.jpg,Cercado de lima,150101
TER INMOBILIARIA,https://e.nexoinmobiliario.pe/customers/ter-inmobiliaria/logo-393-20231027061810.jpg,TEO618,En Planos,263000,Calle Teodoro Cardenas 618,https://nexoinmobiliario.pe/proyecto/venta-de-departamento-3861-teo618-cercado-de-lima-lima-lima-ter-inmobiliaria,https://e.nexoinmobiliario.pe/customers/ter-inmobiliaria/3861-teo618/departamentos-cercado-de-lima-68e3eb6279eaa_xm.jpg,Cercado de lima,150101
YOPLAC ASOCIADOS,https://e.nexoinmobiliario.pe/customers/yoplac-asociados/logo-521-20240917123843.jpg,Residencial Santa Susana,En Construcción,243555,Jirón Santa Susana 163 - 165,https://nexoinmobiliario.pe/proyecto/venta-de-departamento-3924-residencial-santa-susana-cercado-de-lima-lima-lima-yoplac-asociados,https://e.nexoinmobiliario.pe/customers/yoplac-asociados/3924-residencial-santa-susana/departamentos-cercado-de-lima-68eed1cb06d82_xm.jpg,Cercado de lima,150101
PROYEC INMOBILIARIA,https://e.nexoinmobiliario.pe/customers/proyec-inmobiliaria/logo-246-20250707153506.png,EZENA 4,En Planos,266073,Calle Mariano Carranza 365,https://nexoinmobiliario.pe/proyecto/venta-de-departamento-3931-ezena-4-cercado-de-lima-lima-lima-proyec-inmobiliaria,https://e.nexoinmobiliario.pe/customers/proyec-inmobiliaria/3931-ezena-4/departamentos-cercado-de-lima-68cdba9666a6f_xm.jpg,Cercado de lima,150101
ALBAMAR GRUPO INMOBILIARIO,https://e.nexoinmobiliario.pe/customers/albamar-grupo-inmobiliario/logo-108-20250912113347.jpg,Albamar | Flex,En Planos,241500,Av. República de Venezuela 1821,https://nexoinmobiliario.pe/proyecto/venta-de-departamento-3953-albamar-flex-cercado-de-lima-lima-lima-albamar-grupo-inmobiliario,https://e.nexoinmobiliario.pe/customers/albamar-grupo-inmobiliario/3953-albamar-flex/departamentos-cercado-de-lima-68f79a4bb4f96_xm.jpg,Cercado de lima,150101
TM GESTION INMOBILIARIA,https://e.nexoinmobiliario.pe/customers/tm-gestion-inmobiliaria/logo-172-20250912114327.png,Jardines de  Santa Beatriz tercera etapa,En Planos,269900,"Jr. Teodoro Cárdenas 723, Santa Beatriz",https://nexoinmobiliario.pe/proyecto/venta-de-departamento-3960-jardines-de-santa-beatriz-tercera-etapa-cercado-de-lima-lima-lima-tm-gestion-inmobiliaria,https://e.nexoinmobiliario.pe/customers/tm-gestion-inmobiliaria/3960-jardines-de-santa-beatriz/departamentos-cercado-de-lima-68e5ceece67b3_xm.jpg,Cercado de lima,150101
INVENT,https://e.nexoinmobiliario.pe/customers/invent/logo-268-20231027061805.jpg,ALTANOVA,En Planos,222000,Av. Venezuela 3370,https://nexoinmobiliario.pe/proyecto/venta-de-departamento-3988-altanova-cercado-de-lima-lima-lima-invent,https://e.nexoinmobiliario.pe/customers/invent/3988-altanova/departamentos-cercado-de-lima-692dc4e793d24_xm.jpg,Cercado de lima,150101
ILUMINA INMOBILIARIA,https://e.nexoinmobiliario.pe/customers/ilumina-inmobiliaria/logo-595-20251024163459.png,BROADWAY RESIDENCIAL,En Construcción,310000,Av Brasil 475,https://nexoinmobiliario.pe/proyecto/venta-de-departamento-3996-broadway-residencial-cercado-de-lima-lima-lima-ilumina-inmobiliaria,https://e.nexoinmobiliario.pe/customers/ilumina-inmobiliaria/3996-broadway/departamentos-cercado-de-lima-68fbebf4bb599_xm.jpg,Cercado de lima,150101
EFICAXX GRUPO INMOBILIARIO,https://e.nexoinmobiliario.pe/customers/eficaxx-grupo-inmobiliario/logo-336-20250912121834.jpg,Residencial Salamanca de Monterrico 17,Entrega Inmediata,329000,Calle Los Olmos con Los Helechos ,https://nexoinmobiliario.pe/proyecto/venta-de-departamento-3037-residencial-salamanca-de-monterrico-17-ate-lima-lima-eficaxx-grupo-inmobiliario,https://e.nexoinmobiliario.pe/customers/eficaxx/3037-residencial-salamanca-de-monterrico-17/departamentos-ate-64d27589a7461_xm.jpg,Ate,150103
LIDER,https://e.nexoinmobiliario.pe/customers/lider/logo-46-20250912111734.jpg,Kampu,En Planos,270700,"Av. NN1 cruce con av. Daniel Alcides Carrión, Santa Clara, Ate",https://nexoinmobiliario.pe/proyecto/venta-de-departamento-3290-kampu-ate-lima-lima-lider,https://e.nexoinmobiliario.pe/customers/wr-s-a/3290-proyecto-kampu-5ta-etapa/departamentos-ate-65e9f1829a2ad_xm.jpg,Ate,150103
EFICAXX GRUPO INMOBILIARIO,https://e.nexoinmobiliario.pe/customers/eficaxx-grupo-inmobiliario/logo-336-20250912121834.jpg,Residencial Salamanca de Monterrico 18,Entrega Inmediata,358000,Calle Las Avellanas 185,https://nexoinmobiliario.pe/proyecto/venta-de-departamento-3351-residencial-salamanca-de-monterrico-18-ate-lima-lima-eficaxx-grupo-inmobiliario,https://e.nexoinmobiliario.pe/customers/eficaxx/3351-residencial-salamanca-de-monterrico-18/departamentos-ate-664b6338a2af8_xm.jpg,Ate,150103
EFICAXX GRUPO INMOBILIARIO,https://e.nexoinmobiliario.pe/customers/eficaxx-grupo-inmobiliario/logo-336-20250912121834.jpg,Residencial Salamanca de Monterrico 19,En Construcción,293700,Calle Las Tunas 456 Ate,https://nexoinmobiliario.pe/proyecto/venta-de-departamento-3577-residencial-salamanca-de-monterrico-19-ate-lima-lima-eficaxx-grupo-inmobiliario,https://e.nexoinmobiliario.pe/customers/eficaxx/3577-residencial-salamanca-de-monterrico-19/departamentos-ate-673d1b4b64c9d_xm.jpg,Ate,150103
IN URBAN,https://e.nexoinmobiliario.pe/customers/in-urban/logo-410-20240812180039.png,LOS ALGARROBOS DE SALAMANCA,En Planos,260400,CALLE LOS ALGARROBOS N° 241,https://nexoinmobiliario.pe/proyecto/venta-de-departamento-3751-los-algarrobos-de-salamanca-ate-lima-lima-in-urban,https://e.nexoinmobiliario.pe/customers/in-urban/3751-los-algarrobos-de-salamanca/departamentos-ate-686d3ff15207e_xm.jpg,Ate,150103
GRUPO T&C,https://e.nexoinmobiliario.pe/customers/grupo-t-c/logo-63-20251201094022.png,ASPIRIA,En Construcción,245488,"Av. El Sol Este 530, Barraco",https://nexoinmobiliario.pe/proyecto/venta-de-departamento-1631-aspiria-barranco-lima-lima-grupo-t-c,https://e.nexoinmobiliario.pe/customers/grupo-t-c/1631-aspiria/departamentos-barranco-67a67a5309e35_xm.jpg,Barranco,150104
INVENT,https://e.nexoinmobiliario.pe/customers/invent/logo-268-20231027061805.jpg,PATRIA,Entrega Inmediata,509600,CARLOS ARRIETA 380,https://nexoinmobiliario.pe/proyecto/venta-de-departamento-2430-patria-barranco-lima-lima-invent,https://e.nexoinmobiliario.pe/customers/invent/2430-patria/departamentos-barranco-692dc2d4ee4c4_xm.jpg,Barranco,150104
CALICANTO,https://e.nexoinmobiliario.pe/customers/calicanto/logo-387-20231027061809.jpg,Horne 137,En Planos,358971,Calle Enrique del Horne 137,https://nexoinmobiliario.pe/proyecto/venta-de-departamento-3360-horne-137-barranco-lima-lima-calicanto,https://e.nexoinmobiliario.pe/customers/calicanto/3360-horne-137/departamentos-barranco-665502a7216ee_xm.jpg,Barranco,150104
FRANCA INMOBILIARIA,https://e.nexoinmobiliario.pe/customers/franca-inmobiliaria/logo-565-20251003153551.jpg,Preston,En Planos,315789,Av. San Martin 618 ,https://nexoinmobiliario.pe/proyecto/venta-de-departamento-3530-preston-barranco-lima-lima-franca-inmobiliaria,https://e.nexoinmobiliario.pe/customers/franca-inmobiliaria/3530-preston/departamentos-barranco-68efd66d8356b_xm.jpg,Barranco,150104
RB GRUPO INMOBILIARIO,https://e.nexoinmobiliario.pe/customers/rb-grupo-inmobiliario/logo-139-20250912114035.png,Los Poetas,En Planos,264600,Av. Bolognesi 430,https://nexoinmobiliario.pe/proyecto/venta-de-departamento-3545-los-poetas-barranco-lima-lima-rb-grupo-inmobiliario,https://e.nexoinmobiliario.pe/customers/rb-arquitectura-y-construccion/3545-los-poetas/departamentos-barranco-68153a37f359b_xm.jpg,Barranco,150104
VIBRANT,https://e.nexoinmobiliario.pe/customers/vibrant/logo-575-20250912121050.jpg,VIBRANT,En Planos,291600,CALLE TEODOCIO PARREÑO 214,https://nexoinmobiliario.pe/proyecto/venta-de-departamento-3623-vibrant-barranco-lima-lima-vibrant,https://e.nexoinmobiliario.pe/customers/la-muralla-inversiones-inmobiliarias-s-a-c/3623-vibrant/departamentos-barranco-677d9d35dca01_xm.jpg,Barranco,150104
EDIFICA,https://e.nexoinmobiliario.pe/customers/edifica/logo-47-20250912111830.jpg,Grau 10,En Construcción,397088,Av. Almirante Miguel Grau 1020,https://nexoinmobiliario.pe/proyecto/venta-de-departamento-3809-grau-10-barranco-lima-lima-edifica,https://e.nexoinmobiliario.pe/customers/gerencia-de-proyectos-edifica-s-a-c/3809-grau-10/departamentos-barranco-686300f9dece1_xm.jpg,Barranco,150104
VERDANT INMOBILIARIA,https://e.nexoinmobiliario.pe/customers/verdant-inmobiliaria/logo-202-20241211103008.jpg,ROOTS,En Planos,352000,Jr. Pedro Salazar 120,https://nexoinmobiliario.pe/proyecto/venta-de-departamento-3908-roots-barranco-lima-lima-verdant-inmobiliaria,https://e.nexoinmobiliario.pe/customers/verdant-inmobiliaria/3908-roots/departamentos-barranco-68c82a9485eb6_xm.jpg,Barranco,150104
LIDER,https://e.nexoinmobiliario.pe/customers/lider/logo-46-20250912111734.jpg,Atreo Apartments,En Planos,337000,Calle Enrique Barron 280,https://nexoinmobiliario.pe/proyecto/venta-de-departamento-3934-atreo-apartments-barranco-lima-lima-lider,https://e.nexoinmobiliario.pe/customers/lider/3934-atreo-apartments/departamentos-barranco-691ceff6cfef4_xm.jpg,Barranco,150104
EDIFICA,https://e.nexoinmobiliario.pe/customers/edifica/logo-47-20250912111830.jpg,The Muse,En Planos,389130,Av San Martin 715,https://nexoinmobiliario.pe/proyecto/venta-de-departamento-3946-the-muse-barranco-lima-lima-edifica,https://e.nexoinmobiliario.pe/customers/edifica/3946-the-muse/departamentos-barranco-692069801c3e0_xm.jpg,Barranco,150104
ICASA INMOBILIARIA,https://e.nexoinmobiliario.pe/customers/icasa-inmobiliaria/logo-67-20250912112540.jpg,Panamá 280,En Planos,463500,Av República de Panamá 280 Barranco,https://nexoinmobiliario.pe/proyecto/venta-de-departamento-3952-panama-280-barranco-lima-lima-icasa-inmobiliaria,https://e.nexoinmobiliario.pe/customers/icasa-inmobiliaria/3952-panama-280/departamentos-barranco-6900e20697c43_xm.jpg,Barranco,150104
CONSTRUCTORA INARCO,https://e.nexoinmobiliario.pe/customers/constructora-inarco/logo-203-20250912115053.jpg,MAZ,Entrega Inmediata,380000,Av. Fernandini 960,https://nexoinmobiliario.pe/proyecto/venta-de-departamento-2079-maz-breña-lima-lima-constructora-inarco,https://e.nexoinmobiliario.pe/customers/constructora-inarco/2079-maz/departamentos-brena-68f659032e030_xm.jpg,Breña,150105
GRUPO TyC,https://e.nexoinmobiliario.pe/customers/grupo-tyc/logo-449-20241213103050.png,VARELA LIVING,Entrega Inmediata,265000,General Felipe Varela 1956,https://nexoinmobiliario.pe/proyecto/venta-de-departamento-2504-varela-living-breña-lima-lima-grupo-tyc,https://e.nexoinmobiliario.pe/customers/grupo-tyc/2504-varela-living/departamentos-brena-655533ff437df_xm.jpg,Breña,150105
CISSAC,https://e.nexoinmobiliario.pe/customers/cissac/logo-19-20250912110843.jpg,Del Parque Centro II,Entrega Inmediata,411820,Jr. Loreto 1608,https://nexoinmobiliario.pe/proyecto/venta-de-departamento-2566-del-parque-centro-ii-breña-lima-lima-cissac,https://e.nexoinmobiliario.pe/customers/corporacion-inmobiliaria-sudamericana-s-a-c/2566-del-parque-centro-ii/departamentos-brena-6706c7a2478be_xm.jpg,Breña,150105
INMOBILIARIA CESIA,https://e.nexoinmobiliario.pe/customers/inmobiliaria-cesia/logo-462-20231027061812.jpg,ALTO HUARAZ,Entrega Inmediata,432250,JR. HUARAZ 951 BREÑA,https://nexoinmobiliario.pe/proyecto/venta-de-departamento-2664-alto-huaraz-breña-lima-lima-inmobiliaria-cesia,https://e.nexoinmobiliario.pe/customers/inmobiliaria-cesia/2664-alto-huaraz/departamentos-brena-68bb4946a68fb_xm.jpg,Breña,150105
LOS PORTALES DEPARTAMENTOS,https://e.nexoinmobiliario.pe/customers/los-portales-departamentos/logo-350-20250912122110.jpg,Gran Plaza Loreto,Entrega Inmediata,317067,Jirón Loreto 1590 ,https://nexoinmobiliario.pe/proyecto/venta-de-departamento-2749-gran-plaza-loreto-breña-lima-lima-los-portales-departamentos,https://e.nexoinmobiliario.pe/customers/los-portales-construye-s-a-c/2749-gran-plaza-loreto/departamentos-brena-67abbff3b6a1a_xm.jpg,Breña,150105
LAS MAGNOLIAS CASA CLUB,https://e.nexoinmobiliario.pe/customers/las-magnolias-casa-club/logo-520-20250912122624.jpg,Las Magnolias Casa Club,Entrega Inmediata,317000,Jirón Zorritos 859 - Breña,https://nexoinmobiliario.pe/proyecto/venta-de-departamento-3177-las-magnolias-casa-club-breña-lima-lima-las-magnolias-casa-club,https://e.nexoinmobiliario.pe/customers/casa-club-las-magnolias/3177-las-magnolias-casa-club/departamentos-brena-655cdaad507a1_xm.jpg,Breña,150105
CISSAC,https://e.nexoinmobiliario.pe/customers/cissac/logo-19-20250912110843.jpg,Del Parque Centro Lite,En Construcción,274352,Jr. Loreto 1608,https://nexoinmobiliario.pe/proyecto/venta-de-departamento-3455-del-parque-centro-lite-breña-lima-lima-cissac,https://e.nexoinmobiliario.pe/customers/corporacion-inmobiliaria-sudamericana-s-a-c/3455-del-parque-centro-lite/departamentos-brena-6706cffd6badd_xm.jpg,Breña,150105
MULTIURBE,https://e.nexoinmobiliario.pe/customers/multiurbe/logo-538-20250731124043.png,Vida Varela,En Construcción,383631,Jirón Varela 1500 Breña,https://nexoinmobiliario.pe/proyecto/venta-de-departamento-3508-vida-varela-breña-lima-lima-multiurbe,https://e.nexoinmobiliario.pe/customers/multiurbe/3508-vida-varela/departamentos-brena-6908ffcdaa466_xm.jpg,Breña,150105
URBANA PERÚ,https://e.nexoinmobiliario.pe/customers/urbana-peru/logo-84-20231027061800.jpg,Ativo,En Planos,255000,Avenida Bolivia 540,https://nexoinmobiliario.pe/proyecto/venta-de-departamento-3592-ativo-breña-lima-lima-urbana-perú,https://e.nexoinmobiliario.pe/customers/urbana-peru/3592-ativo/departamentos-brena-68eedb316a901_xm.jpg,Breña,150105
Val Grupo Inmobiliario,https://e.nexoinmobiliario.pe/customers/val-grupo-inmobiliario/logo-548-20250912122123.jpg,Bonavista Condominio,En Planos,236550,General Orbegoso 650,https://nexoinmobiliario.pe/proyecto/venta-de-departamento-3857-bonavista-condominio-breña-lima-lima-val-grupo-inmobiliario,https://e.nexoinmobiliario.pe/customers/val-grupo-inmobiliario/3857-bonavista-condominio/departamentos-brena-68ed8897aa987_xm.jpg,Breña,150105
ARTECO,https://e.nexoinmobiliario.pe/customers/arteco/logo-21-20231027061758.jpg,Atelier,En Planos,268000,Av. Aguarico 1283,https://nexoinmobiliario.pe/proyecto/venta-de-departamento-3865-atelier-breña-lima-lima-arteco,https://e.nexoinmobiliario.pe/customers/arteco/3865-atelier/departamentos-brena-6908d49420426_xm.jpg,Breña,150105
INMOBILIARIA CESIA,https://e.nexoinmobiliario.pe/customers/inmobiliaria-cesia/logo-462-20231027061812.jpg,RESIDENCIAL RECUAY,En Construcción,292700,Jr. Recuay N° 277,https://nexoinmobiliario.pe/proyecto/venta-de-departamento-3925-residencial-recuay-breña-lima-lima-inmobiliaria-cesia,https://e.nexoinmobiliario.pe/customers/inmobiliaria-cesia/3925-residencial-recuay/departamentos-brena-690cc8398412c_xm.jpg,Breña,150105
ALBAMAR GRUPO INMOBILIARIO,https://e.nexoinmobiliario.pe/customers/albamar-grupo-inmobiliario/logo-108-20250912113347.jpg,Albamar | Quadra,En Planos,167500,"Av. Bolivia 855, Breña 15082",https://nexoinmobiliario.pe/proyecto/venta-de-departamento-3954-albamar-quadra-breña-lima-lima-albamar-grupo-inmobiliario,https://e.nexoinmobiliario.pe/customers/albamar-grupo-inmobiliario/3954-albamar-quadra/departamentos-brena-68f934df41719_xm.jpg,Breña,150105
BARRIONUEVO INMOBILIARIA,https://e.nexoinmobiliario.pe/customers/barrionuevo-inmobiliaria/logo-599-20251112103733.png,Kura Del Barrio,En Planos,332892,"Esquina Jr. Varela con Restauración, Breña.",https://nexoinmobiliario.pe/proyecto/venta-de-departamento-4042-kura-del-barrio-breña-lima-lima-barrionuevo-inmobiliaria,https://e.nexoinmobiliario.pe/customers/barrionuevo-inmobiliaria/4042-kura-del-barrio/departamentos-brena-691499efe8d0e_xm.jpg,Breña,150105
PADOVA,https://e.nexoinmobiliario.pe/customers/padova/logo-25-20250912111119.jpg,Lomas de Carabayllo Etapa 5,En Planos,172000,"calle 3, carabayllo",https://nexoinmobiliario.pe/proyecto/venta-de-departamento-3632-lomas-de-carabayllo-etapa-5-carabayllo-lima-lima-padova,https://e.nexoinmobiliario.pe/customers/inversiones-padova-sac/3632-lomas-de-carabayllo-etapa-5/departamentos-carabayllo-6871511191c78_xm.jpg,Carabayllo,150106
ENACORP,https://e.nexoinmobiliario.pe/customers/enacorp/logo-171-20231027061802.jpg,VALLES DE SANTA MARÍA 2,En Planos,82474,Av. Santa María s/n - Paradero Cementerio - Carabayllo ,https://nexoinmobiliario.pe/proyecto/venta-de-departamento-3903-valles-de-santa-maria-2-carabayllo-lima-lima-enacorp,https://e.nexoinmobiliario.pe/customers/enacorp/3903-valles-de-santa-maria/departamentos-carabayllo-689a261496519_xm.jpg,Carabayllo,150106
INVENT,https://e.nexoinmobiliario.pe/customers/invent/logo-268-20231027061805.jpg,Invent Chorrillos,Entrega Inmediata,243600,Calle José Olaya 225,https://nexoinmobiliario.pe/proyecto/venta-de-departamento-1974-invent-chorrillos-chorrillos-lima-lima-invent,https://e.nexoinmobiliario.pe/customers/invent/1974-invent-chorrillos/departamentos-chorrillos-692dc129e37e3_xm.jpg,Chorrillos,150108
CASAIDEAL INMOBILIARIA,https://e.nexoinmobiliario.pe/customers/casaideal-inmobiliaria/logo-53-20250912112032.jpg,PRINT,Entrega Inmediata,318100,"Calle Ontario 200, La Campiña, Chorrillos",https://nexoinmobiliario.pe/proyecto/venta-de-departamento-2331-print-chorrillos-lima-lima-casaideal-inmobiliaria,https://e.nexoinmobiliario.pe/customers/casaideal-inmobiliaria/2331-print/departamentos-chorrillos-68ed717294ae8_xm.jpg,Chorrillos,150108
STELLA INMOBILIARIA,https://e.nexoinmobiliario.pe/customers/stella-inmobiliaria/logo-398-20250912122919.jpg,ALTO GAVIOTAS,Entrega Inmediata,232786,Av las Gaviotas 440 - Chorrillos.,https://nexoinmobiliario.pe/proyecto/venta-de-departamento-2348-alto-gaviotas-chorrillos-lima-lima-stella-inmobiliaria,https://e.nexoinmobiliario.pe/customers/proyectos-inmobiliarios-stella-sac/2348-alto-gaviotas/departamentos-chorrillos-6718057247698_xm.jpg,Chorrillos,150108
LA MURALLA,https://e.nexoinmobiliario.pe/customers/la-muralla/logo-131-20250912113915.jpg,FLORECE,Entrega Inmediata,380000,"Av. Los Faisanes 222-226, Chorrillos",https://nexoinmobiliario.pe/proyecto/venta-de-departamento-2391-florece-chorrillos-lima-lima-la-muralla,https://e.nexoinmobiliario.pe/customers/la-muralla/2391-florece/departamentos-chorrillos-68f6c448b1ca8_xm.jpg,Chorrillos,150108
ACTUAL,https://e.nexoinmobiliario.pe/customers/actual/logo-86-20250912112921.jpg,Faisanes 343,Entrega Inmediata,256300,Av. Faisanes 343,https://nexoinmobiliario.pe/proyecto/venta-de-departamento-2774-faisanes-343-chorrillos-lima-lima-actual,https://e.nexoinmobiliario.pe/customers/actual-inmobiliaria/2774-faisanes-343/departamentos-chorrillos-68ade70e5f86d_xm.jpg,Chorrillos,150108
AVENIR GRUPO INMOBILIARIO,https://e.nexoinmobiliario.pe/customers/avenir-grupo-inmobiliario/logo-74-20231027061800.jpg,MIXXO,En Construcción,290000,Av. Los Faisanes 204 - Chorrillos,https://nexoinmobiliario.pe/proyecto/venta-de-departamento-2861-mixxo-chorrillos-lima-lima-avenir-grupo-inmobiliario,https://e.nexoinmobiliario.pe/customers/avenir-grupo-inmobiliario/2861-mixxo/departamentos-chorrillos-68f01869aa026_xm.jpg,Chorrillos,150108
GRUPO TOSCANA,https://e.nexoinmobiliario.pe/customers/grupo-toscana/logo-294-20231027061806.jpg,Los Gorriones 5,Entrega Inmediata,262900,Los gorriones 229,https://nexoinmobiliario.pe/proyecto/venta-de-departamento-2947-los-gorriones-5-chorrillos-lima-lima-grupo-toscana,https://e.nexoinmobiliario.pe/customers/grupo-toscana/2947-los-gorriones-5/departamentos-chorrillos-690cdf274bf91_xm.jpg,Chorrillos,150108
HL DESARROLLOS INMOBILIARIOS,https://e.nexoinmobiliario.pe/customers/hl-desarrollos-inmobiliarios/logo-474-20250912123147.jpg,Friendz 2,Entrega Inmediata,309426,Jr. Andromeda Mz J Lote 3,https://nexoinmobiliario.pe/proyecto/venta-de-departamento-2990-friendz-2-chorrillos-lima-lima-hl-desarrollos-inmobiliarios,https://e.nexoinmobiliario.pe/customers/hl-desarrollos-inmobiliarios/2990-friendz-2/departamentos-chorrillos-68f283ba7a763_xm.jpg,Chorrillos,150108
LOS PORTALES DEPARTAMENTOS,https://e.nexoinmobiliario.pe/customers/los-portales-departamentos/logo-350-20250912122110.jpg,Gran Guardia Peruana,Entrega Inmediata,354830,"Av. Guardia Peruana 851, Chorrillos",https://nexoinmobiliario.pe/proyecto/venta-de-departamento-3103-gran-guardia-peruana-chorrillos-lima-lima-los-portales-departamentos,https://e.nexoinmobiliario.pe/customers/los-portales-construye-s-a-c/3103-gran-guardia-peruana/departamentos-chorrillos-67ad0bc7c2800_xm.jpg,Chorrillos,150108
TALE INMOBILIARIA,https://e.nexoinmobiliario.pe/customers/tale-inmobiliaria/logo-322-20231027061807.jpg,Las Praderas,En Planos,199000,"Av. Los Faisanes 485, Chorrillos 15054",https://nexoinmobiliario.pe/proyecto/venta-de-departamento-3211-las-praderas-chorrillos-lima-lima-tale-inmobiliaria,https://e.nexoinmobiliario.pe/customers/tale-inmobiliaria/3211-las-praderas/departamentos-chorrillos-686edb2db3402_xm.jpg,Chorrillos,150108
CAPAC ASOCIADOS,https://e.nexoinmobiliario.pe/customers/capac-asociados/logo-115-20240821143505.png,BOULEVARD ÍCARO,En Planos,265660,"Ícaro 137, chorrillos, lima",https://nexoinmobiliario.pe/proyecto/venta-de-departamento-3214-boulevard-icaro-chorrillos-lima-lima-capac-asociados,https://e.nexoinmobiliario.pe/customers/capac-asociados/3214-boulevard-icaro/departamentos-chorrillos-68f658849303a_xm.jpg,Chorrillos,150108
LA MURALLA,https://e.nexoinmobiliario.pe/customers/la-muralla/logo-131-20250912113915.jpg,DOLCE MARE,En Construcción,283500,"Av. Bajada de Agua Dulce 131, chorrillos",https://nexoinmobiliario.pe/proyecto/venta-de-departamento-3256-dolce-mare-chorrillos-lima-lima-la-muralla,https://e.nexoinmobiliario.pe/customers/la-muralla/3256-dolce-mare/departamentos-chorrillos-68f6ba21ad33e_xm.jpg,Chorrillos,150108
2K INMOBILIARIA,https://e.nexoinmobiliario.pe/customers/2k-inmobiliaria/logo-530-20240221151250.jpg,MAR DE GRAU,En Construcción,381000,MALECON GRAU 207,https://nexoinmobiliario.pe/proyecto/venta-de-departamento-3273-mar-de-grau-chorrillos-lima-lima-2k-inmobiliaria,https://e.nexoinmobiliario.pe/customers/2k-inmobiliaria/3273-malecon-grau/departamentos-chorrillos-65d78ad4f3eab_xm.jpg,Chorrillos,150108
V&V GRUPO INMOBILIARIO,https://e.nexoinmobiliario.pe/customers/v-v-grupo-inmobiliario/logo-130-20231031163109.jpg,DOT - CHORRILLOS,En Planos,203000,"Av. Las Gaviotas 176, Chorrillos 15064",https://nexoinmobiliario.pe/proyecto/venta-de-departamento-3318-dot-chorrillos-chorrillos-lima-lima-v-v-grupo-inmobiliario,https://e.nexoinmobiliario.pe/customers/v-v-grupo-inmobiliario/3318-gaviotas-176/departamentos-chorrillos-667ca82c4b1d9_xm.jpg,Chorrillos,150108
VERONES GRUPO INMOBILIARIO,https://e.nexoinmobiliario.pe/customers/verones-grupo-inmobiliario/logo-340-20250912121918.jpg,Residencial Green Life,En Construcción,215000,Los Gorriones 490,https://nexoinmobiliario.pe/proyecto/venta-de-departamento-3334-residencial-green-life-chorrillos-lima-lima-verones-grupo-inmobiliario,https://e.nexoinmobiliario.pe/customers/matier-sac/3334-residencial-green-life/departamentos-chorrillos-68af82754bccf_xm.jpg,Chorrillos,150108
AVENIR GRUPO INMOBILIARIO,https://e.nexoinmobiliario.pe/customers/avenir-grupo-inmobiliario/logo-74-20231027061800.jpg,COSTAZUL,En Construcción,290000,Daniel Urrea 229,https://nexoinmobiliario.pe/proyecto/venta-de-departamento-3427-costazul-chorrillos-lima-lima-avenir-grupo-inmobiliario,https://e.nexoinmobiliario.pe/customers/avenir-grupo-inmobiliario/3427-costazul/departamentos-chorrillos-68efdd8252826_xm.jpg,Chorrillos,150108
ACTUAL,https://e.nexoinmobiliario.pe/customers/actual/logo-86-20250912112921.jpg,Faisanes III,En Planos,214570,Av. Faisanes 348-chorrillos,https://nexoinmobiliario.pe/proyecto/venta-de-departamento-3434-faisanes-iii-chorrillos-lima-lima-actual,https://e.nexoinmobiliario.pe/customers/actual-inmobiliaria/3434-faisanes-iii/departamentos-chorrillos-683f23c7e6564_xm.jpg,Chorrillos,150108
LA MURALLA,https://e.nexoinmobiliario.pe/customers/la-muralla/logo-131-20250912113915.jpg,FLORECE ETAPA 2,En Planos,152000,"Av. Los Faisanes 222-226, Chorrillos",https://nexoinmobiliario.pe/proyecto/venta-de-departamento-3497-florece-etapa-2-chorrillos-lima-lima-la-muralla,https://e.nexoinmobiliario.pe/customers/la-muralla/3497-florece-etapa-2/departamentos-chorrillos-68f6b752c30fa_xm.jpg,Chorrillos,150108
PUERTA DE TIERRA,https://e.nexoinmobiliario.pe/customers/puerta-de-tierra/logo-278-20250912120141.jpg,Quinta Villa,En Planos,202500,"C. Tumi 135, Lima 15067",https://nexoinmobiliario.pe/proyecto/venta-de-departamento-3535-quinta-villa-chorrillos-lima-lima-puerta-de-tierra,https://e.nexoinmobiliario.pe/customers/puerta-de-tierra-sa/3535-quinta-villa/departamentos-comas-671ff151f1b02_xm.jpg,Chorrillos,150108
CASAIDEAL INMOBILIARIA,https://e.nexoinmobiliario.pe/customers/casaideal-inmobiliaria/logo-53-20250912112032.jpg,LINK,En Construcción,204200,"Av. Faisanes 365, Chorrillos",https://nexoinmobiliario.pe/proyecto/venta-de-departamento-3543-link-chorrillos-lima-lima-casaideal-inmobiliaria,https://e.nexoinmobiliario.pe/customers/casaideal-inmobiliaria/3543-link/departamentos-chorrillos-6914f807ed2c4_xm.jpg,Chorrillos,150108
FRONTERA,https://e.nexoinmobiliario.pe/customers/frontera/logo-567-20250912121311.jpg,Olaya 535,En Construcción,248336,"Av. José Olaya 535, Chorrillos ",https://nexoinmobiliario.pe/proyecto/venta-de-departamento-3555-olaya-535-chorrillos-lima-lima-frontera,https://e.nexoinmobiliario.pe/customers/frontera-desarrolladora-s-a-c/3555-olaya-535/departamentos-chorrillos-672d436bdcaa2_xm.jpg,Chorrillos,150108
FRONTERA,https://e.nexoinmobiliario.pe/customers/frontera/logo-567-20250912121311.jpg,Malecón Costa Sur 658,En Construcción,236052,Malecón Costa Sur 658 chorrillos ,https://nexoinmobiliario.pe/proyecto/venta-de-departamento-3557-malecon-costa-sur-658-chorrillos-lima-lima-frontera,https://e.nexoinmobiliario.pe/customers/frontera/3557-malecon-costa-sur-658/departamentos-chorrillos-68cae3b27b261_xm.jpg,Chorrillos,150108
ALBAMAR GRUPO INMOBILIARIO,https://e.nexoinmobiliario.pe/customers/albamar-grupo-inmobiliario/logo-108-20250912113347.jpg,Albamar | Miralba,En Planos,179400,"Av. Capitán Alipio Ponce Vásquez 32, Chorrillos",https://nexoinmobiliario.pe/proyecto/venta-de-departamento-3663-albamar-miralba-chorrillos-lima-lima-albamar-grupo-inmobiliario,https://e.nexoinmobiliario.pe/customers/albamar-grupo-inmobiliario/3663-albamar-miralba/departamentos-chorrillos-68eecb6f8368b_xm.jpg,Chorrillos,150108
ALBAMAR GRUPO INMOBILIARIO,https://e.nexoinmobiliario.pe/customers/albamar-grupo-inmobiliario/logo-108-20250912113347.jpg,Albamar | Brisana,En Planos,217000,"Av. Chorrillos 396, chorrillos",https://nexoinmobiliario.pe/proyecto/venta-de-departamento-3781-albamar-brisana-chorrillos-lima-lima-albamar-grupo-inmobiliario,https://e.nexoinmobiliario.pe/customers/inmobiliaria-albamar-sac/3781-albamar-brisana/departamentos-chorrillos-68965b800058f_xm.jpg,Chorrillos,150108
LOS PORTALES DEPARTAMENTOS,https://e.nexoinmobiliario.pe/customers/los-portales-departamentos/logo-350-20250912122110.jpg,Gran Guardia Peruana - Etapa 2,En Planos,262200,"Av. Guardia Peruana 851, Chorrillos",https://nexoinmobiliario.pe/proyecto/venta-de-departamento-3803-gran-guardia-peruana-etapa-2-chorrillos-lima-lima-los-portales-departamentos,https://e.nexoinmobiliario.pe/customers/los-portales-construye-s-a-c/3803-gran-guardia-peruan-etapa-2/departamentos-chorrillos-681d352b74b7c_xm.jpg,Chorrillos,150108
ARTECO,https://e.nexoinmobiliario.pe/customers/arteco/logo-21-20231027061758.jpg,Jardines,En Planos,254000, Av. Los Faisanes 865,https://nexoinmobiliario.pe/proyecto/venta-de-departamento-3807-jardines-chorrillos-lima-lima-arteco,https://e.nexoinmobiliario.pe/customers/arteco/3807-jardines/departamentos-chorrillos-6908d286c33b4_xm.jpg,Chorrillos,150108
MADRID INMOBILIARIA,https://e.nexoinmobiliario.pe/customers/madrid-inmobiliaria/logo-61-20250912112211.jpg,Mareia,En Planos,393000,Malecón Costa Sur 312,https://nexoinmobiliario.pe/proyecto/venta-de-departamento-3816-mareia-chorrillos-lima-lima-madrid-inmobiliaria,https://e.nexoinmobiliario.pe/customers/madrid-ingenieros/3816-mareia/departamentos-chorrillos-683743db15742_xm.jpg,Chorrillos,150108
GDC INMOBILIARIA,https://e.nexoinmobiliario.pe/customers/gdc-inmobiliaria/logo-421-20250912123306.jpg,Casa de Osma,En Planos,293121,Jr. Pedro Solari 242,https://nexoinmobiliario.pe/proyecto/venta-de-departamento-3834-casa-de-osma-chorrillos-lima-lima-gdc-inmobiliaria,https://e.nexoinmobiliario.pe/customers/gdc-peru/3834-casa-de-osma/departamentos-chorrillos-6875372047ea8_xm.jpg,Chorrillos,150108
LIBRE INMOBILIARIA,https://e.nexoinmobiliario.pe/customers/libre-inmobiliaria/logo-407-20231027061810.jpg,Icaro 164 Chorrillos,En Planos,195114,Icaro 164 Chorrillos,https://nexoinmobiliario.pe/proyecto/venta-de-departamento-3897-icaro-164-chorrillos-chorrillos-lima-lima-libre-inmobiliaria,https://e.nexoinmobiliario.pe/customers/libre-inmobiliaria/3897-icaro-164-chorrillos/departamentos-chorrillos-68ffb5d79e404_xm.jpg,Chorrillos,150108
LA VENTUROSA,https://e.nexoinmobiliario.pe/customers/la-venturosa/logo-13-20250912110414.jpg,Sol Boulevard,En Planos,218918,Av. El Sol 1033,https://nexoinmobiliario.pe/proyecto/venta-de-departamento-3932-sol-boulevard-chorrillos-lima-lima-la-venturosa,https://e.nexoinmobiliario.pe/customers/la-venturosa-sa/3932-sol-boulevard/departamentos-chorrillos-68c3421887547_xm.jpg,Chorrillos,150108
IFI INMOBILIARIA,https://e.nexoinmobiliario.pe/customers/ifi-inmobiliaria/logo-409-20250912123216.jpg,MILOS,En Planos,377000,"Jr. Daniel Urrea 251, Chorrillos ",https://nexoinmobiliario.pe/proyecto/venta-de-departamento-3959-milos-chorrillos-lima-lima-ifi-inmobiliaria,https://e.nexoinmobiliario.pe/customers/ifi-inmobiliaria/3959-milos/departamentos-chorrillos-6904da1a1cff5_xm.jpg,Chorrillos,150108
ANDIAMO,https://e.nexoinmobiliario.pe/customers/andiamo/logo-293-20250912121224.jpg,Vértice,En Planos,208000,"Calle San Jose, Chorrillos",https://nexoinmobiliario.pe/proyecto/venta-de-departamento-3965-vertice-chorrillos-lima-lima-andiamo,https://e.nexoinmobiliario.pe/customers/andiamo/3965-vertice/departamentos-chorrillos-690bb0d72207f_xm.jpg,Chorrillos,150108
Grupo Santa Maria,https://e.nexoinmobiliario.pe/customers/grupo-santa-maria/logo-41-20250912111644.jpg,Condominio Solaris,En Planos,307000,Jr Comunidad Industrial 230,https://nexoinmobiliario.pe/proyecto/venta-de-departamento-3989-condominio-solaris-chorrillos-lima-lima-grupo-santa-maria,https://e.nexoinmobiliario.pe/customers/grupo-santa-maria/3989-condominio-solaris/departamentos-chorrillos-69014d3633377_xm.jpg,Chorrillos,150108
AVENIR GRUPO INMOBILIARIO,https://e.nexoinmobiliario.pe/customers/avenir-grupo-inmobiliario/logo-74-20231027061800.jpg,PARQUE FÁTIMA,En Planos,210000,Jirón Parque Fátima 420,https://nexoinmobiliario.pe/proyecto/venta-de-departamento-4012-parque-fatima-chorrillos-lima-lima-avenir-grupo-inmobiliario,https://e.nexoinmobiliario.pe/customers/avenir-grupo-inmobiliario/4012-parque-fatima/departamentos-chorrillos-690bd9b379ca9_xm.jpg,Chorrillos,150108
LIDER,https://e.nexoinmobiliario.pe/customers/lider/logo-46-20250912111734.jpg,RESIDENCIAL SEISS,En Construcción,256800,Calle 18 ,https://nexoinmobiliario.pe/proyecto/venta-de-departamento-3390-residencial-seiss-comas-lima-lima-lider,https://e.nexoinmobiliario.pe/customers/wr-s-a/3390-residencial-seiss/departamentos-comas-66886f19ba66a_xm.jpg,Comas,150110
LIDER,https://e.nexoinmobiliario.pe/customers/lider/logo-46-20250912111734.jpg,CINNCO MAMBO ETAPA II - Departamento en Comas,En Construcción,321700, Calle 18 S/N El Retablo,https://nexoinmobiliario.pe/proyecto/venta-de-departamento-3660-cinnco-mambo-etapa-ii-departamento-en-comas-comas-lima-lima-lider,https://e.nexoinmobiliario.pe/customers/wr-s-a/3660-cinnco-mambo-etapa-ii-departamento-en-comas/departamentos-comas-67a614202792f_xm.jpg,Comas,150110
LIDER,https://e.nexoinmobiliario.pe/customers/lider/logo-46-20250912111734.jpg,CUATTRO MAMBO ETAPA III,En Planos,350472,Calle 18 S/N ,https://nexoinmobiliario.pe/proyecto/venta-de-departamento-3917-cuattro-mambo-etapa-iii-comas-lima-lima-lider,https://e.nexoinmobiliario.pe/customers/wr-s-a/3917-cuattro-mambo-etapa-iii/departamentos-comas-68b0d3c072928_xm.jpg,Comas,150110
BESCO,https://e.nexoinmobiliario.pe/customers/besco/logo-68-20250912112631.jpg,Nueva Independencia,En Construcción,267500,"av. Industrial 3458, independencia",https://nexoinmobiliario.pe/proyecto/venta-de-departamento-3499-nueva-independencia-independencia-lima-lima-besco,https://e.nexoinmobiliario.pe/customers/besco/3499-nueva-independencia/departamentos-independencia-68ff9e5fa4149_xm.jpg,Independencia,150112
CAPAC ASOCIADOS,https://e.nexoinmobiliario.pe/customers/capac-asociados/logo-115-20240821143505.png,INDEPOLIS,En Planos,246259,"Calle 2, Independencia",https://nexoinmobiliario.pe/proyecto/venta-de-departamento-3650-indepolis-independencia-lima-lima-capac-asociados,https://e.nexoinmobiliario.pe/customers/capac-asociados/3650-indepolis/departamentos-independencia-68f6541ae8161_xm.jpg,Independencia,150112
LOS PORTALES DEPARTAMENTOS,https://e.nexoinmobiliario.pe/customers/los-portales-departamentos/logo-350-20250912122110.jpg,Gran Parque Norte - Etapa 1,En Planos,313344,Av. Carlos Izaguirre 205,https://nexoinmobiliario.pe/proyecto/venta-de-departamento-3926-gran-parque-norte-etapa-1-independencia-lima-lima-los-portales-departamentos,https://e.nexoinmobiliario.pe/customers/los-portales-construye-s-a-c/3926-gran-parque-norte-etapa-1/departamentos-independencia-68b9e4c95bb2b_xm.jpg,Independencia,150112
MARTE,https://e.nexoinmobiliario.pe/customers/marte/logo-60-20250912112119.jpg,Ambar,Entrega Inmediata,336785,Avenida Brasil 2363,https://nexoinmobiliario.pe/proyecto/venta-de-departamento-1561-ambar-jesus-maria-lima-lima-marte,https://e.nexoinmobiliario.pe/customers/marte-grupo-inmobiliario/1561-ambar/departamentos-jesus-maria-6048f758cbb7b_xm.jpg,Jesus Maria,150113
TORATTO GRUPO INMOBILIARIO,https://e.nexoinmobiliario.pe/customers/toratto-grupo-inmobiliario/logo-381-20250909173510.jpg,MONTEROSSO,Entrega Inmediata,519007,Jr. Coronel Zegarra N° 1045-1057,https://nexoinmobiliario.pe/proyecto/venta-de-departamento-1940-monterosso-jesus-maria-lima-lima-toratto-grupo-inmobiliario,https://e.nexoinmobiliario.pe/customers/toratto-grupo-inmobiliario/1940-monterosso/departamentos-jesus-maria-691f2450e8568_xm.jpg,Jesus Maria,150113
DESARROLLADORA,https://e.nexoinmobiliario.pe/customers/desarrolladora/logo-43-20231027061759.jpg,SALAVERRY 571,Entrega Inmediata,358000,"Av. General Salaverry 571, Jesús María",https://nexoinmobiliario.pe/proyecto/venta-de-departamento-2116-salaverry-571-jesus-maria-lima-lima-desarrolladora,https://e.nexoinmobiliario.pe/customers/desarrolladora/2116-salaverry-571/departamentos-jesus-maria-68826ae6691f3_xm.jpg,Jesus Maria,150113
PALACE,https://e.nexoinmobiliario.pe/customers/palace-properties-peru/logo-135-20231027061801.jpg,Garden Tower,Entrega Inmediata,348355,Avenida Jose Maria Plaza 425,https://nexoinmobiliario.pe/proyecto/venta-de-departamento-2300-garden-tower-jesus-maria-lima-lima-palace,https://e.nexoinmobiliario.pe/customers/palace-properties-peru/2300-garden-tower/departamentos-jesus-maria-670803aa840b5_xm.jpg,Jesus Maria,150113
GRUPO TyC,https://e.nexoinmobiliario.pe/customers/grupo-tyc/logo-449-20241213103050.png,MALVA,Entrega Inmediata,434586,Av. Brasil 1775,https://nexoinmobiliario.pe/proyecto/venta-de-departamento-2502-malva-jesus-maria-lima-lima-grupo-tyc,https://e.nexoinmobiliario.pe/customers/grupo-tyc/2502-malva/departamentos-jesus-maria-683f2d52ce0cd_xm.jpg,Jesus Maria,150113
GRUPO TyC,https://e.nexoinmobiliario.pe/customers/grupo-tyc/logo-449-20241213103050.png,FLAMINGO,Entrega Inmediata,307720,Av. Brasil 737.,https://nexoinmobiliario.pe/proyecto/venta-de-departamento-2507-flamingo-jesus-maria-lima-lima-grupo-tyc,https://e.nexoinmobiliario.pe/customers/grupo-tyc/2507-flamingo/departamentos-jesus-maria-68e57c2b738b5_xm.jpg,Jesus Maria,150113
NOVOARTE SOLUCIONES,https://e.nexoinmobiliario.pe/customers/novoarte-soluciones/logo-253-20250912115530.jpg,Miller 1058,Entrega Inmediata,545000,Jirón Mariscal Miller 1058,https://nexoinmobiliario.pe/proyecto/venta-de-departamento-2556-miller-1058-jesus-maria-lima-lima-novoarte-soluciones,https://e.nexoinmobiliario.pe/customers/novoarte-soluciones/2556-miller-1058/departamentos-jesus-maria-68f2b67b3f618_xm.jpg,Jesus Maria,150113
GRUPO TyC,https://e.nexoinmobiliario.pe/customers/grupo-tyc/logo-449-20241213103050.png,NOSSA,Entrega Inmediata,560922,Avenida Brasil 657,https://nexoinmobiliario.pe/proyecto/venta-de-departamento-2560-nossa-jesus-maria-lima-lima-grupo-tyc,https://e.nexoinmobiliario.pe/customers/grupo-tyc/2560-nossa/departamentos-jesus-maria-68e57c6cd7d06_xm.jpg,Jesus Maria,150113
INVENT,https://e.nexoinmobiliario.pe/customers/invent/logo-268-20231027061805.jpg,LEGADO,En Construcción,336300,"Jesús María, Av San Felipe 785 -787",https://nexoinmobiliario.pe/proyecto/venta-de-departamento-2596-legado-jesus-maria-lima-lima-invent,https://e.nexoinmobiliario.pe/customers/invent/2596-legado/departamentos-jesus-maria-692dc36f4dbe9_xm.jpg,Jesus Maria,150113
MS INMOBILIARIA,https://e.nexoinmobiliario.pe/customers/ms-inmobiliaria/logo-81-20250912112744.jpg,ARNALDO LIVING,En Construcción,306000,Av. Arnaldo Marquez N°1964,https://nexoinmobiliario.pe/proyecto/venta-de-departamento-2743-arnaldo-living-jesus-maria-lima-lima-ms-inmobiliaria,https://e.nexoinmobiliario.pe/customers/ms-inmobiliaria/2743-arnaldo-living/departamentos-jesus-maria-6900ce10a9c6b_xm.jpg,Jesus Maria,150113
CIUDARIS,https://e.nexoinmobiliario.pe/customers/ciudaris/logo-20-20250912141126.jpg,CIUDARIS I QUARZO,Entrega Inmediata,427000,Av. Cuba 548,https://nexoinmobiliario.pe/proyecto/venta-de-departamento-2747-ciudaris-i-quarzo-jesus-maria-lima-lima-ciudaris,https://e.nexoinmobiliario.pe/customers/ciudaris/2747-ciudaris-i-quarzo/departamentos-jesus-maria-691352dba8d18_xm.jpg,Jesus Maria,150113
V&V GRUPO INMOBILIARIO,https://e.nexoinmobiliario.pe/customers/v-v-grupo-inmobiliario/logo-130-20231031163109.jpg,SAN FELIPE 1190,En Construcción,486000,av. san felipe 1190,https://nexoinmobiliario.pe/proyecto/venta-de-departamento-2764-san-felipe-1190-jesus-maria-lima-lima-v-v-grupo-inmobiliario,https://e.nexoinmobiliario.pe/customers/v-v-grupo-inmobiliario/2764-san-felipe-1190/departamentos-jesus-maria-65271cd6159d2_xm.jpg,Jesus Maria,150113
INVERPLUS,https://e.nexoinmobiliario.pe/customers/inverplus/logo-273-20231027061805.jpg,Condominio Portofino Casa Club,Entrega Inmediata,430000,Calle Daniel Olaechea 134,https://nexoinmobiliario.pe/proyecto/venta-de-departamento-2787-condominio-portofino-casa-club-jesus-maria-lima-lima-inverplus,https://e.nexoinmobiliario.pe/customers/inverplus/2787-condominio-portofino-casa-club/departamentos-jesus-maria-66fac7e747824_xm.jpg,Jesus Maria,150113
BARQUEROS INMOBILIARIA,https://e.nexoinmobiliario.pe/customers/barqueros-inmobiliaria/logo-207-20250912115136.jpg,Residencial Brío,En Construcción,707193,Tizon y Bueno 765,https://nexoinmobiliario.pe/proyecto/venta-de-departamento-2788-residencial-brio-jesus-maria-lima-lima-barqueros-inmobiliaria,https://e.nexoinmobiliario.pe/customers/barqueros-inmobiliaria/2788-residencial-brio/departamentos-jesus-maria-68f50df9bad2e_xm.jpg,Jesus Maria,150113
SAN CHARBEL EDIFICACIONES,https://e.nexoinmobiliario.pe/customers/san-charbel-edificaciones/logo-29-20250912111257.jpg,Botanika,En Construcción,497580,Av. Garzón 2160,https://nexoinmobiliario.pe/proyecto/venta-de-departamento-2841-botanika-jesus-maria-lima-lima-san-charbel-edificaciones,https://e.nexoinmobiliario.pe/customers/san-charbel/2841-botanika/departamentos-jesus-maria-6408f26ac1bec_xm.jpg,Jesus Maria,150113
VIVE PLM,https://e.nexoinmobiliario.pe/customers/vive-plm/logo-483-20230227163325.jpeg,San Felipe Towers,Entrega Inmediata,475500,Av. San Felipe 720,https://nexoinmobiliario.pe/proyecto/venta-de-departamento-2846-san-felipe-towers-jesus-maria-lima-lima-vive-plm,https://e.nexoinmobiliario.pe/customers/vive-plm/2846-san-felipe-towers/departamentos-jesus-maria-68f2562730a08_xm.jpg,Jesus Maria,150113
FLAT,https://e.nexoinmobiliario.pe/customers/flat/logo-18-20250912110747.jpg,CAMPO MARTE,En Construcción,314000,Jr. Mogaburos 216 Esquina con Arnaldo Marquez,https://nexoinmobiliario.pe/proyecto/venta-de-departamento-2893-campo-marte-jesus-maria-lima-lima-flat,https://e.nexoinmobiliario.pe/customers/flat-inmobiliaria/2893-campo-marte/departamentos-jesus-maria-669c219f98eb9_xm.jpg,Jesus Maria,150113
BECA INMOBILIARIA,https://e.nexoinmobiliario.pe/customers/beca-inmobiliaria/logo-480-20250912123044.jpg,Eighth Avenue,En Construcción,351600,Calle Estados Unidos 831,https://nexoinmobiliario.pe/proyecto/venta-de-departamento-2962-eighth-avenue-jesus-maria-lima-lima-beca-inmobiliaria,https://e.nexoinmobiliario.pe/customers/beca-inversiones-y-proyectos-s-a-c/2962-eighth-avenue/departamentos-jesus-maria-651d89e61f236_xm.jpg,Jesus Maria,150113
INFINITY GROUP,https://e.nexoinmobiliario.pe/customers/infinity-group/logo-497-20231027061815.jpg,Vía Excluzzivo,Entrega Inmediata,559000,Jr. Estados Unidos 845,https://nexoinmobiliario.pe/proyecto/venta-de-departamento-2982-via-excluzzivo-jesus-maria-lima-lima-infinity-group,https://e.nexoinmobiliario.pe/customers/infinity-group/2982-via-excluzzivo/departamentos-jesus-maria-6894f243f31d3_xm.jpg,Jesus Maria,150113
Cygnus Grupo Inmobiliario,https://e.nexoinmobiliario.pe/customers/cygnus-grupo-inmobiliario/logo-31-20251119153850.png,Tizón y Bueno,Entrega Inmediata,361296,Tizon Y Bueno 160,https://nexoinmobiliario.pe/proyecto/venta-de-departamento-3002-tizon-y-bueno-jesus-maria-lima-lima-cygnus-grupo-inmobiliario,https://e.nexoinmobiliario.pe/customers/cygnus-grupo-inmobiliario/3002-tizon-y-bueno/departamentos-jesus-maria-691e5cd7ae22c_xm.jpg,Jesus Maria,150113
CIUDARIS,https://e.nexoinmobiliario.pe/customers/ciudaris/logo-20-20250912141126.jpg,CIUDARIS I ÁMATI,Entrega Inmediata,525000,Jr. Inca Ripac 326,https://nexoinmobiliario.pe/proyecto/venta-de-departamento-3005-ciudaris-i-amati-jesus-maria-lima-lima-ciudaris,https://e.nexoinmobiliario.pe/customers/ciudaris/3005-ciudaris-i-amati/departamentos-jesus-maria-69135732a7468_xm.jpg,Jesus Maria,150113
ACTUAL,https://e.nexoinmobiliario.pe/customers/actual/logo-86-20250912112921.jpg,San Felipe,En Construcción,364900,"Av San Felipe N°890 Esq. con Jr. Luis Sanchez Cerro, Jesús María",https://nexoinmobiliario.pe/proyecto/venta-de-departamento-3060-san-felipe-jesus-maria-lima-lima-actual,https://e.nexoinmobiliario.pe/customers/actual-inmobiliaria/3060-san-felipe/departamentos-jesus-maria-683f239cad1ca_xm.jpg,Jesus Maria,150113
Cygnus Grupo Inmobiliario,https://e.nexoinmobiliario.pe/customers/cygnus-grupo-inmobiliario/logo-31-20251119153850.png,Edificio Urbanzen,En Construcción,380422,Jr. Estados Unidos 405 - Jesús María,https://nexoinmobiliario.pe/proyecto/venta-de-departamento-3207-edificio-urbanzen-jesus-maria-lima-lima-cygnus-grupo-inmobiliario,https://e.nexoinmobiliario.pe/customers/cygnus-grupo-inmobiliario/3207-edificio-urbanzen/departamentos-jesus-maria-691e2c22c3162_xm.jpg,Jesus Maria,150113
ABRIL GRUPO INMOBILIARIO,https://e.nexoinmobiliario.pe/customers/abril-grupo-inmobiliario-ft/logo-426-20250411103938.png,Girasol,En Construcción,389428,"Av. Mello Franco 341, Jesús María 15072",https://nexoinmobiliario.pe/proyecto/venta-de-departamento-3208-girasol-jesus-maria-lima-lima-abril-grupo-inmobiliario,https://e.nexoinmobiliario.pe/customers/abril-grupo-inmobiliario-ft/3208-girasol/departamentos-jesus-maria-65e1ecafd53ce_xm.jpg,Jesus Maria,150113
INFINITY GROUP,https://e.nexoinmobiliario.pe/customers/infinity-group/logo-497-20231027061815.jpg,La Rosa Park,En Construcción,495000,Quiñones 102,https://nexoinmobiliario.pe/proyecto/venta-de-departamento-3238-la-rosa-park-jesus-maria-lima-lima-infinity-group,https://e.nexoinmobiliario.pe/customers/infinity-group/3238-la-rosa-park/departamentos-jesus-maria-67e47d260ee4e_xm.jpg,Jesus Maria,150113
ABRIL GRUPO INMOBILIARIO,https://e.nexoinmobiliario.pe/customers/abril-grupo-inmobiliario/logo-87-20250422120904.jpg,Camelia,En Construcción,315700,Av. 28 de julio 340,https://nexoinmobiliario.pe/proyecto/venta-de-departamento-3253-camelia-jesus-maria-lima-lima-abril-grupo-inmobiliario,https://e.nexoinmobiliario.pe/customers/abril-grupo-inmobiliario/3253-camelia/departamentos-jesus-maria-68fa928704ce1_xm.jpg,Jesus Maria,150113
STELLA INMOBILIARIA,https://e.nexoinmobiliario.pe/customers/stella-inmobiliaria/logo-398-20250912122919.jpg,RESIDENCIAL ORION,En Planos,454400,Jiron Lloque Yupanqui 1240,https://nexoinmobiliario.pe/proyecto/venta-de-departamento-3282-residencial-orion-jesus-maria-lima-lima-stella-inmobiliaria,https://e.nexoinmobiliario.pe/customers/proyectos-inmobiliarios-stella-sac/3282-residencial-orion/departamentos-jesus-maria-65f0b676da698_xm.jpg,Jesus Maria,150113
ALBAMAR GRUPO INMOBILIARIO,https://e.nexoinmobiliario.pe/customers/albamar-grupo-inmobiliario/logo-108-20250912113347.jpg,Albamar | Paseo Paz,En Construcción,394700,"Av Cuba 500, Jesús María",https://nexoinmobiliario.pe/proyecto/venta-de-departamento-3296-albamar-paseo-paz-jesus-maria-lima-lima-albamar-grupo-inmobiliario,https://e.nexoinmobiliario.pe/customers/inmobiliaria-albamar-sac/3296-albamar-paseo-paz/departamentos-jesus-maria-68965ab0cc7dc_xm.jpg,Jesus Maria,150113
ARTECO,https://e.nexoinmobiliario.pe/customers/arteco/logo-21-20231027061758.jpg,DuMont,En Construcción,406000,Av. República de Chile 675,https://nexoinmobiliario.pe/proyecto/venta-de-departamento-3312-dumont-jesus-maria-lima-lima-arteco,https://e.nexoinmobiliario.pe/customers/arteco/3312-dumont/departamentos-jesus-maria-6908d3c869683_xm.jpg,Jesus Maria,150113
Cygnus Grupo Inmobiliario,https://e.nexoinmobiliario.pe/customers/cygnus-grupo-inmobiliario/logo-31-20251119153850.png,Edificio Fenix,En Construcción,422149,"Av. Mello Franco 365, Jesus Maria",https://nexoinmobiliario.pe/proyecto/venta-de-departamento-3324-edificio-fenix-jesus-maria-lima-lima-cygnus-grupo-inmobiliario,https://e.nexoinmobiliario.pe/customers/cygnus-grupo-inmobiliario/3324-edificio-fenix/departamentos-jesus-maria-691e4e046188f_xm.jpg,Jesus Maria,150113
Cygnus Grupo Inmobiliario,https://e.nexoinmobiliario.pe/customers/cygnus-grupo-inmobiliario/logo-31-20251119153850.png,Edificio Sialia,En Planos,275289,"Av. 6 de Agosto 1184, Jesús María",https://nexoinmobiliario.pe/proyecto/venta-de-departamento-3325-edificio-sialia-jesus-maria-lima-lima-cygnus-grupo-inmobiliario,https://e.nexoinmobiliario.pe/customers/cygnus-grupo-inmobiliario/3325-edificio-sialia/departamentos-jesus-maria-691e573110807_xm.jpg,Jesus Maria,150113
TORATTO GRUPO INMOBILIARIO,https://e.nexoinmobiliario.pe/customers/toratto-grupo-inmobiliario/logo-381-20250909173510.jpg,VERNAZZA,En Construcción,337304,JR.Inca Ripac N° 338 Jesús María ,https://nexoinmobiliario.pe/proyecto/venta-de-departamento-3328-vernazza-jesus-maria-lima-lima-toratto-grupo-inmobiliario,https://e.nexoinmobiliario.pe/customers/toratto-grupo-inmobiliario/3328-vernazza/departamentos-jesus-maria-691f2584abbc6_xm.jpg,Jesus Maria,150113
MAXX GRUPO INMOBILIARIO,https://e.nexoinmobiliario.pe/customers/maxx-grupo-inmobiliario/logo-289-20251014104030.png,PRADA,En Construcción,440000,Av. Tizón y Bueno 639,https://nexoinmobiliario.pe/proyecto/venta-de-departamento-3336-prada-jesus-maria-lima-lima-maxx-grupo-inmobiliario,https://e.nexoinmobiliario.pe/customers/maxx-grupo-inmobiliario-sac/3336-prada/departamentos-jesus-maria-67f931271acd4_xm.jpg,Jesus Maria,150113
BALANCE GRUPO INMOBILIARIO,https://e.nexoinmobiliario.pe/customers/balance-grupo-inmobiliario/logo-304-20231027061807.jpg,GUISSE 1060,En Construcción,290000,Jiron Almte. Jorge Martin Guisse 1060,https://nexoinmobiliario.pe/proyecto/venta-de-departamento-3339-guisse-1060-jesus-maria-lima-lima-balance-grupo-inmobiliario,https://e.nexoinmobiliario.pe/customers/balance-grupo-inmobiliario/3339-guisse-1060/departamentos-jesus-maria-688a8e09c39ed_xm.jpg,Jesus Maria,150113
ABRIL GRUPO INMOBILIARIO,https://e.nexoinmobiliario.pe/customers/abril-grupo-inmobiliario/logo-87-20250422120904.jpg,Máximo Abril,En Planos,255707,Calle Máximo Abril 576,https://nexoinmobiliario.pe/proyecto/venta-de-departamento-3347-maximo-abril-jesus-maria-lima-lima-abril-grupo-inmobiliario,https://e.nexoinmobiliario.pe/customers/abril-grupo-inmobiliario/3347-maximo-abril/departamentos-jesus-maria-68fa92fb048ef_xm.jpg,Jesus Maria,150113
LUGANO,https://e.nexoinmobiliario.pe/customers/lugano/logo-17-20250912110653.jpg,EDIFICIO BLEND,En Construcción,313000,AVENIDA HORACIO URTEAGA 1060,https://nexoinmobiliario.pe/proyecto/venta-de-departamento-3362-edificio-blend-jesus-maria-lima-lima-lugano,https://e.nexoinmobiliario.pe/customers/lugano/3362-edificio-blend/departamentos-jesus-maria-68ee71379848d_xm.jpg,Jesus Maria,150113
GRUPO SOL,https://e.nexoinmobiliario.pe/customers/grupo-sol/logo-250-20250912115430.jpg,NUOVA VITA,En Construcción,531000,"Jr. Cahuide 965, Jesús María",https://nexoinmobiliario.pe/proyecto/venta-de-departamento-3371-nuova-vita-jesus-maria-lima-lima-grupo-sol,https://e.nexoinmobiliario.pe/customers/grupo-sol/3371-nuova-vita/departamentos-jesus-maria-68d4259cd73ce_xm.jpg,Jesus Maria,150113
IFI INMOBILIARIA,https://e.nexoinmobiliario.pe/customers/ifi-inmobiliaria/logo-409-20250912123216.jpg,NAXOS,En Construcción,377000,Jr Huascar 1787,https://nexoinmobiliario.pe/proyecto/venta-de-departamento-3376-naxos-jesus-maria-lima-lima-ifi-inmobiliaria,https://e.nexoinmobiliario.pe/customers/ifi-inmobiliaria/3376-naxos/departamentos-jesus-maria-68f797581a35c_xm.jpg,Jesus Maria,150113
CIUDARIS,https://e.nexoinmobiliario.pe/customers/ciudaris/logo-20-20250912141126.jpg,CIUDARIS I MONET,En Construcción,431000,Jr. Brigadier Mateo Pumacahua 1015,https://nexoinmobiliario.pe/proyecto/venta-de-departamento-3379-ciudaris-i-monet-jesus-maria-lima-lima-ciudaris,https://e.nexoinmobiliario.pe/customers/ciudaris/3379-ciudaris-i-monet/departamentos-jesus-maria-6913576590afb_xm.jpg,Jesus Maria,150113
LUGANO,https://e.nexoinmobiliario.pe/customers/lugano/logo-17-20250912110653.jpg,ZENNA,En Planos,311359,Av general santa cruz 550,https://nexoinmobiliario.pe/proyecto/venta-de-departamento-3386-zenna-jesus-maria-lima-lima-lugano,https://e.nexoinmobiliario.pe/customers/lugano/3386-zenna/departamentos-jesus-maria-68ee707a8f2ac_xm.jpg,Jesus Maria,150113
DITRENZZO,https://e.nexoinmobiliario.pe/customers/ditrenzzo/logo-306-20250912121455.png,HUASCAR,En Construcción,1303191,Jr. Huáscar 2162,https://nexoinmobiliario.pe/proyecto/venta-de-departamento-3396-huascar-jesus-maria-lima-lima-ditrenzzo,https://e.nexoinmobiliario.pe/customers/ditrenzzo/3396-huascar/departamentos-jesus-maria-68ed89483d454_xm.jpg,Jesus Maria,150113
MARTE,https://e.nexoinmobiliario.pe/customers/marte/logo-60-20250912112119.jpg,Zircon,En Planos,278946,Jr. Nazca 704,https://nexoinmobiliario.pe/proyecto/venta-de-departamento-3397-zircon-jesus-maria-lima-lima-marte,https://e.nexoinmobiliario.pe/customers/marte-grupo-inmobiliario/3397-zircon/departamentos-jesus-maria-67b4a94f3c0c7_xm.jpg,Jesus Maria,150113
Cygnus Grupo Inmobiliario,https://e.nexoinmobiliario.pe/customers/cygnus-grupo-inmobiliario/logo-31-20251119153850.png,Alicanto,En Construcción,280392,Jr. General Canterac 279 283 Jesús María,https://nexoinmobiliario.pe/proyecto/venta-de-departamento-3398-alicanto-jesus-maria-lima-lima-cygnus-grupo-inmobiliario,https://e.nexoinmobiliario.pe/customers/cygnus-grupo-inmobiliario/3398-alicanto/departamentos-jesus-maria-691e518aa11ca_xm.jpg,Jesus Maria,150113
FORTEM GESTORA INMOBILIARIA,https://e.nexoinmobiliario.pe/customers/fortem-gestora-inmobiliaria/logo-549-20251009183824.png,NEO LLOQUE,En Construcción,377410,Jr. Lloque Yupanqui 1241,https://nexoinmobiliario.pe/proyecto/venta-de-departamento-3414-neo-lloque-jesus-maria-lima-lima-fortem-gestora-inmobiliaria,https://e.nexoinmobiliario.pe/customers/fortem-gestora-inmobiliaria/3414-neo-lloque/departamentos-jesus-maria-68dec4244a8d2_xm.jpg,Jesus Maria,150113
ABRIL GRUPO INMOBILIARIO,https://e.nexoinmobiliario.pe/customers/abril-grupo-inmobiliario-ft/logo-426-20250411103938.png,Cannelle,En Planos,361415,Av de la Policía 603,https://nexoinmobiliario.pe/proyecto/venta-de-departamento-3472-cannelle-jesus-maria-lima-lima-abril-grupo-inmobiliario,https://e.nexoinmobiliario.pe/customers/abril-grupo-inmobiliario-ft/3472-cannelle/departamentos-jesus-maria-67329c4186995_xm.jpg,Jesus Maria,150113
VITTORIA INMOBILIARIA,https://e.nexoinmobiliario.pe/customers/vittoria-inmobiliaria/logo-500-20250912122825.jpg,TALARA702,En Construcción,289000,talara 702,https://nexoinmobiliario.pe/proyecto/venta-de-departamento-3500-talara702-jesus-maria-lima-lima-vittoria-inmobiliaria,https://e.nexoinmobiliario.pe/customers/grupo-victoria/3500-talara702/departamentos-jesus-maria-6734e3ae4a74f_xm.jpg,Jesus Maria,150113
LUGANO,https://e.nexoinmobiliario.pe/customers/lugano/logo-17-20250912110653.jpg,LUNA,En Construcción,355000,Jirón Inca Ripac 350 - 372,https://nexoinmobiliario.pe/proyecto/venta-de-departamento-3503-luna-jesus-maria-lima-lima-lugano,https://e.nexoinmobiliario.pe/customers/lugano/3503-luna/departamentos-jesus-maria-68ee6c7c29186_xm.jpg,Jesus Maria,150113
PAZ,https://e.nexoinmobiliario.pe/customers/paz/logo-22-20250912110933.jpg,MEDINA,En Construcción,336092,AV. REBAGLIATI 405,https://nexoinmobiliario.pe/proyecto/venta-de-departamento-3517-medina-jesus-maria-lima-lima-paz,https://e.nexoinmobiliario.pe/customers/paz/3517-medina/departamentos-jesus-maria-692dd799f1bd4_xm.jpg,Jesus Maria,150113
DITRENZZO,https://e.nexoinmobiliario.pe/customers/ditrenzzo/logo-306-20250912121455.png,Huáscar 21,En Construcción,604255,"Jr. Huáscar 2121, Jesús María",https://nexoinmobiliario.pe/proyecto/venta-de-departamento-3554-huascar-21-jesus-maria-lima-lima-ditrenzzo,https://e.nexoinmobiliario.pe/customers/ditrenzzo/3554-huascar-21/departamentos-jesus-maria-68ed8acbc2e3f_xm.jpg,Jesus Maria,150113
MAXX GRUPO INMOBILIARIO,https://e.nexoinmobiliario.pe/customers/maxx-grupo-inmobiliario/logo-289-20251014104030.png,BEYOND,En Planos,292000,Av. Húsares de Junín 289,https://nexoinmobiliario.pe/proyecto/venta-de-departamento-3589-beyond-jesus-maria-lima-lima-maxx-grupo-inmobiliario,https://e.nexoinmobiliario.pe/customers/maxx-grupo-inmobiliario-sac/3589-beyond/departamentos-jesus-maria-680f802608314_xm.jpg,Jesus Maria,150113
SEMBRA INMOBILIARIA,https://e.nexoinmobiliario.pe/customers/sembra-inmobiliaria/logo-428-20241129155138.jpeg,Salaverry,En Planos,272340,"Av. Salaverry 1082, Jesus Maria",https://nexoinmobiliario.pe/proyecto/venta-de-departamento-3596-salaverry-jesus-maria-lima-lima-sembra-inmobiliaria,https://e.nexoinmobiliario.pe/customers/sembra-inmobiliaria/3596-salaverry/departamentos-jesus-maria-68d44323c49e5_xm.jpg,Jesus Maria,150113
CIUDARIS,https://e.nexoinmobiliario.pe/customers/ciudaris/logo-20-20250912141126.jpg,CIUDARIS - OLIVE PARK,En Construcción,456000,Av. San Felipe 485,https://nexoinmobiliario.pe/proyecto/venta-de-departamento-3600-ciudaris-olive-park-jesus-maria-lima-lima-ciudaris,https://e.nexoinmobiliario.pe/customers/ciudaris/3600-ciudaris-olive-park/departamentos-jesus-maria-6913578e3c675_xm.jpg,Jesus Maria,150113
LUGANO,https://e.nexoinmobiliario.pe/customers/lugano/logo-17-20250912110653.jpg,EL OLIVAR,En Planos,346500,Av. San Felipe N° 499,https://nexoinmobiliario.pe/proyecto/venta-de-departamento-3686-el-olivar-jesus-maria-lima-lima-lugano,https://e.nexoinmobiliario.pe/customers/lugano/3686-el-olivar/departamentos-jesus-maria-68ee72f62da5c_xm.jpg,Jesus Maria,150113
Cygnus Grupo Inmobiliario,https://e.nexoinmobiliario.pe/customers/cygnus-grupo-inmobiliario/logo-31-20251119153850.png,Capadocia,En Planos,300229,Jr. Luis N. Saenz 445,https://nexoinmobiliario.pe/proyecto/venta-de-departamento-3690-capadocia-jesus-maria-lima-lima-cygnus-grupo-inmobiliario,https://e.nexoinmobiliario.pe/customers/cygnus-grupo-inmobiliario/3690-capadocia/departamentos-jesus-maria-691e388ba6695_xm.jpg,Jesus Maria,150113
ABRIL GRUPO INMOBILIARIO,https://e.nexoinmobiliario.pe/customers/abril-grupo-inmobiliario/logo-87-20250422120904.jpg,Gran Manzano,En Planos,269300,San Felipe 1110,https://nexoinmobiliario.pe/proyecto/venta-de-departamento-3697-gran-manzano-jesus-maria-lima-lima-abril-grupo-inmobiliario,https://e.nexoinmobiliario.pe/customers/abril-grupo-inmobiliario/3697-gran-manzano/departamentos-jesus-maria-68fa9373b3b63_xm.jpg,Jesus Maria,150113
GRANADERO INMOBILIARIA,https://e.nexoinmobiliario.pe/customers/granadero-inmobiliaria/logo-182-20250912114418.jpg,Nicaragua 153,En Planos,261000,Jiron Nicaragua 153,https://nexoinmobiliario.pe/proyecto/venta-de-departamento-3730-nicaragua-153-jesus-maria-lima-lima-granadero-inmobiliaria,https://e.nexoinmobiliario.pe/customers/granadero-inmobilaria/3730-nicaragua-153/departamentos-jesus-maria-67ca115e143b5_xm.jpg,Jesus Maria,150113
Cygnus Grupo Inmobiliario,https://e.nexoinmobiliario.pe/customers/cygnus-grupo-inmobiliario/logo-31-20251119153850.png,Modena,En Planos,279189,Av. Olavegoya 1846,https://nexoinmobiliario.pe/proyecto/venta-de-departamento-3736-modena-jesus-maria-lima-lima-cygnus-grupo-inmobiliario,https://e.nexoinmobiliario.pe/customers/cygnus-grupo-inmobiliario/3736-modena/departamentos-jesus-maria-691e416e51b17_xm.jpg,Jesus Maria,150113
BARQUEROS INMOBILIARIA,https://e.nexoinmobiliario.pe/customers/barqueros-inmobiliaria/logo-207-20250912115136.jpg,Alegra,En Planos,307283,"Jirón Río de Janeiro 257, Jesús María",https://nexoinmobiliario.pe/proyecto/venta-de-departamento-3749-alegra-jesus-maria-lima-lima-barqueros-inmobiliaria,https://e.nexoinmobiliario.pe/customers/barqueros-inmobiliaria/3749-alegra/departamentos-jesus-maria-68fd30e95c648_xm.jpg,Jesus Maria,150113
VIENNA GRUPO INMOBILIARIO,https://e.nexoinmobiliario.pe/customers/vienna-grupo-inmobiliario/logo-209-20251030121413.jpg,Astre,En Planos,203500,Av. Arenales 698. Cruce con Ramón Dagnino. Jesús María,https://nexoinmobiliario.pe/proyecto/venta-de-departamento-3769-astre-jesus-maria-lima-lima-vienna-grupo-inmobiliario,https://e.nexoinmobiliario.pe/customers/vienna-grupo-inmobiliario/3769-astre/departamentos-jesus-maria-68ed39470c7d8_xm.jpg,Jesus Maria,150113
ABRIL GRUPO INMOBILIARIO,https://e.nexoinmobiliario.pe/customers/abril-grupo-inmobiliario/logo-87-20250422120904.jpg,Bugambilias,En Planos,203300,AVENIDA BRASIL 1007,https://nexoinmobiliario.pe/proyecto/venta-de-departamento-3784-bugambilias-jesus-maria-lima-lima-abril-grupo-inmobiliario,https://e.nexoinmobiliario.pe/customers/abril-grupo-inmobiliario/3784-bugambilias/departamentos-jesus-maria-68fa93da7d56d_xm.jpg,Jesus Maria,150113
BECA INMOBILIARIA,https://e.nexoinmobiliario.pe/customers/beca-inmobiliaria/logo-480-20250912123044.jpg,Bellagio,En Planos,246539,Jirón Huáscar 2062,https://nexoinmobiliario.pe/proyecto/venta-de-departamento-3790-bellagio-jesus-maria-lima-lima-beca-inmobiliaria,https://e.nexoinmobiliario.pe/customers/beca-inversiones-y-proyectos-s-a-c/3790-bellagio/departamentos-jesus-maria-680668d900219_xm.jpg,Jesus Maria,150113
GRUPO MG,https://e.nexoinmobiliario.pe/customers/grupo-mg/logo-164-20231027061802.jpg,HUIRACOCHA - JESÚS MARÍA,En Planos,300840,"Jesús María, Jr. Huiracocha 2170 ",https://nexoinmobiliario.pe/proyecto/venta-de-departamento-3797-huiracocha-jesus-maria-jesus-maria-lima-lima-grupo-mg,https://e.nexoinmobiliario.pe/customers/grupo-mg/3797-huiracocha-jesus-maria/departamentos-jesus-maria-68f9500f1bc3b_xm.jpg,Jesus Maria,150113
GRUPO SOL,https://e.nexoinmobiliario.pe/customers/grupo-sol/logo-250-20250912115430.jpg,VIVE OLIVAR,En Planos,378000,Jr. Caracas 2324,https://nexoinmobiliario.pe/proyecto/venta-de-departamento-3802-vive-olivar-jesus-maria-lima-lima-grupo-sol,https://e.nexoinmobiliario.pe/customers/grupo-sol/3802-vive-olivar/departamentos-jesus-maria-691b84a6176e7_xm.jpg,Jesus Maria,150113
Cygnus Grupo Inmobiliario,https://e.nexoinmobiliario.pe/customers/cygnus-grupo-inmobiliario/logo-31-20251119153850.png,Matera,En Planos,310912,Inca Ripac 346,https://nexoinmobiliario.pe/proyecto/venta-de-departamento-3859-matera-jesus-maria-lima-lima-cygnus-grupo-inmobiliario,https://e.nexoinmobiliario.pe/customers/cygnus-grupo-inmobiliario/3859-matera/departamentos-jesus-maria-691e4c0cebefd_xm.jpg,Jesus Maria,150113
GRUPO MG,https://e.nexoinmobiliario.pe/customers/grupo-mg/logo-164-20231027061802.jpg,ALLURE - JESÚS MARÍA,En Planos,265000,Av. Húsares de Junín Nº 661,https://nexoinmobiliario.pe/proyecto/venta-de-departamento-3899-allure-jesus-maria-jesus-maria-lima-lima-grupo-mg,https://e.nexoinmobiliario.pe/customers/grupo-mg/3899-allure-jesus-maria/departamentos-jesus-maria-68ff86dd57347_xm.jpg,Jesus Maria,150113
Cygnus Grupo Inmobiliario,https://e.nexoinmobiliario.pe/customers/cygnus-grupo-inmobiliario/logo-31-20251119153850.png,Torre Nápoles,En Planos,228279,Av. 28 De Julio 232,https://nexoinmobiliario.pe/proyecto/venta-de-departamento-3900-torre-napoles-jesus-maria-lima-lima-cygnus-grupo-inmobiliario,https://e.nexoinmobiliario.pe/customers/cygnus-grupo-inmobiliario/3900-torre-napoles/departamentos-jesus-maria-691e485c3e3f0_xm.jpg,Jesus Maria,150113
DITRENZZO,https://e.nexoinmobiliario.pe/customers/ditrenzzo/logo-306-20250912121455.png,INCA RÍPAC,En Planos,368817,Jr. Inca Rípac 100,https://nexoinmobiliario.pe/proyecto/venta-de-departamento-3902-inca-ripac-jesus-maria-lima-lima-ditrenzzo,https://e.nexoinmobiliario.pe/customers/ditrenzzo/3902-inca-ripac/departamentos-jesus-maria-68f1755e13894_xm.jpg,Jesus Maria,150113
ABRIL GRUPO INMOBILIARIO,https://e.nexoinmobiliario.pe/customers/abril-grupo-inmobiliario-ft/logo-426-20250411103938.png,Olivo,En Planos,473197,Jr. Inca Ripac 134,https://nexoinmobiliario.pe/proyecto/venta-de-departamento-3927-olivo-jesus-maria-lima-lima-abril-grupo-inmobiliario,https://e.nexoinmobiliario.pe/customers/abril-grupo-inmobiliario-ft/3927-olivo/departamentos-jesus-maria-690248b0177e3_xm.jpg,Jesus Maria,150113
ABRIL GRUPO INMOBILIARIO,https://e.nexoinmobiliario.pe/customers/abril-grupo-inmobiliario/logo-87-20250422120904.jpg,Eucalipto,En Planos,238321, Av. Brasil N°1857,https://nexoinmobiliario.pe/proyecto/venta-de-departamento-3942-eucalipto-jesus-maria-lima-lima-abril-grupo-inmobiliario,https://e.nexoinmobiliario.pe/customers/abril-grupo-inmobiliario/3942-eucalipto/departamentos-jesus-maria-68fa940dc0fdc_xm.jpg,Jesus Maria,150113
PALACE,https://e.nexoinmobiliario.pe/customers/palace-properties-peru/logo-135-20231027061801.jpg,NOA,En Construcción,383690,Jr Estados Unidos Nro 999 Esq Jr Caracas  Nro 2501,https://nexoinmobiliario.pe/proyecto/venta-de-departamento-3950-noa-jesus-maria-lima-lima-palace,https://e.nexoinmobiliario.pe/customers/palace-properties-peru/3950-noa/departamentos-jesus-maria-6903e36d78a97_xm.jpg,Jesus Maria,150113
VITTORIA INMOBILIARIA,https://e.nexoinmobiliario.pe/customers/vittoria-inmobiliaria/logo-500-20250912122825.jpg,MaytaCapac1248,En Planos,299500, jiron mayta capac 1248,https://nexoinmobiliario.pe/proyecto/venta-de-departamento-3962-maytacapac1248-jesus-maria-lima-lima-vittoria-inmobiliaria,https://e.nexoinmobiliario.pe/customers/vittoria-inmobiliaria/3962-maytacapac1248/departamentos-jesus-maria-68e6f0782c1b7_xm.jpg,Jesus Maria,150113
DITRENZZO,https://e.nexoinmobiliario.pe/customers/ditrenzzo/logo-306-20250912121455.png,NAZCA,En Planos,293617,"Alto Sumaq 806, Jirón Nazca 408, Jesús María 15072",https://nexoinmobiliario.pe/proyecto/venta-de-departamento-4031-nazca-jesus-maria-lima-lima-ditrenzzo,https://e.nexoinmobiliario.pe/customers/ditrenzzo/4031-nazca/departamentos-jesus-maria-691262b4335ed_xm.jpg,Jesus Maria,150113
ABRIL GRUPO INMOBILIARIO,https://e.nexoinmobiliario.pe/customers/abril-grupo-inmobiliario-ft/logo-426-20250411103938.png,MONTECARLO,En Planos,278829,Jr. Sánchez Cerro 1960,https://nexoinmobiliario.pe/proyecto/venta-de-departamento-4039-montecarlo-jesus-maria-lima-lima-abril-grupo-inmobiliario,https://e.nexoinmobiliario.pe/customers/abril-grupo-inmobiliario-ft/4039-montecarlo/departamentos-jesus-maria-6913a33d42466_xm.jpg,Jesus Maria,150113
CIMENTARES GRUPO INMOBILIARIO,https://e.nexoinmobiliario.pe/customers/cimentares-grupo-inmobiliario/logo-334-20231027061807.jpg,RESIDENCIAL FRUTALES,Entrega Inmediata,810480,Av.Los Frutales Nº 819 ,https://nexoinmobiliario.pe/proyecto/venta-de-departamento-1628-residencial-frutales-la-molina-lima-lima-cimentares-grupo-inmobiliario,https://e.nexoinmobiliario.pe/customers/cimentares-grupo-inmobiliario/1628-residencial-frutales/departamentos-la-molina-609ec7e7efff3_xm.jpg,La Molina,150114
MIRANO,https://e.nexoinmobiliario.pe/customers/inversiones-mirano-sac/logo-30-20250513135530.jpg,Sunny Park -  La Molina,En Planos,740462,Jr. Centenario S/N ,https://nexoinmobiliario.pe/proyecto/venta-de-departamento-3445-sunny-park-la-molina-la-molina-lima-lima-mirano,https://e.nexoinmobiliario.pe/customers/inversiones-mirano-sac/3445-sunny-park-la-molina/departamentos-la-molina-68fa9af0da2f5_xm.jpg,La Molina,150114
PAZ,https://e.nexoinmobiliario.pe/customers/paz/logo-22-20250912110933.jpg,Escala,Entrega Inmediata,463660,Avenida Galvez Barrenechea 200,https://nexoinmobiliario.pe/proyecto/venta-de-departamento-2059-escala-la-victoria-lima-lima-paz,https://e.nexoinmobiliario.pe/customers/paz/2059-escala/departamentos-la-victoria-691ccd3d8df3b_xm.jpg,La Victoria,150115
URBANA PERÚ,https://e.nexoinmobiliario.pe/customers/urbana-peru/logo-84-20231027061800.jpg,Hope,Entrega Inmediata,360800,A.V Canada 1075 ,https://nexoinmobiliario.pe/proyecto/venta-de-departamento-2075-hope-la-victoria-lima-lima-urbana-perú,https://e.nexoinmobiliario.pe/customers/urbana-peru/2075-hope/departamentos-la-victoria-6039898d99589_xm.jpg,La Victoria,150115
GRUPO LAR,https://e.nexoinmobiliario.pe/customers/grupo-lar/logo-225-20250912141016.jpg,Elant | Fase 2,Entrega Inmediata,291000,"Av. Canadá 185, La Victoria",https://nexoinmobiliario.pe/proyecto/venta-de-departamento-2194-elant-fase-2-la-victoria-lima-lima-grupo-lar,https://e.nexoinmobiliario.pe/customers/grupo-lar/2194-elant-fase-2/departamentos-la-victoria-67f3f35699afc_xm.jpg,La Victoria,150115
PAZ,https://e.nexoinmobiliario.pe/customers/paz/logo-22-20250912110933.jpg,Residencial Real,Entrega Inmediata,238301,Av. Paseo de la República 1233,https://nexoinmobiliario.pe/proyecto/venta-de-departamento-2295-residencial-real-la-victoria-lima-lima-paz,https://e.nexoinmobiliario.pe/customers/paz/2295-residencial-real/departamentos-la-victoria-69208cd946108_xm.jpg,La Victoria,150115
URBANA PERÚ,https://e.nexoinmobiliario.pe/customers/urbana-peru/logo-84-20231027061800.jpg,TEMPO 2,Entrega Inmediata,469000,Av. Paseo de la República 2099 – Santa Catalina,https://nexoinmobiliario.pe/proyecto/venta-de-departamento-2340-tempo-2-la-victoria-lima-lima-urbana-perú,https://e.nexoinmobiliario.pe/customers/urbana-peru/2340-tempo-2/departamentos-la-victoria-65e0ea00a4920_xm.jpg,La Victoria,150115
GRUPO SOL,https://e.nexoinmobiliario.pe/customers/grupo-sol/logo-250-20250912115430.jpg,GREEN VIEW,Entrega Inmediata,1059000,Jr. Luis Espejo 1053,https://nexoinmobiliario.pe/proyecto/venta-de-departamento-2384-green-view-la-victoria-lima-lima-grupo-sol,https://e.nexoinmobiliario.pe/customers/grupo-sol/2384-green-view/departamentos-la-victoria-68f170e6b2691_xm.jpg,La Victoria,150115
ABRIL GRUPO INMOBILIARIO,https://e.nexoinmobiliario.pe/customers/abril-grupo-inmobiliario/logo-87-20250422120904.jpg,Sauco,Entrega Inmediata,422898,Av. Javier Prado Este 1091,https://nexoinmobiliario.pe/proyecto/venta-de-departamento-2678-sauco-la-victoria-lima-lima-abril-grupo-inmobiliario,https://e.nexoinmobiliario.pe/customers/abril-grupo-inmobiliario/2678-sauco/departamentos-la-victoria-68fa91b8662b6_xm.jpg,La Victoria,150115
GRUPO LAR,https://e.nexoinmobiliario.pe/customers/grupo-lar/logo-225-20250912141016.jpg,Hara | Etapa 5,En Construcción,299902,"Calle Fermin tanguis 160, La victoria",https://nexoinmobiliario.pe/proyecto/venta-de-departamento-2698-hara-etapa-5-la-victoria-lima-lima-grupo-lar,https://e.nexoinmobiliario.pe/customers/grupo-lar/2698-hara-etapa-5/departamentos-la-victoria-6899ffc8a7601_xm.jpg,La Victoria,150115
QUATRO INMOBILIARIA,https://e.nexoinmobiliario.pe/customers/quatro-inmobiliaria/logo-27-20250912111202.jpg,Cor Tower,Entrega Inmediata,375873,"Avenida José de Rivadeneyra 1093, La Victoria",https://nexoinmobiliario.pe/proyecto/venta-de-departamento-2741-cor-tower-la-victoria-lima-lima-quatro-inmobiliaria,https://e.nexoinmobiliario.pe/customers/quatro-inmobiliaria/2741-cor-tower/departamentos-la-victoria-68f68531bee41_xm.jpg,La Victoria,150115
GDC INMOBILIARIA,https://e.nexoinmobiliario.pe/customers/gdc-inmobiliaria/logo-421-20250912123306.jpg,Park Prado,En Construcción,344217,Av Javier Prado Este 1035,https://nexoinmobiliario.pe/proyecto/venta-de-departamento-2775-park-prado-la-victoria-lima-lima-gdc-inmobiliaria,https://e.nexoinmobiliario.pe/customers/gdc-peru/2775-park-prado/departamentos-la-victoria-675a03e292129_xm.jpg,La Victoria,150115
HL DESARROLLOS INMOBILIARIOS,https://e.nexoinmobiliario.pe/customers/hl-desarrollos-inmobiliarios/logo-474-20250912123147.jpg,Family Apartments,Entrega Inmediata,337963,Jr. Alberto Barton 270 Esq. Jr. Ricardo Flores,https://nexoinmobiliario.pe/proyecto/venta-de-departamento-2796-family-apartments-la-victoria-lima-lima-hl-desarrollos-inmobiliarios,https://e.nexoinmobiliario.pe/customers/hl-desarrollos-inmobiliarios/2796-family-apartments/departamentos-la-victoria-68f28333517f8_xm.jpg,La Victoria,150115
GRUPO LAR,https://e.nexoinmobiliario.pe/customers/grupo-lar/logo-225-20250912141016.jpg,Zendai | Fase 1,En Construcción,292052,Jiron Francisco Graña 153,https://nexoinmobiliario.pe/proyecto/venta-de-departamento-2847-zendai-fase-1-la-victoria-lima-lima-grupo-lar,https://e.nexoinmobiliario.pe/customers/grupo-lar/2847-zendai/departamentos-la-victoria-67f3fc39d73e8_xm.jpg,La Victoria,150115
PAZ,https://e.nexoinmobiliario.pe/customers/paz/logo-22-20250912110933.jpg,Residencial Real Etapa 2,Entrega Inmediata,246139,"Jr. Francia N° 130, La Victoria",https://nexoinmobiliario.pe/proyecto/venta-de-departamento-2911-residencial-real-etapa-2-la-victoria-lima-lima-paz,https://e.nexoinmobiliario.pe/customers/paz/2911-residencial-real-etapa-2/departamentos-la-victoria-6920a012b6a5a_xm.jpg,La Victoria,150115
BALANCE GRUPO INMOBILIARIO,https://e.nexoinmobiliario.pe/customers/balance-grupo-inmobiliario/logo-304-20231027061807.jpg,HERCELLES,En Construcción,234000,Jirón Oswaldo Hercelles 266,https://nexoinmobiliario.pe/proyecto/venta-de-departamento-3119-hercelles-la-victoria-lima-lima-balance-grupo-inmobiliario,https://e.nexoinmobiliario.pe/customers/balance-grupo-inmobiliario/3119-hercelles/departamentos-la-victoria-688a8de0d1b62_xm.jpg,La Victoria,150115
GRUPO T&C,https://e.nexoinmobiliario.pe/customers/grupo-t-c/logo-63-20251201094022.png,Catalina Sky,En Planos,234761,"Av. Nicolás Arriola 131, Santa Catalina",https://nexoinmobiliario.pe/proyecto/venta-de-departamento-3470-catalina-sky-la-victoria-lima-lima-grupo-t-c,https://e.nexoinmobiliario.pe/customers/grupo-t-c/3470-catalina-sky/departamentos-la-victoria-6879341a6c73c_xm.jpg,La Victoria,150115
ABRIL GRUPO INMOBILIARIO,https://e.nexoinmobiliario.pe/customers/abril-grupo-inmobiliario-ft/logo-426-20250411103938.png,Pino,En Planos,246965,Av. Nicolas Arriola 198,https://nexoinmobiliario.pe/proyecto/venta-de-departamento-3579-pino-la-victoria-lima-lima-abril-grupo-inmobiliario,https://e.nexoinmobiliario.pe/customers/abril-grupo-inmobiliario-ft/3579-pino/departamentos-la-victoria-68261a7933911_xm.jpg,La Victoria,150115
V&V GRUPO INMOBILIARIO,https://e.nexoinmobiliario.pe/customers/v-v-grupo-inmobiliario/logo-130-20231031163109.jpg,VILLARÁN,En Planos,274000,"Av. Carlos Villarán 302, La Victoria",https://nexoinmobiliario.pe/proyecto/venta-de-departamento-3608-villaran-la-victoria-lima-lima-v-v-grupo-inmobiliario,https://e.nexoinmobiliario.pe/customers/v-v-grupo-inmobiliario/3608-c-villaran-302/departamentos-la-victoria-67523761583ce_xm.jpg,La Victoria,150115
NOI INMOBILIARIA,https://e.nexoinmobiliario.pe/customers/noi-inmobiliaria/logo-355-20250912122229.jpg,560 Place,En Planos,282800,"Avenida Esteban Campodónico 560, Santa Catalina",https://nexoinmobiliario.pe/proyecto/venta-de-departamento-3640-560-place-la-victoria-lima-lima-noi-inmobiliaria,https://e.nexoinmobiliario.pe/customers/fg-edificaciones/3640-560-place/departamentos-la-victoria-67997175730e1_xm.jpg,La Victoria,150115
GRUPO LAR,https://e.nexoinmobiliario.pe/customers/grupo-lar/logo-225-20250912141016.jpg,Elant | Fase 3,En Planos,269000,"Av. Canadá 185, La Victoria",https://nexoinmobiliario.pe/proyecto/venta-de-departamento-3661-elant-fase-3-la-victoria-lima-lima-grupo-lar,https://e.nexoinmobiliario.pe/customers/grupo-lar/3661-elant-fase-3/departamentos-la-victoria-68962fe22880b_xm.jpg,La Victoria,150115
INVENT,https://e.nexoinmobiliario.pe/customers/invent/logo-268-20231027061805.jpg,FORTIVA,En Planos,264600,Calle Villarán 820,https://nexoinmobiliario.pe/proyecto/venta-de-departamento-3665-fortiva-la-victoria-lima-lima-invent,https://e.nexoinmobiliario.pe/customers/invent/3665-fortiva/departamentos-la-victoria-692dc4688a5cb_xm.jpg,La Victoria,150115
PROYEC INMOBILIARIA,https://e.nexoinmobiliario.pe/customers/proyec-inmobiliaria/logo-246-20250707153506.png,CAPRI Santa Catalina,En Planos,263283,Pasaje Capri 120,https://nexoinmobiliario.pe/proyecto/venta-de-departamento-3746-capri-santa-catalina-la-victoria-lima-lima-proyec-inmobiliaria,https://e.nexoinmobiliario.pe/customers/proyec-inmobiliaria/3746-capri-santa-catalina/departamentos-la-victoria-68d1c723132c5_xm.jpg,La Victoria,150115
CASAIDEAL INMOBILIARIA,https://e.nexoinmobiliario.pe/customers/casaideal-inmobiliaria/logo-53-20250912112032.jpg,VÖN,En Planos,257200,"Av. Carlos Villarán 810, Santa Catalina",https://nexoinmobiliario.pe/proyecto/venta-de-departamento-3776-v-n-la-victoria-lima-lima-casaideal-inmobiliaria,https://e.nexoinmobiliario.pe/customers/casaideal-inmobiliaria/3776-v-n/departamentos-la-victoria-68ed71d120d5d_xm.jpg,La Victoria,150115
GHS CONSTRUCTORA,https://e.nexoinmobiliario.pe/customers/ghs-constructora/logo-504-20250930093213.jpg,Catalina View,En Planos,287655,"Av. Esteban Campodonico 310, Santa Catalina, La Victoria",https://nexoinmobiliario.pe/proyecto/venta-de-departamento-3864-catalina-view-la-victoria-lima-lima-ghs-constructora,https://e.nexoinmobiliario.pe/customers/ghs-constructora/3864-catalina-view/departamentos-la-victoria-689e14cfae4dc_xm.jpg,La Victoria,150115
GRUPO LAR,https://e.nexoinmobiliario.pe/customers/grupo-lar/logo-225-20250912141016.jpg,Zendai | Fase 2,En Planos,290171,Jiron Francisco Graña 153,https://nexoinmobiliario.pe/proyecto/venta-de-departamento-3891-zendai-fase-2-la-victoria-lima-lima-grupo-lar,https://e.nexoinmobiliario.pe/customers/grupo-lar/3891-zendai-fase-2/departamentos-la-victoria-68df228fecc7a_xm.jpg,La Victoria,150115
V&V GRUPO INMOBILIARIO,https://e.nexoinmobiliario.pe/customers/v-v-grupo-inmobiliario/logo-130-20231031163109.jpg,CALIA PARK - SANTA CATALINA,En Planos,226000,"Jorge Salazar Araoz 171, Santa Catalina",https://nexoinmobiliario.pe/proyecto/venta-de-departamento-3913-calia-park-santa-catalina-la-victoria-lima-lima-v-v-grupo-inmobiliario,https://e.nexoinmobiliario.pe/customers/v-v-grupo-inmobiliario/3913-torre-santa-catalina/departamentos-la-victoria-68a8f52738b81_xm.jpg,La Victoria,150115
PISONAY INMOBILIARIA,https://e.nexoinmobiliario.pe/customers/pisonay-inmobiliaria/logo-441-20250912123645.jpg,CAPITAL,En Planos,210184,Av. Paseo de la República 1235,https://nexoinmobiliario.pe/proyecto/venta-de-departamento-3956-capital-la-victoria-lima-lima-pisonay-inmobiliaria,https://e.nexoinmobiliario.pe/customers/pisonay-inmobiliaria/3956-capital/departamentos-la-victoria-68f965452e60c_xm.jpg,La Victoria,150115
INITALIA,https://e.nexoinmobiliario.pe/customers/initalia/logo-254-20250912115709.png,CENTRIC Dos de Mayo- Lince,Entrega Inmediata,421200,Arenales 2570,https://nexoinmobiliario.pe/proyecto/venta-de-departamento-1810-centric-dos-de-mayo-lince-lince-lima-lima-initalia,https://e.nexoinmobiliario.pe/customers/desarrollos-inmobiliarios-comar-sac/1810-barrio-dos-de-mayo-lince/departamentos-lince-5fa569788eb60_xm.jpg,Lince,150116
ALERCES INMOBILIARIA,https://e.nexoinmobiliario.pe/customers/alerces-inmobiliaria/logo-183-20250912114550.png,Esencial,Entrega Inmediata,519000,Av César Vallejo 1445 ,https://nexoinmobiliario.pe/proyecto/venta-de-departamento-1991-esencial-lince-lima-lima-alerces-inmobiliaria,https://e.nexoinmobiliario.pe/customers/alerces-inmobiliaria/1991-esencial/departamentos-lince-68dabbdd3b0f2_xm.jpg,Lince,150116
TORATTO GRUPO INMOBILIARIO,https://e.nexoinmobiliario.pe/customers/toratto-grupo-inmobiliario/logo-381-20250909173510.jpg,TOSCANA,Entrega Inmediata,502388,Jr. Alayza y Roel N° 2616 ,https://nexoinmobiliario.pe/proyecto/venta-de-departamento-2064-toscana-lince-lima-lima-toratto-grupo-inmobiliario,https://e.nexoinmobiliario.pe/customers/toratto-grupo-inmobiliario/2064-toscana/departamentos-lince-691f24b6ef1f1_xm.jpg,Lince,150116
TORATTO GRUPO INMOBILIARIO,https://e.nexoinmobiliario.pe/customers/toratto-grupo-inmobiliario/logo-381-20250909173510.jpg,LIVORNO,Entrega Inmediata,538992,Av. Trinidad Moran 331,https://nexoinmobiliario.pe/proyecto/venta-de-departamento-2199-livorno-lince-lima-lima-toratto-grupo-inmobiliario,https://e.nexoinmobiliario.pe/customers/toratto-grupo-inmobiliario/2199-livorno/departamentos-lince-691f24e29c429_xm.jpg,Lince,150116
GRUPO T&C,https://e.nexoinmobiliario.pe/customers/grupo-t-c/logo-63-20251201094022.png,VALLEJO LIVING,Entrega Inmediata,211850,Av. Cesar Vallejo 320,https://nexoinmobiliario.pe/proyecto/venta-de-departamento-2334-vallejo-living-lince-lima-lima-grupo-t-c,https://e.nexoinmobiliario.pe/customers/grupo-t-c/2334-vallejo-living/departamentos-lince-692f6e6abdd85_xm.jpg,Lince,150116
PROCITY,https://e.nexoinmobiliario.pe/customers/procity/logo-146-20250912114124.jpg,LIBERTY ONE,Entrega Inmediata,765819,avenida manuel villavicencio 1045,https://nexoinmobiliario.pe/proyecto/venta-de-departamento-2351-liberty-one-lince-lima-lima-procity,https://e.nexoinmobiliario.pe/customers/procity-grupo-inmobiliario/2351-liberty-one/departamentos-lince-63b3406ad09e5_xm.jpg,Lince,150116
TORATTO GRUPO INMOBILIARIO,https://e.nexoinmobiliario.pe/customers/toratto-grupo-inmobiliario/logo-381-20250909173510.jpg,LOMBARDIA,Entrega Inmediata,484279,Jr. Manuel Gómez N° 390 ,https://nexoinmobiliario.pe/proyecto/venta-de-departamento-2393-lombardia-lince-lima-lima-toratto-grupo-inmobiliario,https://e.nexoinmobiliario.pe/customers/toratto-grupo-inmobiliario/2393-lombardia/departamentos-lince-691f250901e06_xm.jpg,Lince,150116
GRUPO CARAL,https://e.nexoinmobiliario.pe/customers/grupo-caral/logo-45-20231027061759.jpg,Villa Velarde,Entrega Inmediata,492843,Jirón León Velarde 723 ,https://nexoinmobiliario.pe/proyecto/venta-de-departamento-2624-villa-velarde-lince-lima-lima-grupo-caral,https://e.nexoinmobiliario.pe/customers/grupo-caral/2624-villa-velarde/departamentos-lince-640245dc43fd3_xm.jpg,Lince,150116
VARSOVIA INVERSIONES,https://e.nexoinmobiliario.pe/customers/inversiones-generales-varsovia-s-a/logo-285-20231027061806.jpg,Varsovia Lince,Entrega Inmediata,880000,Jirón Pachacutec 2124,https://nexoinmobiliario.pe/proyecto/venta-de-departamento-2752-varsovia-lince-lince-lima-lima-varsovia-inversiones,https://e.nexoinmobiliario.pe/customers/inversiones-generales-varsovia-s-a/2752-varsovia-lince/departamentos-lince-68efc6def320d_xm.jpg,Lince,150116
GRUPO SOL,https://e.nexoinmobiliario.pe/customers/grupo-sol/logo-250-20250912115430.jpg,Belisario 967,Entrega Inmediata,595000,"Jiron Belisario Flores 967 - 973, Lince",https://nexoinmobiliario.pe/proyecto/venta-de-departamento-2763-belisario-967-lince-lima-lima-grupo-sol,https://e.nexoinmobiliario.pe/customers/grupo-sol/2763-belisario-967/departamentos-lince-68f171292aa63_xm.jpg,Lince,150116
TRIADA,https://e.nexoinmobiliario.pe/customers/triada/logo-94-20250921231245.jpg,TOWER 27,En Construcción,333000,Petit Thouars 2705,https://nexoinmobiliario.pe/proyecto/venta-de-departamento-2815-tower-27-lince-lima-lima-triada,https://e.nexoinmobiliario.pe/customers/triada/2815-tower-27/departamentos-lince-68cdd8cc4afb8_xm.jpg,Lince,150116
EFRON ARQUITECTOS,https://e.nexoinmobiliario.pe/customers/efron-arquitectos/logo-358-20231027061809.jpg,Parque Castilla,En Construcción,422750,"Av Joaquin Bernal 708 , 704",https://nexoinmobiliario.pe/proyecto/venta-de-departamento-2955-parque-castilla-lince-lima-lima-efron-arquitectos,https://e.nexoinmobiliario.pe/customers/efron-arquitectos/2955-parque-castilla/departamentos-lince-68d7017c394f7_xm.jpg,Lince,150116
CHECOR INMOBILIARIA,https://e.nexoinmobiliario.pe/customers/checor-inmobiliaria/logo-308-20231027061807.jpg,Checor | Los Lirios,En Planos,291000,Av. Petit Thouars 1737,https://nexoinmobiliario.pe/proyecto/venta-de-departamento-3009-checor-los-lirios-lince-lima-lima-checor-inmobiliaria,https://e.nexoinmobiliario.pe/customers/checor-inmobiliaria/3009-checor-los-lirios/departamentos-lince-683f66f8eea8e_xm.jpg,Lince,150116
PALACE,https://e.nexoinmobiliario.pe/customers/palace-properties-peru/logo-135-20231027061801.jpg,Residencial Casanova,Entrega Inmediata,514270,"Jirón Domingo Casanova 568, Lima 15046",https://nexoinmobiliario.pe/proyecto/venta-de-departamento-3045-residencial-casanova-lince-lima-lima-palace,https://e.nexoinmobiliario.pe/customers/palace-properties-peru/3045-residencial-casanova/departamentos-lince-670806513a38d_xm.jpg,Lince,150116
ABRIL GRUPO INMOBILIARIO,https://e.nexoinmobiliario.pe/customers/abril-grupo-inmobiliario-ft/logo-426-20250411103938.png,Orquídea,En Construcción,375601," Av. Militar 1727, Lince 15046",https://nexoinmobiliario.pe/proyecto/venta-de-departamento-3210-orquidea-lince-lima-lima-abril-grupo-inmobiliario,https://e.nexoinmobiliario.pe/customers/abril-grupo-inmobiliario-ft/3210-orquidea/departamentos-lince-65cfd0679d070_xm.jpg,Lince,150116
GRUPO SOL,https://e.nexoinmobiliario.pe/customers/grupo-sol/logo-250-20250912115430.jpg,PASEO JAZMINES,Entrega Inmediata,449000,"Jr. Jazmines 516, Lince",https://nexoinmobiliario.pe/proyecto/venta-de-departamento-3223-paseo-jazmines-lince-lima-lima-grupo-sol,https://e.nexoinmobiliario.pe/customers/grupo-sol/3223-paseo-jazmines/departamentos-lince-68f1716dc036c_xm.jpg,Lince,150116
ORTIZ INMOBILIARIA,https://e.nexoinmobiliario.pe/customers/ortiz-inmobiliaria/logo-280-20251126153135.png,MASIAS,En Construcción,387777,"Calle Francisco Masías 2806, Lince",https://nexoinmobiliario.pe/proyecto/venta-de-departamento-3326-masias-lince-lima-lima-ortiz-inmobiliaria,https://e.nexoinmobiliario.pe/customers/orion-group/3326-masias/departamentos-lince-667dc886eed91_xm.jpg,Lince,150116
GRUPO TyC,https://e.nexoinmobiliario.pe/customers/grupo-tyc/logo-449-20241213103050.png,SLIM,En Construcción,225000,"Av. Arequipa 1587, Lince",https://nexoinmobiliario.pe/proyecto/venta-de-departamento-3363-slim-lince-lima-lima-grupo-tyc,https://e.nexoinmobiliario.pe/customers/grupo-tyc/3363-slim/departamentos-lince-6908ee4fb2f5f_xm.jpg,Lince,150116
CENTRAL INMOBILIARIA,https://e.nexoinmobiliario.pe/customers/central-inmobiliaria/logo-545-20250912122234.jpg,ZENTRO,En Construcción,406678,JR BARTOLOME HERRERA 250 LINCE,https://nexoinmobiliario.pe/proyecto/venta-de-departamento-3384-zentro-lince-lima-lima-central-inmobiliaria,https://e.nexoinmobiliario.pe/customers/inversiones-inmobiliaria-central-s-a-c/3384-zentro/departamentos-lince-67266ad534184_xm.jpg,Lince,150116
GRANADERO INMOBILIARIA,https://e.nexoinmobiliario.pe/customers/granadero-inmobiliaria/logo-182-20250912114418.jpg,Cross,En Planos,300833,"Calle Las Lilas 104, Esquina con Av. Prolongación Iquitos 2301.",https://nexoinmobiliario.pe/proyecto/venta-de-departamento-3392-cross-lince-lima-lima-granadero-inmobiliaria,https://e.nexoinmobiliario.pe/customers/granadero-inmobilaria/3392-cross/departamentos-lince-6855fa078e490_xm.jpg,Lince,150116
EUREKA,https://e.nexoinmobiliario.pe/customers/eureka/logo-194-20250929153132.jpg,VIRIDIAN,En Construcción,365000,Calle Los Geranios 244 -248,https://nexoinmobiliario.pe/proyecto/venta-de-departamento-3429-viridian-lince-lima-lima-eureka,https://e.nexoinmobiliario.pe/customers/inmobiliaria-eureka-sac/3429-viridian/departamentos-lince-68aca18feb760_xm.jpg,Lince,150116
GRUPO T&C,https://e.nexoinmobiliario.pe/customers/grupo-t-c/logo-63-20251201094022.png,Mural Lince,En Planos,204614,"Av. Arequipa 1936, Lince",https://nexoinmobiliario.pe/proyecto/venta-de-departamento-3469-mural-lince-lince-lima-lima-grupo-t-c,https://e.nexoinmobiliario.pe/customers/grupo-t-c/3469-mural-lince/departamentos-lince-67a67af2abc80_xm.jpg,Lince,150116
ACTUAL,https://e.nexoinmobiliario.pe/customers/actual/logo-86-20250912112921.jpg,Park Orquídeas,En Planos,343800,Calle Los Geranios 208 Lince,https://nexoinmobiliario.pe/proyecto/venta-de-departamento-3666-park-orquideas-lince-lima-lima-actual,https://e.nexoinmobiliario.pe/customers/actual-inmobiliaria/3666-park-orquideas/departamentos-lince-685db8f822a3d_xm.jpg,Lince,150116
GRUPO SOL,https://e.nexoinmobiliario.pe/customers/grupo-sol/logo-250-20250912115430.jpg,Beli 465,En Construcción,354000,"Jr. Belisario Flores 465, Lince",https://nexoinmobiliario.pe/proyecto/venta-de-departamento-3677-beli-465-lince-lima-lima-grupo-sol,https://e.nexoinmobiliario.pe/customers/gadal-inversiones-sac/3677-beli-465/departamentos-lince-67bf4767cef61_xm.jpg,Lince,150116
URBALIMA,https://e.nexoinmobiliario.pe/customers/urbalima/logo-439-20231027061811.jpg,LUMEN,En Planos,341500,"Av, dos de mayo 131-135",https://nexoinmobiliario.pe/proyecto/venta-de-departamento-3814-lumen-lince-lima-lima-urbalima,https://e.nexoinmobiliario.pe/customers/urbalima/3814-lumen/departamentos-lince-6925de5b62076_xm.jpg,Lince,150116
ALERCES INMOBILIARIA,https://e.nexoinmobiliario.pe/customers/alerces-inmobiliaria/logo-183-20250912114550.png,Nara,En Planos,218000,Av.Arequipa 2364,https://nexoinmobiliario.pe/proyecto/venta-de-departamento-3823-nara-lince-lima-lima-alerces-inmobiliaria,https://e.nexoinmobiliario.pe/customers/alerces-inmobiliaria/3823-nara/departamentos-lince-68dabfeeb500e_xm.jpg,Lince,150116
CIUDARIS,https://e.nexoinmobiliario.pe/customers/ciudaris/logo-20-20250912141126.jpg,CIUDARIS I TULIV,En Planos,334000,Av. Paseo de la República 2500,https://nexoinmobiliario.pe/proyecto/venta-de-departamento-3829-ciudaris-i-tuliv-lince-lima-lima-ciudaris,https://e.nexoinmobiliario.pe/customers/ciudaris/3829-ciudaris-i-tuliv/departamentos-lince-691357c5b72aa_xm.jpg,Lince,150116
MAXX GRUPO INMOBILIARIO,https://e.nexoinmobiliario.pe/customers/maxx-grupo-inmobiliario/logo-289-20251014104030.png,VENECIA,En Planos,390000,Av. César Canevaro 1420,https://nexoinmobiliario.pe/proyecto/venta-de-departamento-3838-venecia-lince-lima-lima-maxx-grupo-inmobiliario,https://e.nexoinmobiliario.pe/customers/maxx-grupo-inmobiliario-sac/3838-venecia/departamentos-lince-689bc8d3d7c77_xm.jpg,Lince,150116
REAL INMOBILIARIA,https://e.nexoinmobiliario.pe/customers/real-inmobiliaria/logo-288-20250912120529.jpeg,MAIO,En Planos,262000,Calle Los Tulipanes 250,https://nexoinmobiliario.pe/proyecto/venta-de-departamento-3860-maio-lince-lima-lima-real-inmobiliaria,https://e.nexoinmobiliario.pe/customers/real-edificaciones-sac/3860-maio/departamentos-lince-68c43087cd304_xm.jpg,Lince,150116
EDIFICA,https://e.nexoinmobiliario.pe/customers/edifica/logo-47-20250912111830.jpg,Bloom,En Planos,372117,Manuel Villavicencio 929,https://nexoinmobiliario.pe/proyecto/venta-de-departamento-3866-bloom-lince-lima-lima-edifica,https://e.nexoinmobiliario.pe/customers/gerencia-de-proyectos-edifica-s-a-c/3866-bloom/departamentos-lince-68a8c603abcf0_xm.jpg,Lince,150116
GRATIA CONSTRUCTORA,https://e.nexoinmobiliario.pe/customers/gratia-constructora/logo-279-20250912120438.jpg,HUB,En Planos,292000,Jr. Leon Velarde 650,https://nexoinmobiliario.pe/proyecto/venta-de-departamento-3919-hub-lince-lima-lima-gratia-constructora,https://e.nexoinmobiliario.pe/customers/gratia-constructora/3919-hub/departamentos-lince-68f69daf41e9d_xm.jpg,Lince,150116
ORTIZ INMOBILIARIA,https://e.nexoinmobiliario.pe/customers/ortiz-inmobiliaria/logo-280-20251126153135.png,Vizuale 3,En Planos,269777,Jirón Soledad 534,https://nexoinmobiliario.pe/proyecto/venta-de-departamento-3945-vizuale-3-lince-lima-lima-ortiz-inmobiliaria,https://e.nexoinmobiliario.pe/customers/ortiz-inmobiliaria/3945-vizuale-3/departamentos-lince-692877c3a9916_xm.jpg,Lince,150116
TRIADA,https://e.nexoinmobiliario.pe/customers/triada/logo-94-20250921231245.jpg,T23,En Planos,317570,"Av. Arenales 2390, Lince",https://nexoinmobiliario.pe/proyecto/venta-de-departamento-3979-t23-lince-lima-lima-triada,https://e.nexoinmobiliario.pe/customers/triada/3979-t23/departamentos-lince-691f687a0143f_xm.jpg,Lince,150116
LIDER,https://e.nexoinmobiliario.pe/customers/lider/logo-46-20250912111734.jpg,GRAN OLIVO - ETAPA 1,Entrega Inmediata,391100,"Av. Angélica Gamarra 1025, Los Olivos",https://nexoinmobiliario.pe/proyecto/venta-de-departamento-2426-gran-olivo-etapa-1-los-olivos-lima-lima-lider,https://e.nexoinmobiliario.pe/customers/lider/2426-gran-olivo-etapa-1/departamentos-los-olivos-691f851f5ff77_xm.jpg,Los Olivos,150117
LIDER,https://e.nexoinmobiliario.pe/customers/lider/logo-46-20250912111734.jpg,GRAN OLIVO - ETAPA 2,En Construcción,291300,"Avenida Angelica Gamarra 1025, Los Olivos",https://nexoinmobiliario.pe/proyecto/venta-de-departamento-3245-gran-olivo-etapa-2-los-olivos-lima-lima-lider,https://e.nexoinmobiliario.pe/customers/lider/3245-gran-olivo-etapa-2/departamentos-los-olivos-691f884ac9eb7_xm.jpg,Los Olivos,150117
ENACORP,https://e.nexoinmobiliario.pe/customers/enacorp/logo-171-20231027061802.jpg,VALLES DE LURÍN 2,En Planos,82473,AV. LOS PINOS S/N – LURÍN,https://nexoinmobiliario.pe/proyecto/venta-de-departamento-4022-valles-de-lurin-2-lurin-lima-lima-enacorp,https://e.nexoinmobiliario.pe/customers/enacorp/4022-valles-de-lurin-2/departamentos-lurin-690cddb1ad982_xm.jpg,Lurin,150119
GRUPO MG,https://e.nexoinmobiliario.pe/customers/grupo-mg/logo-164-20231027061802.jpg,VISTA BRASIL,Entrega Inmediata,436400,Av. Brasil 3784 ,https://nexoinmobiliario.pe/proyecto/venta-de-departamento-1415-vista-brasil-magdalena-del-mar-lima-lima-grupo-mg,https://e.nexoinmobiliario.pe/customers/grupo-mg/1415-vista-brasil/departamentos-magdalena-del-mar-68ff80ceaef17_xm.jpg,Magdalena Del Mar,150120
EVERGRAN GRUPO INMOBILIARIO,https://e.nexoinmobiliario.pe/customers/evergran-grupo-inmobiliario/logo-339-20240410165450.png,ALIAGA GARDEN,Entrega Inmediata,705000,Torres Matos 141,https://nexoinmobiliario.pe/proyecto/venta-de-departamento-1654-aliaga-garden-magdalena-del-mar-lima-lima-evergran-grupo-inmobiliario,https://e.nexoinmobiliario.pe/customers/evergran-grupo-inmobiliario/1654-aliaga-garden/departamentos-magdalena-del-mar-685b1376daad5_xm.jpg,Magdalena Del Mar,150120
GRUPO T&C,https://e.nexoinmobiliario.pe/customers/grupo-t-c/logo-63-20251201094022.png,NIUS,Entrega Inmediata,429837,"Av. Javier Prado Oeste 140, Magdalena del Mar",https://nexoinmobiliario.pe/proyecto/venta-de-departamento-1914-nius-magdalena-del-mar-lima-lima-grupo-t-c,https://e.nexoinmobiliario.pe/customers/grupo-t-c/1914-nius/departamentos-magdalena-del-mar-65e86e3b3949e_xm.jpg,Magdalena Del Mar,150120
EVERGRAN GRUPO INMOBILIARIO,https://e.nexoinmobiliario.pe/customers/evergran-grupo-inmobiliario/logo-339-20240410165450.png,BRASIL 3395,Entrega Inmediata,480000,Av Brasil 3395,https://nexoinmobiliario.pe/proyecto/venta-de-departamento-1949-brasil-3395-magdalena-del-mar-lima-lima-evergran-grupo-inmobiliario,https://e.nexoinmobiliario.pe/customers/evergran-grupo-inmobiliario/1949-brasil-3395/departamentos-magdalena-del-mar-685b1331dd174_xm.jpg,Magdalena Del Mar,150120
ICASA INMOBILIARIA,https://e.nexoinmobiliario.pe/customers/icasa-inmobiliaria/logo-67-20250912112540.jpg,MADDY,Entrega Inmediata,370000,Jr. Tacna 1056,https://nexoinmobiliario.pe/proyecto/venta-de-departamento-1977-maddy-magdalena-del-mar-lima-lima-icasa-inmobiliaria,https://e.nexoinmobiliario.pe/customers/icasa-inmobiliaria/1977-maddy/departamentos-magdalena-del-mar-68f68cab70da0_xm.jpg,Magdalena Del Mar,150120
INVENT,https://e.nexoinmobiliario.pe/customers/invent/logo-268-20231027061805.jpg,Invent Juan de Aliaga,Entrega Inmediata,365200,AV. JUAN DE ALIGA 435,https://nexoinmobiliario.pe/proyecto/venta-de-departamento-2056-invent-juan-de-aliaga-magdalena-del-mar-lima-lima-invent,https://e.nexoinmobiliario.pe/customers/invent/2056-invent-juan-de-aliaga/departamentos-magdalena-del-mar-692dc1759e4b8_xm.jpg,Magdalena Del Mar,150120
GRUPO CARAL,https://e.nexoinmobiliario.pe/customers/grupo-caral/logo-45-20231027061759.jpg,Villa Convivium 2,Entrega Inmediata,440712,Jirón Salaverry 245 cruce con jirón Tacna,https://nexoinmobiliario.pe/proyecto/venta-de-departamento-2306-villa-convivium-2-magdalena-del-mar-lima-lima-grupo-caral,https://e.nexoinmobiliario.pe/customers/grupo-caral/2306-villa-convivium-2/departamentos-magdalena-del-mar-61aa393f562ce_xm.jpg,Magdalena Del Mar,150120
FUNDAMENTA,https://e.nexoinmobiliario.pe/customers/fundamenta/logo-62-20250912112306.jpg,Eco Style,En Construcción,384750,Av. Javier Prado Oeste 2361,https://nexoinmobiliario.pe/proyecto/venta-de-departamento-2476-eco-style-magdalena-del-mar-lima-lima-fundamenta,https://e.nexoinmobiliario.pe/customers/fundamenta/2476-eco-style/departamentos-magdalena-del-mar-68f64bec73977_xm.jpg,Magdalena Del Mar,150120
FAI INMOBILIARIA,https://e.nexoinmobiliario.pe/customers/fai-inmobiliaria/logo-14-20250912110558.jpg,Proyecto Vanguardia,En Construcción,336457,Av del Ejercito 251 Magdalena,https://nexoinmobiliario.pe/proyecto/venta-de-departamento-2494-proyecto-vanguardia-magdalena-del-mar-lima-lima-fai-inmobiliaria,https://e.nexoinmobiliario.pe/customers/pi-tacna-sac/2494-proyecto-vanguardia/departamentos-magdalena-del-mar-65d8c37141947_xm.jpg,Magdalena Del Mar,150120
IMAGINA,https://e.nexoinmobiliario.pe/customers/imagina/logo-186-20250912114720.jpg,Concepto Style,Entrega Inmediata,507900,Av. Pershing 820,https://nexoinmobiliario.pe/proyecto/venta-de-departamento-2653-concepto-style-magdalena-del-mar-lima-lima-imagina,https://e.nexoinmobiliario.pe/customers/inversiones-inmobiliarias-del-peru-s-a/2653-concepto-style/departamentos-magdalena-del-mar-67ed6d0c9f692_xm.jpg,Magdalena Del Mar,150120
SAN CHARBEL EDIFICACIONES,https://e.nexoinmobiliario.pe/customers/san-charbel-edificaciones/logo-29-20250912111257.jpg,BE/,Entrega Inmediata,291162,Av. Brasil 3198 cruce con Jr. Ayacucho,https://nexoinmobiliario.pe/proyecto/venta-de-departamento-2708-be-magdalena-del-mar-lima-lima-san-charbel-edificaciones,https://e.nexoinmobiliario.pe/customers/san-charbel-edificaciones/2708-be/departamentos-magdalena-del-mar-692de79cde6e7_xm.jpg,Magdalena Del Mar,150120
V&V GRUPO INMOBILIARIO,https://e.nexoinmobiliario.pe/customers/v-v-grupo-inmobiliario/logo-130-20231031163109.jpg,ALIAGA 750,En Construcción,368000,juan de aliaga 750,https://nexoinmobiliario.pe/proyecto/venta-de-departamento-2819-aliaga-750-magdalena-del-mar-lima-lima-v-v-grupo-inmobiliario,https://e.nexoinmobiliario.pe/customers/v-v-grupo-inmobiliario/2819-aliaga-750/departamentos-magdalena-del-mar-652714703cfff_xm.jpg,Magdalena Del Mar,150120
PROMSAL,https://e.nexoinmobiliario.pe/customers/promsal/logo-316-20250912121648.jpg,Entrenos,Entrega Inmediata,261678,jr tacna 655,https://nexoinmobiliario.pe/proyecto/venta-de-departamento-2830-entrenos-magdalena-del-mar-lima-lima-promsal,https://e.nexoinmobiliario.pe/customers/promsal-s-a-c/2830-entrenos/departamentos-magdalena-del-mar-63f4fa509e740_xm.jpg,Magdalena Del Mar,150120
EVERGRAN GRUPO INMOBILIARIO,https://e.nexoinmobiliario.pe/customers/evergran-grupo-inmobiliario/logo-339-20240410165450.png,Aliaga Garden - Etapa 2,En Construcción,734906,Av. Juan de Aliaga 456 ,https://nexoinmobiliario.pe/proyecto/venta-de-departamento-2918-aliaga-garden-etapa-2-magdalena-del-mar-lima-lima-evergran-grupo-inmobiliario,https://e.nexoinmobiliario.pe/customers/evergran-grupo-inmobiliario/2918-aliaga-garden-etapa-2/departamentos-magdalena-del-mar-685b13b001ec4_xm.jpg,Magdalena Del Mar,150120
RB GRUPO INMOBILIARIO,https://e.nexoinmobiliario.pe/customers/rb-grupo-inmobiliario/logo-139-20250912114035.png,Prado 1324,En Construcción,370000,JR. LEONCIO PRADO 1324,https://nexoinmobiliario.pe/proyecto/venta-de-departamento-2987-prado-1324-magdalena-del-mar-lima-lima-rb-grupo-inmobiliario,https://e.nexoinmobiliario.pe/customers/rb-arquitectura-y-construccion/2987-prado-1324/departamentos-magdalena-del-mar-689cd9f0051b1_xm.jpg,Magdalena Del Mar,150120
GDC INMOBILIARIA,https://e.nexoinmobiliario.pe/customers/gdc-inmobiliaria/logo-421-20250912123306.jpg,Único Magdalena,En Construcción,319687,Av. Faustino Sanchez Carrión 280,https://nexoinmobiliario.pe/proyecto/venta-de-departamento-3171-unico-magdalena-magdalena-del-mar-lima-lima-gdc-inmobiliaria,https://e.nexoinmobiliario.pe/customers/gdc-peru/3171-unico-magdalena/departamentos-magdalena-del-mar-675a052543096_xm.jpg,Magdalena Del Mar,150120
TALE INMOBILIARIA,https://e.nexoinmobiliario.pe/customers/tale-inmobiliaria/logo-322-20231027061807.jpg,MUM 363,En Construcción,422000,Av. Javier Prado Oeste 2291,https://nexoinmobiliario.pe/proyecto/venta-de-departamento-3180-mum-363-magdalena-del-mar-lima-lima-tale-inmobiliaria,https://e.nexoinmobiliario.pe/customers/tale-inmobiliaria/3180-mum-363/departamentos-magdalena-del-mar-686edaf3dda28_xm.jpg,Magdalena Del Mar,150120
LUGANO,https://e.nexoinmobiliario.pe/customers/lugano/logo-17-20250912110653.jpg,ARBORA,En Construcción,393378,AV BRASIL 3502-3520,https://nexoinmobiliario.pe/proyecto/venta-de-departamento-3233-arbora-magdalena-del-mar-lima-lima-lugano,https://e.nexoinmobiliario.pe/customers/proyectos-y-construcciones-lugano-sac/3233-arbora/departamentos-magdalena-del-mar-667d89b0143c8_xm.jpg,Magdalena Del Mar,150120
ABRIL GRUPO INMOBILIARIO,https://e.nexoinmobiliario.pe/customers/abril-grupo-inmobiliario-ft/logo-426-20250411103938.png,Magnolia,En Construcción,641694,Jr.Flora Tristán 485,https://nexoinmobiliario.pe/proyecto/venta-de-departamento-3274-magnolia-magdalena-del-mar-lima-lima-abril-grupo-inmobiliario,https://e.nexoinmobiliario.pe/customers/abril-grupo-inmobiliario-ft/3274-magnolia/departamentos-magdalena-del-mar-686c5f39624b3_xm.jpg,Magdalena Del Mar,150120
Val Grupo Inmobiliario,https://e.nexoinmobiliario.pe/customers/val-grupo-inmobiliario/logo-548-20250912122123.jpg,TOP LIFE JUAN DE ALIAGA,En Planos,399000,Av. Antonio Miroquesada 419 (Ex Juan de Aliaga),https://nexoinmobiliario.pe/proyecto/venta-de-departamento-3399-top-life-juan-de-aliaga-magdalena-del-mar-lima-lima-val-grupo-inmobiliario,https://e.nexoinmobiliario.pe/customers/val-grupo-inmobiliario/3399-top-life-juan-de-aliaga/departamentos-magdalena-del-mar-68ed87ef8783b_xm.jpg,Magdalena Del Mar,150120
VIVE PLM,https://e.nexoinmobiliario.pe/customers/vive-plm/logo-483-20230227163325.jpeg,ALIAGA 442,En Construcción,425516,Av. Juan de Aliaga 442,https://nexoinmobiliario.pe/proyecto/venta-de-departamento-3403-aliaga-442-magdalena-del-mar-lima-lima-vive-plm,https://e.nexoinmobiliario.pe/customers/vive-plm/3403-aliaga-442/departamentos-magdalena-del-mar-68f256927f3ef_xm.jpg,Magdalena Del Mar,150120
FORTEM GESTORA INMOBILIARIA,https://e.nexoinmobiliario.pe/customers/fortem-gestora-inmobiliaria/logo-549-20251009183824.png,PEREZ WALK,En Construcción,346750,"Av. Del Ejercito 2398, Magdalena",https://nexoinmobiliario.pe/proyecto/venta-de-departamento-3415-perez-walk-magdalena-del-mar-lima-lima-fortem-gestora-inmobiliaria,https://e.nexoinmobiliario.pe/customers/fortem-gestora-inmobiliaria/3415-perez-walk/departamentos-magdalena-del-mar-68dea1888c216_xm.jpg,Magdalena Del Mar,150120
FUNDAMENTA,https://e.nexoinmobiliario.pe/customers/fundamenta/logo-62-20250912112306.jpg,Eco Style - Etapa 2,En Construcción,359200,Javier Prado Oeste 2361,https://nexoinmobiliario.pe/proyecto/venta-de-departamento-3426-eco-style-etapa-2-magdalena-del-mar-lima-lima-fundamenta,https://e.nexoinmobiliario.pe/customers/fundamenta/3426-eco-style-etapa-2/departamentos-magdalena-del-mar-68f8ee3a1bb40_xm.jpg,Magdalena Del Mar,150120
BECA INMOBILIARIA,https://e.nexoinmobiliario.pe/customers/beca-inmobiliaria/logo-480-20250912123044.jpg,Landart,En Planos,315800,Calle 28 de Julio 629,https://nexoinmobiliario.pe/proyecto/venta-de-departamento-3482-landart-magdalena-del-mar-lima-lima-beca-inmobiliaria,https://e.nexoinmobiliario.pe/customers/beca-inversiones-y-proyectos-s-a-c/3482-landart/departamentos-magdalena-del-mar-66e9bd8d0665f_xm.jpg,Magdalena Del Mar,150120
FRANCO GRUPO INMOBILIARIO,https://e.nexoinmobiliario.pe/customers/franco-grupo-inmobiliario/logo-368-20250912122450.jpg,DELAMAR,En Construcción,424000,Av. Del Ejército 895,https://nexoinmobiliario.pe/proyecto/venta-de-departamento-3539-delamar-magdalena-del-mar-lima-lima-franco-grupo-inmobiliario,https://e.nexoinmobiliario.pe/customers/franco-grupo-inmobiliario/3539-delamar/departamentos-magdalena-del-mar-68f485600e1e7_xm.jpg,Magdalena Del Mar,150120
RB GRUPO INMOBILIARIO,https://e.nexoinmobiliario.pe/customers/rb-grupo-inmobiliario/logo-139-20250912114035.png,Lumina,En Planos,244600,Calle Echenique 875,https://nexoinmobiliario.pe/proyecto/venta-de-departamento-3544-lumina-magdalena-del-mar-lima-lima-rb-grupo-inmobiliario,https://e.nexoinmobiliario.pe/customers/rb-grupo-inmobiliario/3544-lumina/departamentos-magdalena-del-mar-68e93f7850aa8_xm.jpg,Magdalena Del Mar,150120
SAN CHARBEL EDIFICACIONES,https://e.nexoinmobiliario.pe/customers/san-charbel-edificaciones/logo-29-20250912111257.jpg,FREE,En Planos,238398,Av. brasil 2948 - Magdalena del mar ,https://nexoinmobiliario.pe/proyecto/venta-de-departamento-3607-free-magdalena-del-mar-lima-lima-san-charbel-edificaciones,https://e.nexoinmobiliario.pe/customers/san-charbel/3607-free/departamentos-magdalena-del-mar-67acca45af60f_xm.jpg,Magdalena Del Mar,150120
INIZIA INMOBILIARIA,https://e.nexoinmobiliario.pe/customers/inizia/logo-533-20240313155802.png,KAIA,En Planos,256000,"Jr. Castilla 231, Magdalena del Mar",https://nexoinmobiliario.pe/proyecto/venta-de-departamento-3634-kaia-magdalena-del-mar-lima-lima-inizia-inmobiliaria,https://e.nexoinmobiliario.pe/customers/inizia/3634-kaia/departamentos-magdalena-del-mar-681b86bd5bee8_xm.jpg,Magdalena Del Mar,150120
IFI INMOBILIARIA,https://e.nexoinmobiliario.pe/customers/ifi-inmobiliaria/logo-409-20250912123216.jpg,ITACA,En Construcción,511000,Av. Juan de Aliaga 383,https://nexoinmobiliario.pe/proyecto/venta-de-departamento-3635-itaca-magdalena-del-mar-lima-lima-ifi-inmobiliaria,https://e.nexoinmobiliario.pe/customers/ifi-inmobiliaria/3635-itaca/departamentos-magdalena-del-mar-68f792dee477e_xm.jpg,Magdalena Del Mar,150120
ABRIL GRUPO INMOBILIARIO,https://e.nexoinmobiliario.pe/customers/abril-grupo-inmobiliario-ft/logo-426-20250411103938.png,Catleya,En Planos,233144,Av. Antonio José de Sucre 973,https://nexoinmobiliario.pe/proyecto/venta-de-departamento-3664-catleya-magdalena-del-mar-lima-lima-abril-grupo-inmobiliario,https://e.nexoinmobiliario.pe/customers/abril-grupo-inmobiliario-ft/3664-catleya/departamentos-magdalena-del-mar-686c5f8d30a22_xm.jpg,Magdalena Del Mar,150120
HL DESARROLLOS INMOBILIARIOS,https://e.nexoinmobiliario.pe/customers/hl-desarrollos-inmobiliarios/logo-474-20250912123147.jpg,Millennium Magdalena,En Construcción,284605,Jr. Junin  580 esq. Jr. Leoncio Prado,https://nexoinmobiliario.pe/proyecto/venta-de-departamento-3687-millennium-magdalena-magdalena-del-mar-lima-lima-hl-desarrollos-inmobiliarios,https://e.nexoinmobiliario.pe/customers/hl-desarrollos-inmobiliarios/3687-millennium-magdalena/departamentos-magdalena-del-mar-68f2847e27d36_xm.jpg,Magdalena Del Mar,150120
URBANA PERÚ,https://e.nexoinmobiliario.pe/customers/urbana-peru/logo-84-20231027061800.jpg,Bilancia,En Planos,274400,Jr. Inclan 202-212,https://nexoinmobiliario.pe/proyecto/venta-de-departamento-3729-bilancia-magdalena-del-mar-lima-lima-urbana-perú,https://e.nexoinmobiliario.pe/customers/urbana-peru/3729-bilancia/departamentos-magdalena-del-mar-67c9e0911512c_xm.jpg,Magdalena Del Mar,150120
SENDA,https://e.nexoinmobiliario.pe/customers/senda/logo-65-20250912112438.jpg,EDÉM,En Planos,388500,Calle Rocca de Vergallo 470,https://nexoinmobiliario.pe/proyecto/venta-de-departamento-3745-edem-magdalena-del-mar-lima-lima-senda,https://e.nexoinmobiliario.pe/customers/senda-inmobiliaria/3745-edem/departamentos-magdalena-del-mar-681d1d819f1fe_xm.jpg,Magdalena Del Mar,150120
MADRID INMOBILIARIA,https://e.nexoinmobiliario.pe/customers/madrid-inmobiliaria/logo-61-20250912112211.jpg,Altivé,En Planos,403000,"Av. Javier prado oeste 890, Magdalena",https://nexoinmobiliario.pe/proyecto/venta-de-departamento-3836-altive-magdalena-del-mar-lima-lima-madrid-inmobiliaria,https://e.nexoinmobiliario.pe/customers/madrid-ingenieros/3836-altive/departamentos-magdalena-del-mar-68a495a487c5e_xm.jpg,Magdalena Del Mar,150120
IFI INMOBILIARIA,https://e.nexoinmobiliario.pe/customers/ifi-inmobiliaria/logo-409-20250912123216.jpg,CRETA,En Planos,337000,AV DEL EJÉRCITO 1059,https://nexoinmobiliario.pe/proyecto/venta-de-departamento-3878-creta-magdalena-del-mar-lima-lima-ifi-inmobiliaria,https://e.nexoinmobiliario.pe/customers/ifi-inmobiliaria/3878-creta/departamentos-magdalena-del-mar-68f795cc37710_xm.jpg,Magdalena Del Mar,150120
HL DESARROLLOS INMOBILIARIOS,https://e.nexoinmobiliario.pe/customers/hl-desarrollos-inmobiliarios/logo-474-20250912123147.jpg,Malena Family Apartments,En Planos,309603,Av. Brasil 4080,https://nexoinmobiliario.pe/proyecto/venta-de-departamento-3909-malena-family-apartments-magdalena-del-mar-lima-lima-hl-desarrollos-inmobiliarios,https://e.nexoinmobiliario.pe/customers/hl-desarrollos-inmobiliarios/3909-malena-family-apartments/departamentos-magdalena-del-mar-692f0dd7da89f_xm.jpg,Magdalena Del Mar,150120
MAKE INMOBILIARIA,https://e.nexoinmobiliario.pe/customers/make-inmobiliaria/logo-557-20240911114102.png,ZENTRA,En Planos,211000,Jirón Manco Capac & Jirón Ayacucho,https://nexoinmobiliario.pe/proyecto/venta-de-departamento-3990-zentra-magdalena-del-mar-lima-lima-make-inmobiliaria,https://e.nexoinmobiliario.pe/customers/make-inmobiliaria/3990-zentra/departamentos-magdalena-del-mar-691509f822b7b_xm.jpg,Magdalena Del Mar,150120
LA VENTUROSA,https://e.nexoinmobiliario.pe/customers/la-venturosa/logo-13-20250912110414.jpg,Edificio Magda,En Planos,304659,Av. Sucre 358,https://nexoinmobiliario.pe/proyecto/venta-de-departamento-3998-edificio-magda-magdalena-del-mar-lima-lima-la-venturosa,https://e.nexoinmobiliario.pe/customers/la-venturosa/3998-edificio-magda/departamentos-magdalena-del-mar-68ffd1b9645d3_xm.jpg,Magdalena Del Mar,150120
ACTUAL,https://e.nexoinmobiliario.pe/customers/actual/logo-86-20250912112921.jpg,Salaverry I,En Planos,366200,AV. SALAVERRY 2650 MAGDALENA DEL MAR,https://nexoinmobiliario.pe/proyecto/venta-de-departamento-4007-salaverry-i-magdalena-del-mar-lima-lima-actual,https://e.nexoinmobiliario.pe/customers/actual/4007-salaverry-i/departamentos-magdalena-del-mar-6914e68d70dc6_xm.jpg,Magdalena Del Mar,150120
AVENIR GRUPO INMOBILIARIO,https://e.nexoinmobiliario.pe/customers/avenir-grupo-inmobiliario/logo-74-20231027061800.jpg,TINTO,En Planos,290000,Jr. José Gálvez 241,https://nexoinmobiliario.pe/proyecto/venta-de-departamento-4010-tinto-magdalena-del-mar-lima-lima-avenir-grupo-inmobiliario,https://e.nexoinmobiliario.pe/customers/avenir-grupo-inmobiliario/4010-tinto/departamentos-magdalena-del-mar-690bcd9a78a8d_xm.jpg,Magdalena Del Mar,150120
GRUPO MG,https://e.nexoinmobiliario.pe/customers/grupo-mg/logo-164-20231027061802.jpg,LIRI - PUEBLO LIBRE,Entrega Inmediata,429400,Av Antonio José de Sucre 1301,https://nexoinmobiliario.pe/proyecto/venta-de-departamento-1646-liri-pueblo-libre-pueblo-libre-lima-lima-grupo-mg,https://e.nexoinmobiliario.pe/customers/grupo-mg/1646-liri-pueblo-libre/departamentos-pueblo-libre-68ff811948388_xm.jpg,Pueblo Libre,150121
EE INMOBILIARIA,https://e.nexoinmobiliario.pe/customers/ee-inmobiliaria/logo-366-20250912122354.jpg,Pueblo Libre,Entrega Inmediata,425000,Av. La Marina 449,https://nexoinmobiliario.pe/proyecto/venta-de-departamento-2037-pueblo-libre-pueblo-libre-lima-lima-ee-inmobiliaria,https://e.nexoinmobiliario.pe/customers/espacios-y-estructuras-inmobiliarias-s-a-c/2037-pueblo-libre/departamentos-pueblo-libre-689bb7746f840_xm.jpg,Pueblo Libre,150121
PAZ,https://e.nexoinmobiliario.pe/customers/paz/logo-22-20250912110933.jpg,Savia,Entrega Inmediata,462343,Av. Brasil 1470,https://nexoinmobiliario.pe/proyecto/venta-de-departamento-2216-savia-pueblo-libre-lima-lima-paz,https://e.nexoinmobiliario.pe/customers/paz/2216-savia/departamentos-pueblo-libre-691cd692cb144_xm.jpg,Pueblo Libre,150121
AVENIR GRUPO INMOBILIARIO,https://e.nexoinmobiliario.pe/customers/avenir-grupo-inmobiliario/logo-74-20231027061800.jpg,JOMY,Entrega Inmediata,525000,"Av. Rio Grande 320, Pueblo Libre",https://nexoinmobiliario.pe/proyecto/venta-de-departamento-2263-jomy-pueblo-libre-lima-lima-avenir-grupo-inmobiliario,https://e.nexoinmobiliario.pe/customers/avenir-grupo-inmobiliario/2263-jomy/departamentos-pueblo-libre-68efd01d6b7d9_xm.jpg,Pueblo Libre,150121
SEMBRA INMOBILIARIA,https://e.nexoinmobiliario.pe/customers/sembra-inmobiliaria/logo-428-20241129155138.jpeg,Simón,Entrega Inmediata,389975,Avenida Simón Bolívar 1451,https://nexoinmobiliario.pe/proyecto/venta-de-departamento-2418-simon-pueblo-libre-lima-lima-sembra-inmobiliaria,https://e.nexoinmobiliario.pe/customers/sembra-inmobiliaria/2418-simon/departamentos-pueblo-libre-63fd259c53be5_xm.jpg,Pueblo Libre,150121
TER INMOBILIARIA,https://e.nexoinmobiliario.pe/customers/ter-inmobiliaria/logo-393-20231027061810.jpg,BOLIVAR 1209,Entrega Inmediata,285100,"Av. Simón Bolívar 1209, Lima",https://nexoinmobiliario.pe/proyecto/venta-de-departamento-2445-bolivar-1209-pueblo-libre-lima-lima-ter-inmobiliaria,https://e.nexoinmobiliario.pe/customers/ter-inmobiliaria/2445-bolivar-1209/departamentos-pueblo-libre-6908c337d84b1_xm.jpg,Pueblo Libre,150121
SERVIPRO,https://e.nexoinmobiliario.pe/customers/servipro/logo-295-20240410162442.png,OCEAN AVENUE,Entrega Inmediata,369950,Av. Sucre 425-437,https://nexoinmobiliario.pe/proyecto/venta-de-departamento-2506-ocean-avenue-pueblo-libre-lima-lima-servipro,https://e.nexoinmobiliario.pe/customers/servipro/2506-ocean-avenue/departamentos-pueblo-libre-6718373560452_xm.jpg,Pueblo Libre,150121
MS INMOBILIARIA,https://e.nexoinmobiliario.pe/customers/ms-inmobiliaria/logo-81-20250912112744.jpg,PARK LIVING,Entrega Inmediata,499000,"Parque El Carmen N°1552-1554, Pueblo Libre",https://nexoinmobiliario.pe/proyecto/venta-de-departamento-2622-park-living-pueblo-libre-lima-lima-ms-inmobiliaria,https://e.nexoinmobiliario.pe/customers/ms-constructores/2622-park-living/departamentos-pueblo-libre-668c1cb3a6d5f_xm.jpg,Pueblo Libre,150121
ICASA INMOBILIARIA,https://e.nexoinmobiliario.pe/customers/icasa-inmobiliaria/logo-67-20250912112540.jpg,BRASIL 1396,Entrega Inmediata,455000,Av. Brasil 1396,https://nexoinmobiliario.pe/proyecto/venta-de-departamento-2649-brasil-1396-pueblo-libre-lima-lima-icasa-inmobiliaria,https://e.nexoinmobiliario.pe/customers/icasa-inmobiliaria/2649-brasil-1396/departamentos-pueblo-libre-68f68d263069f_xm.jpg,Pueblo Libre,150121
FAI INMOBILIARIA,https://e.nexoinmobiliario.pe/customers/fai-inmobiliaria/logo-14-20250912110558.jpg,Emerald Pueblo Libre 2,Entrega Inmediata,379702,Calle Jose Ugarteche 103 Pueblo Libre,https://nexoinmobiliario.pe/proyecto/venta-de-departamento-2730-emerald-pueblo-libre-2-pueblo-libre-lima-lima-fai-inmobiliaria,https://e.nexoinmobiliario.pe/customers/pi-tacna-sac/2730-emerald-pueblo-libre-2/departamentos-pueblo-libre-65d91dd4b3f37_xm.jpg,Pueblo Libre,150121
BARQUEROS INMOBILIARIA,https://e.nexoinmobiliario.pe/customers/barqueros-inmobiliaria/logo-207-20250912115136.jpg,Residencial Valenti,En Construcción,323065,Calle América 260 - Pueblo libre,https://nexoinmobiliario.pe/proyecto/venta-de-departamento-2759-residencial-valenti-pueblo-libre-lima-lima-barqueros-inmobiliaria,https://e.nexoinmobiliario.pe/customers/barqueros-inmobiliaria/2759-residencial-valenti/departamentos-pueblo-libre-68f50dcce12ca_xm.jpg,Pueblo Libre,150121
PAZ,https://e.nexoinmobiliario.pe/customers/paz/logo-22-20250912110933.jpg,Florencia,Entrega Inmediata,355141,Avenida Mariano Cornejo 1455,https://nexoinmobiliario.pe/proyecto/venta-de-departamento-2805-florencia-pueblo-libre-lima-lima-paz,https://e.nexoinmobiliario.pe/customers/paz/2805-florencia/departamentos-pueblo-libre-691f826ab986e_xm.jpg,Pueblo Libre,150121
BECA INMOBILIARIA,https://e.nexoinmobiliario.pe/customers/beca-inmobiliaria/logo-480-20250912123044.jpg,Velvet,En Construcción,432233,General Ramón Pizarro 430,https://nexoinmobiliario.pe/proyecto/venta-de-departamento-2824-velvet-pueblo-libre-lima-lima-beca-inmobiliaria,https://e.nexoinmobiliario.pe/customers/beca-inversiones-y-proyectos-s-a-c/2824-velvet/departamentos-pueblo-libre-63f7df964555a_xm.jpg,Pueblo Libre,150121
ABRIL GRUPO INMOBILIARIO,https://e.nexoinmobiliario.pe/customers/abril-grupo-inmobiliario/logo-87-20250422120904.jpg,Amaranta,En Construcción,251700,Av Bolivar 959,https://nexoinmobiliario.pe/proyecto/venta-de-departamento-2940-amaranta-pueblo-libre-lima-lima-abril-grupo-inmobiliario,https://e.nexoinmobiliario.pe/customers/abril-grupo-inmobiliario/2940-amaranta/departamentos-pueblo-libre-68fa920c60af9_xm.jpg,Pueblo Libre,150121
ARTECO,https://e.nexoinmobiliario.pe/customers/arteco/logo-21-20231027061758.jpg,Elysée,En Construcción,378000,Av. Brasil 2260,https://nexoinmobiliario.pe/proyecto/venta-de-departamento-2953-elysee-pueblo-libre-lima-lima-arteco,https://e.nexoinmobiliario.pe/customers/arteco/2953-elysee/departamentos-pueblo-libre-6908d1d41ef01_xm.jpg,Pueblo Libre,150121
FCM CONSTRUCCIONES,https://e.nexoinmobiliario.pe/customers/fcm-construcciones/logo-383-20231027061809.jpg,Ascenza,En Construcción,270200,Av. Mariano Cornejo 1685,https://nexoinmobiliario.pe/proyecto/venta-de-departamento-3017-ascenza-pueblo-libre-lima-lima-fcm-construcciones,https://e.nexoinmobiliario.pe/customers/fcm-construcciones/3017-ascenza/departamentos-pueblo-libre-692f69e1c11c6_xm.jpg,Pueblo Libre,150121
ANDIAMO,https://e.nexoinmobiliario.pe/customers/andiamo/logo-293-20250912121224.jpg,Edificio Piana,En Construcción,273811,AV. SIMON BOLIVAR 105 PUEBLO LIBRE,https://nexoinmobiliario.pe/proyecto/venta-de-departamento-3036-edificio-piana-pueblo-libre-lima-lima-andiamo,https://e.nexoinmobiliario.pe/customers/andiamo-investments/3036-edificio-piana/departamentos-pueblo-libre-688aa5f0c2176_xm.jpg,Pueblo Libre,150121
CONSTRUCTORA MALLORCA,https://e.nexoinmobiliario.pe/customers/constructora-mallorca/logo-511-20250912122712.jpeg,8 DE OCTUBRE,En Construcción,374000,Jr. Santiago Wagner 2888,https://nexoinmobiliario.pe/proyecto/venta-de-departamento-3110-8-de-octubre-pueblo-libre-lima-lima-constructora-mallorca,https://e.nexoinmobiliario.pe/customers/constructora-mallorca-s-a-c/3110-8-de-octubre/departamentos-pueblo-libre-683f1d9b62c99_xm.jpg,Pueblo Libre,150121
RB GRUPO INMOBILIARIO,https://e.nexoinmobiliario.pe/customers/rb-grupo-inmobiliario/logo-139-20250912114035.png,Hernández 1273,En Planos,260000,Jirón Daniel Hernández N° 1273,https://nexoinmobiliario.pe/proyecto/venta-de-departamento-3198-hernandez-1273-pueblo-libre-lima-lima-rb-grupo-inmobiliario,https://e.nexoinmobiliario.pe/customers/rb-arquitectura-y-construccion/3198-hernandez-1273/departamentos-pueblo-libre-684543c715b7b_xm.jpg,Pueblo Libre,150121
MS INMOBILIARIA,https://e.nexoinmobiliario.pe/customers/ms-inmobiliaria/logo-81-20250912112744.jpg,LIENZO PARK & LIVE,En Construcción,299000,Calle Daniel Hernandez 925-927-931-935,https://nexoinmobiliario.pe/proyecto/venta-de-departamento-3252-lienzo-park-live-pueblo-libre-lima-lima-ms-inmobiliaria,https://e.nexoinmobiliario.pe/customers/ms-inmobiliaria/3252-lienzo-park-live/departamentos-pueblo-libre-6900ca4f05202_xm.jpg,Pueblo Libre,150121
JOPESA,https://e.nexoinmobiliario.pe/customers/jopesa/logo-150-20231027061802.jpg,Clovis 620,En Construcción,400000,Jr. Clovis 620-622,https://nexoinmobiliario.pe/proyecto/venta-de-departamento-3255-clovis-620-pueblo-libre-lima-lima-jopesa,https://e.nexoinmobiliario.pe/customers/jopesa/3255-clovis-620/departamentos-pueblo-libre-67c9bb7da6159_xm.jpg,Pueblo Libre,150121
PLATINUM GROUP INMOBILIARIA,https://e.nexoinmobiliario.pe/customers/platinum-group-inmobiliaria/logo-315-20250912121555.jpg,THE LANDMARK,Entrega Inmediata,439880,Av. General Vivanco N°1077-1083,https://nexoinmobiliario.pe/proyecto/venta-de-departamento-3259-the-landmark-pueblo-libre-lima-lima-platinum-group-inmobiliaria,https://e.nexoinmobiliario.pe/customers/platinum-group-inmobiliaria/3259-the-landmark/departamentos-pueblo-libre-68f804af81e41_xm.jpg,Pueblo Libre,150121
URBANA PERÚ,https://e.nexoinmobiliario.pe/customers/urbana-peru/logo-84-20231027061800.jpg,Belalba,En Planos,322329,CALLE LORETO 150 – PUEBLO LIBRE,https://nexoinmobiliario.pe/proyecto/venta-de-departamento-3305-belalba-pueblo-libre-lima-lima-urbana-perú,https://e.nexoinmobiliario.pe/customers/urbana-peru/3305-belalba/departamentos-pueblo-libre-65f30d19887fa_xm.jpg,Pueblo Libre,150121
GRUPO SOL,https://e.nexoinmobiliario.pe/customers/grupo-sol/logo-250-20250912115430.jpg,HOMELY,En Construcción,352000,Jr. Mariano Arce 233,https://nexoinmobiliario.pe/proyecto/venta-de-departamento-3311-homely-pueblo-libre-lima-lima-grupo-sol,https://e.nexoinmobiliario.pe/customers/grupo-sol/3311-homely/departamentos-pueblo-libre-690e72f9ed117_xm.jpg,Pueblo Libre,150121
ABRIL GRUPO INMOBILIARIO,https://e.nexoinmobiliario.pe/customers/abril-grupo-inmobiliario-ft/logo-426-20250411103938.png,Avellana,En Planos,241657,Av. Brasil 1350,https://nexoinmobiliario.pe/proyecto/venta-de-departamento-3322-avellana-pueblo-libre-lima-lima-abril-grupo-inmobiliario,https://e.nexoinmobiliario.pe/customers/abril-grupo-inmobiliario-ft/3322-avellana/departamentos-pueblo-libre-66428a711b226_xm.jpg,Pueblo Libre,150121
QUARK GRUPO INMOBILIARIO,https://e.nexoinmobiliario.pe/customers/quark-grupo-inmobiliario/logo-10-20250912105831.png,Edificio UGARTECHE,En Construcción,364900,"Jirón José Gregorio Paredes 2729, Pueblo Libre",https://nexoinmobiliario.pe/proyecto/venta-de-departamento-3343-edificio-ugarteche-pueblo-libre-lima-lima-quark-grupo-inmobiliario,https://e.nexoinmobiliario.pe/customers/quark-grupo-inmobiliario/3343-edificio-ugarteche/departamentos-pueblo-libre-68f99c046bdc3_xm.jpg,Pueblo Libre,150121
ABRIL GRUPO INMOBILIARIO,https://e.nexoinmobiliario.pe/customers/abril-grupo-inmobiliario/logo-87-20250422120904.jpg,Kaurí,En Construcción,243900,Av. Cipriano Dulanto 1335,https://nexoinmobiliario.pe/proyecto/venta-de-departamento-3346-kauri-pueblo-libre-lima-lima-abril-grupo-inmobiliario,https://e.nexoinmobiliario.pe/customers/abril-grupo-inmobiliario/3346-kauri/departamentos-pueblo-libre-68fa92babf508_xm.jpg,Pueblo Libre,150121
CONCRETA GRUPO INMOBILIARIO,https://e.nexoinmobiliario.pe/customers/concreta-grupo-inmobiliario/logo-408-20231027061810.jpg,Alameda Rio Grande,En Construcción,389000,Rio Grande 321,https://nexoinmobiliario.pe/proyecto/venta-de-departamento-3352-alameda-rio-grande-pueblo-libre-lima-lima-concreta-grupo-inmobiliario,https://e.nexoinmobiliario.pe/customers/concreta-grupo-inmobiliario/3352-alameda-rio-grande/departamentos-pueblo-libre-66a8f664a8073_xm.jpg,Pueblo Libre,150121
MS INMOBILIARIA,https://e.nexoinmobiliario.pe/customers/ms-inmobiliaria/logo-81-20250912112744.jpg,TOP LIVING,En Construcción,411000,Av. Manuel Cipriano Dulanto 1390,https://nexoinmobiliario.pe/proyecto/venta-de-departamento-3422-top-living-pueblo-libre-lima-lima-ms-inmobiliaria,https://e.nexoinmobiliario.pe/customers/ms-inmobiliaria/3422-top-living/departamentos-pueblo-libre-6900ce4bdddda_xm.jpg,Pueblo Libre,150121
RUMI GRUPO INMOBILIARIO,https://e.nexoinmobiliario.pe/customers/rumi-grupo-inmobiliario/logo-454-20231027061812.jpg,PIETRA LIBERTA,En Construcción,256151,Calle Loreto 195,https://nexoinmobiliario.pe/proyecto/venta-de-departamento-3495-pietra-liberta-pueblo-libre-lima-lima-rumi-grupo-inmobiliario,https://e.nexoinmobiliario.pe/customers/rumi-grupo-inmobiliario/3495-pietra-liberta/departamentos-pueblo-libre-68f803b00da69_xm.jpg,Pueblo Libre,150121
ECOHABITAT DESARROLLO INMOBILIARIO,https://e.nexoinmobiliario.pe/customers/ecohabitat-desarrollo-inmobiliario/logo-344-20251013162338.jpg,Del Rio 294,En Construcción,375000,Av. del rio 294,https://nexoinmobiliario.pe/proyecto/venta-de-departamento-3509-del-rio-294-pueblo-libre-lima-lima-ecohabitat-desarrollo-inmobiliario,https://e.nexoinmobiliario.pe/customers/ecohabitat-desarrollo-inmobiliario/3509-del-rio-294/departamentos-pueblo-libre-691e36087a9de_xm.jpg,Pueblo Libre,150121
GRUPO MG,https://e.nexoinmobiliario.pe/customers/grupo-mg/logo-164-20231027061802.jpg,DULANTO - PUEBLO LIBRE,En Planos,286880,Jr. Cipriano Dulanto 209 ,https://nexoinmobiliario.pe/proyecto/venta-de-departamento-3538-dulanto-pueblo-libre-pueblo-libre-lima-lima-grupo-mg,https://e.nexoinmobiliario.pe/customers/grupo-mg/3538-dulanto-pueblo-libre/departamentos-pueblo-libre-68f7e995ef194_xm.jpg,Pueblo Libre,150121
GRUPO CARAL,https://e.nexoinmobiliario.pe/customers/grupo-caral/logo-45-20231027061759.jpg,Villa Alba,En Planos,220000,Av. Cipriano Dulanto 1085,https://nexoinmobiliario.pe/proyecto/venta-de-departamento-3610-villa-alba-pueblo-libre-lima-lima-grupo-caral,https://e.nexoinmobiliario.pe/customers/grupo-caral/3610-villa-alba/departamentos-pueblo-libre-68489fae1a922_xm.jpg,Pueblo Libre,150121
MADRID INMOBILIARIA,https://e.nexoinmobiliario.pe/customers/madrid-inmobiliaria/logo-61-20250912112211.jpg,Movento,En Planos,251000,Av. Manuel Cipriano Dulanto 1535,https://nexoinmobiliario.pe/proyecto/venta-de-departamento-3647-movento-pueblo-libre-lima-lima-madrid-inmobiliaria,https://e.nexoinmobiliario.pe/customers/madrid-ingenieros/3647-movento/departamentos-pueblo-libre-689e66fe557a4_xm.jpg,Pueblo Libre,150121
MUNDO VERDE,https://e.nexoinmobiliario.pe/customers/mundo-verde/logo-156-20250912114209.jpg,EDIFICIO MATISSE,En Planos,380000,Jr. Clovis 735,https://nexoinmobiliario.pe/proyecto/venta-de-departamento-3806-edificio-matisse-pueblo-libre-lima-lima-mundo-verde,https://e.nexoinmobiliario.pe/customers/inmobiliaria-mundo-verde/3806-edificio-matisse/departamentos-pueblo-libre-6849c83388199_xm.jpg,Pueblo Libre,150121
ABRIL GRUPO INMOBILIARIO,https://e.nexoinmobiliario.pe/customers/abril-grupo-inmobiliario-ft/logo-426-20250411103938.png,Bonsái,En Planos,204565,Av. Sucre 760,https://nexoinmobiliario.pe/proyecto/venta-de-departamento-3831-bonsai-pueblo-libre-lima-lima-abril-grupo-inmobiliario,https://e.nexoinmobiliario.pe/customers/abril-grupo-inmobiliario-ft/3831-bonsai/departamentos-pueblo-libre-68486115acf27_xm.jpg,Pueblo Libre,150121
AMURA,https://e.nexoinmobiliario.pe/customers/amura/logo-564-20241023173055.png,Amura Pueblo Libre,En Planos,272705,calle eleazar blanco 334,https://nexoinmobiliario.pe/proyecto/venta-de-departamento-3853-amura-pueblo-libre-pueblo-libre-lima-lima-amura,https://e.nexoinmobiliario.pe/customers/amura/3853-amura-pueblo-libre/departamentos-pueblo-libre-68efc32a31528_xm.jpg,Pueblo Libre,150121
AF Constructecnia,https://e.nexoinmobiliario.pe/customers/af-constructecnia/logo-592-20250912105635.jpg,LARA,En Planos,225360,Sevilla 230 ,https://nexoinmobiliario.pe/proyecto/venta-de-departamento-3935-lara-pueblo-libre-lima-lima-af-constructecnia,https://e.nexoinmobiliario.pe/customers/af-constructecnia/3935-lara/departamentos-pueblo-libre-68c4589e5352a_xm.jpg,Pueblo Libre,150121
INVERSIONES TIERRA BLANCA,https://e.nexoinmobiliario.pe/customers/inversiones-tierra-blanca-sac/logo-475-20231027061813.jpg,ELEVA 155,En Planos,209500,Av. José de San Martín 155,https://nexoinmobiliario.pe/proyecto/venta-de-departamento-3937-eleva-155-pueblo-libre-lima-lima-inversiones-tierra-blanca,https://e.nexoinmobiliario.pe/customers/inversiones-tierra-blanca-sac/3937-eleva-155/departamentos-pueblo-libre-68c9d82b28108_xm.jpg,Pueblo Libre,150121
CONCRETA GRUPO INMOBILIARIO,https://e.nexoinmobiliario.pe/customers/concreta-grupo-inmobiliario/logo-408-20231027061810.jpg,Alto Rospigliosi,En Planos,450000,Parque Rospigliosi N.º 175,https://nexoinmobiliario.pe/proyecto/venta-de-departamento-3949-alto-rospigliosi-pueblo-libre-lima-lima-concreta-grupo-inmobiliario,https://e.nexoinmobiliario.pe/customers/concreta-grupo-inmobiliario/3949-alto-rospigliosi/departamentos-pueblo-libre-68f7a7494fb37_xm.jpg,Pueblo Libre,150121
MAKE INMOBILIARIA,https://e.nexoinmobiliario.pe/customers/make-inmobiliaria/logo-557-20240911114102.png,VIANOVA,En Planos,273000,ARNALDO PANIZO 195,https://nexoinmobiliario.pe/proyecto/venta-de-departamento-3991-vianova-pueblo-libre-lima-lima-make-inmobiliaria,https://e.nexoinmobiliario.pe/customers/make-inmobiliaria/3991-vianova/departamentos-pueblo-libre-69150a241a619_xm.jpg,Pueblo Libre,150121
PROSPERA GRUPO INMOBILIARIO,https://e.nexoinmobiliario.pe/customers/prospera-grupo-inmobiliario/logo-576-20250129120135.jpeg,Casa Herrera,En Planos,336625,Av. Jaime Herrera 292,https://nexoinmobiliario.pe/proyecto/venta-de-departamento-3993-casa-herrera-pueblo-libre-lima-lima-prospera-grupo-inmobiliario,https://e.nexoinmobiliario.pe/customers/prospera-grupo-inmobiliario/3993-casa-herrera/departamentos-pueblo-libre-68f8154e3a281_xm.jpg,Pueblo Libre,150121
MC INVERSIONES INMOBILIARIAS,https://e.nexoinmobiliario.pe/customers/mc-inversiones-inmobiliarias/logo-465-20251201115647.jpg,Galicia Park,En Planos,281718,Jr Valencia 410,https://nexoinmobiliario.pe/proyecto/venta-de-departamento-4005-galicia-park-pueblo-libre-lima-lima-mc-inversiones-inmobiliarias,https://e.nexoinmobiliario.pe/customers/mc-inversiones-inmobiliarias/4005-galicia-park/departamentos-pueblo-libre-692e1c0f54c09_xm.jpg,Pueblo Libre,150121
GRANADERO INMOBILIARIA,https://e.nexoinmobiliario.pe/customers/granadero-inmobiliaria/logo-182-20250912114418.jpg,SUCRE 1005,En Planos,235944,AV. SUCRE 1005,https://nexoinmobiliario.pe/proyecto/venta-de-departamento-4041-sucre-1005-pueblo-libre-lima-lima-granadero-inmobiliaria,https://e.nexoinmobiliario.pe/customers/granadero-inmobiliaria/4041-sucre-1005/departamentos-pueblo-libre-6913f54627d3c_xm.jpg,Pueblo Libre,150121
FUNDAMENTA,https://e.nexoinmobiliario.pe/customers/fundamenta/logo-62-20250912112306.jpg,Edificio Eco 28,Entrega Inmediata,1136000,Av. 28 de Julio 639 ,https://nexoinmobiliario.pe/proyecto/venta-de-departamento-1929-edificio-eco-28-miraflores-lima-lima-fundamenta,https://e.nexoinmobiliario.pe/customers/fundamenta/1929-edificio-eco-28/departamentos-miraflores-68f64b905396d_xm.jpg,Miraflores,150122
ACTUAL,https://e.nexoinmobiliario.pe/customers/actual/logo-86-20250912112921.jpg,Arequipa,Entrega Inmediata,673530,Av Arequipa 4405 miraflores ,https://nexoinmobiliario.pe/proyecto/venta-de-departamento-1988-arequipa-miraflores-lima-lima-actual,https://e.nexoinmobiliario.pe/customers/actual-inmobiliaria/1988-arequipa/departamentos-miraflores-64deb58dc3403_xm.jpg,Miraflores,150122
TALE INMOBILIARIA,https://e.nexoinmobiliario.pe/customers/tale-inmobiliaria/logo-322-20231027061807.jpg,La Mar 1055,Entrega Inmediata,742940,AV LA MAR 1055 MIRAFLORES,https://nexoinmobiliario.pe/proyecto/venta-de-departamento-2072-la-mar-1055-miraflores-lima-lima-tale-inmobiliaria,https://e.nexoinmobiliario.pe/customers/tale-inmobiliaria/2072-la-mar-1055/departamentos-miraflores-686ed98929821_xm.jpg,Miraflores,150122
VOLTERRA,https://e.nexoinmobiliario.pe/customers/volterra-desarrollo-inmobiliario/logo-242-20231027061804.jpg,Schell,En Construcción,689605,calle Schell 605,https://nexoinmobiliario.pe/proyecto/venta-de-departamento-2226-schell-miraflores-lima-lima-volterra,https://e.nexoinmobiliario.pe/customers/volterra-desarrollo-inmobiliario/2226-schell/departamentos-miraflores-60b7b9a6aed3c_xm.jpg,Miraflores,150122
TALE INMOBILIARIA,https://e.nexoinmobiliario.pe/customers/tale-inmobiliaria/logo-322-20231027061807.jpg,MARSANO 2670,Entrega Inmediata,520733,Av Marsano 2670,https://nexoinmobiliario.pe/proyecto/venta-de-departamento-2302-marsano-2670-miraflores-lima-lima-tale-inmobiliaria,https://e.nexoinmobiliario.pe/customers/tale-inmobiliaria/2302-marsano-2670/departamentos-miraflores-686eda070c9bc_xm.jpg,Miraflores,150122
SEMBRA INMOBILIARIA,https://e.nexoinmobiliario.pe/customers/sembra-inmobiliaria/logo-428-20241129155138.jpeg,Piknik Park,En Construcción,499400,Avenida Paseo de la republica 5613,https://nexoinmobiliario.pe/proyecto/venta-de-departamento-2417-piknik-park-miraflores-lima-lima-sembra-inmobiliaria,https://e.nexoinmobiliario.pe/customers/sembra-inmobiliaria/2417-piknik-park/departamentos-miraflores-691ceb9d509d0_xm.jpg,Miraflores,150122
CONSTRUCTORA INARCO,https://e.nexoinmobiliario.pe/customers/constructora-inarco/logo-203-20250912115053.jpg,SONHOS,En Construcción,535379,"Av. Arequipa 4821, Miraflores",https://nexoinmobiliario.pe/proyecto/venta-de-departamento-2490-sonhos-miraflores-lima-lima-constructora-inarco,https://e.nexoinmobiliario.pe/customers/constructora-inarco/2490-sonhos/departamentos-miraflores-68f67af760a0d_xm.jpg,Miraflores,150122
BELGICA EDIFICACIONES,https://e.nexoinmobiliario.pe/customers/belgica-edificaciones/logo-11-20250912110111.jpg,Barrio Verde,Entrega Inmediata,699000,mendiburu 573,https://nexoinmobiliario.pe/proyecto/venta-de-departamento-2491-barrio-verde-miraflores-lima-lima-belgica-edificaciones,https://e.nexoinmobiliario.pe/customers/belgica-edificaciones-s-a/2491-barrio-verde/departamentos-miraflores-64407e5dd0bb5_xm.jpg,Miraflores,150122
GRUPO TyC,https://e.nexoinmobiliario.pe/customers/grupo-tyc/logo-449-20241213103050.png,LUMIERE,Entrega Inmediata,919362,"Av. Paseo de la República 6349, Urb. San Antonio",https://nexoinmobiliario.pe/proyecto/venta-de-departamento-2508-lumiere-miraflores-lima-lima-grupo-tyc,https://e.nexoinmobiliario.pe/customers/grupo-tyc/2508-lumiere/departamentos-miraflores-62b27b4abd5ac_xm.jpg,Miraflores,150122
INMOBILIARIA ARES,https://e.nexoinmobiliario.pe/customers/inmobiliaria-ares-sac/logo-307-20231027061807.jpg,CENTRIK,Entrega Inmediata,469451,"Scipion Llona 250, Miraflores",https://nexoinmobiliario.pe/proyecto/venta-de-departamento-2509-centrik-miraflores-lima-lima-inmobiliaria-ares,https://e.nexoinmobiliario.pe/customers/inmobiliaria-ares-sac/2509-centrik/departamentos-miraflores-6650ccc700283_xm.jpg,Miraflores,150122
CONSTRUCTORA INARCO,https://e.nexoinmobiliario.pe/customers/constructora-inarco/logo-203-20250912115053.jpg,HENKO,Entrega Inmediata,627000,"Ca. Grimaldo Del Solar 701, esquina Ca. Manco Capac ",https://nexoinmobiliario.pe/proyecto/venta-de-departamento-2570-henko-miraflores-lima-lima-constructora-inarco,https://e.nexoinmobiliario.pe/customers/inarco/2570-henko/departamentos-miraflores-64b8203918767_xm.jpg,Miraflores,150122
INMOBILIARIA DIEGAL,https://e.nexoinmobiliario.pe/customers/inmobiliaria-diegal/logo-453-20231027061812.jpg,RAMON ZAVALA II,Entrega Inmediata,744800,CALLE RAMON ZAVALA 315 CON JOSE GALVEZ 897,https://nexoinmobiliario.pe/proyecto/venta-de-departamento-2578-ramon-zavala-ii-miraflores-lima-lima-inmobiliaria-diegal,https://e.nexoinmobiliario.pe/customers/inmobiliaria-diegal/2578-ramon-zavala-ii/departamentos-miraflores-690b7cc97f563_xm.jpg,Miraflores,150122
GRUPO TyC,https://e.nexoinmobiliario.pe/customers/grupo-tyc/logo-449-20241213103050.png,MANDRA,Entrega Inmediata,387569,Av. del Ejercito 1194,https://nexoinmobiliario.pe/proyecto/venta-de-departamento-2588-mandra-miraflores-lima-lima-grupo-tyc,https://e.nexoinmobiliario.pe/customers/grupo-tyc/2588-mandra/departamentos-miraflores-68ed35e1d4335_xm.jpg,Miraflores,150122
AURORA GRUPO INMOBILIARIO,https://e.nexoinmobiliario.pe/customers/aurora-grupo-inmobiliario/logo-228-20250912115325.jpg,Parque Blume,Entrega Inmediata,1215720,Calle Capitán Quiñones N° 189,https://nexoinmobiliario.pe/proyecto/venta-de-departamento-2590-parque-blume-miraflores-lima-lima-aurora-grupo-inmobiliario,https://e.nexoinmobiliario.pe/customers/grupo-aurora/2590-parque-blume/departamentos-miraflores-655698e2df0fc_xm.jpg,Miraflores,150122
V&V GRUPO INMOBILIARIO,https://e.nexoinmobiliario.pe/customers/v-v-grupo-inmobiliario/logo-130-20231031163109.jpg,PARDO 669,En Construcción,410000,Av. José Pardo 669 Miraflores,https://nexoinmobiliario.pe/proyecto/venta-de-departamento-2617-pardo-669-miraflores-lima-lima-v-v-grupo-inmobiliario,https://e.nexoinmobiliario.pe/customers/v-v-grupo-inmobiliario/2617-pardo-669/departamentos-miraflores-6527198294b5d_xm.jpg,Miraflores,150122
STELLA INMOBILIARIA,https://e.nexoinmobiliario.pe/customers/stella-inmobiliaria/logo-398-20250912122919.jpg,ROSARIO IN,En Planos,663390,calle el rosario 342 -346 urb el rosario ,https://nexoinmobiliario.pe/proyecto/venta-de-departamento-2642-rosario-in-miraflores-lima-lima-stella-inmobiliaria,https://e.nexoinmobiliario.pe/customers/proyectos-inmobiliarios-stella-sac/2642-rosario-in/departamentos-miraflores-67d9be8a7d493_xm.jpg,Miraflores,150122
V&V GRUPO INMOBILIARIO,https://e.nexoinmobiliario.pe/customers/v-v-grupo-inmobiliario/logo-130-20231031163109.jpg,LARCO 791,En Construcción,750000, Av. Larco 791 - Miraflores,https://nexoinmobiliario.pe/proyecto/venta-de-departamento-2652-larco-791-miraflores-lima-lima-v-v-grupo-inmobiliario,https://e.nexoinmobiliario.pe/customers/v-v-grupo-inmobiliario/2652-larco-791/departamentos-miraflores-6527183483a67_xm.jpg,Miraflores,150122
URBANA PERÚ,https://e.nexoinmobiliario.pe/customers/urbana-peru/logo-84-20231027061800.jpg,Gracia,En Construcción,585600,Av. Aflredo Benavides 2543,https://nexoinmobiliario.pe/proyecto/venta-de-departamento-2688-gracia-miraflores-lima-lima-urbana-perú,https://e.nexoinmobiliario.pe/customers/urbana-peru/2688-gracia/departamentos-miraflores-630d16c5763c5_xm.jpg,Miraflores,150122
PAZ,https://e.nexoinmobiliario.pe/customers/paz/logo-22-20250912110933.jpg,Central - Apartments La Mar,Entrega Inmediata,460964,Av. Mariscal La Mar 1062,https://nexoinmobiliario.pe/proyecto/venta-de-departamento-2779-central-apartments-la-mar-miraflores-lima-lima-paz,https://e.nexoinmobiliario.pe/customers/paz/2779-central-apartments-la-mar/departamentos-miraflores-692dd6e797e03_xm.jpg,Miraflores,150122
PIONERO INMOBILIARIA,https://e.nexoinmobiliario.pe/customers/pionero-inmobiliaria/logo-93-20250912113009.jpg,Reducto 1421,En Construcción,550000,Av Reducto 1421,https://nexoinmobiliario.pe/proyecto/venta-de-departamento-2795-reducto-1421-miraflores-lima-lima-pionero-inmobiliaria,https://e.nexoinmobiliario.pe/customers/pionero-grupo-inmobiliario/2795-reducto-1421/departamentos-miraflores-68630532cb599_xm.jpg,Miraflores,150122
ALERCES INMOBILIARIA,https://e.nexoinmobiliario.pe/customers/alerces-inmobiliaria/logo-183-20250912114550.png,Founder,En Construcción,512000,Av. Ejercito 741 - 747,https://nexoinmobiliario.pe/proyecto/venta-de-departamento-2798-founder-miraflores-lima-lima-alerces-inmobiliaria,https://e.nexoinmobiliario.pe/customers/alerces-inmobiliaria/2798-founder/departamentos-miraflores-68dabf576ac8b_xm.jpg,Miraflores,150122
CAPAC ASOCIADOS,https://e.nexoinmobiliario.pe/customers/capac-asociados/logo-115-20240821143505.png,HYPE,En Construcción,504302,Av. La Paz con Cantuarias,https://nexoinmobiliario.pe/proyecto/venta-de-departamento-2816-hype-miraflores-lima-lima-capac-asociados,https://e.nexoinmobiliario.pe/customers/capac-asociados/2816-hype/departamentos-miraflores-68eed8ef59572_xm.jpg,Miraflores,150122
SEMBRA INMOBILIARIA,https://e.nexoinmobiliario.pe/customers/sembra-inmobiliaria/logo-428-20241129155138.jpeg,Rosario 240,Entrega Inmediata,894905,Calle Rosario 240,https://nexoinmobiliario.pe/proyecto/venta-de-departamento-2880-rosario-240-miraflores-lima-lima-sembra-inmobiliaria,https://e.nexoinmobiliario.pe/customers/sembra-inmobiliaria/2880-rosario-240/departamentos-miraflores-688cd544e5ebe_xm.jpg,Miraflores,150122
URBANA PERÚ,https://e.nexoinmobiliario.pe/customers/urbana-peru/logo-84-20231027061800.jpg,Abstract,En Construcción,370593,Casimiro ulloa 328,https://nexoinmobiliario.pe/proyecto/venta-de-departamento-2920-abstract-miraflores-lima-lima-urbana-perú,https://e.nexoinmobiliario.pe/customers/urbana-peru/2920-abstract/departamentos-miraflores-65e63caa7c55e_xm.jpg,Miraflores,150122
MIRANO,https://e.nexoinmobiliario.pe/customers/inversiones-mirano-sac/logo-30-20250513135530.jpg,Litoral 900,En Construcción,566334,"Av. del Ejercito 890, Miraflores. ",https://nexoinmobiliario.pe/proyecto/venta-de-departamento-2936-litoral-900-miraflores-lima-lima-mirano,https://e.nexoinmobiliario.pe/customers/inversiones-mirano-sac/2936-litoral-900/departamentos-miraflores-65577be589cc8_xm.jpg,Miraflores,150122
GRUPO T&C,https://e.nexoinmobiliario.pe/customers/grupo-t-c/logo-63-20251201094022.png,PARDO COAST,En Construcción,450048,"Av. José Pardo 1010, Miraflores",https://nexoinmobiliario.pe/proyecto/venta-de-departamento-2951-pardo-coast-miraflores-lima-lima-grupo-t-c,https://e.nexoinmobiliario.pe/customers/grupo-t-c/2951-pardo-coast/departamentos-miraflores-65e86e8f7c9a1_xm.jpg,Miraflores,150122
CHECOR INMOBILIARIA,https://e.nexoinmobiliario.pe/customers/checor-inmobiliaria/logo-308-20231027061807.jpg,Checor | Porta 360,En Construcción,744400,Calle Porta 360,https://nexoinmobiliario.pe/proyecto/venta-de-departamento-2952-checor-porta-360-miraflores-lima-lima-checor-inmobiliaria,https://e.nexoinmobiliario.pe/customers/checor-inmobiliaria/2952-checor-porta-360/departamentos-miraflores-683f558be3f98_xm.jpg,Miraflores,150122
HL DESARROLLOS INMOBILIARIOS,https://e.nexoinmobiliario.pe/customers/hl-desarrollos-inmobiliarios/logo-474-20250912123147.jpg,MF Work & Living Apartments,En Construcción,376027,Av. Paseo de la República N° 6334 - 6338,https://nexoinmobiliario.pe/proyecto/venta-de-departamento-3004-mf-work-living-apartments-miraflores-lima-lima-hl-desarrollos-inmobiliarios,https://e.nexoinmobiliario.pe/customers/hl-desarrollos-inmobiliarios/3004-mf-work-living-apartments/departamentos-miraflores-68f2843830420_xm.jpg,Miraflores,150122
EE INMOBILIARIA,https://e.nexoinmobiliario.pe/customers/ee-inmobiliaria/logo-366-20250912122354.jpg,Centrix 28,En Construcción,382000,AV. 28 de Julio 1109 con Cl. Francisco del Castillo N° 359 - 365,https://nexoinmobiliario.pe/proyecto/venta-de-departamento-3025-centrix-28-miraflores-lima-lima-ee-inmobiliaria,https://e.nexoinmobiliario.pe/customers/ee-inmobiliaria/3025-centrix-28/departamentos-miraflores-68e5310c2e251_xm.jpg,Miraflores,150122
EDIFICA,https://e.nexoinmobiliario.pe/customers/edifica/logo-47-20250912111830.jpg,Upper 28,En Construcción,633819,Av. 28 de julio 551,https://nexoinmobiliario.pe/proyecto/venta-de-departamento-3051-upper-28-miraflores-lima-lima-edifica,https://e.nexoinmobiliario.pe/customers/gerencia-de-proyectos-edifica-s-a-c/3051-upper-28/departamentos-miraflores-64de51eea35b1_xm.jpg,Miraflores,150122
ALBAMAR GRUPO INMOBILIARIO,https://e.nexoinmobiliario.pe/customers/albamar-grupo-inmobiliario/logo-108-20250912113347.jpg,Albamar | O2,En Construcción,625800,"Calle José Domingo Choquehuanca 174, Miraflores",https://nexoinmobiliario.pe/proyecto/venta-de-departamento-3165-albamar-o2-miraflores-lima-lima-albamar-grupo-inmobiliario,https://e.nexoinmobiliario.pe/customers/albamar-grupo-inmobiliario/3165-albamar-o2/departamentos-miraflores-68eeca6f504f8_xm.jpg,Miraflores,150122
GRUPO BINDA,https://e.nexoinmobiliario.pe/customers/grupo-binda/logo-12-20250912110258.jpg,Milano - 28 de Julio,En Construcción,696554,Av 28 de Julio 420,https://nexoinmobiliario.pe/proyecto/venta-de-departamento-3169-milano-28-de-julio-miraflores-lima-lima-grupo-binda,https://e.nexoinmobiliario.pe/customers/binda-y-asociados/3169-milano-28-de-julio/departamentos-miraflores-6601e6ea80ebb_xm.jpg,Miraflores,150122
REYNA GRUPO INMOBILIARIO,https://e.nexoinmobiliario.pe/customers/reyna-grupo-inmobiliario/logo-376-20250912122737.jpg,Caserta,En Construcción,830000,Ca. Miguel Aljovín 194,https://nexoinmobiliario.pe/proyecto/venta-de-departamento-3175-caserta-miraflores-lima-lima-reyna-grupo-inmobiliario,https://e.nexoinmobiliario.pe/customers/reyna-grupo-inmobiliario/3175-caserta/departamentos-miraflores-68d56c058a55e_xm.jpg,Miraflores,150122
GRUPO EDIFIKARTE,https://e.nexoinmobiliario.pe/customers/grupo-edifikarte-sac/logo-235-20231027061804.jpg,AREQUIPA AVENUE 4015,En Planos,511629,Av. Arequipa 4015,https://nexoinmobiliario.pe/proyecto/venta-de-departamento-3194-arequipa-avenue-4015-miraflores-lima-lima-grupo-edifikarte,https://e.nexoinmobiliario.pe/customers/grupo-edifikarte-sac/3194-arequipa-avenue-4015/departamentos-miraflores-66954a2cba991_xm.jpg,Miraflores,150122
GRUPO CARAL,https://e.nexoinmobiliario.pe/customers/grupo-caral/logo-45-20231027061759.jpg,Casa Paraud,En Construcción,650730,Calle San Ignacio de Loyola 150,https://nexoinmobiliario.pe/proyecto/venta-de-departamento-3205-casa-paraud-miraflores-lima-lima-grupo-caral,https://e.nexoinmobiliario.pe/customers/grupo-caral/3205-casa-paraud/departamentos-miraflores-66bb89e39a473_xm.jpg,Miraflores,150122
AURORA GRUPO INMOBILIARIO,https://e.nexoinmobiliario.pe/customers/aurora-grupo-inmobiliario/logo-228-20250912115325.jpg,Parque Córdova 2,En Construcción,742265,Av. General Córdova  234,https://nexoinmobiliario.pe/proyecto/venta-de-departamento-3206-parque-cordova-2-miraflores-lima-lima-aurora-grupo-inmobiliario,https://e.nexoinmobiliario.pe/customers/grupo-aurora/3206-parque-cordova-2/departamentos-miraflores-683081072ca53_xm.jpg,Miraflores,150122
EFRON ARQUITECTOS,https://e.nexoinmobiliario.pe/customers/efron-arquitectos/logo-358-20231027061809.jpg,Mendiburu 1290,En Construcción,456000,Mendiburú 1290,https://nexoinmobiliario.pe/proyecto/venta-de-departamento-3212-mendiburu-1290-miraflores-lima-lima-efron-arquitectos,https://e.nexoinmobiliario.pe/customers/efron-arquitectos/3212-mendiburu-1290/departamentos-miraflores-68d7021d2fd80_xm.jpg,Miraflores,150122
EDIFICA,https://e.nexoinmobiliario.pe/customers/edifica/logo-47-20250912111830.jpg,Urban Heights,En Construcción,417386,Avenida Paseo De La Republica 6143,https://nexoinmobiliario.pe/proyecto/venta-de-departamento-3215-urban-heights-miraflores-lima-lima-edifica,https://e.nexoinmobiliario.pe/customers/gerencia-de-proyectos-edifica-s-a-c/3215-urban-heights/departamentos-miraflores-661ea368a5a5c_xm.jpg,Miraflores,150122
CAPAC ASOCIADOS,https://e.nexoinmobiliario.pe/customers/capac-asociados/logo-115-20240821143505.png,REPÚBLICA,En Planos,489380,Av Hipólito Unanue 320,https://nexoinmobiliario.pe/proyecto/venta-de-departamento-3216-republica-miraflores-lima-lima-capac-asociados,https://e.nexoinmobiliario.pe/customers/capac-asociados/3216-republica/departamentos-miraflores-68f64e776a51b_xm.jpg,Miraflores,150122
VIDARQ,https://e.nexoinmobiliario.pe/customers/vidarq/logo-270-20250624162008.jpg,ROOSEVELT 64,En Construcción,645000,Av. Roosevelt 6429,https://nexoinmobiliario.pe/proyecto/venta-de-departamento-3217-roosevelt-64-miraflores-lima-lima-vidarq,https://e.nexoinmobiliario.pe/customers/vidarq/3217-roosevelt-64/departamentos-miraflores-691f4efc98c82_xm.jpg,Miraflores,150122
PAZ,https://e.nexoinmobiliario.pe/customers/paz/logo-22-20250912110933.jpg,Taller,En Construcción,446845,CALLE TORIBIO POLO 450,https://nexoinmobiliario.pe/proyecto/venta-de-departamento-3219-taller-miraflores-lima-lima-paz,https://e.nexoinmobiliario.pe/customers/paz/3219-taller/departamentos-miraflores-691f8abeee4a8_xm.jpg,Miraflores,150122
IMAGINA,https://e.nexoinmobiliario.pe/customers/imagina/logo-186-20250912114720.jpg,Concepto One Place,En Construcción,464226,Roosevelt 6260,https://nexoinmobiliario.pe/proyecto/venta-de-departamento-3220-concepto-one-place-miraflores-lima-lima-imagina,https://e.nexoinmobiliario.pe/customers/imagina/3220-concepto-one-place/departamentos-miraflores-68e542cdd8686_xm.jpg,Miraflores,150122
ESPARQ INVERSIONES,https://e.nexoinmobiliario.pe/customers/esparq-inversiones/logo-467-20250912123239.jpg,Esparq 140,En Planos,452518,Calle Tarapacá 140 ,https://nexoinmobiliario.pe/proyecto/venta-de-departamento-3231-esparq-140-miraflores-lima-lima-esparq-inversiones,https://e.nexoinmobiliario.pe/customers/esparq-inversiones/3231-esparq-140/departamentos-miraflores-691df11e5b4cd_xm.jpg,Miraflores,150122
ALBAMAR GRUPO INMOBILIARIO,https://e.nexoinmobiliario.pe/customers/albamar-grupo-inmobiliario/logo-108-20250912113347.jpg,Albamar | Park Town,En Construcción,553700,Paseo de la Republica 5895 Local 101-A Miraflores,https://nexoinmobiliario.pe/proyecto/venta-de-departamento-3250-albamar-park-town-miraflores-lima-lima-albamar-grupo-inmobiliario,https://e.nexoinmobiliario.pe/customers/inmobiliaria-albamar-sac/3250-albamar-park-town/departamentos-miraflores-68b86a2ad26bc_xm.jpg,Miraflores,150122
EE INMOBILIARIA,https://e.nexoinmobiliario.pe/customers/ee-inmobiliaria/logo-366-20250912122354.jpg,Boloña 256,En Construcción,498120,Av. Monseñor Roca y Boloña 256,https://nexoinmobiliario.pe/proyecto/venta-de-departamento-3285-bolona-256-miraflores-lima-lima-ee-inmobiliaria,https://e.nexoinmobiliario.pe/customers/espacios-y-estructuras-inmobiliarias-s-a-c/3285-bolona-256/departamentos-miraflores-689caa8a4855e_xm.jpg,Miraflores,150122
EE INMOBILIARIA,https://e.nexoinmobiliario.pe/customers/ee-inmobiliaria/logo-366-20250912122354.jpg,Boloña 1250,En Construcción,749000,Av. Roca y Boloña 1250,https://nexoinmobiliario.pe/proyecto/venta-de-departamento-3300-bolona-1250-miraflores-lima-lima-ee-inmobiliaria,https://e.nexoinmobiliario.pe/customers/espacios-y-estructuras-inmobiliarias-s-a-c/3300-bolona-1250/departamentos-miraflores-689bb996022d1_xm.jpg,Miraflores,150122
EE INMOBILIARIA,https://e.nexoinmobiliario.pe/customers/ee-inmobiliaria/logo-366-20250912122354.jpg,POP,En Construcción,420000, Calle San Ignacio de Loyola 692,https://nexoinmobiliario.pe/proyecto/venta-de-departamento-3316-pop-miraflores-lima-lima-ee-inmobiliaria,https://e.nexoinmobiliario.pe/customers/espacios-y-estructuras-inmobiliarias-s-a-c/3316-pop/departamentos-miraflores-65fdf6228b6a3_xm.jpg,Miraflores,150122
AURORA GRUPO INMOBILIARIO,https://e.nexoinmobiliario.pe/customers/aurora-grupo-inmobiliario/logo-228-20250912115325.jpg,Vanderghen 400,En Planos,645007,Av. Jorge Vanderghen 406,https://nexoinmobiliario.pe/proyecto/venta-de-departamento-3337-vanderghen-400-miraflores-lima-lima-aurora-grupo-inmobiliario,https://e.nexoinmobiliario.pe/customers/grupo-aurora/3337-vanderghen-400/departamentos-miraflores-66573a02bf35d_xm.jpg,Miraflores,150122
PUERTA DE TIERRA,https://e.nexoinmobiliario.pe/customers/puerta-de-tierra/logo-278-20250912120141.jpg,TOMMY,En Construcción,525183,Av. Tomas Marsano 2020,https://nexoinmobiliario.pe/proyecto/venta-de-departamento-3340-tommy-miraflores-lima-lima-puerta-de-tierra,https://e.nexoinmobiliario.pe/customers/puerta-de-tierra-sa/3340-tommy/departamentos-miraflores-6627d96addef4_xm.jpg,Miraflores,150122
VIDARQ,https://e.nexoinmobiliario.pe/customers/vidarq/logo-270-20250624162008.jpg,SUCRE 45,En Construcción,675000,"Pje. Sucre 138, miraflores",https://nexoinmobiliario.pe/proyecto/venta-de-departamento-3348-sucre-45-miraflores-lima-lima-vidarq,https://e.nexoinmobiliario.pe/customers/vidarq/3348-sucre-45/departamentos-miraflores-68cc2060efcea_xm.jpg,Miraflores,150122
EDIFICA,https://e.nexoinmobiliario.pe/customers/edifica/logo-47-20250912111830.jpg,The Edge,En Planos,790771,Avenida Jose Larco 1215,https://nexoinmobiliario.pe/proyecto/venta-de-departamento-3350-the-edge-miraflores-lima-lima-edifica,https://e.nexoinmobiliario.pe/customers/gerencia-de-proyectos-edifica-s-a-c/3350-the-edge/departamentos-miraflores-66f1a6d01dab3_xm.jpg,Miraflores,150122
ELSVAN CONSTRUCCIONES INMOBILIARIAS,https://e.nexoinmobiliario.pe/customers/elsvan-construcciones-inmobiliarias/logo-541-20250912122355.jpg,ESCUDERO,En Construcción,509000,"Av. Tomas Marsano 2510, Urb. Los Jazmines, Miraflores",https://nexoinmobiliario.pe/proyecto/venta-de-departamento-3375-escudero-miraflores-lima-lima-elsvan-construcciones-inmobiliarias,https://e.nexoinmobiliario.pe/customers/construcciones-inmobiliarias-elsvan/3375-escudero/departamentos-miraflores-666cee3f849f3_xm.jpg,Miraflores,150122
ASTER HOMES,https://e.nexoinmobiliario.pe/customers/aster-homes/logo-546-20250704111347.jpg,ASTER REDUCTO,En Construcción,657129,"Av. Reducto 1505, Miraflores",https://nexoinmobiliario.pe/proyecto/venta-de-departamento-3391-aster-reducto-miraflores-lima-lima-aster-homes,https://e.nexoinmobiliario.pe/customers/aster-homes/3391-aster-reducto/departamentos-miraflores-67db3f07564f7_xm.jpg,Miraflores,150122
GRUPO BINDA,https://e.nexoinmobiliario.pe/customers/grupo-binda/logo-12-20250912110258.jpg,Brick - Reducto 984,En Construcción,516989,Av. Reducto 894 ,https://nexoinmobiliario.pe/proyecto/venta-de-departamento-3416-brick-reducto-984-miraflores-lima-lima-grupo-binda,https://e.nexoinmobiliario.pe/customers/binda-y-asociados/3416-brick-reducto-984/departamentos-miraflores-67005ebbaf7fc_xm.jpg,Miraflores,150122
VALICO,https://e.nexoinmobiliario.pe/customers/valico/logo-33-20250912111536.jpg,BRERA,En Construcción,988674,"Av Santa Cruz 934, Miraflores",https://nexoinmobiliario.pe/proyecto/venta-de-departamento-3454-brera-miraflores-lima-lima-valico,https://e.nexoinmobiliario.pe/customers/valico-sac/3454-brera/departamentos-miraflores-673215490587c_xm.jpg,Miraflores,150122
INHOUSE,https://e.nexoinmobiliario.pe/customers/inhouse/logo-244-20231027061804.jpg,BRISA MIRAFLORES,En Construcción,620000,Calle Martin Napanga 230 Miraflores,https://nexoinmobiliario.pe/proyecto/venta-de-departamento-3473-brisa-miraflores-miraflores-lima-lima-inhouse,https://e.nexoinmobiliario.pe/customers/inhouse/3473-brisa-miraflores/departamentos-miraflores-68839ff785878_xm.jpg,Miraflores,150122
EDIFICA,https://e.nexoinmobiliario.pe/customers/edifica/logo-47-20250912111830.jpg,Francisco Del Castillo 252,En Construcción,722791,Ca. Francisco Del Castillo 252,https://nexoinmobiliario.pe/proyecto/venta-de-departamento-3487-francisco-del-castillo-252-miraflores-lima-lima-edifica,https://e.nexoinmobiliario.pe/customers/gerencia-de-proyectos-edifica-s-a-c/3487-francisco-del-castillo-252/departamentos-miraflores-66ede203477e2_xm.jpg,Miraflores,150122
AURORA GRUPO INMOBILIARIO,https://e.nexoinmobiliario.pe/customers/aurora-grupo-inmobiliario/logo-228-20250912115325.jpg,Vasco Núñez 141,En Planos,1090771,"Avenida Vasco Nuñez de Balboa 141, Miraflores",https://nexoinmobiliario.pe/proyecto/venta-de-departamento-3518-vasco-nunez-141-miraflores-lima-lima-aurora-grupo-inmobiliario,https://e.nexoinmobiliario.pe/customers/grupo-aurora/3518-vasco-nunez-141/departamentos-miraflores-671ac3591487f_xm.jpg,Miraflores,150122
EDIFICA,https://e.nexoinmobiliario.pe/customers/edifica/logo-47-20250912111830.jpg,Affinity,En Construcción,424280,Av. Paseo de la República 6230,https://nexoinmobiliario.pe/proyecto/venta-de-departamento-3524-affinity-miraflores-lima-lima-edifica,https://e.nexoinmobiliario.pe/customers/gerencia-de-proyectos-edifica-s-a-c/3524-affinity/departamentos-miraflores-689a293137a54_xm.jpg,Miraflores,150122
FRANCA INMOBILIARIA,https://e.nexoinmobiliario.pe/customers/franca-inmobiliaria/logo-565-20251003153551.jpg,Atahualpa 448,En Construcción,659579,Calle Atahualpa 448 ,https://nexoinmobiliario.pe/proyecto/venta-de-departamento-3528-atahualpa-448-miraflores-lima-lima-franca-inmobiliaria,https://e.nexoinmobiliario.pe/customers/franca-inmobiliaria/3528-atahualpa-448/departamentos-miraflores-68ee90bc8578b_xm.jpg,Miraflores,150122
FRONTERA,https://e.nexoinmobiliario.pe/customers/frontera/logo-567-20250912121311.jpg,Pardo 1453,En Construcción,633017,Av. José Pardo 1453 ,https://nexoinmobiliario.pe/proyecto/venta-de-departamento-3547-pardo-1453-miraflores-lima-lima-frontera,https://e.nexoinmobiliario.pe/customers/frontera-desarrolladora-s-a-c/3547-pardo-1453/departamentos-miraflores-672d489db3e8e_xm.jpg,Miraflores,150122
INMGENIO,https://e.nexoinmobiliario.pe/customers/inmgenio/logo-297-20250912121336.jpg,Antonia,En Planos,785550,Calle Bartolomé Herrera N° 170 - Miraflores,https://nexoinmobiliario.pe/proyecto/venta-de-departamento-3551-antonia-miraflores-lima-lima-inmgenio,https://e.nexoinmobiliario.pe/customers/grupo-inmobiliario-inmgenio/3551-antonia/departamentos-miraflores-68499ad393676_xm.jpg,Miraflores,150122
KALLPA,https://e.nexoinmobiliario.pe/customers/constructora-kallpa/logo-170-20200424194316.jpg,CATENA,Entrega Inmediata,729929,Ca. Francisco Retes 156,https://nexoinmobiliario.pe/proyecto/venta-de-departamento-3573-catena-miraflores-lima-lima-kallpa,https://e.nexoinmobiliario.pe/customers/constructora-kallpa/3573-catena/departamentos-miraflores-673e014368965_xm.jpg,Miraflores,150122
CONSTRUCTORA INARCO,https://e.nexoinmobiliario.pe/customers/constructora-inarco/logo-203-20250912115053.jpg,Nuvo,En Planos,702078,Calle Manco Cápac 832,https://nexoinmobiliario.pe/proyecto/venta-de-departamento-3585-nuvo-miraflores-lima-lima-constructora-inarco,https://e.nexoinmobiliario.pe/customers/inarco/3585-nuvo/departamentos-miraflores-673e2120d6d88_xm.jpg,Miraflores,150122
EDIFICA,https://e.nexoinmobiliario.pe/customers/edifica/logo-47-20250912111830.jpg,Monument,En Construcción,654774,"Av. 28 de Julio 538, Miraflores",https://nexoinmobiliario.pe/proyecto/venta-de-departamento-3593-monument-miraflores-lima-lima-edifica,https://e.nexoinmobiliario.pe/customers/gerencia-de-proyectos-edifica-s-a-c/3593-monument/departamentos-miraflores-68220ecc605af_xm.jpg,Miraflores,150122
EDIFICA,https://e.nexoinmobiliario.pe/customers/edifica/logo-47-20250912111830.jpg,ACACIAS,En Construcción,618043,"Calle Las Acacias 353, Miraflores.",https://nexoinmobiliario.pe/proyecto/venta-de-departamento-3642-acacias-miraflores-lima-lima-edifica,https://e.nexoinmobiliario.pe/customers/gerencia-de-proyectos-edifica-s-a-c/3642-acacias/departamentos-miraflores-6823f3954ceed_xm.jpg,Miraflores,150122
PAZ,https://e.nexoinmobiliario.pe/customers/paz/logo-22-20250912110933.jpg,Riva,En Planos,632503,Calle odonovan 115 - Miraflores,https://nexoinmobiliario.pe/proyecto/venta-de-departamento-3648-riva-miraflores-lima-lima-paz,https://e.nexoinmobiliario.pe/customers/paz/3648-riva/departamentos-miraflores-691cd7f0de248_xm.jpg,Miraflores,150122
MC INVERSIONES INMOBILIARIAS,https://e.nexoinmobiliario.pe/customers/mc-inversiones-inmobiliarias/logo-465-20251201115647.jpg,BORGOÑO 355,En Construcción,681776,"Calle General Borgoño 355, Miraflores",https://nexoinmobiliario.pe/proyecto/venta-de-departamento-3671-borgono-355-miraflores-lima-lima-mc-inversiones-inmobiliarias,https://e.nexoinmobiliario.pe/customers/mc-inversiones-inmobiliarias/3671-borgono-355/departamentos-miraflores-691cb1c614a04_xm.jpg,Miraflores,150122
CANTABRIA,https://e.nexoinmobiliario.pe/customers/cantabria/logo-23-20251103171610.jpg,Lumo,En Planos,690000,Av. 28 de Julio 699,https://nexoinmobiliario.pe/proyecto/venta-de-departamento-3672-lumo-miraflores-lima-lima-cantabria,https://e.nexoinmobiliario.pe/customers/inmobiliaria-cantabria-sac/3672-lumo/departamentos-miraflores-68bf647dbecfc_xm.jpg,Miraflores,150122
SOHO INMOBILIARIA,https://e.nexoinmobiliario.pe/customers/soho-inmobiliaria/logo-185-20250912114636.jpg,Living Soho,En Planos,627500,Calle Junín 172,https://nexoinmobiliario.pe/proyecto/venta-de-departamento-3680-living-soho-miraflores-lima-lima-soho-inmobiliaria,https://e.nexoinmobiliario.pe/customers/zuma-inmobiliaria/3680-living-soho/departamentos-miraflores-67d0d08b804d5_xm.jpg,Miraflores,150122
VIDARQ,https://e.nexoinmobiliario.pe/customers/vidarq/logo-270-20250624162008.jpg,Atria,En Planos,585000,Av. Arequipa 4135 & Pasaje José Payán,https://nexoinmobiliario.pe/proyecto/venta-de-departamento-3682-atria-miraflores-lima-lima-vidarq,https://e.nexoinmobiliario.pe/customers/vidarq/3682-atria/departamentos-miraflores-682ceb7c0dd7c_xm.jpg,Miraflores,150122
CONSTRUCTORA MALLORCA,https://e.nexoinmobiliario.pe/customers/constructora-mallorca/logo-511-20250912122712.jpeg,Piura,En Planos,1080640,Calle Piura 1101,https://nexoinmobiliario.pe/proyecto/venta-de-departamento-3691-piura-miraflores-lima-lima-constructora-mallorca,https://e.nexoinmobiliario.pe/customers/constructora-mallorca-s-a-c/3691-piura/departamentos-miraflores-67c0cc7887000_xm.jpg,Miraflores,150122
LIBRE INMOBILIARIA,https://e.nexoinmobiliario.pe/customers/libre-inmobiliaria/logo-407-20231027061810.jpg,Larco 1036 Atemporal Flats Miraflores,En Planos,675359,Av. Larco 1036 ,https://nexoinmobiliario.pe/proyecto/venta-de-departamento-3753-larco-1036-atemporal-flats-miraflores-miraflores-lima-lima-libre-inmobiliaria,https://e.nexoinmobiliario.pe/customers/libre-inmobiliaria/3753-larco-1036-atemporal-flats/departamentos-miraflores-67e1ba9f6773f_xm.jpg,Miraflores,150122
Morada,https://e.nexoinmobiliario.pe/customers/morada/logo-580-20250327102812.jpg,Pardo 664,En Planos,604069,"Av. Jose Pardo 664, Miraflores",https://nexoinmobiliario.pe/proyecto/venta-de-departamento-3755-pardo-664-miraflores-lima-lima-morada,https://e.nexoinmobiliario.pe/customers/morada/3755-pardo-664/departamentos-miraflores-67e6cc409b449_xm.jpg,Miraflores,150122
Morada,https://e.nexoinmobiliario.pe/customers/morada/logo-580-20250327102812.jpg,Arica 1090,En Construcción,700349,Ca. Arica 1090,https://nexoinmobiliario.pe/proyecto/venta-de-departamento-3773-arica-1090-miraflores-lima-lima-morada,https://e.nexoinmobiliario.pe/customers/morada/3773-arica-1090/departamentos-miraflores-67eff8fd5cc46_xm.jpg,Miraflores,150122
INHOUSE,https://e.nexoinmobiliario.pe/customers/inhouse/logo-244-20231027061804.jpg,Torre Luxor,En Planos,521971,Av. Arequipa 4225,https://nexoinmobiliario.pe/proyecto/venta-de-departamento-3780-torre-luxor-miraflores-lima-lima-inhouse,https://e.nexoinmobiliario.pe/customers/inhouse/3780-torre-luxor/departamentos-miraflores-681a93bf59788_xm.jpg,Miraflores,150122
BELGICA EDIFICACIONES,https://e.nexoinmobiliario.pe/customers/belgica-edificaciones/logo-11-20250912110111.jpg,Barrio Verde 2,En Planos,547433," Av. Gral. Mendiburu 412, Miraflores",https://nexoinmobiliario.pe/proyecto/venta-de-departamento-3787-barrio-verde-2-miraflores-lima-lima-belgica-edificaciones,https://e.nexoinmobiliario.pe/customers/belgica-edificaciones-s-a/3787-barrio-verde-2/departamentos-miraflores-67fffb427ae6f_xm.jpg,Miraflores,150122
Tempus Inmobiliaria,https://e.nexoinmobiliario.pe/customers/tempus-inmobiliaria/logo-582-20250409154401.png,Tempus La Paz,En Planos,726200,Av. La Paz 1227,https://nexoinmobiliario.pe/proyecto/venta-de-departamento-3788-tempus-la-paz-miraflores-lima-lima-tempus-inmobiliaria,https://e.nexoinmobiliario.pe/customers/tempus-inmobiliaria/3788-tempus-la-paz/departamentos-miraflores-692788ab44f04_xm.jpg,Miraflores,150122
ZAAVIO INMOBILIARIA,https://e.nexoinmobiliario.pe/customers/zaavio-inmobiliaria/logo-379-20241203141350.jpg,ZAAVIO I,En Planos,672545,Ca. Francisco del castillo 530,https://nexoinmobiliario.pe/proyecto/venta-de-departamento-3789-zaavio-i-miraflores-lima-lima-zaavio-inmobiliaria,https://e.nexoinmobiliario.pe/customers/zaavio-inmobiliaria/3789-zaavio-i/departamentos-miraflores-685c78aa1299e_xm.jpg,Miraflores,150122
TALE INMOBILIARIA,https://e.nexoinmobiliario.pe/customers/tale-inmobiliaria/logo-322-20231027061807.jpg,THE WAVE,En Planos,1077263,"Mal. Cisneros 1220, Miraflores 15074",https://nexoinmobiliario.pe/proyecto/venta-de-departamento-3824-the-wave-miraflores-lima-lima-tale-inmobiliaria,https://e.nexoinmobiliario.pe/customers/tale-inmobiliaria/3824-the-wave/departamentos-miraflores-686edcc482c55_xm.jpg,Miraflores,150122
VALICO,https://e.nexoinmobiliario.pe/customers/valico/logo-33-20250912111536.jpg,Éccolo,En Planos,499417,Calle Junin 299,https://nexoinmobiliario.pe/proyecto/venta-de-departamento-3828-eccolo-miraflores-lima-lima-valico,https://e.nexoinmobiliario.pe/customers/valico/3828-eccolo/departamentos-miraflores-6927579e954f3_xm.jpg,Miraflores,150122
EFRON ARQUITECTOS,https://e.nexoinmobiliario.pe/customers/efron-arquitectos/logo-358-20231027061809.jpg,Bolognesi 400,En Planos,930000,CA. BOLOGNESI N° 400-420 ESQUINA CON CA. FRANCIA,https://nexoinmobiliario.pe/proyecto/venta-de-departamento-3847-bolognesi-400-miraflores-lima-lima-efron-arquitectos,https://e.nexoinmobiliario.pe/customers/efron-arquitectos/3847-bolognesi-400/departamentos-miraflores-68d7025301982_xm.jpg,Miraflores,150122
CONFORTA INMOBILIARIA,https://e.nexoinmobiliario.pe/customers/conforta-inmobiliaria/logo-372-20250912122600.jpg,Twins,En Planos,612000,calle porta 233 miraflores,https://nexoinmobiliario.pe/proyecto/venta-de-departamento-3898-twins-miraflores-lima-lima-conforta-inmobiliaria,https://e.nexoinmobiliario.pe/customers/desarrolla-consultora-inmobiliaria-sac/3898-twins/departamentos-miraflores-68bf35dcba658_xm.jpg,Miraflores,150122
2K INMOBILIARIA,https://e.nexoinmobiliario.pe/customers/2k-inmobiliaria/logo-530-20240221151250.jpg,SAMUEL MARQUEZ 231,En Planos,567967,samuel marquez 231 miraflores,https://nexoinmobiliario.pe/proyecto/venta-de-departamento-3970-samuel-marquez-231-miraflores-lima-lima-2k-inmobiliaria,https://e.nexoinmobiliario.pe/customers/2k-inmobiliaria/3970-samuel-marquez-231/departamentos-miraflores-68f2a4ad4659a_xm.jpg,Miraflores,150122
PAZ,https://e.nexoinmobiliario.pe/customers/paz/logo-22-20250912110933.jpg,LIMA 15,En Planos,681035,Calle General Borgoño n° 240,https://nexoinmobiliario.pe/proyecto/venta-de-departamento-3978-lima-15-miraflores-lima-lima-paz,https://e.nexoinmobiliario.pe/customers/paz/3978-lima-15/departamentos-miraflores-6902833b6772b_xm.jpg,Miraflores,150122
CANTABRIA,https://e.nexoinmobiliario.pe/customers/cantabria/logo-23-20251103171610.jpg,VERSIA,En Planos,600000,"Calle Enrique Palacios 830, Miraflores",https://nexoinmobiliario.pe/proyecto/venta-de-departamento-3981-versia-miraflores-lima-lima-cantabria,https://e.nexoinmobiliario.pe/customers/cantabria/3981-versia/departamentos-miraflores-691b57342103e_xm.jpg,Miraflores,150122
MAKE INMOBILIARIA,https://e.nexoinmobiliario.pe/customers/make-inmobiliaria/logo-557-20240911114102.png,LYRA,En Planos,513000,av. arequipa con calle piura,https://nexoinmobiliario.pe/proyecto/venta-de-departamento-4028-lyra-miraflores-lima-lima-make-inmobiliaria,https://e.nexoinmobiliario.pe/customers/make-inmobiliaria/4028-lyra/departamentos-miraflores-6917437038ba9_xm.jpg,Miraflores,150122
FCM CONSTRUCCIONES,https://e.nexoinmobiliario.pe/customers/fcm-construcciones/logo-383-20231027061809.jpg,ALMENDRA,En Planos,1293823,Gladiolos 188 Miraflores,https://nexoinmobiliario.pe/proyecto/venta-de-departamento-4045-almendra-miraflores-lima-lima-fcm-construcciones,https://e.nexoinmobiliario.pe/customers/fcm-construcciones/4045-almendra/departamentos-miraflores-691512189ddb8_xm.jpg,Miraflores,150122
Grupo DEGOL SAC,https://e.nexoinmobiliario.pe/customers/grupo-degol-sac/logo-563-20250204174221.png,OPHERA,En Planos,620991,Av. Benavides 1710,https://nexoinmobiliario.pe/proyecto/venta-de-departamento-4059-ophera-miraflores-lima-lima-grupo-degol-sac,https://e.nexoinmobiliario.pe/customers/grupo-degol-sac/4059-ophera/departamentos-miraflores-69277cdda9b8f_xm.jpg,Miraflores,150122
PAZ,https://e.nexoinmobiliario.pe/customers/paz/logo-22-20250912110933.jpg,Ciudad Verde,Entrega Inmediata,210662,Carretera Panamericana Norte Km 27,https://nexoinmobiliario.pe/proyecto/venta-de-departamento-561-ciudad-verde-puente-piedra-lima-lima-paz,https://e.nexoinmobiliario.pe/customers/paz/561-ciudad-verde/departamentos-puente-piedra-691ccbcd0e37f_xm.jpg,Puente Piedra,150125
BESCO,https://e.nexoinmobiliario.pe/customers/besco/logo-68-20250912112631.jpg,Altos del Rímac - Etapa 5,En Construcción,217000, Av. A  N°225,https://nexoinmobiliario.pe/proyecto/venta-de-departamento-2776-altos-del-rimac-etapa-5-rimac-lima-lima-besco,https://e.nexoinmobiliario.pe/customers/besco-s-a-c/2776-altos-del-rimac-etapa-5/departamentos-rimac-680b688122b86_xm.jpg,Rimac,150128
BESCO,https://e.nexoinmobiliario.pe/customers/besco/logo-68-20250912112631.jpg,Las Lomas Residencial Ecoamigable,En Construcción,304000,"Av. A, Lote 2 Mz B",https://nexoinmobiliario.pe/proyecto/venta-de-departamento-3395-las-lomas-residencial-ecoamigable-rimac-lima-lima-besco,https://e.nexoinmobiliario.pe/customers/besco-s-a-c/3395-las-lomas-residencial-ecoamigable/departamentos-rimac-680b6b153e4c4_xm.jpg,Rimac,150128
BESCO,https://e.nexoinmobiliario.pe/customers/besco/logo-68-20250912112631.jpg,Pradera del Rímac - Etapa 5,En Construcción,257000,Av. A N°221,https://nexoinmobiliario.pe/proyecto/venta-de-departamento-3791-pradera-del-rimac-etapa-5-rimac-lima-lima-besco,https://e.nexoinmobiliario.pe/customers/besco-s-a-c/3791-pradera-del-rimac-etapa-5/departamentos-rimac-686deeb2bb473_xm.jpg,Rimac,150128
Grupo Santa Maria,https://e.nexoinmobiliario.pe/customers/grupo-santa-maria/logo-41-20250912111644.jpg,Miramar Etapa II,Entrega Inmediata,466000,Av. Piedras Negras 504 San Bartolo,https://nexoinmobiliario.pe/proyecto/venta-de-departamento-2511-miramar-etapa-ii-san-bartolo-lima-lima-grupo-santa-maria,https://e.nexoinmobiliario.pe/customers/inversiones-y-desarrollo-inmobiliario-santa-maria-s-a-c/2511-miramar-etapa-ii/departamentos-san-bartolo-655f8813915e6_xm.jpg,San Bartolo,150129
Grupo Santa Maria,https://e.nexoinmobiliario.pe/customers/grupo-santa-maria/logo-41-20250912111644.jpg,Miramar Etapa III,En Planos,389000,Av. Piedras Negras 504 San Bartolo,https://nexoinmobiliario.pe/proyecto/venta-de-departamento-3310-miramar-etapa-iii-san-bartolo-lima-lima-grupo-santa-maria,https://e.nexoinmobiliario.pe/customers/inversiones-y-desarrollo-inmobiliario-santa-maria-s-a-c/3310-miramar-etapa-iii/departamentos-san-bartolo-65f897c507e4c_xm.jpg,San Bartolo,150129
EVERGRAN GRUPO INMOBILIARIO,https://e.nexoinmobiliario.pe/customers/evergran-grupo-inmobiliario/logo-339-20240410165450.png,SB NORTE 1189,Entrega Inmediata,796000,Av San Borja Norte 1189,https://nexoinmobiliario.pe/proyecto/venta-de-departamento-2110-sb-norte-1189-san-borja-lima-lima-evergran-grupo-inmobiliario,https://e.nexoinmobiliario.pe/customers/evergran-grupo-inmobiliario/2110-sb-norte-1189/departamentos-san-borja-685b12e55a592_xm.jpg,San Borja,150130
EVERGRAN GRUPO INMOBILIARIO,https://e.nexoinmobiliario.pe/customers/evergran-grupo-inmobiliario/logo-339-20240410165450.png,Roof Garden Barrenechea,En Construcción,292198,Av. Gálvez Barrenechea Cdra.12,https://nexoinmobiliario.pe/proyecto/venta-de-departamento-2297-roof-garden-barrenechea-san-borja-lima-lima-evergran-grupo-inmobiliario,https://e.nexoinmobiliario.pe/customers/evergran-grupo-inmobiliario/2297-roof-garden-barrenechea/departamentos-san-borja-611456ea60a0c_xm.jpg,San Borja,150130
URBANA PERÚ,https://e.nexoinmobiliario.pe/customers/urbana-peru/logo-84-20231027061800.jpg,HIT,Entrega Inmediata,441100,Av. Javier Prado Este 2905,https://nexoinmobiliario.pe/proyecto/venta-de-departamento-2789-hit-san-borja-lima-lima-urbana-perú,https://e.nexoinmobiliario.pe/customers/urbana-peru/2789-hit/departamentos-san-borja-65e63c2232974_xm.jpg,San Borja,150130
TALE INMOBILIARIA,https://e.nexoinmobiliario.pe/customers/tale-inmobiliaria/logo-322-20231027061807.jpg,TORRE TALE PRIMAVERA - ETAPA I,En Planos,287000,"Av. San Luis esquina Av. Angamos Este, esquina Av. Géminis, esquina Jr. Pablo Usandizaga",https://nexoinmobiliario.pe/proyecto/venta-de-departamento-2877-torre-tale-primavera-etapa-i-san-borja-lima-lima-tale-inmobiliaria,https://e.nexoinmobiliario.pe/customers/tale-inmobiliaria/2877-torre-tale-primavera-etapa-i/departamentos-san-borja-68a8efc8a8fbc_xm.jpg,San Borja,150130
GRUPO MG,https://e.nexoinmobiliario.pe/customers/grupo-mg/logo-164-20231027061802.jpg,BRAVO - SAN BORJA,Entrega Inmediata,474700,Av. Parque Sur 750,https://nexoinmobiliario.pe/proyecto/venta-de-departamento-2905-bravo-san-borja-san-borja-lima-lima-grupo-mg,https://e.nexoinmobiliario.pe/customers/grupo-mg/2905-bravo-san-borja/departamentos-san-borja-68f8097e558a4_xm.jpg,San Borja,150130
RB GRUPO INMOBILIARIO,https://e.nexoinmobiliario.pe/customers/rb-grupo-inmobiliario/logo-139-20250912114035.png,Toscanini,En Construcción,752400,CALLE TOSCANINI 129,https://nexoinmobiliario.pe/proyecto/venta-de-departamento-2985-toscanini-san-borja-lima-lima-rb-grupo-inmobiliario,https://e.nexoinmobiliario.pe/customers/rb-grupo-inmobiliario/2985-toscanini/departamentos-san-borja-68e828d0bc37a_xm.jpg,San Borja,150130
ESPARQ INVERSIONES,https://e.nexoinmobiliario.pe/customers/esparq-inversiones/logo-467-20250912123239.jpg,Hometown Condominio,En Construcción,729432,Durero 490 san borja,https://nexoinmobiliario.pe/proyecto/venta-de-departamento-3167-hometown-condominio-san-borja-lima-lima-esparq-inversiones,https://e.nexoinmobiliario.pe/customers/esparq-inversiones-s-a/3167-hometown-condominio/departamentos-san-borja-66269575a0d2a_xm.jpg,San Borja,150130
INHOUSE,https://e.nexoinmobiliario.pe/customers/inhouse/logo-244-20231027061804.jpg,SKY PARK,En Construcción,488000,Jirón Paseo del Bosque 832,https://nexoinmobiliario.pe/proyecto/venta-de-departamento-3239-sky-park-san-borja-lima-lima-inhouse,https://e.nexoinmobiliario.pe/customers/inhouse/3239-sky-park/departamentos-san-borja-681e2a1f028e1_xm.jpg,San Borja,150130
EE INMOBILIARIA,https://e.nexoinmobiliario.pe/customers/ee-inmobiliaria/logo-366-20250912122354.jpg,San Borja Sur 985,En Construcción,565000, Av. San Borja Sur N° 985,https://nexoinmobiliario.pe/proyecto/venta-de-departamento-3319-san-borja-sur-985-san-borja-lima-lima-ee-inmobiliaria,https://e.nexoinmobiliario.pe/customers/espacios-y-estructuras-inmobiliarias-s-a-c/3319-san-borja-sur-985/departamentos-san-borja-6765d4595eb89_xm.jpg,San Borja,150130
EE INMOBILIARIA,https://e.nexoinmobiliario.pe/customers/ee-inmobiliaria/logo-366-20250912122354.jpg,Fontana,En Construcción,440000,Av. San Borja Norte 1120,https://nexoinmobiliario.pe/proyecto/venta-de-departamento-3320-fontana-san-borja-lima-lima-ee-inmobiliaria,https://e.nexoinmobiliario.pe/customers/ee-inmobiliaria/3320-fontana/departamentos-san-borja-6908eb58338a0_xm.jpg,San Borja,150130
INMOVISION,https://e.nexoinmobiliario.pe/customers/inmovision/logo-547-20240701162831.jpg,VISIÓN PRADO,En Construcción,402682,Av. Javier Prado Este 2232,https://nexoinmobiliario.pe/proyecto/venta-de-departamento-3394-vision-prado-san-borja-lima-lima-inmovision,https://e.nexoinmobiliario.pe/customers/inmovision/3394-vision-prado/departamentos-san-borja-688255ba2607f_xm.jpg,San Borja,150130
ART INMOBILIARIA,https://e.nexoinmobiliario.pe/customers/art-inmobiliaria/logo-571-20241118182457.jpg,MONT,En Construcción,692285,Av. San Borja Norte 1129,https://nexoinmobiliario.pe/proyecto/venta-de-departamento-3567-mont-san-borja-lima-lima-art-inmobiliaria,https://e.nexoinmobiliario.pe/customers/art-inmobiliaria/3567-mont-san-borja/departamentos-san-borja-673ba9ec7115c_xm.jpg,San Borja,150130
BAUMHAUS,https://e.nexoinmobiliario.pe/customers/baumhaus/logo-392-20250912122827.jpg,BOULEVARD,En Planos,751450,av boulevard de surco 1210,https://nexoinmobiliario.pe/proyecto/venta-de-departamento-3606-boulevard-san-borja-lima-lima-baumhaus,https://e.nexoinmobiliario.pe/customers/vmg-project-sac/3606-boulevard/departamentos-san-borja-6752216de0aa5_xm.jpg,San Borja,150130
GRUPO MG,https://e.nexoinmobiliario.pe/customers/grupo-mg/logo-164-20231027061802.jpg,FORESTA - SAN BORJA,En Construcción,756695,Jr Gozzoli 446,https://nexoinmobiliario.pe/proyecto/venta-de-departamento-3668-foresta-san-borja-san-borja-lima-lima-grupo-mg,https://e.nexoinmobiliario.pe/customers/grupo-mg/3668-foresta-san-borja/departamentos-san-borja-68f7ff74b5362_xm.jpg,San Borja,150130
DAVSOL,https://e.nexoinmobiliario.pe/customers/davsol/logo-574-20250129150708.jpg,RESIDENCIAL ISANOR III,En Construcción,373450,AV SAN BORJA NORTE 707,https://nexoinmobiliario.pe/proyecto/venta-de-departamento-3674-residencial-isanor-iii-san-borja-lima-lima-davsol,https://e.nexoinmobiliario.pe/customers/davsol/3674-residencial-isanor-iii/departamentos-san-borja-67b4fb5886a73_xm.jpg,San Borja,150130
ART INMOBILIARIA,https://e.nexoinmobiliario.pe/customers/art-inmobiliaria/logo-571-20241118182457.jpg,PRAD,En Construcción,658515,Av. Del Parque Sur 523,https://nexoinmobiliario.pe/proyecto/venta-de-departamento-3735-prad-san-borja-lima-lima-art-inmobiliaria,https://e.nexoinmobiliario.pe/customers/art-inmobiliaria/3735-prad/departamentos-san-borja-67d082ac1f555_xm.jpg,San Borja,150130
INMGENIO,https://e.nexoinmobiliario.pe/customers/inmgenio/logo-297-20250912121336.jpg,RAFAEL,En Construcción,989550,Jr. La Pradera 260,https://nexoinmobiliario.pe/proyecto/venta-de-departamento-3744-rafael-san-borja-lima-lima-inmgenio,https://e.nexoinmobiliario.pe/customers/grupo-inmobiliario-inmgenio/3744-rafael/departamentos-san-borja-68657fca82996_xm.jpg,San Borja,150130
CONFORTA INMOBILIARIA,https://e.nexoinmobiliario.pe/customers/conforta-inmobiliaria/logo-372-20250912122600.jpg,PAQARI,En Planos,1040818,Pacaritambo 312 esquina con Jr. Galeon 101,https://nexoinmobiliario.pe/proyecto/venta-de-departamento-3808-paqari-san-borja-lima-lima-conforta-inmobiliaria,https://e.nexoinmobiliario.pe/customers/desarrolla-consultora-inmobiliaria-sac/3808-paqari/departamentos-san-borja-6823ca2ce3c19_xm.jpg,San Borja,150130
QOLONO INMOBILIARIA,https://e.nexoinmobiliario.pe/customers/qolono-inmobiliaria/logo-291-20231027061806.jpg,SAN BORJA SUR 1170,En Planos,608601,Av. san borja sur 1170,https://nexoinmobiliario.pe/proyecto/venta-de-departamento-3851-san-borja-sur-1170-san-borja-lima-lima-qolono-inmobiliaria,https://e.nexoinmobiliario.pe/customers/qolono-inmobiliaria/3851-san-borja-sur-1170/departamentos-san-borja-6894d94868825_xm.jpg,San Borja,150130
ODIMA INMOBILIARIA,https://e.nexoinmobiliario.pe/customers/odima-inmobiliaria/logo-374-20250912122651.jpg,SEIKA,En Planos,725687,Jr. Pietro Trorrigiano 202,https://nexoinmobiliario.pe/proyecto/venta-de-departamento-3906-seika-san-borja-lima-lima-odima-inmobiliaria,https://e.nexoinmobiliario.pe/customers/odima-srl/3906-seika/departamentos-san-borja-689f84848ba4e_xm.jpg,San Borja,150130
Domingo Inmobiliaria,https://e.nexoinmobiliario.pe/customers/domingo-inmobiliaria/logo-591-20250901160702.png,Barrenechea (1035),En Planos,735680,Av. José Gálvez Barrenechea 1035,https://nexoinmobiliario.pe/proyecto/venta-de-departamento-3920-barrenechea-1035-san-borja-lima-lima-domingo-inmobiliaria,https://e.nexoinmobiliario.pe/customers/domingo-inmobiliaria/3920-barrenechea-1035/departamentos-san-borja-68b5f636d113e_xm.jpg,San Borja,150130
ODIMA INMOBILIARIA,https://e.nexoinmobiliario.pe/customers/odima-inmobiliaria/logo-374-20250912122651.jpg,EIKO,En Planos,670950,Av. José Gálvez Barrenechea 955,https://nexoinmobiliario.pe/proyecto/venta-de-departamento-3948-eiko-san-borja-lima-lima-odima-inmobiliaria,https://e.nexoinmobiliario.pe/customers/odima-inmobiliaria/3948-eiko/departamentos-san-borja-68e845548e0a2_xm.jpg,San Borja,150130
INMGENIO,https://e.nexoinmobiliario.pe/customers/inmgenio/logo-297-20250912121336.jpg,ANDALUCIA,En Planos,1147000,"Calle Buen Retiro 101, San Borja",https://nexoinmobiliario.pe/proyecto/venta-de-departamento-3951-andalucia-san-borja-lima-lima-inmgenio,https://e.nexoinmobiliario.pe/customers/inmgenio/3951-andalucia/departamentos-san-borja-68dbe57e8677d_xm.jpg,San Borja,150130
LA VENTUROSA,https://e.nexoinmobiliario.pe/customers/la-venturosa/logo-13-20250912110414.jpg,EDIFICIO OFICINAS BOUTIQUE PRIMAVERA MEDIC,En Planos,297140,Av. Primavera 853,https://nexoinmobiliario.pe/proyecto/venta-de-oficina-3987-edificio-oficinas-boutique-primavera-medic-san-borja-lima-lima-la-venturosa,https://e.nexoinmobiliario.pe/customers/la-venturosa/3987-edificio-oficinas-boutique-primavera-medic/oficinas-san-borja-68f563254e607_xm.jpg,San Borja,150130
ILUMINA INMOBILIARIA,https://e.nexoinmobiliario.pe/customers/ilumina-inmobiliaria/logo-595-20251024163459.png,VON LEONARD,En Planos,702000,Jirón Philiph Von Leonard 144,https://nexoinmobiliario.pe/proyecto/venta-de-departamento-3997-von-leonard-san-borja-lima-lima-ilumina-inmobiliaria,https://e.nexoinmobiliario.pe/customers/ilumina-inmobiliaria/3997-von-leonard/departamentos-san-borja-68fbf5436a4b1_xm.jpg,San Borja,150130
INHOUSE,https://e.nexoinmobiliario.pe/customers/inhouse/logo-244-20231027061804.jpg,Veronese,En Planos,711080,"Jr. Fray Angélico 226, San Borja.",https://nexoinmobiliario.pe/proyecto/venta-de-departamento-4015-veronese-san-borja-lima-lima-inhouse,https://e.nexoinmobiliario.pe/customers/inhouse/4015-veronese/departamentos-san-borja-690cd544979c7_xm.jpg,San Borja,150130
DOMUN INMOBILIARIA,https://e.nexoinmobiliario.pe/customers/domun-inmobiliaria/logo-555-20250925103625.jpg,Lumière,En Planos,727000,Av.  José Gálvez Barrenechea 715,https://nexoinmobiliario.pe/proyecto/venta-de-departamento-4032-lumiere-san-borja-lima-lima-domun-inmobiliaria,https://e.nexoinmobiliario.pe/customers/domun-inmobiliaria/4032-lumiere/departamentos-san-borja-6913d16f43706_xm.jpg,San Borja,150130
INMGENIO,https://e.nexoinmobiliario.pe/customers/inmgenio/logo-297-20250912121336.jpg,ALONSO,En Planos,781000,"Ca. Alonso del Arco esq. Calle Joaquín Sorolla y Bastida, Manzana P-6 , San Borja",https://nexoinmobiliario.pe/proyecto/venta-de-departamento-4046-alonso-san-borja-lima-lima-inmgenio,https://e.nexoinmobiliario.pe/customers/inmgenio/4046-alonso/departamentos-san-borja-6915c27f7b98c_xm.jpg,San Borja,150130
GRV CORPORATIVA,https://e.nexoinmobiliario.pe/customers/grv-corporativa/logo-505-20231027061816.jpg,Tiziano 335,En Planos,746900,Jr Tiziano Vecelio 335,https://nexoinmobiliario.pe/proyecto/venta-de-departamento-4050-tiziano-335-san-borja-lima-lima-grv-corporativa,https://e.nexoinmobiliario.pe/customers/grv-corporativa/4050-tiziano-335/departamentos-san-borja-691e387303236_xm.jpg,San Borja,150130
DOMUN INMOBILIARIA,https://e.nexoinmobiliario.pe/customers/domun-inmobiliaria/logo-555-20250925103625.jpg,Dimora Park,En Planos,709000,Jr. Isaac Albeniz 200 esq. con Jr. Pietro Marchand,https://nexoinmobiliario.pe/proyecto/venta-de-departamento-4054-dimora-park-san-borja-lima-lima-domun-inmobiliaria,https://e.nexoinmobiliario.pe/customers/domun-inmobiliaria/4054-dimora-park/departamentos-san-borja-6924d411d56ac_xm.jpg,San Borja,150130
PIONERO INMOBILIARIA,https://e.nexoinmobiliario.pe/customers/pionero-inmobiliaria/logo-93-20250912113009.jpg,Rivera Navarrete 548,Entrega Inmediata,732520,Av. Rivera Navarrete 548,https://nexoinmobiliario.pe/proyecto/venta-de-departamento-1068-rivera-navarrete-548-san-isidro-lima-lima-pionero-inmobiliaria,https://e.nexoinmobiliario.pe/customers/pionero-grupo-inmobiliario/1068-rivera-navarrete-548/departamentos-san-isidro-68bb15a26c7f0_xm.jpg,San Isidro,150131
SENDA,https://e.nexoinmobiliario.pe/customers/senda/logo-65-20250912112438.jpg,CANAVAL 185,Entrega Inmediata,547900,"Av. Canaval y Moreyra 185, San Isidro",https://nexoinmobiliario.pe/proyecto/venta-de-departamento-2077-canaval-185-san-isidro-lima-lima-senda,https://e.nexoinmobiliario.pe/customers/senda-inmobiliaria/2077-canaval-185/departamentos-san-isidro-677ef5a66ef8a_xm.jpg,San Isidro,150131
PIONERO INMOBILIARIA,https://e.nexoinmobiliario.pe/customers/pionero-inmobiliaria/logo-93-20250912113009.jpg,Dos de Mayo 385,Entrega Inmediata,1167870,Av. Dos de Mayo 385,https://nexoinmobiliario.pe/proyecto/venta-de-departamento-2147-dos-de-mayo-385-san-isidro-lima-lima-pionero-inmobiliaria,https://e.nexoinmobiliario.pe/customers/pionero-grupo-inmobiliario/2147-dos-de-mayo-385/departamentos-san-isidro-68bb0fb490c29_xm.jpg,San Isidro,150131
GRUPO T&C,https://e.nexoinmobiliario.pe/customers/grupo-t-c/logo-63-20251201094022.png,Tree San Isidro,En Construcción,286700,Av. Javier Prado Este 413,https://nexoinmobiliario.pe/proyecto/venta-de-departamento-2192-tree-san-isidro-san-isidro-lima-lima-grupo-t-c,https://e.nexoinmobiliario.pe/customers/grupo-t-c/2192-tree-san-isidro/departamentos-san-isidro-6834f1edc79a6_xm.jpg,San Isidro,150131
SENDA,https://e.nexoinmobiliario.pe/customers/senda/logo-65-20250912112438.jpg,All San Isidro,En Construcción,456900,Av. Javier Prado Este 595,https://nexoinmobiliario.pe/proyecto/venta-de-departamento-2264-all-san-isidro-san-isidro-lima-lima-senda,https://e.nexoinmobiliario.pe/customers/senda-inmobiliaria/2264-all-san-isidro/departamentos-san-isidro-677fc399b59b9_xm.jpg,San Isidro,150131
ABRIL GRUPO INMOBILIARIO,https://e.nexoinmobiliario.pe/customers/abril-grupo-inmobiliario/logo-87-20250422120904.jpg,Aquilaria,Entrega Inmediata,581900,Avenida Salaverry 3580,https://nexoinmobiliario.pe/proyecto/venta-de-departamento-2314-aquilaria-san-isidro-lima-lima-abril-grupo-inmobiliario,https://e.nexoinmobiliario.pe/customers/abril-grupo-inmobiliario/2314-aquilaria/departamentos-san-isidro-68fa96fc84d53_xm.jpg,San Isidro,150131
FUNDAMENTA,https://e.nexoinmobiliario.pe/customers/fundamenta/logo-62-20250912112306.jpg,Basadre 1310,Entrega Inmediata,979485,Av. Jorge Basadre 1310 San Isidro,https://nexoinmobiliario.pe/proyecto/venta-de-departamento-2621-basadre-1310-san-isidro-lima-lima-fundamenta,https://e.nexoinmobiliario.pe/customers/fundamenta/2621-basadre-1310/departamentos-san-isidro-68f65c1c501f6_xm.jpg,San Isidro,150131
GRUPO T&C,https://e.nexoinmobiliario.pe/customers/grupo-t-c/logo-63-20251201094022.png,PALM LIVING,En Construcción,359472,Calle las Palmeras 291-San Isidro ,https://nexoinmobiliario.pe/proyecto/venta-de-departamento-2661-palm-living-san-isidro-lima-lima-grupo-t-c,https://e.nexoinmobiliario.pe/customers/grupo-t-c/2661-palm-living/departamentos-san-isidro-6865b95e0fe5d_xm.jpg,San Isidro,150131
ESPARQ INVERSIONES,https://e.nexoinmobiliario.pe/customers/esparq-inversiones/logo-467-20250912123239.jpg,BLUE,En Construcción,409000,Av. Paseo de la República 3620,https://nexoinmobiliario.pe/proyecto/venta-de-departamento-2695-blue-san-isidro-lima-lima-esparq-inversiones,https://e.nexoinmobiliario.pe/customers/esparq-inversiones-s-a/2695-blue/departamentos-san-isidro-686d36bcab422_xm.jpg,San Isidro,150131
V&V GRUPO INMOBILIARIO,https://e.nexoinmobiliario.pe/customers/v-v-grupo-inmobiliario/logo-130-20231031163109.jpg,SALAVERRY 2431,En Construcción,379000,Av. Salaverry 2431 ,https://nexoinmobiliario.pe/proyecto/venta-de-departamento-2745-salaverry-2431-san-isidro-lima-lima-v-v-grupo-inmobiliario,https://e.nexoinmobiliario.pe/customers/v-v-grupo-inmobiliario/2745-salaverry-2431/departamentos-san-isidro-652707839ab50_xm.jpg,San Isidro,150131
URBALIMA,https://e.nexoinmobiliario.pe/customers/urbalima/logo-439-20231027061811.jpg,VISUM,En Construcción,493000,Calle Plaza Padre Constancio Bollar 205,https://nexoinmobiliario.pe/proyecto/venta-de-departamento-2855-visum-san-isidro-lima-lima-urbalima,https://e.nexoinmobiliario.pe/customers/urbalima/2855-visum/departamentos-san-isidro-691f462e338ed_xm.jpg,San Isidro,150131
EDIFICA,https://e.nexoinmobiliario.pe/customers/edifica/logo-47-20250912111830.jpg,The Lead,En Construcción,709699,"Av rivera navarrete 665, san isidro",https://nexoinmobiliario.pe/proyecto/venta-de-departamento-2933-the-lead-san-isidro-lima-lima-edifica,https://e.nexoinmobiliario.pe/customers/gerencia-de-proyectos-edifica-s-a-c/2933-the-lead/departamentos-san-isidro-65bcebb8c8d63_xm.jpg,San Isidro,150131
CANTABRIA,https://e.nexoinmobiliario.pe/customers/cantabria/logo-23-20251103171610.jpg,LUUP,En Construcción,330000,Av. Javier Prado Este 457,https://nexoinmobiliario.pe/proyecto/venta-de-departamento-2957-luup-san-isidro-lima-lima-cantabria,https://e.nexoinmobiliario.pe/customers/inmobiliaria-cantabria-sac/2957-luup/departamentos-san-isidro-6679b38d471c5_xm.jpg,San Isidro,150131
URBANA PERÚ,https://e.nexoinmobiliario.pe/customers/urbana-peru/logo-84-20231027061800.jpg,Preminenza,En Construcción,338600,Avenida Javier Prado Oeste 430 - 470,https://nexoinmobiliario.pe/proyecto/venta-de-departamento-2998-preminenza-san-isidro-lima-lima-urbana-perú,https://e.nexoinmobiliario.pe/customers/urbana-peru/2998-preminenza/departamentos-san-isidro-65e63cfb9c78f_xm.jpg,San Isidro,150131
ROSIAM,https://e.nexoinmobiliario.pe/customers/rosiam/logo-138-20231027061801.jpg,PARQUE NORTE,Entrega Inmediata,1241723,"Av. Del Parque Norte 327, San Isidro",https://nexoinmobiliario.pe/proyecto/venta-de-departamento-3063-parque-norte-san-isidro-lima-lima-rosiam,https://e.nexoinmobiliario.pe/customers/rosiam/3063-parque-norte/departamentos-san-isidro-6862efb357ee4_xm.jpg,San Isidro,150131
QOLONO INMOBILIARIA,https://e.nexoinmobiliario.pe/customers/qolono-inmobiliaria/logo-291-20231027061806.jpg,ROBLES 220,En Construcción,1100500,ROBLES 220,https://nexoinmobiliario.pe/proyecto/venta-de-departamento-3077-robles-220-san-isidro-lima-lima-qolono-inmobiliaria,https://e.nexoinmobiliario.pe/customers/qolono-inmobiliaria/3077-robles-220/departamentos-san-isidro-654904f1893fe_xm.jpg,San Isidro,150131
URBANA PERÚ,https://e.nexoinmobiliario.pe/customers/urbana-peru/logo-84-20231027061800.jpg,Luxo,En Planos,524800,Avenida Manuel Roaud y Paz Soldan 364,https://nexoinmobiliario.pe/proyecto/venta-de-departamento-3112-luxo-san-isidro-lima-lima-urbana-perú,https://e.nexoinmobiliario.pe/customers/urbana-peru/3112-luxo/departamentos-san-isidro-65e63d6c2e42c_xm.jpg,San Isidro,150131
ZAFIRA INMOBILIARIA,https://e.nexoinmobiliario.pe/customers/zafira-inmobiliaria/logo-378-20250703130431.jpg,Alba,En Construcción,371470,AV. AUGUSTO PEREZ ARANIBAR 2124,https://nexoinmobiliario.pe/proyecto/venta-de-departamento-3240-alba-san-isidro-lima-lima-zafira-inmobiliaria,https://e.nexoinmobiliario.pe/customers/zafira-inmobiliaria/3240-alba/departamentos-san-isidro-6904e83bdc920_xm.jpg,San Isidro,150131
MADRID INMOBILIARIA,https://e.nexoinmobiliario.pe/customers/madrid-inmobiliaria/logo-61-20250912112211.jpg,Central Site,En Construcción,664000,Calle La Habana 160,https://nexoinmobiliario.pe/proyecto/venta-de-departamento-3257-central-site-san-isidro-lima-lima-madrid-inmobiliaria,https://e.nexoinmobiliario.pe/customers/madrid-ingenieros/3257-central-site/departamentos-san-isidro-67ca1e48db1c5_xm.jpg,San Isidro,150131
TALE INMOBILIARIA,https://e.nexoinmobiliario.pe/customers/tale-inmobiliaria/logo-322-20231027061807.jpg,La Fuente 281,En Construcción,1303522,"Calle General La Fuente 281, San Isidro",https://nexoinmobiliario.pe/proyecto/venta-de-departamento-3313-la-fuente-281-san-isidro-lima-lima-tale-inmobiliaria,https://e.nexoinmobiliario.pe/customers/tale-inmobiliaria/3313-la-fuente-281/departamentos-san-isidro-686edb74e5738_xm.jpg,San Isidro,150131
GRUPO T&C,https://e.nexoinmobiliario.pe/customers/grupo-t-c/logo-63-20251201094022.png,ARAMBURU LIVING,En Construcción,342085,Av. Aramburú 535. San Isidro,https://nexoinmobiliario.pe/proyecto/venta-de-departamento-3323-aramburu-living-san-isidro-lima-lima-grupo-t-c,https://e.nexoinmobiliario.pe/customers/grupo-t-c/3323-aramburu-living/departamentos-san-isidro-68b773f566d92_xm.jpg,San Isidro,150131
REDBAY INMOBILIARIA,https://e.nexoinmobiliario.pe/customers/redbay-inmobiliaria/logo-470-20231027061813.jpg,EMPIRE,En Planos,556301,Av. Camino Real 295,https://nexoinmobiliario.pe/proyecto/venta-de-departamento-3338-empire-san-isidro-lima-lima-redbay-inmobiliaria,https://e.nexoinmobiliario.pe/customers/redbay-inmobiliaria/3338-empire/departamentos-san-isidro-67a53a592f2c4_xm.jpg,San Isidro,150131
TALE INMOBILIARIA,https://e.nexoinmobiliario.pe/customers/tale-inmobiliaria/logo-322-20231027061807.jpg,Altavista Aranibar,En Construcción,411994,"Av. Augusto Perez Aranibar 1560, San Isidro",https://nexoinmobiliario.pe/proyecto/venta-de-departamento-3378-altavista-aranibar-san-isidro-lima-lima-tale-inmobiliaria,https://e.nexoinmobiliario.pe/customers/tale-inmobiliaria/3378-altavista-aranibar/departamentos-san-isidro-686edba16fc23_xm.jpg,San Isidro,150131
ZAFIRA INMOBILIARIA,https://e.nexoinmobiliario.pe/customers/zafira-inmobiliaria/logo-378-20250703130431.jpg,INARA,En Construcción,926987,Calle Gonzales La Rosa 295,https://nexoinmobiliario.pe/proyecto/venta-de-departamento-3450-inara-san-isidro-lima-lima-zafira-inmobiliaria,https://e.nexoinmobiliario.pe/customers/ar-arquitectos/3450-inara/departamentos-san-isidro-66d8a31b6b7ea_xm.jpg,San Isidro,150131
TALE INMOBILIARIA,https://e.nexoinmobiliario.pe/customers/tale-inmobiliaria/logo-322-20231027061807.jpg,SANTO TORIBIO,En Planos,462649,Av. Santo Toribio esquina con Calle Lizardo Alzamora Este,https://nexoinmobiliario.pe/proyecto/venta-de-departamento-3462-santo-toribio-san-isidro-lima-lima-tale-inmobiliaria,https://e.nexoinmobiliario.pe/customers/tale-inmobiliaria/3462-santo-toribio/departamentos-san-isidro-686edc96b6d0b_xm.jpg,San Isidro,150131
MAAS INMOBILIARIA,https://e.nexoinmobiliario.pe/customers/maas-inmobiliaria/logo-287-20231027061806.jpg,OLIVA,En Construcción,611400,"Blondet 135, San Isidro",https://nexoinmobiliario.pe/proyecto/venta-de-departamento-3475-oliva-san-isidro-lima-lima-maas-inmobiliaria,https://e.nexoinmobiliario.pe/customers/maas-inmobiliaria/3475-oliva/departamentos-san-isidro-66f7365f9f716_xm.jpg,San Isidro,150131
ZAFIRA INMOBILIARIA,https://e.nexoinmobiliario.pe/customers/zafira-inmobiliaria/logo-378-20250703130431.jpg,Eterna,En Construcción,1337292,Calle Los Libertadores 210 San Isidro,https://nexoinmobiliario.pe/proyecto/venta-de-departamento-3502-eterna-san-isidro-lima-lima-zafira-inmobiliaria,https://e.nexoinmobiliario.pe/customers/zafira-inmobiliaria/3502-eterna/departamentos-san-isidro-6904eceb9aab2_xm.jpg,San Isidro,150131
GDC INMOBILIARIA,https://e.nexoinmobiliario.pe/customers/gdc-inmobiliaria/logo-421-20250912123306.jpg,Casa del Parque,En Planos,1216376,Avenida del parque norte 839,https://nexoinmobiliario.pe/proyecto/venta-de-departamento-3591-casa-del-parque-san-isidro-lima-lima-gdc-inmobiliaria,https://e.nexoinmobiliario.pe/customers/gdc-peru/3591-casa-del-parque/departamentos-san-isidro-673e68a4892c5_xm.jpg,San Isidro,150131
BAUMHAUS,https://e.nexoinmobiliario.pe/customers/baumhaus/logo-392-20250912122827.jpg,Golondrinas,En Planos,607860,"Calle Golondrinas 289, San Isidro",https://nexoinmobiliario.pe/proyecto/venta-de-departamento-3616-golondrinas-san-isidro-lima-lima-baumhaus,https://e.nexoinmobiliario.pe/customers/vmg-project-sac/3616-golondrinas/departamentos-san-isidro-6758b3bfa825e_xm.jpg,San Isidro,150131
ZAFIRA INMOBILIARIA,https://e.nexoinmobiliario.pe/customers/zafira-inmobiliaria/logo-378-20250703130431.jpg,Nativa,En Construcción,878020,CLEMENTE X 335,https://nexoinmobiliario.pe/proyecto/venta-de-departamento-3667-nativa-san-isidro-lima-lima-zafira-inmobiliaria,https://e.nexoinmobiliario.pe/customers/ar-arquitectos/3667-nativa/departamentos-san-isidro-67aba7fe299c7_xm.jpg,San Isidro,150131
PRAGA DESARROLLO INMOBILIARIO,https://e.nexoinmobiliario.pe/customers/praga-desarrollo-inmobiliario/logo-406-20250912123101.jpg,Parque Acosta 131,En Planos,1046870,Calle Jose Acosta 135,https://nexoinmobiliario.pe/proyecto/venta-de-departamento-3798-parque-acosta-131-san-isidro-lima-lima-praga-desarrollo-inmobiliario,https://e.nexoinmobiliario.pe/customers/praga-desarrollo-inmobiliario-s-a-c/3798-parque-acosta-131/departamentos-san-isidro-6816d31b8b06a_xm.jpg,San Isidro,150131
TALE INMOBILIARIA,https://e.nexoinmobiliario.pe/customers/tale-inmobiliaria/logo-322-20231027061807.jpg,ARAMBURU PARK,En Planos,288000,"Av. Andrés Aramburú 455, San Isidro 15073",https://nexoinmobiliario.pe/proyecto/venta-de-departamento-3825-aramburu-park-san-isidro-lima-lima-tale-inmobiliaria,https://e.nexoinmobiliario.pe/customers/tale-inmobiliaria/3825-aramburu-park/departamentos-san-isidro-686edcf416ea8_xm.jpg,San Isidro,150131
TALE INMOBILIARIA,https://e.nexoinmobiliario.pe/customers/tale-inmobiliaria/logo-322-20231027061807.jpg,SALAVERRY DISTRICT,En Planos,375000,"Av. Gral. Salaverry 2405, San Isidro 15076",https://nexoinmobiliario.pe/proyecto/venta-de-departamento-3835-salaverry-district-san-isidro-lima-lima-tale-inmobiliaria,https://e.nexoinmobiliario.pe/customers/tale-inmobiliaria/3835-salaverry-district/departamentos-san-isidro-686edd91a970e_xm.jpg,San Isidro,150131
EDIFICA,https://e.nexoinmobiliario.pe/customers/edifica/logo-47-20250912111830.jpg,Ascent,En Construcción,673889,Av Rivera Navarrete 450,https://nexoinmobiliario.pe/proyecto/venta-de-departamento-3852-ascent-san-isidro-lima-lima-edifica,https://e.nexoinmobiliario.pe/customers/gerencia-de-proyectos-edifica-s-a-c/3852-ascent/departamentos-san-isidro-689f6221509ac_xm.jpg,San Isidro,150131
ROSIAM,https://e.nexoinmobiliario.pe/customers/rosiam/logo-138-20231027061801.jpg,Los Tucanes,En Planos,680466,Calle los tucanes 234,https://nexoinmobiliario.pe/proyecto/venta-de-departamento-3863-los-tucanes-san-isidro-lima-lima-rosiam,https://e.nexoinmobiliario.pe/customers/rosiam/3863-los-tucanes/departamentos-san-isidro-686d5cacbd5b5_xm.jpg,San Isidro,150131
PAZ,https://e.nexoinmobiliario.pe/customers/paz/logo-22-20250912110933.jpg,Matiz,En Planos,731320,Calle Machaypuito 163 ,https://nexoinmobiliario.pe/proyecto/venta-de-departamento-3940-matiz-san-isidro-lima-lima-paz,https://e.nexoinmobiliario.pe/customers/paz/3940-matiz/departamentos-san-isidro-691ccfed7609e_xm.jpg,San Isidro,150131
GRUPO T&C,https://e.nexoinmobiliario.pe/customers/grupo-t-c/logo-63-20251201094022.png,THE SUMMIT,En Planos,380621,Av. Augusto Pérez Araníbar 1925,https://nexoinmobiliario.pe/proyecto/venta-de-departamento-3975-the-summit-san-isidro-lima-lima-grupo-t-c,https://e.nexoinmobiliario.pe/customers/grupo-t-c/3975-the-summit/departamentos-san-isidro-692f1f1faebca_xm.jpg,San Isidro,150131
CANTABRIA,https://e.nexoinmobiliario.pe/customers/cantabria/logo-23-20251103171610.jpg,West Prado,En Planos,760000,"Av. Javier Prado Oeste N° 1910 esquina con la Av. Faustino Sánchez Carrión, San Isidro",https://nexoinmobiliario.pe/proyecto/venta-de-departamento-3976-west-prado-san-isidro-lima-lima-cantabria,https://e.nexoinmobiliario.pe/customers/cantabria/3976-san-isidro/departamentos-san-isidro-691b57c5156b5_xm.jpg,San Isidro,150131
INVENT,https://e.nexoinmobiliario.pe/customers/invent/logo-268-20231027061805.jpg,THE BRICKELL TOWER,En Planos,361100,"Av. República de Panamá 3434 y 3458, San Isidro.",https://nexoinmobiliario.pe/proyecto/venta-de-departamento-3986-the-brickell-tower-san-isidro-lima-lima-invent,https://e.nexoinmobiliario.pe/customers/invent/3986-the-brickell-tower/departamentos-san-isidro-692dc4a812a1b_xm.jpg,San Isidro,150131
LANDER GRUPO INMOBILIARIO,https://e.nexoinmobiliario.pe/customers/grupo-inmobiliario-lander/logo-596-20251104120142.png,Parque Bustamante,En Planos,720000,calle los tucanes 136,https://nexoinmobiliario.pe/proyecto/venta-de-departamento-4008-parque-bustamante-san-isidro-lima-lima-lander-grupo-inmobiliario,https://e.nexoinmobiliario.pe/customers/grupo-inmobiliario-lander/4008-parque-bustamante/departamentos-san-isidro-690b7d160f55b_xm.jpg,San Isidro,150131
Lima In,https://e.nexoinmobiliario.pe/customers/lima-in/logo-597-20251113163810.jpg,San Isidro One,En Planos,814767,Av. Jose Gálvez Barrenechea 786 ,https://nexoinmobiliario.pe/proyecto/venta-de-departamento-4009-san-isidro-one-san-isidro-lima-lima-lima-in,https://e.nexoinmobiliario.pe/customers/lima-in/4009-san-isidro-one/departamentos-san-isidro-690e5533e3f24_xm.jpg,San Isidro,150131
GRUPO T&C,https://e.nexoinmobiliario.pe/customers/grupo-t-c/logo-63-20251201094022.png,PRADO HARMONY,En Planos,211612,Av. Javier Prado Oeste 769,https://nexoinmobiliario.pe/proyecto/venta-de-departamento-4048-prado-harmony-san-isidro-lima-lima-grupo-t-c,https://e.nexoinmobiliario.pe/customers/grupo-t-c/4048-prado-harmony/departamentos-san-isidro-6924ddf5ccd1b_xm.jpg,San Isidro,150131
LOS PORTALES DEPARTAMENTOS,https://e.nexoinmobiliario.pe/customers/los-portales-departamentos/logo-350-20250912122110.jpg,Gran Parque Las Flores - Etapa 2,En Planos,322320,Las Mandrágoras 499,https://nexoinmobiliario.pe/proyecto/venta-de-departamento-3812-gran-parque-las-flores-etapa-2-san-juan-de-lurigancho-lima-lima-los-portales-departamentos,https://e.nexoinmobiliario.pe/customers/los-portales-construye-s-a-c/3812-gran-parque-las-flores-etapa-2/departamentos-san-juan-de-lurigancho-682b6f5f62fc5_xm.jpg,San Juan De Lurigancho,150132
BESCO,https://e.nexoinmobiliario.pe/customers/besco/logo-68-20250912112631.jpg,Los Parques de San Juan - Torre 3,En Construcción,254100,Av. Portada Del Sol N°870,https://nexoinmobiliario.pe/proyecto/venta-de-departamento-3848-los-parques-de-san-juan-torre-3-san-juan-de-lurigancho-lima-lima-besco,https://e.nexoinmobiliario.pe/customers/besco/3848-los-parques-de-san-juan-torre-3/departamentos-san-juan-de-lurigancho-68fbb27cc6b86_xm.jpg,San Juan De Lurigancho,150132
PROMSAL,https://e.nexoinmobiliario.pe/customers/promsal/logo-316-20250912121648.jpg,Lasso 467,Entrega Inmediata,333288,av. agustin de la rosa toro 467,https://nexoinmobiliario.pe/proyecto/venta-de-departamento-2382-lasso-467-san-luis-lima-lima-promsal,https://e.nexoinmobiliario.pe/customers/promsal-s-a-c/2382-lasso-467/departamentos-san-luis-61df05dbd358a_xm.jpg,San Luis,150134
PROMSAL,https://e.nexoinmobiliario.pe/customers/promsal/logo-316-20250912121648.jpg,Lasso II,En Planos,199500,av. del aire 1357 San Luis,https://nexoinmobiliario.pe/proyecto/venta-de-departamento-3681-lasso-ii-san-luis-lima-lima-promsal,https://e.nexoinmobiliario.pe/customers/promsal-s-a-c/3681-lasso-ii/departamentos-san-luis-68125885eb124_xm.jpg,San Luis,150134
URBANA PERÚ,https://e.nexoinmobiliario.pe/customers/urbana-peru/logo-84-20231027061800.jpg,Tracciato,En Planos,288400,Av. Canadá 3891,https://nexoinmobiliario.pe/proyecto/venta-de-departamento-4023-tracciato-san-luis-lima-lima-urbana-perú,https://e.nexoinmobiliario.pe/customers/urbana-peru/4023-tracciato/departamentos-san-luis-6914f719c0cab_xm.jpg,San Luis,150134
CIMENTARES GRUPO INMOBILIARIO,https://e.nexoinmobiliario.pe/customers/cimentares-grupo-inmobiliario/logo-334-20231027061807.jpg,RESIDENCIAL LOS PROCERES,Entrega Inmediata,239767,"Av. Tomas Valle C/ Av. Próceres Urbanización Antares Manzana N Lotes 50 y 51, distrito de San Martin de Porres",https://nexoinmobiliario.pe/proyecto/venta-de-departamento-1635-residencial-los-proceres-san-martin-de-porres-lima-lima-cimentares-grupo-inmobiliario,https://e.nexoinmobiliario.pe/customers/cimentares-grupo-inmobiliario/1635-residencial-los-proceres/departamentos-san-martin-de-porres-5f4002e0ea1f9_xm.jpg,San Martin De Porres,150135
CONSTRUCTORA INARCO,https://e.nexoinmobiliario.pe/customers/constructora-inarco/logo-203-20250912115053.jpg,Paseo San Martín - Etapa 5,Entrega Inmediata,261000,Av. 10 de Junio N°1020,https://nexoinmobiliario.pe/proyecto/venta-de-departamento-2364-paseo-san-martin-etapa-5-san-martin-de-porres-lima-lima-constructora-inarco,https://e.nexoinmobiliario.pe/customers/inarco/2364-paseo-san-martin-etapa-5/departamentos-san-martin-de-porres-65de579353be9_xm.jpg,San Martin De Porres,150135
URBANA PERÚ,https://e.nexoinmobiliario.pe/customers/urbana-peru/logo-84-20231027061800.jpg,ALLEGRO LOFT,Entrega Inmediata,400800,Av. Costanera 980,https://nexoinmobiliario.pe/proyecto/venta-de-departamento-1418-allegro-loft-san-miguel-lima-lima-urbana-perú,https://e.nexoinmobiliario.pe/customers/urbana-peru/1418-allegro-loft/departamentos-san-miguel-5c7d3a0edc4d6_xm.jpg,San Miguel,150136
GRUPO MG,https://e.nexoinmobiliario.pe/customers/grupo-mg/logo-164-20231027061802.jpg,MAR DE PLATA II - SAN MIGUEL,Entrega Inmediata,419350,Avenida Universitaria 838 ,https://nexoinmobiliario.pe/proyecto/venta-de-departamento-1693-mar-de-plata-ii-san-miguel-san-miguel-lima-lima-grupo-mg,https://e.nexoinmobiliario.pe/customers/grupo-mg/1693-mar-de-plata-ii-san-miguel/departamentos-san-miguel-68ff81635dcfd_xm.jpg,San Miguel,150136
GRUPO MG,https://e.nexoinmobiliario.pe/customers/grupo-mg/logo-164-20231027061802.jpg,ALBORADA - SAN MIGUEL,Entrega Inmediata,320500,Av. La Paz 1150,https://nexoinmobiliario.pe/proyecto/venta-de-departamento-2115-alborada-san-miguel-san-miguel-lima-lima-grupo-mg,https://e.nexoinmobiliario.pe/customers/grupo-mg/2115-alborada-san-miguel/departamentos-san-miguel-68f957fa0319b_xm.jpg,San Miguel,150136
PAZ,https://e.nexoinmobiliario.pe/customers/paz/logo-22-20250912110933.jpg,Amalfi,Entrega Inmediata,334307,Av. Costanera 2558,https://nexoinmobiliario.pe/proyecto/venta-de-departamento-2198-amalfi-san-miguel-lima-lima-paz,https://e.nexoinmobiliario.pe/customers/paz/2198-amalfi/departamentos-san-miguel-691f80ff61994_xm.jpg,San Miguel,150136
GDC INMOBILIARIA,https://e.nexoinmobiliario.pe/customers/gdc-inmobiliaria/logo-421-20250912123306.jpg,Park San Miguel,Entrega Inmediata,430985, Jr. Gran Mariscal Ramon Castilla 740,https://nexoinmobiliario.pe/proyecto/venta-de-departamento-2229-park-san-miguel-san-miguel-lima-lima-gdc-inmobiliaria,https://e.nexoinmobiliario.pe/customers/gdc-peru/2229-park-san-miguel/departamentos-san-miguel-675a0375bafa5_xm.jpg,San Miguel,150136
PROCITY,https://e.nexoinmobiliario.pe/customers/procity/logo-146-20250912114124.jpg,MAR ADRIATICO,Entrega Inmediata,494950,Calle Intisuyo 317 San Miguel,https://nexoinmobiliario.pe/proyecto/venta-de-departamento-2232-mar-adriatico-san-miguel-lima-lima-procity,https://e.nexoinmobiliario.pe/customers/procity/2232-mar-adriatico/departamentos-san-miguel-690e4cfa367be_xm.jpg,San Miguel,150136
URBALIMA,https://e.nexoinmobiliario.pe/customers/urbalima/logo-439-20231027061811.jpg,INSPIRIA,En Construcción,325000,Av. Razuri 243 - 247,https://nexoinmobiliario.pe/proyecto/venta-de-departamento-2438-inspiria-san-miguel-lima-lima-urbalima,https://e.nexoinmobiliario.pe/customers/urbalima/2438-inspiria/departamentos-san-miguel-68bf254ab3d52_xm.jpg,San Miguel,150136
MAKE INMOBILIARIA,https://e.nexoinmobiliario.pe/customers/make-inmobiliaria/logo-557-20240911114102.png,LIBERTAD,En Construcción,280000,Av. Libertad 2401,https://nexoinmobiliario.pe/proyecto/venta-de-departamento-2487-libertad-san-miguel-lima-lima-make-inmobiliaria,https://e.nexoinmobiliario.pe/customers/capac-asociados/2487-libertad/departamentos-san-miguel-66c67d5d418e6_xm.jpg,San Miguel,150136
GRUPO TyC,https://e.nexoinmobiliario.pe/customers/grupo-tyc/logo-449-20241213103050.png,Bertolotto - Etapa III,Entrega Inmediata,320725,Av. Bertolotto 752,https://nexoinmobiliario.pe/proyecto/venta-de-departamento-2587-bertolotto-etapa-iii-san-miguel-lima-lima-grupo-tyc,https://e.nexoinmobiliario.pe/customers/grupo-tyc/2587-bertolotto-etapa-iii/departamentos-san-miguel-68e57e63860e6_xm.jpg,San Miguel,150136
V&V GRUPO INMOBILIARIO,https://e.nexoinmobiliario.pe/customers/v-v-grupo-inmobiliario/logo-130-20231031163109.jpg,C. GONZALES 239,Entrega Inmediata,561000,C. Carlos Gonzalez 239 San Miguel 15088,https://nexoinmobiliario.pe/proyecto/venta-de-departamento-2644-c-gonzales-239-san-miguel-lima-lima-v-v-grupo-inmobiliario,https://e.nexoinmobiliario.pe/customers/v-v-grupo-inmobiliario/2644-c-gonzales-239/departamentos-san-miguel-67ad30ff39eb7_xm.jpg,San Miguel,150136
GRUPO TyC,https://e.nexoinmobiliario.pe/customers/grupo-tyc/logo-449-20241213103050.png,Bertolotto - Etapa IV,En Construcción,459865,Av. Bertolotto 752,https://nexoinmobiliario.pe/proyecto/venta-de-departamento-2665-bertolotto-etapa-iv-san-miguel-lima-lima-grupo-tyc,https://e.nexoinmobiliario.pe/customers/grupo-tyc/2665-bertolotto-etapa-iv/departamentos-san-miguel-68e57e233eb7e_xm.jpg,San Miguel,150136
GRANADERO INMOBILIARIA,https://e.nexoinmobiliario.pe/customers/granadero-inmobiliaria/logo-182-20250912114418.jpg,Like One,Entrega Inmediata,348000,Av. Universitaria 845 San Miguel,https://nexoinmobiliario.pe/proyecto/venta-de-departamento-2714-like-one-san-miguel-lima-lima-granadero-inmobiliaria,https://e.nexoinmobiliario.pe/customers/granadero-inmobilaria/2714-like-one/departamentos-san-miguel-6334d3cba965d_xm.jpg,San Miguel,150136
GRUPO MG,https://e.nexoinmobiliario.pe/customers/grupo-mg/logo-164-20231027061802.jpg,ALBORADA II - SAN MIGUEL,En Construcción,279500,Av. La Paz 1147,https://nexoinmobiliario.pe/proyecto/venta-de-departamento-2744-alborada-ii-san-miguel-san-miguel-lima-lima-grupo-mg,https://e.nexoinmobiliario.pe/customers/grupo-mg/2744-alborada-ii-san-miguel/departamentos-san-miguel-68ff82e66b43c_xm.jpg,San Miguel,150136
PAZ,https://e.nexoinmobiliario.pe/customers/paz/logo-22-20250912110933.jpg,Patio La Paz,En Construcción,248197,Av. La Paz 2551,https://nexoinmobiliario.pe/proyecto/venta-de-departamento-2769-patio-la-paz-san-miguel-lima-lima-paz,https://e.nexoinmobiliario.pe/customers/paz/2769-patio-la-paz/departamentos-san-miguel-691f8221ad985_xm.jpg,San Miguel,150136
CONCRETA GRUPO INMOBILIARIO,https://e.nexoinmobiliario.pe/customers/concreta-grupo-inmobiliario/logo-408-20231027061810.jpg,Residencial Parque Martí,Entrega Inmediata,505000,"Calle Hernán Cortez 130, San Miguel",https://nexoinmobiliario.pe/proyecto/venta-de-departamento-2802-residencial-parque-marti-san-miguel-lima-lima-concreta-grupo-inmobiliario,https://e.nexoinmobiliario.pe/customers/concreta-grupo-inmobiliario/2802-residencial-parque-marti/departamentos-san-miguel-67071c298402b_xm.jpg,San Miguel,150136
ECOHABITAT DESARROLLO INMOBILIARIO,https://e.nexoinmobiliario.pe/customers/ecohabitat-desarrollo-inmobiliario/logo-344-20251013162338.jpg,Vivapark,En Construcción,439500,Alfredo Icaza Contreras 185,https://nexoinmobiliario.pe/proyecto/venta-de-departamento-2849-vivapark-san-miguel-lima-lima-ecohabitat-desarrollo-inmobiliario,https://e.nexoinmobiliario.pe/customers/ecohabitat-desarrollo-inmobiliario/2849-vivapark/departamentos-san-miguel-6929e0c3a34e1_xm.jpg,San Miguel,150136
RUMI GRUPO INMOBILIARIO,https://e.nexoinmobiliario.pe/customers/rumi-grupo-inmobiliario/logo-454-20231027061812.jpg,PIETRA D' AVANTI,En Construcción,389915,AV. LOS PATRIOTAS 418-424  ,https://nexoinmobiliario.pe/proyecto/venta-de-departamento-2851-pietra-d-avanti-san-miguel-lima-lima-rumi-grupo-inmobiliario,https://e.nexoinmobiliario.pe/customers/rumi-grupo-inmobiliario/2851-pietra-d-avanti/departamentos-san-miguel-68f8040b53bc5_xm.jpg,San Miguel,150136
PROYEC INMOBILIARIA,https://e.nexoinmobiliario.pe/customers/proyec-inmobiliaria/logo-246-20250707153506.png,PATRIOTAS SAN MIGUEL,En Construcción,352284,Av. Los Patriotas 305,https://nexoinmobiliario.pe/proyecto/venta-de-departamento-2894-patriotas-san-miguel-san-miguel-lima-lima-proyec-inmobiliaria,https://e.nexoinmobiliario.pe/customers/proyec-inmobiliaria/2894-patriotas-san-miguel/departamentos-san-miguel-68d1766b39acb_xm.jpg,San Miguel,150136
PAZ,https://e.nexoinmobiliario.pe/customers/paz/logo-22-20250912110933.jpg,Serena,Entrega Inmediata,442707,Av. Bertolotto esquina con el Jirón Sucre Nros. 120-130,https://nexoinmobiliario.pe/proyecto/venta-de-departamento-2910-serena-san-miguel-lima-lima-paz,https://e.nexoinmobiliario.pe/customers/paz/2910-serena/departamentos-san-miguel-692dd8488f57c_xm.jpg,San Miguel,150136
CASA BONITA,https://e.nexoinmobiliario.pe/customers/casa-bonita/logo-189-20250912114804.jpg,Aura Apartments,En Construcción,370900,Av.  Los Patriotas 319,https://nexoinmobiliario.pe/proyecto/venta-de-departamento-2958-aura-apartments-san-miguel-lima-lima-casa-bonita,https://e.nexoinmobiliario.pe/customers/casa-bonita-inmobiliaria/2958-aura-apartments/departamentos-san-miguel-66f5c18a6d188_xm.jpg,San Miguel,150136
ECOHABITAT DESARROLLO INMOBILIARIO,https://e.nexoinmobiliario.pe/customers/ecohabitat-desarrollo-inmobiliario/logo-344-20251013162338.jpg,ECOVENTO,Entrega Inmediata,491910,Av. Alfonso Ugarte 115,https://nexoinmobiliario.pe/proyecto/venta-de-departamento-2973-ecovento-san-miguel-lima-lima-ecohabitat-desarrollo-inmobiliario,https://e.nexoinmobiliario.pe/customers/ecohabitat-desarrollo-inmobiliario/2973-ecovento/departamentos-san-miguel-691f3c0a58a23_xm.jpg,San Miguel,150136
IMAGINA,https://e.nexoinmobiliario.pe/customers/imagina/logo-186-20250912114720.jpg,Concepto Family Too,En Construcción,261414,"Calle Carlos Gonzales, Esq. Con Jr. Cesar Lopez Rojas",https://nexoinmobiliario.pe/proyecto/venta-de-departamento-3034-concepto-family-too-san-miguel-lima-lima-imagina,https://e.nexoinmobiliario.pe/customers/inversiones-inmobiliarias-del-peru-s-a/3034-concepto-family-too/departamentos-san-miguel-679d16856dfa9_xm.jpg,San Miguel,150136
MYE GRUPO INMOBILIARIO,https://e.nexoinmobiliario.pe/customers/mye-grupo-inmobiliario-s-a-c/logo-518-20231027061818.jpg,SANTA RAFAELA,En Construcción,358450,AV. PIO XII 318,https://nexoinmobiliario.pe/proyecto/venta-de-departamento-3168-santa-rafaela-san-miguel-lima-lima-mye-grupo-inmobiliario,https://e.nexoinmobiliario.pe/customers/mye-grupo-inmobiliario-s-a-c/3168-santa-rafaela/departamentos-san-miguel-6737e58964157_xm.jpg,San Miguel,150136
QUATRO INMOBILIARIA,https://e.nexoinmobiliario.pe/customers/quatro-inmobiliaria/logo-27-20250912111202.jpg,Supra Tower,En Construcción,234288,Avenida Los Patriotas 415,https://nexoinmobiliario.pe/proyecto/venta-de-departamento-3202-supra-tower-san-miguel-lima-lima-quatro-inmobiliaria,https://e.nexoinmobiliario.pe/customers/quatro-inmobiliaria/3202-supra-tower/departamentos-san-miguel-68f67560abb5b_xm.jpg,San Miguel,150136
REYNA GRUPO INMOBILIARIO,https://e.nexoinmobiliario.pe/customers/reyna-grupo-inmobiliario/logo-376-20250912122737.jpg,AKO,En Construcción,240000,Jr. Arica 859,https://nexoinmobiliario.pe/proyecto/venta-de-departamento-3235-ako-san-miguel-lima-lima-reyna-grupo-inmobiliario,https://e.nexoinmobiliario.pe/customers/mcr-inmobiliaria-constructora-sac/3235-ako/departamentos-san-miguel-65a975c94a2eb_xm.jpg,San Miguel,150136
GRUPO INMOBILIARIO COMUNIDAD,https://e.nexoinmobiliario.pe/customers/grupo-inmobiliario-comunidad/logo-327-20250912121755.jpg,Proyecto Libertad,En Planos,220000,Avenida La Libertad 200,https://nexoinmobiliario.pe/proyecto/venta-de-departamento-3251-proyecto-libertad-san-miguel-lima-lima-grupo-inmobiliario-comunidad,https://e.nexoinmobiliario.pe/customers/comunidad-grupo-inmobiliario/3251-proyecto-libertad/departamentos-san-miguel-67a546323b99d_xm.jpg,San Miguel,150136
INVERDES,https://e.nexoinmobiliario.pe/customers/inverdes/logo-534-20250912122458.jpg,Marina City Center,En Construcción,335000,"Av. Banchero Rossi 270, San Miguel",https://nexoinmobiliario.pe/proyecto/venta-de-departamento-3289-marina-city-center-san-miguel-lima-lima-inverdes,https://e.nexoinmobiliario.pe/customers/inverdes-s-a/3289-marina-city-center/departamentos-san-miguel-66a9ca7d39604_xm.jpg,San Miguel,150136
GRUPO MG,https://e.nexoinmobiliario.pe/customers/grupo-mg/logo-164-20231027061802.jpg,ALBORADA III - SAN MIGUEL,En Construcción,252000,Av. La paz 839,https://nexoinmobiliario.pe/proyecto/venta-de-departamento-3342-alborada-iii-san-miguel-san-miguel-lima-lima-grupo-mg,https://e.nexoinmobiliario.pe/customers/grupo-mg/3342-alborada-iii-san-miguel/departamentos-san-miguel-68f7f72880222_xm.jpg,San Miguel,150136
SAN CHARBEL EDIFICACIONES,https://e.nexoinmobiliario.pe/customers/san-charbel-edificaciones/logo-29-20250912111257.jpg,OCEANIKA,En Planos,264627,Avenida Bertolloto 570. San Miguel,https://nexoinmobiliario.pe/proyecto/venta-de-departamento-3345-oceanika-san-miguel-lima-lima-san-charbel-edificaciones,https://e.nexoinmobiliario.pe/customers/san-charbel/3345-oceanika/departamentos-san-miguel-667dce0e23c30_xm.jpg,San Miguel,150136
INMOBILIARIA JOSA,https://e.nexoinmobiliario.pe/customers/inmobiliaria-josa-s-a-c/logo-427-20250310115654.jpg,Los Alamos de Carmenca,En Construcción,330000,Calle Carmenca 130,https://nexoinmobiliario.pe/proyecto/venta-de-departamento-3364-los-alamos-de-carmenca-san-miguel-lima-lima-inmobiliaria-josa,https://e.nexoinmobiliario.pe/customers/inmobiliaria-josa-s-a-c/3364-los-alamos-de-carmenca/departamentos-san-miguel-690eae0f58cae_xm.jpg,San Miguel,150136
ALBAMAR GRUPO INMOBILIARIO,https://e.nexoinmobiliario.pe/customers/albamar-grupo-inmobiliario/logo-108-20250912113347.jpg,Albamar | Match,En Construcción,222400,"Av. De los Patriotas 206, San Miguel",https://nexoinmobiliario.pe/proyecto/venta-de-departamento-3406-albamar-match-san-miguel-lima-lima-albamar-grupo-inmobiliario,https://e.nexoinmobiliario.pe/customers/inmobiliaria-albamar-sac/3406-albamar-match/departamentos-san-miguel-6876c3b57c264_xm.jpg,San Miguel,150136
MULTIURBE,https://e.nexoinmobiliario.pe/customers/multiurbe/logo-538-20250731124043.png,Quiñones Park,En Construcción,245000,"Intisuyo 499, San Miguel",https://nexoinmobiliario.pe/proyecto/venta-de-departamento-3421-quinones-park-san-miguel-lima-lima-multiurbe,https://e.nexoinmobiliario.pe/customers/multiurbe/3421-quinones-park/departamentos-san-miguel-688be0027187b_xm.jpg,San Miguel,150136
ECOHABITAT DESARROLLO INMOBILIARIO,https://e.nexoinmobiliario.pe/customers/ecohabitat-desarrollo-inmobiliario/logo-344-20251013162338.jpg,ECO AMIRA,En Construcción,222000,Av. de los patriotas 564,https://nexoinmobiliario.pe/proyecto/venta-de-departamento-3423-eco-amira-san-miguel-lima-lima-ecohabitat-desarrollo-inmobiliario,https://e.nexoinmobiliario.pe/customers/ecohabitat-desarrollo-inmobiliario/3423-eco-amira/departamentos-san-miguel-691e372d06222_xm.jpg,San Miguel,150136
TALE INMOBILIARIA,https://e.nexoinmobiliario.pe/customers/tale-inmobiliaria/logo-322-20231027061807.jpg,Alameda San Miguel,En Planos,193000,"Esquina Av. Precursores y Av. Elmer Faucett, San Miguel",https://nexoinmobiliario.pe/proyecto/venta-de-departamento-3425-alameda-san-miguel-san-miguel-lima-lima-tale-inmobiliaria,https://e.nexoinmobiliario.pe/customers/tale-inmobiliaria/3425-alameda-san-miguel/departamentos-san-miguel-686edbeaf3500_xm.jpg,San Miguel,150136
VITAIN,https://e.nexoinmobiliario.pe/customers/vitain/logo-117-20250912113553.jpg,Edificio Cálamo,En Construcción,236979,Jr. Crnel. Francisco Bolognesi 326,https://nexoinmobiliario.pe/proyecto/venta-de-departamento-3510-edificio-calamo-san-miguel-lima-lima-vitain,https://e.nexoinmobiliario.pe/customers/vitain/3510-edificio-calamo/departamentos-san-miguel-6904c5d8b3319_xm.jpg,San Miguel,150136
JOPESA,https://e.nexoinmobiliario.pe/customers/jopesa/logo-150-20231027061802.jpg,Lambayeque 197,En Construcción,257565,Lambayeque 197,https://nexoinmobiliario.pe/proyecto/venta-de-departamento-3527-lambayeque-197-san-miguel-lima-lima-jopesa,https://e.nexoinmobiliario.pe/customers/jopesa/3527-lambayeque-197/departamentos-san-miguel-67a4c85e7c807_xm.jpg,San Miguel,150136
ABRIL GRUPO INMOBILIARIO,https://e.nexoinmobiliario.pe/customers/abril-grupo-inmobiliario-ft/logo-426-20250411103938.png,Loto,En Planos,244467,Av. La Marina 2600,https://nexoinmobiliario.pe/proyecto/venta-de-departamento-3578-loto-san-miguel-lima-lima-abril-grupo-inmobiliario,https://e.nexoinmobiliario.pe/customers/abril-grupo-inmobiliario-ft/3578-loto/departamentos-san-miguel-67ec0dffb490c_xm.jpg,San Miguel,150136
REYNA GRUPO INMOBILIARIO,https://e.nexoinmobiliario.pe/customers/reyna-grupo-inmobiliario/logo-376-20250912122737.jpg,Vivum,En Planos,231697,José Salas 291,https://nexoinmobiliario.pe/proyecto/venta-de-departamento-3581-vivum-san-miguel-lima-lima-reyna-grupo-inmobiliario,https://e.nexoinmobiliario.pe/customers/mcr-inmobiliaria-constructora-sac/3581-vivum/departamentos-san-miguel-683f59ff7b389_xm.jpg,San Miguel,150136
CONSTRUCTORA INARCO,https://e.nexoinmobiliario.pe/customers/constructora-inarco/logo-203-20250912115053.jpg,Saranti,En Planos,231653,Av. La Paz 124,https://nexoinmobiliario.pe/proyecto/venta-de-departamento-3582-saranti-san-miguel-lima-lima-constructora-inarco,https://e.nexoinmobiliario.pe/customers/inarco/3582-saranti/departamentos-san-miguel-68ae3e4aa36f6_xm.jpg,San Miguel,150136
KALLPA,https://e.nexoinmobiliario.pe/customers/constructora-kallpa/logo-170-20200424194316.jpg,VÍA ALEGRO,En Construcción,294861,Av. José Riva Agüero 468,https://nexoinmobiliario.pe/proyecto/venta-de-departamento-3601-via-alegro-san-miguel-lima-lima-kallpa,https://e.nexoinmobiliario.pe/customers/constructora-kallpa/3601-via-alegro/departamentos-san-miguel-68e53ea365219_xm.jpg,San Miguel,150136
IN URBAN,https://e.nexoinmobiliario.pe/customers/in-urban/logo-410-20240812180039.png,RESIDENCIAL NUEVA COSTANERA,En Planos,383367,AV COSTANERA 350,https://nexoinmobiliario.pe/proyecto/venta-de-departamento-3622-residencial-nueva-costanera-san-miguel-lima-lima-in-urban,https://e.nexoinmobiliario.pe/customers/in-urban/3622-residencial-nueva-costanera/departamentos-san-miguel-67d9c6397e40f_xm.jpg,San Miguel,150136
GRUPO BROCKSA,https://e.nexoinmobiliario.pe/customers/grupo-brocksa/logo-380-20231027061809.jpg,SERIE 19,En Planos,254000,"Casas 183, San Miguel ",https://nexoinmobiliario.pe/proyecto/venta-de-departamento-3638-serie-19-san-miguel-lima-lima-grupo-brocksa,https://e.nexoinmobiliario.pe/customers/grupo-brocksa/3638-serie-19/departamentos-san-miguel-67867a2a2c023_xm.jpg,San Miguel,150136
LIMA METRO CUADRADO,https://e.nexoinmobiliario.pe/customers/lima-metro-cuadrado/logo-492-20250912122934.jpeg,Live Apts,En Planos,247546,Av. De Los Patriotas 451 - San Miguel,https://nexoinmobiliario.pe/proyecto/venta-de-departamento-3639-live-apts-san-miguel-lima-lima-lima-metro-cuadrado,https://e.nexoinmobiliario.pe/customers/lima-metro-cuadrado/3639-live-apts/departamentos-san-miguel-68ed0fe972922_xm.jpg,San Miguel,150136
PROSPERA GRUPO INMOBILIARIO,https://e.nexoinmobiliario.pe/customers/prospera-grupo-inmobiliario/logo-576-20250129120135.jpeg,Vista Rázuri,En Planos,246587,"Av. Andrés Rázuri 206, San Miguel.",https://nexoinmobiliario.pe/proyecto/venta-de-departamento-3652-vista-razuri-san-miguel-lima-lima-prospera-grupo-inmobiliario,https://e.nexoinmobiliario.pe/customers/prospera-grupo-inmobiliario/3652-vista-razuri/departamentos-san-miguel-681e66bcc570a_xm.jpg,San Miguel,150136
VITAIN,https://e.nexoinmobiliario.pe/customers/vitain/logo-117-20250912113553.jpg,Edificio Incentric,En Construcción,199761,Calle Carlos Gonzales Cándamo 212,https://nexoinmobiliario.pe/proyecto/venta-de-departamento-3678-edificio-incentric-san-miguel-lima-lima-vitain,https://e.nexoinmobiliario.pe/customers/vitain/3678-edificio-incentric/departamentos-san-miguel-6904c6173e5a8_xm.jpg,San Miguel,150136
DALIA INMOBILIARIA,https://e.nexoinmobiliario.pe/customers/dalia-inmobiliaria/logo-528-20240219020601.png,INDEPENDENCIA PARK EN SAN MIGUEL,En Planos,377000,JIRÓN INDEPENDENCIA 703 SAN MIGUEL ,https://nexoinmobiliario.pe/proyecto/venta-de-departamento-3689-independencia-park-en-san-miguel-san-miguel-lima-lima-dalia-inmobiliaria,https://e.nexoinmobiliario.pe/customers/dalia-inmobiliaria/3689-independencia-park-en-san-miguel/departamentos-san-miguel-67edc9109870e_xm.jpg,San Miguel,150136
ABRIL GRUPO INMOBILIARIO,https://e.nexoinmobiliario.pe/customers/abril-grupo-inmobiliario/logo-87-20250422120904.jpg,Sauce Zen,En Planos,213100,Carlos Gonzales Candamo 224,https://nexoinmobiliario.pe/proyecto/venta-de-departamento-3724-sauce-zen-san-miguel-lima-lima-abril-grupo-inmobiliario,https://e.nexoinmobiliario.pe/customers/abril-grupo-inmobiliario/3724-sauce-zen/departamentos-san-miguel-68fa93a1675ce_xm.jpg,San Miguel,150136
INVERDES,https://e.nexoinmobiliario.pe/customers/inverdes/logo-534-20250912122458.jpg,Marina City Center Torre 2,En Planos,300860,"Av. Banchero Rossi 270, San Miguel",https://nexoinmobiliario.pe/proyecto/venta-de-departamento-3774-marina-city-center-torre-2-san-miguel-lima-lima-inverdes,https://e.nexoinmobiliario.pe/customers/inverdes-s-a/3774-marina-city-center-torre-2/departamentos-san-miguel-67f0356883b07_xm.jpg,San Miguel,150136
VIVANS INMOBILIARIA,https://e.nexoinmobiliario.pe/customers/vivans-inmobiliaria/logo-516-20250129150022.jpg,LIBERALIA,En Planos,284100,"Jr. San Martin 701, San Miguel",https://nexoinmobiliario.pe/proyecto/venta-de-departamento-3793-liberalia-san-miguel-lima-lima-vivans-inmobiliaria,https://e.nexoinmobiliario.pe/customers/vivans-inmobiliaria/3793-liberalia/departamentos-san-miguel-680822994dcf6_xm.jpg,San Miguel,150136
GRUPO MG,https://e.nexoinmobiliario.pe/customers/grupo-mg/logo-164-20231027061802.jpg,LUMA - SAN MIGUEL,En Planos,214650,Av. La Paz 1641,https://nexoinmobiliario.pe/proyecto/venta-de-departamento-3796-luma-san-miguel-san-miguel-lima-lima-grupo-mg,https://e.nexoinmobiliario.pe/customers/grupo-mg/3796-luma-san-miguel/departamentos-san-miguel-68f7bc577175b_xm.jpg,San Miguel,150136
GRUPO BROCKSA,https://e.nexoinmobiliario.pe/customers/grupo-brocksa/logo-380-20231027061809.jpg,SERIE 20,En Planos,215500,"Calle Mollocmarca 355, San Miguel",https://nexoinmobiliario.pe/proyecto/venta-de-departamento-3811-serie-20-san-miguel-lima-lima-grupo-brocksa,https://e.nexoinmobiliario.pe/customers/grupo-brocksa/3811-serie-20/departamentos-san-miguel-6908e4834cba7_xm.jpg,San Miguel,150136
CISSAC,https://e.nexoinmobiliario.pe/customers/cissac/logo-19-20250912110843.jpg,Condominio Libertad 2515,En Planos,210000,Av. Libertad 2515 ,https://nexoinmobiliario.pe/proyecto/venta-de-departamento-3813-condominio-libertad-2515-san-miguel-lima-lima-cissac,https://e.nexoinmobiliario.pe/customers/corporacion-inmobiliaria-sudamericana-s-a-c/3813-condominio-libertad-2515/departamentos-san-miguel-68951ce2c032c_xm.jpg,San Miguel,150136
REYNA GRUPO INMOBILIARIO,https://e.nexoinmobiliario.pe/customers/reyna-grupo-inmobiliario/logo-376-20250912122737.jpg,NAÄRA,En Planos,189483,Av universitaria 383,https://nexoinmobiliario.pe/proyecto/venta-de-departamento-3818-na-ra-san-miguel-lima-lima-reyna-grupo-inmobiliario,https://e.nexoinmobiliario.pe/customers/reyna-grupo-inmobiliario/3818-na-ra/departamentos-san-miguel-68d2df96a6f92_xm.jpg,San Miguel,150136
EVERGRAN GRUPO INMOBILIARIO,https://e.nexoinmobiliario.pe/customers/evergran-grupo-inmobiliario/logo-339-20240410165450.png,La Marina 3420,En Planos,210000,La Marina 3420,https://nexoinmobiliario.pe/proyecto/venta-de-departamento-3820-la-marina-3420-san-miguel-lima-lima-evergran-grupo-inmobiliario,https://e.nexoinmobiliario.pe/customers/evergran-grupo-inmobiliario/3820-la-marina-3420/departamentos-san-miguel-683727ad2a316_xm.jpg,San Miguel,150136
MULTIURBE,https://e.nexoinmobiliario.pe/customers/multiurbe/logo-538-20250731124043.png,Residencial Leyendas II,En Planos,285866,Calle Cayrucachi 186 . San Miguel,https://nexoinmobiliario.pe/proyecto/venta-de-departamento-3871-residencial-leyendas-ii-san-miguel-lima-lima-multiurbe,https://e.nexoinmobiliario.pe/customers/multiurbe/3871-residencial-leyendas-ii/departamentos-san-miguel-688baa2062f37_xm.jpg,San Miguel,150136
INIZIA INMOBILIARIA,https://e.nexoinmobiliario.pe/customers/inizia/logo-533-20240313155802.png,ASTRA,En Planos,325500,Av. Monseñor Jorge Dintilhac 555,https://nexoinmobiliario.pe/proyecto/venta-de-departamento-3888-astra-san-miguel-lima-lima-inizia-inmobiliaria,https://e.nexoinmobiliario.pe/customers/inizia/3888-astra/departamentos-san-miguel-68b73d868c43e_xm.jpg,San Miguel,150136
GRUPO T&C,https://e.nexoinmobiliario.pe/customers/grupo-t-c/logo-63-20251201094022.png,Costanova,En Planos,152195,Av. Costanera 1690,https://nexoinmobiliario.pe/proyecto/venta-de-departamento-3892-costanova-san-miguel-lima-lima-grupo-t-c,https://e.nexoinmobiliario.pe/customers/grupo-t-c/3892-costanova/departamentos-san-miguel-68c05a65a9caa_xm.jpg,San Miguel,150136
IMAGINA,https://e.nexoinmobiliario.pe/customers/imagina/logo-186-20250912114720.jpg,Concepto Ocean Breath,En Planos,261415,Av. Costanera 2880,https://nexoinmobiliario.pe/proyecto/venta-de-departamento-3896-concepto-ocean-breath-san-miguel-lima-lima-imagina,https://e.nexoinmobiliario.pe/customers/inversiones-inmobiliarias-del-peru-s-a/3896-concepto-ocean-breath/departamentos-san-miguel-6890c709a7949_xm.jpg,San Miguel,150136
FORTEM GESTORA INMOBILIARIA,https://e.nexoinmobiliario.pe/customers/fortem-gestora-inmobiliaria/logo-549-20251009183824.png,PORTOFINO,En Planos,253425,Jiron San Martin 360 San Miguel,https://nexoinmobiliario.pe/proyecto/venta-de-departamento-3916-portofino-san-miguel-lima-lima-fortem-gestora-inmobiliaria,https://e.nexoinmobiliario.pe/customers/fortem-gestora-inmobiliaria/3916-portofino/departamentos-san-miguel-68ddb7e49d21f_xm.jpg,San Miguel,150136
OLED INMOBILIARIA,https://e.nexoinmobiliario.pe/customers/oled-inmobiliaria/logo-354-20231027061808.jpg,Natural Urban,En Planos,264000,Av. de los Patriotas 757,https://nexoinmobiliario.pe/proyecto/venta-de-departamento-3936-natural-urban-san-miguel-lima-lima-oled-inmobiliaria,https://e.nexoinmobiliario.pe/customers/oled-inmobiliaria/3936-natural-urban/departamentos-san-miguel-6924930693380_xm.jpg,San Miguel,150136
MULTIURBE,https://e.nexoinmobiliario.pe/customers/multiurbe/logo-538-20250731124043.png,Polo Park,En Planos,281900,"Jr. Incahuasi N° 280 - 286, San Miguel.",https://nexoinmobiliario.pe/proyecto/venta-de-departamento-3957-polo-park-san-miguel-lima-lima-multiurbe,https://e.nexoinmobiliario.pe/customers/multiurbe/3957-polo-park/departamentos-san-miguel-6914f73e5560a_xm.jpg,San Miguel,150136
GRUPO BROCKSA,https://e.nexoinmobiliario.pe/customers/grupo-brocksa/logo-380-20231027061809.jpg,SERIE 21,En Planos,179000,"Renan Elias Olivera 198, San Miguel",https://nexoinmobiliario.pe/proyecto/venta-de-departamento-3966-serie-21-san-miguel-lima-lima-grupo-brocksa,https://e.nexoinmobiliario.pe/customers/grupo-brocksa/3966-serie-21/departamentos-san-miguel-6908e45b966e8_xm.jpg,San Miguel,150136
MADRID INMOBILIARIA,https://e.nexoinmobiliario.pe/customers/madrid-inmobiliaria/logo-61-20250912112211.jpg,Stellia,En Planos,282000,Jirón Carlos Gonzáles Candamo 245,https://nexoinmobiliario.pe/proyecto/venta-de-departamento-3985-stellia-san-miguel-lima-lima-madrid-inmobiliaria,https://e.nexoinmobiliario.pe/customers/madrid-inmobiliaria/3985-stellia/departamentos-san-miguel-69139acf19198_xm.jpg,San Miguel,150136
VITAIN,https://e.nexoinmobiliario.pe/customers/vitain/logo-117-20250912113553.jpg,Edificio New Limit,En Planos,291765,Jr. San Martín 650,https://nexoinmobiliario.pe/proyecto/venta-de-departamento-4002-edificio-new-limit-san-miguel-lima-lima-vitain,https://e.nexoinmobiliario.pe/customers/vitain/4002-edificio-new-limit/departamentos-san-miguel-6908c5578a44f_xm.jpg,San Miguel,150136
ASTER HOMES,https://e.nexoinmobiliario.pe/customers/aster-homes/logo-546-20250704111347.jpg,ASTER COSTANERA,En Planos,304972,"Av. Costanera 1010, San Miguel",https://nexoinmobiliario.pe/proyecto/venta-de-departamento-4006-aster-costanera-san-miguel-lima-lima-aster-homes,https://e.nexoinmobiliario.pe/customers/aster-homes/4006-aster-costanera/departamentos-san-miguel-6908e1fdca229_xm.jpg,San Miguel,150136
LOS PORTALES DEPARTAMENTOS,https://e.nexoinmobiliario.pe/customers/los-portales-departamentos/logo-350-20250912122110.jpg,Gran Jardín Ticino 2,En Planos,280500,calle ticino 167,https://nexoinmobiliario.pe/proyecto/venta-de-departamento-3777-gran-jardin-ticino-2-santa-anita-lima-lima-los-portales-departamentos,https://e.nexoinmobiliario.pe/customers/los-portales-construye-s-a-c/3777-gran-jardin-ticino-2/departamentos-santa-anita-67f3f2b1020a0_xm.jpg,Santa Anita,150137
GRUPO T&C,https://e.nexoinmobiliario.pe/customers/grupo-t-c/logo-63-20251201094022.png,IQ SURCO OFICINAS,En Construcción,282407,Av Encalada cuadra 13 cruce con Aldebarán,https://nexoinmobiliario.pe/proyecto/venta-de-oficina-1488-iq-surco-oficinas-santiago-de-surco-lima-lima-grupo-t-c,https://e.nexoinmobiliario.pe/customers/grupo-t-c/1488-iq-surco-oficinas/oficinas-santiago-de-surco-682756239d17e_xm.jpg,Santiago De Surco,150140
ARQUIMIA,https://e.nexoinmobiliario.pe/customers/arquimia/logo-243-20231027061804.jpg,MUV,Entrega Inmediata,467360,"Av. Nicolas Rodrigo 250, Monterrico",https://nexoinmobiliario.pe/proyecto/venta-de-departamento-1689-muv-santiago-de-surco-lima-lima-arquimia,https://e.nexoinmobiliario.pe/customers/arquimia/1689-muv/departamentos-santiago-de-surco-66df196b117a9_xm.jpg,Santiago De Surco,150140
GRUPO T&C,https://e.nexoinmobiliario.pe/customers/grupo-t-c/logo-63-20251201094022.png,HILLS CAMACHO,Entrega Inmediata,681753,Av. javier prado este 294,https://nexoinmobiliario.pe/proyecto/venta-de-departamento-1740-hills-camacho-santiago-de-surco-lima-lima-grupo-t-c,https://e.nexoinmobiliario.pe/customers/grupo-t-c/1740-hills-camacho/departamentos-santiago-de-surco-6865b798953a2_xm.jpg,Santiago De Surco,150140
AKAMAI,https://e.nexoinmobiliario.pe/customers/akamai/logo-388-20231027061810.jpg,Simplicity,Entrega Inmediata,541178,manuel olguin 485,https://nexoinmobiliario.pe/proyecto/venta-de-departamento-1976-simplicity-santiago-de-surco-lima-lima-akamai,https://e.nexoinmobiliario.pe/customers/akamai/1976-simplicity/departamentos-santiago-de-surco-690a7548d92e2_xm.jpg,Santiago De Surco,150140
SEMBRA INMOBILIARIA,https://e.nexoinmobiliario.pe/customers/sembra-inmobiliaria/logo-428-20241129155138.jpeg,INIZZIO,Entrega Inmediata,581570,Caminos del Inca 236,https://nexoinmobiliario.pe/proyecto/venta-de-departamento-2316-inizzio-santiago-de-surco-lima-lima-sembra-inmobiliaria,https://e.nexoinmobiliario.pe/customers/sembra-inmobiliaria/2316-inizzio/departamentos-santiago-de-surco-6679f6924ec02_xm.jpg,Santiago De Surco,150140
V&V GRUPO INMOBILIARIO,https://e.nexoinmobiliario.pe/customers/v-v-grupo-inmobiliario/logo-130-20231031163109.jpg,PASEO DE LA ARBOLEDA 6,Entrega Inmediata,381000,jr combate de angamos 542,https://nexoinmobiliario.pe/proyecto/venta-de-departamento-2361-paseo-de-la-arboleda-6-santiago-de-surco-lima-lima-v-v-grupo-inmobiliario,https://e.nexoinmobiliario.pe/customers/v-v-grupo-inmobiliario/2361-paseo-de-la-arboleda-4/departamentos-santiago-de-surco-652700377ef3d_xm.jpg,Santiago De Surco,150140
PAQARI INMOBILIARIA,https://e.nexoinmobiliario.pe/customers/paqari-inmobiliaria/logo-256-20250912115943.png,Samay,En Planos,242827,Av. Gral. Edmundo Aguilar Pastor 407,https://nexoinmobiliario.pe/proyecto/venta-de-departamento-2370-samay-santiago-de-surco-lima-lima-paqari-inmobiliaria,https://e.nexoinmobiliario.pe/customers/paqari-desarrollo-inmobiliario-sac/2370-samay/departamentos-santiago-de-surco-650c79591114f_xm.jpg,Santiago De Surco,150140
EE INMOBILIARIA,https://e.nexoinmobiliario.pe/customers/ee-inmobiliaria/logo-366-20250912122354.jpg,BALBOA,Entrega Inmediata,349000,"P.º de la Republica 6715, Santiago de Surco",https://nexoinmobiliario.pe/proyecto/venta-de-departamento-2378-balboa-santiago-de-surco-lima-lima-ee-inmobiliaria,https://e.nexoinmobiliario.pe/customers/espacios-y-estructuras-inmobiliarias-s-a-c/2378-balboa/departamentos-santiago-de-surco-689ca7cadfb1d_xm.jpg,Santiago De Surco,150140
VITAIN,https://e.nexoinmobiliario.pe/customers/vitain/logo-117-20250912113553.jpg,Edificio InTower,Entrega Inmediata,578096,Jiron Morro Solar 133,https://nexoinmobiliario.pe/proyecto/venta-de-departamento-2379-edificio-intower-santiago-de-surco-lima-lima-vitain,https://e.nexoinmobiliario.pe/customers/vitain/2379-edificio-intower/departamentos-santiago-de-surco-6904be75a4f3f_xm.jpg,Santiago De Surco,150140
AKAMAI,https://e.nexoinmobiliario.pe/customers/akamai/logo-388-20231027061810.jpg,BONGO CONDOMINIO,En Construcción,331800,"Peña Rivera 400, 15049  Surco - Santiago De Surco",https://nexoinmobiliario.pe/proyecto/venta-de-departamento-2387-bongo-condominio-santiago-de-surco-lima-lima-akamai,https://e.nexoinmobiliario.pe/customers/akamai/2387-bongo-condominio/departamentos-santiago-de-surco-690a635a1a8ad_xm.jpg,Santiago De Surco,150140
VERDANT INMOBILIARIA,https://e.nexoinmobiliario.pe/customers/verdant-inmobiliaria/logo-202-20241211103008.jpg,Seed Growing Home,Entrega Inmediata,745000,Jr. República de Líbano 173,https://nexoinmobiliario.pe/proyecto/venta-de-departamento-2451-seed-growing-home-santiago-de-surco-lima-lima-verdant-inmobiliaria,https://e.nexoinmobiliario.pe/customers/verdant-inmobiliaria/2451-seed-growing-home/departamentos-santiago-de-surco-682382159379e_xm.jpg,Santiago De Surco,150140
CISSAC,https://e.nexoinmobiliario.pe/customers/cissac/logo-19-20250912110843.jpg,CasaParq  Monterrico II,Entrega Inmediata,754000,Cruce de Cristobal de Peralta norte esquina con Jerónimo de Aliaga norte Chacarilla,https://nexoinmobiliario.pe/proyecto/venta-de-departamento-2475-casaparq-monterrico-ii-santiago-de-surco-lima-lima-cissac,https://e.nexoinmobiliario.pe/customers/corporacion-inmobiliaria-sudamericana-s-a-c/2475-casaparq-monterrico-ii/departamentos-santiago-de-surco-6706c769c0634_xm.jpg,Santiago De Surco,150140
TRIBECA INMOBILIARIA,https://e.nexoinmobiliario.pe/customers/tribeca-inmobiliaria/logo-469-20240117125307.png,HIGH LINE,En Construcción,444087,Av. Caminos del Inca 508 esquina con Jr. Cañón del Pato,https://nexoinmobiliario.pe/proyecto/venta-de-departamento-2706-high-line-santiago-de-surco-lima-lima-tribeca-inmobiliaria,https://e.nexoinmobiliario.pe/customers/tribeca-inmobiliaria/2706-high-line/departamentos-santiago-de-surco-67916261469ba_xm.jpg,Santiago De Surco,150140
EE INMOBILIARIA,https://e.nexoinmobiliario.pe/customers/ee-inmobiliaria/logo-366-20250912122354.jpg,Monte Real,Entrega Inmediata,970000,"Jr. Monte Real 265, Santiago de Surco, Lima",https://nexoinmobiliario.pe/proyecto/venta-de-departamento-2728-monte-real-santiago-de-surco-lima-lima-ee-inmobiliaria,https://e.nexoinmobiliario.pe/customers/espacios-y-estructuras-inmobiliarias-s-a-c/2728-monte-real/departamentos-santiago-de-surco-689ca8626e4c0_xm.jpg,Santiago De Surco,150140
XYZ INMOBILIARIA,https://e.nexoinmobiliario.pe/customers/xyz-inmobiliaria/logo-305-20231027061807.jpg,Tomasal 1074,Entrega Inmediata,790000,jirón Tomasal 1074 - Santiago de Surco,https://nexoinmobiliario.pe/proyecto/venta-de-departamento-2773-tomasal-1074-santiago-de-surco-lima-lima-xyz-inmobiliaria,https://e.nexoinmobiliario.pe/customers/xyz-inmobiliaria/2773-tomasal-1074/departamentos-santiago-de-surco-68efe09427497_xm.jpg,Santiago De Surco,150140
IFI INMOBILIARIA,https://e.nexoinmobiliario.pe/customers/ifi-inmobiliaria/logo-409-20250912123216.jpg,ZANTE,Entrega Inmediata,1038000,"Av. Paseo la Castellana 243, surco",https://nexoinmobiliario.pe/proyecto/venta-de-departamento-2794-zante-santiago-de-surco-lima-lima-ifi-inmobiliaria,https://e.nexoinmobiliario.pe/customers/ifi-inmobiliaria/2794-zante/departamentos-santiago-de-surco-68f7991577f7d_xm.jpg,Santiago De Surco,150140
V&V GRUPO INMOBILIARIO,https://e.nexoinmobiliario.pe/customers/v-v-grupo-inmobiliario/logo-130-20231031163109.jpg,DERBY 182,En Construcción,470000,Derby 182,https://nexoinmobiliario.pe/proyecto/venta-de-departamento-2800-derby-182-santiago-de-surco-lima-lima-v-v-grupo-inmobiliario,https://e.nexoinmobiliario.pe/customers/v-v-grupo-inmobiliario/2800-derby-182/departamentos-santiago-de-surco-67e311ca58bcf_xm.jpg,Santiago De Surco,150140
EE INMOBILIARIA,https://e.nexoinmobiliario.pe/customers/ee-inmobiliaria/logo-366-20250912122354.jpg,Castellana 173,Entrega Inmediata,1020000,Av. La Castellana 173,https://nexoinmobiliario.pe/proyecto/venta-de-departamento-3024-castellana-173-santiago-de-surco-lima-lima-ee-inmobiliaria,https://e.nexoinmobiliario.pe/customers/espacios-y-estructuras-inmobiliarias-s-a-c/3024-castellana-173/departamentos-santiago-de-surco-689ca96c0984b_xm.jpg,Santiago De Surco,150140
GRUPO T&C,https://e.nexoinmobiliario.pe/customers/grupo-t-c/logo-63-20251201094022.png,LOOK&FEEL - Etapa 2,En Construcción,393961,Av. Encalada 1344. Surco ,https://nexoinmobiliario.pe/proyecto/venta-de-departamento-3030-look-feel-etapa-2-santiago-de-surco-lima-lima-grupo-t-c,https://e.nexoinmobiliario.pe/customers/grupo-t-c/3030-look-feel-etapa-2/departamentos-santiago-de-surco-68b70ce6cecc2_xm.jpg,Santiago De Surco,150140
LA VENTUROSA,https://e.nexoinmobiliario.pe/customers/la-venturosa/logo-13-20250912110414.jpg,Condominio Villalegre,En Construcción,283288,Esquina Jiron Dextre con Calle Daniel Mendoza (A 1 cuadra del Parque Villa Alegre),https://nexoinmobiliario.pe/proyecto/venta-de-departamento-3203-condominio-villalegre-santiago-de-surco-lima-lima-la-venturosa,https://e.nexoinmobiliario.pe/customers/la-venturosa-sa/3203-condominio-villalegre/departamentos-santiago-de-surco-6643e7ae31c29_xm.jpg,Santiago De Surco,150140
INMOBILIARIA AYD,https://e.nexoinmobiliario.pe/customers/inmobiliaria-arquitectura-y-diseno/logo-352-20210622090007.png,Bartolomé Herrera 266,En Construcción,728160,Jiron bartolome herrera 266,https://nexoinmobiliario.pe/proyecto/venta-de-departamento-3204-bartolome-herrera-266-santiago-de-surco-lima-lima-inmobiliaria-ayd,https://e.nexoinmobiliario.pe/customers/inmobiliaria-arquitectura-y-diseno/3204-bartolome-herrera-266/departamentos-santiago-de-surco-691f23531aaa1_xm.jpg,Santiago De Surco,150140
ARQUIMIA,https://e.nexoinmobiliario.pe/customers/arquimia/logo-243-20231027061804.jpg,WOW,En Planos,468000,"Jr. Nicolás Rodrigo 250, Monterrico",https://nexoinmobiliario.pe/proyecto/venta-de-departamento-3236-wow-santiago-de-surco-lima-lima-arquimia,https://e.nexoinmobiliario.pe/customers/arquimia/3236-wow/departamentos-santiago-de-surco-67818f7957a62_xm.jpg,Santiago De Surco,150140
EE INMOBILIARIA,https://e.nexoinmobiliario.pe/customers/ee-inmobiliaria/logo-366-20250912122354.jpg,Parque El Rosal,Entrega Inmediata,470000,Jr. Juan Santos Atahualpa 150,https://nexoinmobiliario.pe/proyecto/venta-de-departamento-3260-parque-el-rosal-santiago-de-surco-lima-lima-ee-inmobiliaria,https://e.nexoinmobiliario.pe/customers/espacios-y-estructuras-inmobiliarias-s-a-c/3260-parque-el-rosal/departamentos-santiago-de-surco-689bb9127dc2c_xm.jpg,Santiago De Surco,150140
SEMBRA INMOBILIARIA,https://e.nexoinmobiliario.pe/customers/sembra-inmobiliaria/logo-428-20241129155138.jpeg,Irigoyen 128,En Construcción,554515,Pedro Irigoyen 128,https://nexoinmobiliario.pe/proyecto/venta-de-departamento-3281-irigoyen-128-santiago-de-surco-lima-lima-sembra-inmobiliaria,https://e.nexoinmobiliario.pe/customers/sembra-inmobiliaria/3281-irgoyen-128/departamentos-santiago-de-surco-65e5dc12b4626_xm.jpg,Santiago De Surco,150140
REDBAY INMOBILIARIA,https://e.nexoinmobiliario.pe/customers/redbay-inmobiliaria/logo-470-20231027061813.jpg,BESIDE,En Construcción,338900,"Av. El Polo 828, Santiago de Surco",https://nexoinmobiliario.pe/proyecto/venta-de-departamento-3330-beside-santiago-de-surco-lima-lima-redbay-inmobiliaria,https://e.nexoinmobiliario.pe/customers/redbay-inmobiliaria/3330-beside/departamentos-santiago-de-surco-6834d82340e76_xm.jpg,Santiago De Surco,150140
EE INMOBILIARIA,https://e.nexoinmobiliario.pe/customers/ee-inmobiliaria/logo-366-20250912122354.jpg,Samoa,En Construcción,677100, Jr. Batalla de San Juan N° 780,https://nexoinmobiliario.pe/proyecto/venta-de-departamento-3357-samoa-santiago-de-surco-lima-lima-ee-inmobiliaria,https://e.nexoinmobiliario.pe/customers/ee-inmobiliaria/3357-samoa/departamentos-santiago-de-surco-690eb46a71b0f_xm.jpg,Santiago De Surco,150140
EE INMOBILIARIA,https://e.nexoinmobiliario.pe/customers/ee-inmobiliaria/logo-366-20250912122354.jpg,Central Home Chacarilla,En Construcción,395000,Jr. Monterrey 319,https://nexoinmobiliario.pe/proyecto/venta-de-departamento-3358-central-home-chacarilla-santiago-de-surco-lima-lima-ee-inmobiliaria,https://e.nexoinmobiliario.pe/customers/espacios-y-estructuras-inmobiliarias-s-a-c/3358-central-home-chacarilla/departamentos-santiago-de-surco-66fb07c346afd_xm.jpg,Santiago De Surco,150140
MADRID INMOBILIARIA,https://e.nexoinmobiliario.pe/customers/madrid-inmobiliaria/logo-61-20250912112211.jpg,Serenity,En Construcción,796000,Jr. El Cascajal 206 ,https://nexoinmobiliario.pe/proyecto/venta-de-departamento-3405-serenity-santiago-de-surco-lima-lima-madrid-inmobiliaria,https://e.nexoinmobiliario.pe/customers/madrid-ingenieros/3405-serenity/departamentos-santiago-de-surco-680bc8d0886b7_xm.jpg,Santiago De Surco,150140
FORTEM GESTORA INMOBILIARIA,https://e.nexoinmobiliario.pe/customers/fortem-gestora-inmobiliaria/logo-549-20251009183824.png,GLAM,En Construcción,395580,"Av. Club Golf Los Incas 407, Surco",https://nexoinmobiliario.pe/proyecto/venta-de-departamento-3410-glam-santiago-de-surco-lima-lima-fortem-gestora-inmobiliaria,https://e.nexoinmobiliario.pe/customers/fortem-gestora-inmobiliaria/3410-glam/departamentos-santiago-de-surco-68f90fc7c196b_xm.jpg,Santiago De Surco,150140
CONSTRUCTORA ATLAS,https://e.nexoinmobiliario.pe/customers/constructora-atlas/logo-550-20240726115049.png,LAS DOÑAS,Entrega Inmediata,766944,jr doña catalina 351 357,https://nexoinmobiliario.pe/proyecto/venta-de-departamento-3411-las-donas-santiago-de-surco-lima-lima-constructora-atlas,https://e.nexoinmobiliario.pe/customers/constructora-atlas/3411-las-donas/departamentos-santiago-de-surco-686813c83b698_xm.jpg,Santiago De Surco,150140
FORTEM GESTORA INMOBILIARIA,https://e.nexoinmobiliario.pe/customers/fortem-gestora-inmobiliaria/logo-549-20251009183824.png,VIA CADIZ,En Construcción,677255, Jirón El Cádiz 291,https://nexoinmobiliario.pe/proyecto/venta-de-departamento-3412-via-cadiz-santiago-de-surco-lima-lima-fortem-gestora-inmobiliaria,https://e.nexoinmobiliario.pe/customers/fortem-gestora-inmobiliaria/3412-via-cadiz/departamentos-santiago-de-surco-68dea12a35364_xm.jpg,Santiago De Surco,150140
IMAGINA,https://e.nexoinmobiliario.pe/customers/imagina/logo-186-20250912114720.jpg,Concepto Unity Park,En Planos,373772,Avenida caminos del inca 2090,https://nexoinmobiliario.pe/proyecto/venta-de-departamento-3413-concepto-unity-park-santiago-de-surco-lima-lima-imagina,https://e.nexoinmobiliario.pe/customers/inversiones-inmobiliarias-del-peru-s-a/3413-concepto-unity-park/departamentos-santiago-de-surco-67ed6dc8d0da9_xm.jpg,Santiago De Surco,150140
ENACORP,https://e.nexoinmobiliario.pe/customers/enacorp/logo-171-20231027061802.jpg,AZUL CONDOMINIO,En Construcción,390000,"Peña Rivera 400, 15049",https://nexoinmobiliario.pe/proyecto/venta-de-departamento-3430-azul-condominio-santiago-de-surco-lima-lima-enacorp,https://e.nexoinmobiliario.pe/customers/enacorp/3430-azul-condominio/departamentos-santiago-de-surco-68701c8e63e7d_xm.jpg,Santiago De Surco,150140
CONFORTA INMOBILIARIA,https://e.nexoinmobiliario.pe/customers/conforta-inmobiliaria/logo-372-20250912122600.jpg,Arcadia,En Planos,796273,Calle fortaleza de paramonga 239 surco,https://nexoinmobiliario.pe/proyecto/venta-de-departamento-3451-arcadia-santiago-de-surco-lima-lima-conforta-inmobiliaria,https://e.nexoinmobiliario.pe/customers/desarrolla-consultora-inmobiliaria-sac/3451-amara/departamentos-santiago-de-surco-66ccf77f818a8_xm.jpg,Santiago De Surco,150140
CONFORTA INMOBILIARIA,https://e.nexoinmobiliario.pe/customers/conforta-inmobiliaria/logo-372-20250912122600.jpg,Bosco,En Construcción,545346,calle Miguel Aljovin 850 - 854 Surco,https://nexoinmobiliario.pe/proyecto/venta-de-departamento-3456-bosco-santiago-de-surco-lima-lima-conforta-inmobiliaria,https://e.nexoinmobiliario.pe/customers/desarrolla-consultora-inmobiliaria-sac/3456-bosco/departamentos-santiago-de-surco-66d76de73976a_xm.jpg,Santiago De Surco,150140
CISSAC,https://e.nexoinmobiliario.pe/customers/cissac/logo-19-20250912110843.jpg,Casaparq Monterrico III - View,En Construcción,499000,Cruce de Cristobal de Peralta norte esquina con Jerónimo de Aliaga norte Chacarilla,https://nexoinmobiliario.pe/proyecto/venta-de-departamento-3464-casaparq-monterrico-iii-view-santiago-de-surco-lima-lima-cissac,https://e.nexoinmobiliario.pe/customers/corporacion-inmobiliaria-sudamericana-s-a-c/3464-casaparq-monterrico-iii-view/departamentos-santiago-de-surco-6706d03938d3a_xm.jpg,Santiago De Surco,150140
MAKE INMOBILIARIA,https://e.nexoinmobiliario.pe/customers/make-inmobiliaria/logo-557-20240911114102.png,MONTE SIERPE,En Construcción,785000,Calle Monte sierpe 106,https://nexoinmobiliario.pe/proyecto/venta-de-departamento-3477-monte-sierpe-santiago-de-surco-lima-lima-make-inmobiliaria,https://e.nexoinmobiliario.pe/customers/make-inmobiliaria/3477-monte-sierpe/departamentos-santiago-de-surco-691509a8e6b5f_xm.jpg,Santiago De Surco,150140
INMOBILIARIA HUANWIL,https://e.nexoinmobiliario.pe/customers/inmobiliaria-huanwil/logo-558-20250912124627.png,MORE,En Planos,466671,"Av. Circunvalación del Golf los Incas 170, Santiago de Surco 15023",https://nexoinmobiliario.pe/proyecto/venta-de-departamento-3480-more-santiago-de-surco-lima-lima-inmobiliaria-huanwil,https://e.nexoinmobiliario.pe/customers/inmobiliaria-huanwil/3480-more/departamentos-santiago-de-surco-692a201fc5ba8_xm.jpg,Santiago De Surco,150140
GRUPO CHACARILLA SUR,https://e.nexoinmobiliario.pe/customers/grupo-chacarilla-sur/logo-478-20240207131648.jpg,GARDEN HOMES,En Construcción,557205,Jiron Madreselva 267,https://nexoinmobiliario.pe/proyecto/venta-de-departamento-3481-garden-homes-santiago-de-surco-lima-lima-grupo-chacarilla-sur,https://e.nexoinmobiliario.pe/customers/grupo-chacarilla-sur/3481-garden-homes/departamentos-santiago-de-surco-684315ea3e6c5_xm.jpg,Santiago De Surco,150140
DOMUN INMOBILIARIA,https://e.nexoinmobiliario.pe/customers/domun-inmobiliaria/logo-555-20250925103625.jpg,Parque Gardenias 2,En Construcción,599000, Jr. Los Alguaciles 126 - 136,https://nexoinmobiliario.pe/proyecto/venta-de-departamento-3489-parque-gardenias-2-santiago-de-surco-lima-lima-domun-inmobiliaria,https://e.nexoinmobiliario.pe/customers/domun-inmobiliaria/3489-parque-gardenias-2/departamentos-santiago-de-surco-68ed3a3a97b31_xm.jpg,Santiago De Surco,150140
URBALIMA,https://e.nexoinmobiliario.pe/customers/urbalima/logo-439-20231027061811.jpg,ASCEND,En Construcción,296000,Marginal de la Selva 110,https://nexoinmobiliario.pe/proyecto/venta-de-departamento-3511-ascend-santiago-de-surco-lima-lima-urbalima,https://e.nexoinmobiliario.pe/customers/urbalima/3511-ascend/departamentos-santiago-de-surco-68bf194b895fe_xm.jpg,Santiago De Surco,150140
QUARK GRUPO INMOBILIARIO,https://e.nexoinmobiliario.pe/customers/quark-grupo-inmobiliario/logo-10-20250912105831.png,Aliaga 491,En Construcción,579000,Jirón Jerónimo de Aliaga Sur 491,https://nexoinmobiliario.pe/proyecto/venta-de-departamento-3525-aliaga-491-santiago-de-surco-lima-lima-quark-grupo-inmobiliario,https://e.nexoinmobiliario.pe/customers/ingocasa/3525-aliaga-491/departamentos-santiago-de-surco-6713f12beed42_xm.jpg,Santiago De Surco,150140
CONSTRUCTORA ATLAS,https://e.nexoinmobiliario.pe/customers/constructora-atlas/logo-550-20240726115049.png,KENKO II,En Construcción,542951,jr kenko 300 ,https://nexoinmobiliario.pe/proyecto/venta-de-departamento-3534-kenko-ii-santiago-de-surco-lima-lima-constructora-atlas,https://e.nexoinmobiliario.pe/customers/constructora-atlas/3534-kenko-ii/departamentos-santiago-de-surco-68681445236e4_xm.jpg,Santiago De Surco,150140
EE INMOBILIARIA,https://e.nexoinmobiliario.pe/customers/ee-inmobiliaria/logo-366-20250912122354.jpg,Navarra 360,En Construcción,569000,"Jirón Navarra 360, Surco ",https://nexoinmobiliario.pe/proyecto/venta-de-departamento-3540-navarra-360-santiago-de-surco-lima-lima-ee-inmobiliaria,https://e.nexoinmobiliario.pe/customers/espacios-y-estructuras-inmobiliarias-s-a-c/3540-navarra-360/departamentos-santiago-de-surco-684cb1e0c76b9_xm.jpg,Santiago De Surco,150140
AVENIR GRUPO INMOBILIARIO,https://e.nexoinmobiliario.pe/customers/avenir-grupo-inmobiliario/logo-74-20231027061800.jpg,PARKVIEW,En Planos,450000,Jirón Manuel Herrera Pomareda 240,https://nexoinmobiliario.pe/proyecto/venta-de-departamento-3553-parkview-santiago-de-surco-lima-lima-avenir-grupo-inmobiliario,https://e.nexoinmobiliario.pe/customers/avenir-grupo-inmobiliario/3553-parkview/departamentos-santiago-de-surco-68f018e52e44e_xm.jpg,Santiago De Surco,150140
GRUPO CHACARILLA SUR,https://e.nexoinmobiliario.pe/customers/grupo-chacarilla-sur/logo-478-20240207131648.jpg,Precursores 525,En Construcción,655138,Precursores 525,https://nexoinmobiliario.pe/proyecto/venta-de-departamento-3562-precursores-525-santiago-de-surco-lima-lima-grupo-chacarilla-sur,https://e.nexoinmobiliario.pe/customers/grupo-chacarilla-sur/3562-precursores-525/departamentos-santiago-de-surco-67926bc9d38d8_xm.jpg,Santiago De Surco,150140
TER INMOBILIARIA,https://e.nexoinmobiliario.pe/customers/ter-inmobiliaria/logo-393-20231027061810.jpg,PACIFICO 299,En Construcción,709385,Calle Mar Caribe 188,https://nexoinmobiliario.pe/proyecto/venta-de-departamento-3595-pacifico-299-santiago-de-surco-lima-lima-ter-inmobiliaria,https://e.nexoinmobiliario.pe/customers/ter-inmobiliaria/3595-pacifico-299/departamentos-santiago-de-surco-68d1b408be977_xm.jpg,Santiago De Surco,150140
SEMBRA INMOBILIARIA,https://e.nexoinmobiliario.pe/customers/sembra-inmobiliaria/logo-428-20241129155138.jpeg,Inspira 2,En Planos,460017,C. Batallón Concepción 131,https://nexoinmobiliario.pe/proyecto/venta-de-departamento-3598-inspira-2-santiago-de-surco-lima-lima-sembra-inmobiliaria,https://e.nexoinmobiliario.pe/customers/sembra-inmobiliaria/3598-inspira/departamentos-santiago-de-surco-6741108b10286_xm.jpg,Santiago De Surco,150140
DOMUN INMOBILIARIA,https://e.nexoinmobiliario.pe/customers/domun-inmobiliaria/logo-555-20250925103625.jpg,Milano Park,En Construcción,703000,"Calle Victorio Mosto 123, Santiago de surco",https://nexoinmobiliario.pe/proyecto/venta-de-departamento-3604-milano-park-santiago-de-surco-lima-lima-domun-inmobiliaria,https://e.nexoinmobiliario.pe/customers/domun-inmobiliaria/3604-milano-park/departamentos-santiago-de-surco-68ee71793b3b8_xm.jpg,Santiago De Surco,150140
PISONAY INMOBILIARIA,https://e.nexoinmobiliario.pe/customers/pisonay-inmobiliaria/logo-441-20250912123645.jpg,HELIANA,En Construcción,825075," Jr. Manuel Vicente Villarán 208 Surco Lima, Perú",https://nexoinmobiliario.pe/proyecto/venta-de-departamento-3612-heliana-santiago-de-surco-lima-lima-pisonay-inmobiliaria,https://e.nexoinmobiliario.pe/customers/pisonay-inmobiliaria/3612-heliana/departamentos-santiago-de-surco-6903f4412b858_xm.jpg,Santiago De Surco,150140
AKAMAI,https://e.nexoinmobiliario.pe/customers/akamai/logo-388-20231027061810.jpg,Simpli Life,En Planos,402970,Manuel Olguin 485,https://nexoinmobiliario.pe/proyecto/venta-de-departamento-3620-simpli-life-santiago-de-surco-lima-lima-akamai,https://e.nexoinmobiliario.pe/customers/akamai/3620-simpli-life/departamentos-santiago-de-surco-67e1c83a9af00_xm.jpg,Santiago De Surco,150140
2K INMOBILIARIA,https://e.nexoinmobiliario.pe/customers/2k-inmobiliaria/logo-530-20240221151250.jpg,INGENIEROS 943,En Planos,489665,AV. INGENIEROS 943 SURCO PERU,https://nexoinmobiliario.pe/proyecto/venta-de-departamento-3627-ingenieros-943-santiago-de-surco-lima-lima-2k-inmobiliaria,https://e.nexoinmobiliario.pe/customers/2k-inmobiliaria/3627-ingenieros-943/departamentos-santiago-de-surco-676acf7269fb1_xm.jpg,Santiago De Surco,150140
EE INMOBILIARIA,https://e.nexoinmobiliario.pe/customers/ee-inmobiliaria/logo-366-20250912122354.jpg,TEN Apartments,En Planos,415371,"Av. Reynaldo Vivanco 531, Surco",https://nexoinmobiliario.pe/proyecto/venta-de-departamento-3631-ten-apartments-santiago-de-surco-lima-lima-ee-inmobiliaria,https://e.nexoinmobiliario.pe/customers/espacios-y-estructuras-inmobiliarias-s-a-c/3631-ten/departamentos-santiago-de-surco-678ed080eabe6_xm.jpg,Santiago De Surco,150140
CREARTE INMOBILIARIA,https://e.nexoinmobiliario.pe/customers/crearte-inmobiliaria/logo-457-20240626144926.jpg,Residencial Vivanco 478,En Planos,702416,Av. Reynaldo Vivanco 478,https://nexoinmobiliario.pe/proyecto/venta-de-departamento-3656-residencial-vivanco-478-santiago-de-surco-lima-lima-crearte-inmobiliaria,https://e.nexoinmobiliario.pe/customers/crearte-inmobiliaria/3656-residencial-vivanco-478/departamentos-santiago-de-surco-67a1410304037_xm.jpg,Santiago De Surco,150140
ABRIL GRUPO INMOBILIARIO,https://e.nexoinmobiliario.pe/customers/abril-grupo-inmobiliario-ft/logo-426-20250411103938.png,KAVA,En Planos,437723,Jr. Santorín 175,https://nexoinmobiliario.pe/proyecto/venta-de-departamento-3659-kava-santiago-de-surco-lima-lima-abril-grupo-inmobiliario,https://e.nexoinmobiliario.pe/customers/abril-grupo-inmobiliario-ft/3659-kava/departamentos-santiago-de-surco-68eb1440e2591_xm.jpg,Santiago De Surco,150140
CONSTRUCTORA FRAMAN,https://e.nexoinmobiliario.pe/customers/constructora-framan/logo-489-20250226143559.png,Caminos 1570,En Construcción,372000,av caminos del inca 1570,https://nexoinmobiliario.pe/proyecto/venta-de-departamento-3675-caminos-1570-santiago-de-surco-lima-lima-constructora-framan,https://e.nexoinmobiliario.pe/customers/constructora-framan/3675-caminos-1570/departamentos-santiago-de-surco-687e5cc41f799_xm.jpg,Santiago De Surco,150140
BALANCE GRUPO INMOBILIARIO,https://e.nexoinmobiliario.pe/customers/balance-grupo-inmobiliario/logo-304-20231027061807.jpg,Monte Carmelo 551,En Construcción,799600,Jirón Monte carmelo 551,https://nexoinmobiliario.pe/proyecto/venta-de-departamento-3722-monte-carmelo-551-santiago-de-surco-lima-lima-balance-grupo-inmobiliario,https://e.nexoinmobiliario.pe/customers/balance-grupo-inmobiliario/3722-monte-carmelo-551/departamentos-santiago-de-surco-688a8e2e8a21a_xm.jpg,Santiago De Surco,150140
TECTONICA GRUPO INMOBILIARIO,https://e.nexoinmobiliario.pe/customers/tectonica-grupo-inmobiliario/logo-486-20231027061814.jpg,ELITE 14,En Planos,679000,Jacarandá 712 -716 Surco,https://nexoinmobiliario.pe/proyecto/venta-de-departamento-3752-elite-14-santiago-de-surco-lima-lima-tectonica-grupo-inmobiliario,https://e.nexoinmobiliario.pe/customers/tectonica-grupo-inmobiliario/3752-elite-14/departamentos-santiago-de-surco-67e0a81ea49f1_xm.jpg,Santiago De Surco,150140
CP BUILDING,https://e.nexoinmobiliario.pe/customers/cp-building/logo-459-20250912123456.jpg,EDIFICIO EL MOLINO,En Construcción,728000,Calle Salaverry 170,https://nexoinmobiliario.pe/proyecto/venta-de-departamento-3768-edificio-el-molino-santiago-de-surco-lima-lima-cp-building,https://e.nexoinmobiliario.pe/customers/cp-building-sac/3768-edificio-el-molino/departamentos-santiago-de-surco-683fcb2961075_xm.jpg,Santiago De Surco,150140
CENTRAL INMOBILIARIA,https://e.nexoinmobiliario.pe/customers/central-inmobiliaria/logo-545-20250912122234.jpg,JARDINES DE MONTE REAL,En Construcción,563000,Jr. Monte Real 496,https://nexoinmobiliario.pe/proyecto/venta-de-departamento-3770-jardines-de-monte-real-santiago-de-surco-lima-lima-central-inmobiliaria,https://e.nexoinmobiliario.pe/customers/central-inmobiliaria/3770-jardines-de-monte-real/departamentos-santiago-de-surco-6914fd55ed974_xm.jpg,Santiago De Surco,150140
VIVANS INMOBILIARIA,https://e.nexoinmobiliario.pe/customers/vivans-inmobiliaria/logo-516-20250129150022.jpg,GREEN NOVA,En Planos,466400,"Jr. El Polo 354, Santiago de Surco",https://nexoinmobiliario.pe/proyecto/venta-de-departamento-3794-green-nova-santiago-de-surco-lima-lima-vivans-inmobiliaria,https://e.nexoinmobiliario.pe/customers/vivans-inmobiliaria/3794-green-nova/departamentos-santiago-de-surco-6808fd9e0778f_xm.jpg,Santiago De Surco,150140
EE INMOBILIARIA,https://e.nexoinmobiliario.pe/customers/ee-inmobiliaria/logo-366-20250912122354.jpg,Floresta Living 444,En Construcción,648000,Av. De La Floresta 442,https://nexoinmobiliario.pe/proyecto/venta-de-departamento-3795-floresta-living-444-santiago-de-surco-lima-lima-ee-inmobiliaria,https://e.nexoinmobiliario.pe/customers/espacios-y-estructuras-inmobiliarias-s-a-c/3795-floresta-living-444/departamentos-santiago-de-surco-689cab17da8dc_xm.jpg,Santiago De Surco,150140
EE INMOBILIARIA,https://e.nexoinmobiliario.pe/customers/ee-inmobiliaria/logo-366-20250912122354.jpg,Castello,En Planos,625000,Jirón Pisac 314 - Santiago de Surco,https://nexoinmobiliario.pe/proyecto/venta-de-departamento-3804-castello-santiago-de-surco-lima-lima-ee-inmobiliaria,https://e.nexoinmobiliario.pe/customers/espacios-y-estructuras-inmobiliarias-s-a-c/3804-castello/departamentos-santiago-de-surco-689a16a42bf74_xm.jpg,Santiago De Surco,150140
GRUPO T&C,https://e.nexoinmobiliario.pe/customers/grupo-t-c/logo-63-20251201094022.png,HUB ENCALADA,En Planos,338461,Av. Encalada 1344. Surco ,https://nexoinmobiliario.pe/proyecto/venta-de-departamento-3805-hub-encalada-santiago-de-surco-lima-lima-grupo-t-c,https://e.nexoinmobiliario.pe/customers/grupo-t-c/3805-hub-encalada/departamentos-santiago-de-surco-68a8e34ba8d81_xm.jpg,Santiago De Surco,150140
EE INMOBILIARIA,https://e.nexoinmobiliario.pe/customers/ee-inmobiliaria/logo-366-20250912122354.jpg,Vista Park,En Planos,515000,Calle Fernando Castrat # 496,https://nexoinmobiliario.pe/proyecto/venta-de-departamento-3817-vista-park-santiago-de-surco-lima-lima-ee-inmobiliaria,https://e.nexoinmobiliario.pe/customers/espacios-y-estructuras-inmobiliarias-s-a-c/3817-vista-park/departamentos-santiago-de-surco-682cf112458a7_xm.jpg,Santiago De Surco,150140
CISSAC,https://e.nexoinmobiliario.pe/customers/cissac/logo-19-20250912110843.jpg,Casaparq Monterrico - IV,En Planos,331840,Jr. Jerónimo de Aliaga Norte 505,https://nexoinmobiliario.pe/proyecto/venta-de-departamento-3819-casaparq-monterrico-iv-santiago-de-surco-lima-lima-cissac,https://e.nexoinmobiliario.pe/customers/corporacion-inmobiliaria-sudamericana-s-a-c/3819-casaparq-monterrico-iv/departamentos-santiago-de-surco-685c259680f51_xm.jpg,Santiago De Surco,150140
QUATRO INMOBILIARIA,https://e.nexoinmobiliario.pe/customers/quatro-inmobiliaria/logo-27-20250912111202.jpg,BIO 430,En Planos,531854,"Jirón Tambo Real 430, Santiago de Surco 15023",https://nexoinmobiliario.pe/proyecto/venta-de-departamento-3826-bio-430-santiago-de-surco-lima-lima-quatro-inmobiliaria,https://e.nexoinmobiliario.pe/customers/quatro-inmobiliaria/3826-bio-430/departamentos-santiago-de-surco-6925ba25d4363_xm.jpg,Santiago De Surco,150140
NEXO INGENIERÍA,https://e.nexoinmobiliario.pe/customers/nexo-ingenieria/logo-584-20250609125913.jpg,Ávila Park,En Planos,862000,"CALLE SEGOVIA 156, URB.HIGUERETA SURCO",https://nexoinmobiliario.pe/proyecto/venta-de-departamento-3842-avila-park-santiago-de-surco-lima-lima-nexo-ingeniería,https://e.nexoinmobiliario.pe/customers/nexo-ingenieria/3842-avila-park/departamentos-santiago-de-surco-6849a30ca98a9_xm.jpg,Santiago De Surco,150140
FCM CONSTRUCCIONES,https://e.nexoinmobiliario.pe/customers/fcm-construcciones/logo-383-20231027061809.jpg,AZARA,En Planos,725519,"Jirón Batallón Libres de Trujillo 136, surco ",https://nexoinmobiliario.pe/proyecto/venta-de-departamento-3874-azara-santiago-de-surco-lima-lima-fcm-construcciones,https://e.nexoinmobiliario.pe/customers/fcm-construcciones/3874-azara/departamentos-santiago-de-surco-68b8b653710ca_xm.jpg,Santiago De Surco,150140
FORTEM GESTORA INMOBILIARIA,https://e.nexoinmobiliario.pe/customers/fortem-gestora-inmobiliaria/logo-549-20251009183824.png,CEDROS PARK,En Planos,334052,"Jiron los lanceros 152, Surco",https://nexoinmobiliario.pe/proyecto/venta-de-departamento-3877-cedros-park-santiago-de-surco-lima-lima-fortem-gestora-inmobiliaria,https://e.nexoinmobiliario.pe/customers/fortem-gestora-inmobiliaria/3877-cedros-park/departamentos-santiago-de-surco-68deb0d08b65b_xm.jpg,Santiago De Surco,150140
LIBRE INMOBILIARIA,https://e.nexoinmobiliario.pe/customers/libre-inmobiliaria/logo-407-20231027061810.jpg,Pasaje 118 Surco,En Planos,211635,Pasaje Los Aquijes 118 Surco,https://nexoinmobiliario.pe/proyecto/venta-de-departamento-3904-pasaje-118-surco-santiago-de-surco-lima-lima-libre-inmobiliaria,https://e.nexoinmobiliario.pe/customers/libre-inmobiliaria/3904-pasaje-118-surco/departamentos-santiago-de-surco-68c04aaaf0322_xm.jpg,Santiago De Surco,150140
CONFORTA INMOBILIARIA,https://e.nexoinmobiliario.pe/customers/conforta-inmobiliaria/logo-372-20250912122600.jpg,Numa,En Planos,326378,AUGUSTO WIESSE N° 874 SANTIAGO DE SURCO,https://nexoinmobiliario.pe/proyecto/venta-de-departamento-3918-numa-santiago-de-surco-lima-lima-conforta-inmobiliaria,https://e.nexoinmobiliario.pe/customers/desarrolla-consultora-inmobiliaria-sac/3918-numa/departamentos-santiago-de-surco-68bf3053cbfd1_xm.jpg,Santiago De Surco,150140
EE INMOBILIARIA,https://e.nexoinmobiliario.pe/customers/ee-inmobiliaria/logo-366-20250912122354.jpg,Málaga 257,En Planos,699000,Jirón Málaga 257,https://nexoinmobiliario.pe/proyecto/venta-de-departamento-3923-malaga-257-santiago-de-surco-lima-lima-ee-inmobiliaria,https://e.nexoinmobiliario.pe/customers/espacios-y-estructuras-inmobiliarias-s-a-c/3923-malaga-257/departamentos-santiago-de-surco-68c05d7c9c22d_xm.jpg,Santiago De Surco,150140
DECAL INMOBILIARIA,https://e.nexoinmobiliario.pe/customers/decal-properties-s-a-c/logo-324-20250912130700.jpg,MIAMI,En Planos,412669,"Calle Batallón Concepción 211, Urb. Santa Teresa, Santiago de Surco.",https://nexoinmobiliario.pe/proyecto/venta-de-departamento-3947-miami-santiago-de-surco-lima-lima-decal-inmobiliaria,https://e.nexoinmobiliario.pe/customers/decal-properties-s-a-c/3947-miami/departamentos-santiago-de-surco-68e449cdbb598_xm.jpg,Santiago De Surco,150140
EE INMOBILIARIA,https://e.nexoinmobiliario.pe/customers/ee-inmobiliaria/logo-366-20250912122354.jpg,Velasco Astete,En Planos,409000,"Av. Velasco Astete 1981 , Santiago de Surco",https://nexoinmobiliario.pe/proyecto/venta-de-departamento-3955-velasco-astete-santiago-de-surco-lima-lima-ee-inmobiliaria,https://e.nexoinmobiliario.pe/customers/ee-inmobiliaria/3955-velasco-astete/departamentos-santiago-de-surco-690e5b3728e8c_xm.jpg,Santiago De Surco,150140
EE INMOBILIARIA,https://e.nexoinmobiliario.pe/customers/ee-inmobiliaria/logo-366-20250912122354.jpg,Bosquia Living,En Planos,685572,C. Victorio Mosto 355,https://nexoinmobiliario.pe/proyecto/venta-de-departamento-3968-bosquia-living-santiago-de-surco-lima-lima-ee-inmobiliaria,https://e.nexoinmobiliario.pe/customers/ee-inmobiliaria/3968-bosquia-living/departamentos-santiago-de-surco-68f2bc56b7281_xm.jpg,Santiago De Surco,150140
EE INMOBILIARIA,https://e.nexoinmobiliario.pe/customers/ee-inmobiliaria/logo-366-20250912122354.jpg,Essenza 117,En Planos,479000,Jr. José Sabogal 117,https://nexoinmobiliario.pe/proyecto/venta-de-departamento-3973-essenza-117-santiago-de-surco-lima-lima-ee-inmobiliaria,https://e.nexoinmobiliario.pe/customers/ee-inmobiliaria/3973-essenza-117/departamentos-santiago-de-surco-68fbd7adcd098_xm.jpg,Santiago De Surco,150140
EE INMOBILIARIA,https://e.nexoinmobiliario.pe/customers/ee-inmobiliaria/logo-366-20250912122354.jpg,Parque Martinelli,En Planos,553000,Jirón Fernando Castrat 723,https://nexoinmobiliario.pe/proyecto/venta-de-departamento-3995-parque-martinelli-santiago-de-surco-lima-lima-ee-inmobiliaria,https://e.nexoinmobiliario.pe/customers/ee-inmobiliaria/3995-parque-martinelli/departamentos-santiago-de-surco-69288bcbaad3a_xm.jpg,Santiago De Surco,150140
CP BUILDING,https://e.nexoinmobiliario.pe/customers/cp-building/logo-459-20250912123456.jpg,RDC 525 - SURCO,En Planos,707000,jiron bartolome de las casas 525,https://nexoinmobiliario.pe/proyecto/venta-de-departamento-4001-rdc-525-surco-santiago-de-surco-lima-lima-cp-building,https://e.nexoinmobiliario.pe/customers/cp-building/4001-rdc-525-surco/departamentos-santiago-de-surco-691626d7b7d0f_xm.jpg,Santiago De Surco,150140
EE INMOBILIARIA,https://e.nexoinmobiliario.pe/customers/ee-inmobiliaria/logo-366-20250912122354.jpg,MONTELIER,En Planos,435000,Av. Don Diego de Día 419,https://nexoinmobiliario.pe/proyecto/venta-de-departamento-4004-montelier-santiago-de-surco-lima-lima-ee-inmobiliaria,https://e.nexoinmobiliario.pe/customers/ee-inmobiliaria/4004-montelier/departamentos-santiago-de-surco-691b8d75e8b4f_xm.jpg,Santiago De Surco,150140
DOMUN INMOBILIARIA,https://e.nexoinmobiliario.pe/customers/domun-inmobiliaria/logo-555-20250925103625.jpg,Residencial Verona,En Planos,450000,Calle Alfredo Franco 282,https://nexoinmobiliario.pe/proyecto/venta-de-departamento-4029-residencial-verona-santiago-de-surco-lima-lima-domun-inmobiliaria,https://e.nexoinmobiliario.pe/customers/domun-inmobiliaria/4029-residencial-verona/departamentos-santiago-de-surco-6913d9a08d852_xm.jpg,Santiago De Surco,150140
Beeyond Grupo Inmobiliario,https://e.nexoinmobiliario.pe/customers/beeline-s-a-c/logo-598-20251107152730.jpg,ALBORADA LIVING,En Construcción,679000,Calle Alameda del Sereno 200,https://nexoinmobiliario.pe/proyecto/venta-de-departamento-4030-alborada-living-santiago-de-surco-lima-lima-beeyond-grupo-inmobiliario,https://e.nexoinmobiliario.pe/customers/beeline-s-a-c/4030-alborada-living/departamentos-santiago-de-surco-69126e3b2c4e4_xm.jpg,Santiago De Surco,150140
TER INMOBILIARIA,https://e.nexoinmobiliario.pe/customers/ter-inmobiliaria/logo-393-20231027061810.jpg,MORAR,Entrega Inmediata,390000,Av. Tomas Marsano 2253,https://nexoinmobiliario.pe/proyecto/venta-de-departamento-2241-morar-surquillo-lima-lima-ter-inmobiliaria,https://e.nexoinmobiliario.pe/customers/ter-inmobiliaria/2241-morar/departamentos-surquillo-6908c2243a390_xm.jpg,Surquillo,150141
REAL INMOBILIARIA,https://e.nexoinmobiliario.pe/customers/real-inmobiliaria/logo-288-20250912120529.jpeg,MATE,Entrega Inmediata,348124,Av. Principal 499,https://nexoinmobiliario.pe/proyecto/venta-de-departamento-2313-mate-surquillo-lima-lima-real-inmobiliaria,https://e.nexoinmobiliario.pe/customers/real-edificaciones-sac/2313-mate/departamentos-surquillo-68c43055f32d3_xm.jpg,Surquillo,150141
LA VENTUROSA,https://e.nexoinmobiliario.pe/customers/la-venturosa/logo-13-20250912110414.jpg,Edificio Altaurora,Entrega Inmediata,383230,Tomas marsano 1921,https://nexoinmobiliario.pe/proyecto/venta-de-departamento-2385-edificio-altaurora-surquillo-lima-lima-la-venturosa,https://e.nexoinmobiliario.pe/customers/la-venturosa-sa/2385-edificio-altaurora/departamentos-surquillo-676dac04b6311_xm.jpg,Surquillo,150141
GREAL INVERSIONES,https://e.nexoinmobiliario.pe/customers/greal-inversiones/logo-464-20250912123418.jpg,LIV DURAND,Entrega Inmediata,625000,CALLE  FELIPE DURAND 153,https://nexoinmobiliario.pe/proyecto/venta-de-departamento-2667-liv-durand-surquillo-lima-lima-greal-inversiones,https://e.nexoinmobiliario.pe/customers/greal-inversiones-sac/2667-liv-durand/departamentos-surquillo-630000aa761b0_xm.jpg,Surquillo,150141
HL DESARROLLOS INMOBILIARIOS,https://e.nexoinmobiliario.pe/customers/hl-desarrollos-inmobiliarios/logo-474-20250912123147.jpg,SQ Work & Living Apartments,Entrega Inmediata,524400,Av.  Paseo de la República 4117,https://nexoinmobiliario.pe/proyecto/venta-de-departamento-2671-sq-work-living-apartments-surquillo-lima-lima-hl-desarrollos-inmobiliarios,https://e.nexoinmobiliario.pe/customers/hl-desarrollos-inmobiliarios/2671-sq-work-living-apartments/departamentos-surquillo-68f281b4ddcca_xm.jpg,Surquillo,150141
GRUPO LAR,https://e.nexoinmobiliario.pe/customers/grupo-lar/logo-225-20250912141016.jpg,Distrito 34 | Fase 2,En Construcción,426314,Av. República de Panamá 4077,https://nexoinmobiliario.pe/proyecto/venta-de-departamento-2725-distrito-34-fase-2-surquillo-lima-lima-grupo-lar,https://e.nexoinmobiliario.pe/customers/grupo-lar/2725-distrito-34-etapa-2/departamentos-surquillo-67f3f89ecb40b_xm.jpg,Surquillo,150141
DESARROLLADORA,https://e.nexoinmobiliario.pe/customers/desarrolladora/logo-43-20231027061759.jpg,DORUÉ,En Construcción,354000,"Av. Domingo Orué 230, Surquillo",https://nexoinmobiliario.pe/proyecto/venta-de-departamento-2780-dorue-surquillo-lima-lima-desarrolladora,https://e.nexoinmobiliario.pe/customers/desarrolladora/2780-dorue/departamentos-surquillo-68826b400fd0c_xm.jpg,Surquillo,150141
TALE INMOBILIARIA,https://e.nexoinmobiliario.pe/customers/tale-inmobiliaria/logo-322-20231027061807.jpg,TORRE PAINO,En Construcción,263000,"Avenida Aramburú 668, Surquillo",https://nexoinmobiliario.pe/proyecto/venta-de-departamento-2785-torre-paino-surquillo-lima-lima-tale-inmobiliaria,https://e.nexoinmobiliario.pe/customers/tale-inmobiliaria/2785-torre-paino/departamentos-surquillo-686eda778ce26_xm.jpg,Surquillo,150141
VITAIN,https://e.nexoinmobiliario.pe/customers/vitain/logo-117-20250912113553.jpg,Edificio Nitoa 5,Entrega Inmediata,681320,Calle Las Gaviotas 173,https://nexoinmobiliario.pe/proyecto/venta-de-departamento-2803-edificio-nitoa-5-surquillo-lima-lima-vitain,https://e.nexoinmobiliario.pe/customers/vitain/2803-edificio-nitoa-5/departamentos-surquillo-6904c56c011fe_xm.jpg,Surquillo,150141
GHS CONSTRUCTORA,https://e.nexoinmobiliario.pe/customers/ghs-constructora/logo-504-20250930093213.jpg,CENTRIC,Entrega Inmediata,458175,CALLE LOS PAUJILES 181-183,https://nexoinmobiliario.pe/proyecto/venta-de-departamento-3068-centric-surquillo-lima-lima-ghs-constructora,https://e.nexoinmobiliario.pe/customers/ghs-constructora/3068-centric/departamentos-surquillo-690cb622d6a05_xm.jpg,Surquillo,150141
VIENNA GRUPO INMOBILIARIO,https://e.nexoinmobiliario.pe/customers/vienna-grupo-inmobiliario/logo-209-20251030121413.jpg,Residencial Sukha,En Construcción,246227,Av. Tomás Marsano 2293 ,https://nexoinmobiliario.pe/proyecto/venta-de-departamento-3241-residencial-sukha-surquillo-lima-lima-vienna-grupo-inmobiliario,https://e.nexoinmobiliario.pe/customers/vienna-grupo-inmobiliario/3241-residencial-sukha/departamentos-surquillo-68ed38ebe065b_xm.jpg,Surquillo,150141
ALBAMAR GRUPO INMOBILIARIO,https://e.nexoinmobiliario.pe/customers/albamar-grupo-inmobiliario/logo-108-20250912113347.jpg,Albamar | Oasis,En Construcción,378800,"Av. Andrés Aramburú 866, Surquillo",https://nexoinmobiliario.pe/proyecto/venta-de-departamento-3258-albamar-oasis-surquillo-lima-lima-albamar-grupo-inmobiliario,https://e.nexoinmobiliario.pe/customers/albamar-grupo-inmobiliario/3258-albamar-oasis/departamentos-surquillo-68eecb23bdd2f_xm.jpg,Surquillo,150141
MADRID INMOBILIARIA,https://e.nexoinmobiliario.pe/customers/madrid-inmobiliaria/logo-61-20250912112211.jpg,High Life,En Construcción,299000,Av. Tomás Marsano 2353,https://nexoinmobiliario.pe/proyecto/venta-de-departamento-3331-high-life-surquillo-lima-lima-madrid-inmobiliaria,https://e.nexoinmobiliario.pe/customers/madrid-ingenieros/3331-high-life/departamentos-surquillo-67ca1eaca7b51_xm.jpg,Surquillo,150141
ELSVAN CONSTRUCCIONES INMOBILIARIAS,https://e.nexoinmobiliario.pe/customers/elsvan-construcciones-inmobiliarias/logo-541-20250912122355.jpg,CALERA IX,Entrega Inmediata,684800,"Calle Varsovia 186,  Urb. Los Sauces, Surquillo",https://nexoinmobiliario.pe/proyecto/venta-de-departamento-3344-calera-ix-surquillo-lima-lima-elsvan-construcciones-inmobiliarias,https://e.nexoinmobiliario.pe/customers/construcciones-inmobiliarias-elsvan/3344-calera-ix/departamentos-surquillo-682d0144e84ec_xm.jpg,Surquillo,150141
MAHPSA  CORPORACION INMOBILIARIA,https://e.nexoinmobiliario.pe/customers/mahpsa-corporacion-inmobiliaria/logo-496-20250912122902.jpg,BLOOM,En Construcción,252918,Av. Angamos Este 2600 al 2606,https://nexoinmobiliario.pe/proyecto/venta-de-departamento-3404-bloom-surquillo-lima-lima-mahpsa--corporacion-inmobiliaria,https://e.nexoinmobiliario.pe/customers/mahpsa-corporacion-inmobiliaria-sac/3404-bloom/departamentos-surquillo-668f0d9686e55_xm.jpg,Surquillo,150141
GREAL INVERSIONES,https://e.nexoinmobiliario.pe/customers/greal-inversiones/logo-464-20250912123418.jpg,LIV DURAND II - PARQUE,En Construcción,436500,CALLE FELIPE DURAND 125,https://nexoinmobiliario.pe/proyecto/venta-de-departamento-3471-liv-durand-ii-parque-surquillo-lima-lima-greal-inversiones,https://e.nexoinmobiliario.pe/customers/greal-inversiones-sac/3471-liv-durand-ii/departamentos-surquillo-66e0cd5db0620_xm.jpg,Surquillo,150141
EDIFICA,https://e.nexoinmobiliario.pe/customers/edifica/logo-47-20250912111830.jpg,Element,En Construcción,278168,Avenida Tomás Marsano 385,https://nexoinmobiliario.pe/proyecto/venta-de-departamento-3476-element-surquillo-lima-lima-edifica,https://e.nexoinmobiliario.pe/customers/gerencia-de-proyectos-edifica-s-a-c/3476-element/departamentos-surquillo-6799083fb44e3_xm.jpg,Surquillo,150141
VIVE PLM,https://e.nexoinmobiliario.pe/customers/vive-plm/logo-483-20230227163325.jpeg,BERNALES 442,En Construcción,370000,Av. Sergio Bernales 442,https://nexoinmobiliario.pe/proyecto/venta-de-departamento-3552-bernales-442-surquillo-lima-lima-vive-plm,https://e.nexoinmobiliario.pe/customers/vive-plm/3552-bernales-442/departamentos-surquillo-691b2cb5c0228_xm.jpg,Surquillo,150141
TER INMOBILIARIA,https://e.nexoinmobiliario.pe/customers/ter-inmobiliaria/logo-393-20231027061810.jpg,MARSANO PARK,En Planos,279685,Av. Tomas Marsano 1855,https://nexoinmobiliario.pe/proyecto/venta-de-departamento-3561-marsano-park-surquillo-lima-lima-ter-inmobiliaria,https://e.nexoinmobiliario.pe/customers/ter-inmobiliaria/3561-marsano-1855/departamentos-surquillo-68d18dfa1eb99_xm.jpg,Surquillo,150141
SKALA INMOBILIARIA,https://e.nexoinmobiliario.pe/customers/skala-inmobiliaria/logo-442-20231027061811.jpg,Fisher 129,En Construcción,229760,Calle Fisher 129,https://nexoinmobiliario.pe/proyecto/venta-de-departamento-3572-fisher-129-surquillo-lima-lima-skala-inmobiliaria,https://e.nexoinmobiliario.pe/customers/skala-inmobiliaria/3572-fisher-129/departamentos-surquillo-673fd7e45ed16_xm.jpg,Surquillo,150141
SKALA INMOBILIARIA,https://e.nexoinmobiliario.pe/customers/skala-inmobiliaria/logo-442-20231027061811.jpg,Neyra 140,En Construcción,383560,Calle Neyra 140,https://nexoinmobiliario.pe/proyecto/venta-de-departamento-3574-neyra-140-surquillo-lima-lima-skala-inmobiliaria,https://e.nexoinmobiliario.pe/customers/skala-inmobiliaria/3574-neyra-140/departamentos-surquillo-673fe5ca181ad_xm.jpg,Surquillo,150141
AMMA INMOBILIARIA,https://e.nexoinmobiliario.pe/customers/amma-inmobiliaria/logo-56-20231027061759.jpg,Torre Marsano 28,En Planos,206000,Av. Angamos Este 1795 ,https://nexoinmobiliario.pe/proyecto/venta-de-departamento-3590-torre-marsano-28-surquillo-lima-lima-amma-inmobiliaria,https://e.nexoinmobiliario.pe/customers/amma-inmobiliaria/3590-torre-marsano-28/departamentos-surquillo-6827acc8d78df_xm.jpg,Surquillo,150141
VIENNA GRUPO INMOBILIARIO,https://e.nexoinmobiliario.pe/customers/vienna-grupo-inmobiliario/logo-209-20251030121413.jpg,Aurora 4,En Planos,315500,"Av. sergio Bernales 258. Barrio Medico, Surquillo",https://nexoinmobiliario.pe/proyecto/venta-de-departamento-3602-aurora-4-surquillo-lima-lima-vienna-grupo-inmobiliario,https://e.nexoinmobiliario.pe/customers/vienna-grupo-inmobiliario/3602-aurora-4/departamentos-surquillo-68ed3915cf4eb_xm.jpg,Surquillo,150141
V&V GRUPO INMOBILIARIO,https://e.nexoinmobiliario.pe/customers/v-v-grupo-inmobiliario/logo-130-20231031163109.jpg,TORRE GERMANIA,En Planos,302000,"Av. Angamos 1869, Surquillo",https://nexoinmobiliario.pe/proyecto/venta-de-departamento-3637-torre-germania-surquillo-lima-lima-v-v-grupo-inmobiliario,https://e.nexoinmobiliario.pe/customers/v-v-grupo-inmobiliario/3637-torre-germania/departamentos-surquillo-6786a0631c2b6_xm.jpg,Surquillo,150141
QUATRO INMOBILIARIA,https://e.nexoinmobiliario.pe/customers/quatro-inmobiliaria/logo-27-20250912111202.jpg,Vista Tower,En Planos,228252,"Av. Tomas Marsano 2619, Surquillo",https://nexoinmobiliario.pe/proyecto/venta-de-departamento-3679-vista-tower-surquillo-lima-lima-quatro-inmobiliaria,https://e.nexoinmobiliario.pe/customers/quatro-inmobiliaria/3679-vista-tower/departamentos-surquillo-68f66a01a5e2b_xm.jpg,Surquillo,150141
ALBAMAR GRUPO INMOBILIARIO,https://e.nexoinmobiliario.pe/customers/albamar-grupo-inmobiliario/logo-108-20250912113347.jpg,Albamar | Aura,En Construcción,241400,"Calle Gerard Blanchere 103 Esq Av. Tomás Marsano 1649, Surquillo",https://nexoinmobiliario.pe/proyecto/venta-de-departamento-3683-albamar-aura-surquillo-lima-lima-albamar-grupo-inmobiliario,https://e.nexoinmobiliario.pe/customers/inmobiliaria-albamar-sac/3683-albamar-aura/departamentos-surquillo-68b86bb0aff7b_xm.jpg,Surquillo,150141
MY HOME,https://e.nexoinmobiliario.pe/customers/my-home/logo-85-20250912112835.jpg,Novo 4 - Surquillo,En Construcción,225000,Av. Tomas Marsano 1024,https://nexoinmobiliario.pe/proyecto/venta-de-departamento-3685-novo-4-surquillo-surquillo-lima-lima-my-home,https://e.nexoinmobiliario.pe/customers/my-home/3685-novo-4-surquillo/departamentos-surquillo-68fab1e060ea4_xm.jpg,Surquillo,150141
GRUPO BINDA,https://e.nexoinmobiliario.pe/customers/grupo-binda/logo-12-20250912110258.jpg,Buenavista - Panama 5110,En Planos,225975,Av. Republica de Panama 5110,https://nexoinmobiliario.pe/proyecto/venta-de-departamento-3801-buenavista-panama-5110-surquillo-lima-lima-grupo-binda,https://e.nexoinmobiliario.pe/customers/grupo-binda/3801-buenavista-panama-5110/departamentos-surquillo-6929e036bd116_xm.jpg,Surquillo,150141
ABRIL GRUPO INMOBILIARIO,https://e.nexoinmobiliario.pe/customers/abril-grupo-inmobiliario-ft/logo-426-20250411103938.png,Bromelia,En Planos,224306,Av. Angamos Este 1669,https://nexoinmobiliario.pe/proyecto/venta-de-departamento-3855-bromelia-surquillo-lima-lima-abril-grupo-inmobiliario,https://e.nexoinmobiliario.pe/customers/abril-grupo-inmobiliario-ft/3855-bromelia/departamentos-surquillo-6895101d84d6a_xm.jpg,Surquillo,150141
GRUPO CARAL,https://e.nexoinmobiliario.pe/customers/grupo-caral/logo-45-20231027061759.jpg,Villa Elenia,En Planos,239585,Av. Angamos Este 1425,https://nexoinmobiliario.pe/proyecto/venta-de-departamento-3886-villa-elenia-surquillo-lima-lima-grupo-caral,https://e.nexoinmobiliario.pe/customers/grupo-caral/3886-villa-elenia/departamentos-surquillo-691e464ec6062_xm.jpg,Surquillo,150141
TALE INMOBILIARIA,https://e.nexoinmobiliario.pe/customers/tale-inmobiliaria/logo-322-20231027061807.jpg,OPEN MARSANO,En Planos,280000,Av. Tomas Marsano 870,https://nexoinmobiliario.pe/proyecto/venta-de-departamento-3914-open-marsano-surquillo-lima-lima-tale-inmobiliaria,https://e.nexoinmobiliario.pe/customers/tale-inmobiliaria/3914-open-marsano/departamentos-surquillo-68b5b4e90c70b_xm.jpg,Surquillo,150141
ABRIL GRUPO INMOBILIARIO,https://e.nexoinmobiliario.pe/customers/abril-grupo-inmobiliario-ft/logo-426-20250411103938.png,Mora,En Planos,360563,Av. Aramburu 638,https://nexoinmobiliario.pe/proyecto/venta-de-departamento-3944-mora-surquillo-lima-lima-abril-grupo-inmobiliario,https://e.nexoinmobiliario.pe/customers/abril-grupo-inmobiliario-ft/3944-mora/departamentos-surquillo-6900ecc47a83a_xm.jpg,Surquillo,150141
ABRIL GRUPO INMOBILIARIO,https://e.nexoinmobiliario.pe/customers/abril-grupo-inmobiliario/logo-87-20250422120904.jpg,Capulí,En Planos,273685, AV. TOMÁS MARSANO 242-248,https://nexoinmobiliario.pe/proyecto/venta-de-departamento-4000-capuli-surquillo-lima-lima-abril-grupo-inmobiliario,https://e.nexoinmobiliario.pe/customers/abril-grupo-inmobiliario/4000-capuli/departamentos-surquillo-6914c1e3b3d6f_xm.jpg,Surquillo,150141
VITAIN,https://e.nexoinmobiliario.pe/customers/vitain/logo-117-20250912113553.jpg,Edificio Nitoa 6,En Planos,338231,Ruiseñores 114,https://nexoinmobiliario.pe/proyecto/venta-de-departamento-4003-edificio-nitoa-6-surquillo-lima-lima-vitain,https://e.nexoinmobiliario.pe/customers/vitain/4003-edificio-nitoa-6/departamentos-surquillo-6908c7ff77991_xm.jpg,Surquillo,150141
URBANA PERÚ,https://e.nexoinmobiliario.pe/customers/urbana-peru/logo-84-20231027061800.jpg,Tasca,En Planos,338830,Av Paseo de la República 5223,https://nexoinmobiliario.pe/proyecto/venta-de-departamento-4044-tasca-surquillo-lima-lima-urbana-perú,https://e.nexoinmobiliario.pe/customers/urbana-peru/4044-tasca/departamentos-surquillo-691cfc328c693_xm.jpg,Surquillo,150141
